ID (CME),ID (Dino),Track Length (CME),Track Length (Dino),Match,Identical Match
[2.0],[244.0],[99.0],[99.0],True,True
[3.0],[370.0 380.0],[99.0],[13.0 99.0],True,False
[4.0],[392.0],[99.0],[99.0],True,True
[5.0],[415.0],[99.0],[99.0],True,True
[7.0],[447.0],[99.0],[99.0],True,True
[8.0],[445.0 487.0],[99.0],[24.0 97.0],True,False
[9.0],[503.0 18456.0 25120.0 28280.0],[99.0],[7.0 10.0 37.0 85.0],False,False
[10.0],[541.0],[99.0],[99.0],True,True
[11.0],[550.0],[99.0],[99.0],True,True
[12.0],[591.0],[99.0],[99.0],True,True
[13.0],[618.0 20652.0 26688.0],[99.0],[1.0 32.0 71.0],True,False
[14.0],[630.0],[99.0],[99.0],True,True
[15.0],[840.0],[99.0],[99.0],True,True
[16.0],[1196.0 20364.0],[99.0],[1.0 99.0],False,False
[17.0],[1217.0 15109.0],[99.0],[47.0 98.0],True,False
[18.0],[505.0],[99.0],[99.0],True,True
[20.0],"[1155.0 1785.0 2044.0 3508.0 4327.0 5374.0 7275.0 10517.0 11150.0 23039.0
 24898.0 27244.0 28821.0 29158.0 29377.0]",[99.0],[1.0 2.0 4.0 5.0 9.0 16.0 17.0 21.0 25.0 28.0 37.0 51.0],False,False
[22.0],[738.0 819.0 8171.0 27353.0 29096.0],[99.0],[2.0 3.0 64.0 85.0 96.0],False,False
[27.0],[1217.0 1253.0 11752.0 15109.0],[99.0],[12.0 47.0 51.0 98.0],False,False
[30.0],"[1068.0 2210.0 2815.0 3295.0 10167.0 24535.0 25230.0 25763.0 27009.0
 27428.0 27440.0 28821.0]",[99.0],[2.0 3.0 4.0 5.0 7.0 15.0 29.0 42.0],False,False
[31.0],[522.0 531.0 1707.0 9273.0 26155.0],[99.0],[13.0 28.0 36.0 56.0 95.0],False,False
[33.0],[1396.0],[99.0],[99.0],True,True
[36.0],[320.0 390.0],[99.0],[13.0 97.0],False,False
[38.0],[241.0 18438.0 26661.0 26880.0],[98.0],[11.0 14.0 33.0 69.0],False,False
[39.0],[477.0 485.0 5277.0],[98.0],[9.0 82.0 93.0],False,False
[40.0],[554.0 652.0 2542.0 2754.0 28105.0 28293.0],[98.0],[5.0 8.0 10.0 22.0 39.0 90.0],False,False
[42.0],[633.0 21015.0 21833.0 24058.0 24809.0 26364.0],[96.0],[3.0 7.0 9.0 16.0 69.0],False,False
[43.0],[700.0 14914.0 22947.0 26920.0 27188.0],[96.0],[6.0 9.0 44.0 80.0],False,False
[46.0],"[616.0 633.0 1733.0 2755.0 2756.0 7911.0 11255.0 15721.0 22245.0 24808.0
 27185.0]",[95.0],[3.0 5.0 9.0 11.0 12.0 16.0 24.0 37.0 48.0 69.0],False,False
[48.0],[809.0 2775.0 22258.0],[94.0],[28.0 45.0 62.0],False,False
[51.0],[736.0 737.0 13736.0 22578.0 24819.0 26380.0],[93.0],[1.0 12.0 13.0 27.0 55.0 71.0],False,False
[52.0],[2862.0],[93.0],[93.0],True,True
[53.0],[399.0 13277.0 14444.0 26147.0 29082.0],[93.0],[3.0 12.0 31.0 41.0 45.0],False,False
[54.0],[575.0 27893.0],[92.0],[9.0 91.0],False,False
[56.0],[502.0 2978.0 3432.0 27618.0],[92.0],[9.0 28.0 34.0 88.0],False,False
[57.0],[1733.0 1740.0 3016.0 3840.0 11960.0 18823.0 27185.0 29294.0],[92.0],[1.0 7.0 9.0 11.0 23.0 34.0 80.0],False,False
[58.0],[1135.0 2403.0 2619.0],[91.0],[1.0 7.0 94.0],False,False
[59.0],[328.0 1679.0 4455.0 16481.0],[91.0],[19.0 40.0 70.0],False,False
[62.0],[656.0 7914.0],[90.0],[69.0 89.0],False,False
[64.0],[634.0 5289.0],[90.0],[22.0 82.0],False,False
[65.0],[520.0 16909.0],[88.0],[33.0 87.0],False,False
[68.0],"[1198.0 1422.0 1798.0 1826.0 2621.0 3078.0 3890.0 7188.0 8570.0 9105.0
 10172.0 10204.0 11346.0 12837.0 14612.0 15018.0 18301.0 19938.0 20751.0
 21122.0 24930.0 25247.0]",[86.0],[1.0 2.0 3.0 5.0 6.0 9.0 10.0 11.0 15.0 18.0 21.0 27.0 34.0],False,False
[71.0],[358.0 2526.0 6003.0 7396.0 20609.0 23637.0],[85.0],[10.0 14.0 16.0 42.0 52.0],True,False
[73.0],"[4459.0 24024.0 24427.0 24786.0 25099.0 25449.0 25711.0 25941.0 26146.0
 26346.0 26672.0 26889.0 27175.0 27339.0]",[85.0],[1.0 2.0 3.0 11.0 12.0 63.0],True,False
[74.0],[4466.0 11943.0],[85.0],[56.0 84.0],False,False
[75.0],[794.0 861.0 5314.0 22578.0],[85.0],[8.0 18.0 27.0 73.0],False,False
[76.0],"[1155.0 5128.0 10517.0 12768.0 18247.0 18934.0 19369.0 21133.0 21969.0
 22653.0 23039.0 23405.0 24177.0 24552.0 24898.0]",[84.0],[1.0 2.0 4.0 5.0 6.0 9.0 17.0 21.0 23.0 26.0 37.0],False,False
[77.0],[357.0 5268.0 25098.0],[84.0],[15.0 46.0 80.0],False,False
[78.0],[157.0 7387.0 14409.0 19542.0],[83.0],[2.0 8.0 26.0 81.0],False,False
[79.0],[333.0 2154.0 23322.0],[83.0],[1.0 4.0 96.0],False,False
[81.0],[4839.0 5826.0 6530.0 7139.0 13356.0 23367.0 26944.0],[83.0],[13.0 25.0 38.0 51.0 56.0 72.0],False,False
[82.0],[496.0 546.0 6020.0 22233.0],[82.0],[19.0 21.0 25.0 57.0],True,False
[83.0],[310.0 2724.0],[82.0],[37.0 87.0],True,False
[85.0],[5277.0],[82.0],[82.0],True,True
[86.0],[713.0 1733.0 1734.0 1748.0 3006.0 5554.0 16926.0 18823.0 25135.0],[81.0],[1.0 11.0 25.0 34.0 49.0 75.0],False,False
[87.0],[284.0 314.0 352.0 6884.0 9238.0],[81.0],[7.0 27.0 30.0 47.0 94.0],False,False
[88.0],[3983.0 7073.0 8420.0 9835.0 13698.0 14165.0 16878.0 26662.0 26870.0],[81.0],[3.0 4.0 5.0 16.0 23.0 32.0 33.0 45.0],False,False
[89.0],[726.0 2760.0 5540.0 8167.0 16113.0],[81.0],[5.0 34.0 35.0 43.0 59.0],False,False
[90.0],[582.0 11548.0],[81.0],[57.0 92.0],False,False
[91.0],[450.0 2166.0 2747.0 4240.0 10374.0 12613.0 19257.0 20148.0 22914.0],[80.0],[4.0 14.0 15.0 16.0 18.0 21.0 30.0 52.0],False,False
[92.0],[5756.0 16458.0 28581.0],[80.0],[4.0 35.0 77.0],False,False
[93.0],[777.0 1748.0 9059.0 18823.0 19283.0],[79.0],[12.0 15.0 34.0 67.0 75.0],False,False
[94.0],[662.0 5289.0 22934.0],[79.0],[6.0 70.0 82.0],False,False
[96.0],[756.0 19593.0 20661.0],[79.0],[14.0 32.0 94.0],True,False
[99.0],[402.0 2976.0 7605.0 14176.0 16059.0 25446.0],[79.0],[13.0 14.0 22.0 47.0 57.0 99.0],False,False
[100.0],[356.0 2740.0],[78.0],[34.0 76.0],False,False
[101.0],"[895.0 1970.0 3663.0 7638.0 10968.0 12338.0 15041.0 15784.0 21103.0
 23399.0]",[78.0],[1.0 2.0 8.0 13.0 16.0 21.0 33.0 43.0 62.0],False,False
[102.0],[199.0 219.0 8126.0 22516.0],[78.0],[2.0 6.0 29.0 71.0],False,False
[103.0],[343.0 421.0 496.0 3418.0 3427.0 3613.0 14448.0],[78.0],[8.0 21.0 31.0 38.0 48.0 51.0 70.0],False,False
[105.0],[244.0 5251.0 13690.0],[78.0],[31.0 46.0 99.0],True,False
[106.0],[3444.0 6036.0 6921.0 8495.0 9059.0],[78.0],[1.0 9.0 21.0 67.0],False,False
[109.0],[5535.0 5780.0 11255.0],[77.0],[15.0 48.0 76.0],False,False
[110.0],[6053.0 6710.0],[77.0],[11.0 76.0],False,False
[114.0],[820.0 862.0 863.0 7450.0 17321.0],[75.0],[1.0 21.0 54.0 55.0 91.0],False,False
[115.0],"[1158.0 1183.0 2836.0 3902.0 5108.0 5112.0 5610.0 6373.0 6773.0 15539.0
 18590.0 19383.0 20773.0 21180.0 23089.0 24198.0 24222.0]",[75.0],[3.0 4.0 5.0 6.0 7.0 8.0 9.0 11.0 13.0 14.0 15.0 24.0 34.0 41.0],False,False
[117.0],[596.0],[74.0],[74.0],True,True
[118.0],[300.0 7401.0],[74.0],[43.0 70.0],False,False
[120.0],[302.0 3414.0 18064.0],[74.0],[29.0 37.0 94.0],False,False
[122.0],[7092.0],[74.0],[74.0],True,True
[123.0],[501.0 2986.0 6911.0 25948.0 26679.0],[74.0],[2.0 11.0 43.0 72.0 73.0],False,False
[124.0],[626.0],[73.0],[73.0],True,True
[125.0],[786.0 1981.0 10119.0 18485.0 18820.0 20216.0 21857.0],[73.0],[8.0 9.0 15.0 22.0 55.0],False,False
[126.0],[210.0 14833.0],[73.0],[43.0 68.0],True,False
[127.0],[331.0 347.0 13283.0],[73.0],[27.0 43.0 52.0],True,False
[128.0],[442.0 486.0 5275.0 11250.0],[73.0],[26.0 32.0 33.0 36.0],False,False
[129.0],[2587.0 7687.0],[73.0],[72.0 94.0],False,False
[131.0],[5756.0 6483.0 6484.0 8123.0 8843.0 9600.0 16031.0 16045.0 19838.0],[73.0],[3.0 4.0 5.0 6.0 9.0 13.0 20.0 42.0 77.0],False,False
[132.0],[140.0 170.0 13690.0 26321.0 26324.0],[73.0],[14.0 46.0 75.0 77.0],False,False
[133.0],[300.0 7401.0 20974.0],[73.0],[31.0 43.0 70.0],True,False
[134.0],[176.0 1661.0 8417.0 10699.0 10706.0 14425.0 18434.0],[72.0],[2.0 4.0 12.0 14.0 16.0 29.0 47.0],True,False
[135.0],[1288.0 5888.0 7806.0 17386.0 18300.0],[72.0],[12.0 14.0 20.0 34.0 58.0],False,False
[138.0],[766.0],[71.0],[71.0],True,True
[139.0],[899.0 935.0 13028.0],[71.0],[24.0 73.0 81.0],False,False
[140.0],[514.0],[71.0],[75.0],True,False
[142.0],"[365.0 1699.0 18779.0 20153.0 20623.0 20982.0 21416.0 21794.0 22229.0
 22530.0]",[71.0],[2.0 5.0 61.0 94.0],False,False
[143.0],[829.0 886.0 2195.0 18148.0 23692.0],[71.0],[13.0 17.0 24.0 54.0],False,False
[144.0],"[963.0 983.0 2205.0 3053.0 3661.0 3870.0 8590.0 11103.0 13049.0 13361.0
 13376.0 16156.0 17297.0 17310.0 20699.0 22591.0 24092.0]",[71.0],[1.0 2.0 5.0 6.0 7.0 9.0 10.0 11.0 18.0 20.0 22.0 23.0 25.0 29.0 34.0],False,False
[145.0],[166.0 9037.0 20977.0 27168.0],[71.0],[8.0 20.0 36.0 65.0],False,False
[146.0],[758.0 759.0 2346.0 10400.0],[70.0],[4.0 36.0 44.0 65.0],False,False
[147.0],[518.0 597.0 2536.0 4472.0],[70.0],[3.0 40.0 63.0 69.0],False,False
[149.0],[1162.0 3103.0 6787.0 7996.0 8003.0 15095.0],[70.0],[6.0 12.0 25.0 26.0 32.0 39.0],False,False
[151.0],[8018.0 11024.0 13614.0 16724.0 18306.0 19753.0 25404.0 28182.0],[70.0],[5.0 7.0 9.0 12.0 29.0 34.0 39.0],False,False
[152.0],[3628.0],[70.0],[89.0],True,False
[153.0],[535.0],[69.0],[99.0],True,False
[154.0],[543.0 618.0 629.0],[69.0],[61.0 71.0 88.0],False,False
[155.0],[841.0 5834.0],[69.0],[20.0 80.0],True,False
[156.0],[640.0 2754.0 7416.0 8494.0 11953.0 16104.0],[69.0],[9.0 15.0 18.0 24.0 39.0 42.0],False,False
[157.0],[664.0 4480.0 6027.0 6028.0 7629.0 14182.0 18475.0],[69.0],[3.0 5.0 17.0 20.0 29.0],False,False
[158.0],[506.0 11546.0],[69.0],[41.0 46.0],True,False
[160.0],[6712.0 15743.0 20241.0],[69.0],[25.0 32.0 43.0],True,False
[161.0],[8585.0 9915.0 25176.0 26958.0],[69.0],[13.0 18.0 20.0 48.0],False,False
[162.0],[1951.0 7106.0 14176.0 24433.0 27881.0],[69.0],[3.0 21.0 47.0 74.0 82.0],False,False
[163.0],[469.0 514.0 14175.0 29280.0],[69.0],[2.0 47.0 48.0 75.0],False,False
[164.0],"[7188.0 8570.0 8898.0 9105.0 10172.0 11657.0 14612.0 15018.0 19651.0
 19662.0 20751.0 21122.0 21932.0 23817.0 24132.0 26708.0 27254.0 27392.0
 27689.0 27947.0]",[69.0],[1.0 3.0 4.0 5.0 6.0 7.0 8.0 9.0 10.0 11.0 12.0 21.0 27.0 32.0],False,False
[166.0],[1682.0],[68.0],[68.0],True,True
[167.0],[809.0 2775.0 8171.0 22258.0],[68.0],[28.0 45.0 62.0 64.0],False,False
[169.0],[4451.0 6687.0 9240.0 12252.0 15343.0 18073.0 24011.0],[68.0],[6.0 8.0 18.0 22.0 23.0 26.0],False,False
[172.0],[3886.0 7967.0],[67.0],[29.0 56.0],False,False
[173.0],[7914.0],[67.0],[69.0],True,False
[174.0],[3828.0 6909.0 9052.0 11530.0 27608.0],[67.0],[1.0 10.0 21.0 36.0 55.0],False,False
[176.0],[7385.0 9221.0 14409.0 25932.0 27591.0 27601.0],[67.0],[8.0 9.0 13.0 20.0 60.0],False,False
[177.0],"[7912.0 8153.0 9861.0 10121.0 11270.0 11561.0 13327.0 14487.0 26379.0
 27905.0]",[67.0],[1.0 2.0 6.0 7.0 9.0 12.0 61.0],False,False
[178.0],[548.0],[66.0],[66.0],True,True
[179.0],[898.0 2195.0 6290.0 11285.0 18148.0 18859.0],[66.0],[3.0 17.0 20.0 37.0 54.0],False,False
[180.0],[819.0],[66.0],[96.0],True,False
[181.0],[294.0 3995.0],[66.0],[13.0 54.0],True,False
[182.0],[4853.0 6328.0 8208.0 16616.0 20304.0 21109.0 23749.0 24141.0 24519.0],[66.0],[1.0 2.0 7.0 10.0 21.0 27.0 31.0 34.0],True,False
[183.0],[7606.0 8442.0 8855.0 9261.0 9851.0 12595.0 22914.0 25705.0],[66.0],[3.0 7.0 12.0 17.0 21.0 50.0],False,False
[184.0],[706.0 9302.0],[66.0],[40.0 97.0],True,False
[186.0],[842.0 4281.0 6306.0 7932.0 18529.0 19313.0],[65.0],[8.0 9.0 25.0 35.0],True,False
[188.0],[4091.0 6753.0 15078.0],[65.0],[31.0 46.0 68.0],True,False
[189.0],[9612.0 28272.0],[65.0],[7.0 59.0],True,False
[190.0],[9489.0 15177.0 24241.0 24277.0 26533.0 26535.0],[65.0],[7.0 8.0 14.0 28.0 44.0],False,False
[191.0],[5316.0 8185.0 10416.0 12300.0],[65.0],[2.0 41.0 54.0 68.0],False,False
[192.0],[378.0],[64.0],[65.0],True,False
[196.0],"[3716.0 6119.0 7217.0 7973.0 8937.0 11700.0 12363.0 12385.0 13498.0
 14611.0 16260.0 17387.0 20399.0 21145.0 26484.0]",[64.0],[1.0 2.0 3.0 4.0 5.0 6.0 9.0 13.0 15.0 16.0 17.0 33.0 44.0],False,False
[197.0],[1954.0 9272.0 9619.0 15713.0 19577.0 26156.0],[64.0],[4.0 10.0 20.0 27.0 33.0 37.0],False,False
[199.0],[7092.0 7608.0 10370.0],[64.0],[47.0 58.0 74.0],False,False
[200.0],[429.0 2159.0],[63.0],[4.0 63.0],True,False
[201.0],[743.0 2558.0 4019.0 5300.0],[63.0],[6.0 9.0 48.0 84.0],True,False
[202.0],[1129.0 1218.0 2422.0 3114.0 7247.0 7472.0 7782.0 11731.0 14277.0],[63.0],[5.0 8.0 9.0 12.0 13.0 16.0 18.0],False,False
[204.0],[3007.0 5803.0],[63.0],[36.0 61.0],False,False
[205.0],[2578.0 7676.0],[63.0],[38.0 61.0],False,False
[208.0],[7389.0 22506.0 25079.0 27864.0],[63.0],[7.0 13.0 19.0 52.0],True,False
[209.0],[5753.0 13263.0 14422.0 20114.0],[63.0],[7.0 32.0 48.0],True,False
[211.0],[10120.0],[63.0],[63.0],True,True
[213.0],[455.0 6906.0 15710.0 16898.0],[62.0],[5.0 6.0 47.0 75.0],False,False
[217.0],"[3525.0 8960.0 8977.0 9752.0 9770.0 10771.0 10969.0 15948.0 17889.0
 19476.0 19945.0 20351.0 22691.0 22808.0 22809.0 23875.0 24237.0 24295.0]",[62.0],[2.0 4.0 5.0 6.0 8.0 10.0 11.0 16.0 17.0 20.0 32.0 50.0 51.0],False,False
[218.0],[213.0 6684.0 10074.0],[62.0],[23.0 38.0 60.0],False,False
[219.0],[1255.0],[61.0],[65.0],True,False
[221.0],[1094.0 9420.0 10762.0 11349.0 15871.0],[61.0],[6.0 16.0 21.0 32.0 54.0],True,False
[223.0],[3272.0 3851.0 4504.0 4839.0 5316.0 5565.0 11967.0 13356.0],[61.0],[4.0 11.0 13.0 36.0 41.0 49.0 51.0],False,False
[224.0],[7709.0 18919.0 19898.0 21109.0],[61.0],[22.0 23.0 27.0 40.0],False,False
[225.0],[2767.0 10948.0],[61.0],[33.0 60.0],False,False
[227.0],[538.0 545.0 4786.0 11548.0],[61.0],[37.0 40.0 47.0 57.0],False,False
[229.0],[272.0 1679.0 8413.0 9837.0 11073.0 11499.0 11916.0 14825.0],[60.0],[2.0 4.0 6.0 9.0 14.0 48.0 70.0],False,False
[230.0],[539.0 6263.0 8476.0 14461.0 16083.0],[60.0],[3.0 28.0 35.0 41.0],True,False
[231.0],[1159.0 4077.0 4314.0 4864.0 5917.0 6117.0],[60.0],[3.0 10.0 16.0 39.0],False,False
[232.0],[1392.0 1525.0 2886.0 3139.0 3749.0 3766.0 10268.0],[60.0],[1.0 9.0 11.0 21.0 30.0 41.0 54.0],False,False
[233.0],[520.0 2983.0],[60.0],[62.0 87.0],False,False
[234.0],[324.0],[60.0],[72.0],True,False
[236.0],[1679.0 11075.0 14167.0 14418.0],[60.0],[6.0 8.0 45.0 70.0],False,False
[237.0],[1132.0 22305.0 23039.0 23792.0 25230.0 25763.0 26735.0 27440.0 28821.0],[60.0],[3.0 4.0 6.0 7.0 15.0 17.0 72.0],False,False
[238.0],[10168.0 11336.0 11722.0],[60.0],[6.0 43.0 44.0],False,False
[239.0],"[7403.0 10709.0 12243.0 14852.0 19567.0 20144.0 20966.0 23311.0 23642.0
 25095.0 25937.0 27336.0 28911.0]",[60.0],[1.0 3.0 8.0 9.0 10.0 12.0 15.0 19.0 20.0 24.0 30.0],False,False
[240.0],[3749.0 10268.0 11030.0 20446.0 27487.0 28012.0 28853.0],[60.0],[4.0 8.0 9.0 22.0 41.0 54.0],False,False
[242.0],[222.0 11241.0],[59.0],[6.0 57.0],True,False
[243.0],[714.0 7676.0],[59.0],[56.0 61.0],False,False
[244.0],[169.0],[59.0],[60.0],True,False
[245.0],"[1202.0 1231.0 2420.0 2423.0 4594.0 4903.0 6581.0 6773.0 9435.0 12372.0
 12391.0 12422.0 12828.0 15890.0]",[59.0],[2.0 3.0 4.0 7.0 10.0 11.0 18.0 21.0 23.0 26.0 41.0],False,False
[246.0],"[278.0 287.0 3824.0 4450.0 6232.0 7600.0 9606.0 10084.0 11512.0 11514.0
 13987.0 15698.0]",[59.0],[1.0 5.0 7.0 10.0 11.0 12.0 15.0 28.0 41.0],False,False
[247.0],[523.0 2332.0 2748.0 3623.0],[59.0],[1.0 11.0 29.0 68.0],False,False
[248.0],[6500.0],[59.0],[59.0],True,True
[249.0],[5789.0 8492.0 16101.0],[59.0],[23.0 30.0 34.0],False,False
[250.0],[5495.0 9829.0 13257.0 23624.0 24006.0 26127.0 28259.0],[59.0],[5.0 6.0 7.0 17.0 18.0 23.0 30.0],False,False
[251.0],[8854.0 11518.0 13277.0 14444.0 26147.0 26343.0],[59.0],[12.0 15.0 27.0 31.0 35.0 41.0],False,False
[252.0],[2536.0 4472.0 11529.0 13301.0 20151.0 22538.0 25451.0 28268.0],[59.0],[6.0 9.0 12.0 23.0 33.0 44.0 63.0 69.0],False,False
[254.0],[416.0 458.0],[58.0],[57.0 79.0],True,False
[255.0],[191.0 5256.0 6888.0],[58.0],[8.0 18.0 39.0],False,False
[257.0],[946.0 1752.0 2574.0 11597.0],[58.0],[17.0 29.0 41.0 67.0],False,False
[258.0],[2520.0 2955.0],[58.0],[30.0 61.0],True,False
[259.0],"[1206.0 1898.0 2233.0 4577.0 6355.0 8674.0 8945.0 9117.0 10205.0 11759.0
 17823.0]",[58.0],[2.0 5.0 7.0 11.0 15.0 23.0 26.0 32.0 48.0],False,False
[260.0],[2174.0 4481.0],[58.0],[12.0 59.0],True,False
[261.0],[2767.0 6055.0 22609.0],[58.0],[13.0 33.0 53.0],False,False
[262.0],[1352.0 7275.0 16706.0 17074.0 25311.0],[58.0],[1.0 12.0 25.0 84.0],False,False
[263.0],[382.0 6491.0 11523.0 22222.0 25934.0],[58.0],[5.0 23.0 32.0 40.0 75.0],False,False
[264.0],[10106.0],[58.0],[60.0],False,False
[265.0],[260.0],[58.0],[99.0],False,False
[266.0],"[8216.0 8937.0 11655.0 20399.0 21145.0 26464.0 26483.0 26484.0 28382.0
 29635.0]",[58.0],[1.0 2.0 3.0 5.0 15.0 17.0 29.0 33.0 44.0 52.0],False,False
[270.0],[212.0],[57.0],[81.0],True,False
[271.0],[522.0 1707.0 2985.0],[57.0],[36.0 55.0 95.0],False,False
[272.0],"[811.0 2350.0 5837.0 7442.0 9898.0 12313.0 12687.0 14010.0 14215.0 14523.0
 15421.0 18946.0 20698.0]",[57.0],[2.0 3.0 5.0 8.0 12.0 16.0 22.0 37.0 46.0],False,False
[273.0],[1286.0 6995.0],[57.0],[33.0 70.0],False,False
[275.0],[312.0 5757.0 6893.0 7083.0],[56.0],[2.0 25.0 30.0 36.0],True,False
[276.0],[228.0],[56.0],[56.0],True,True
[277.0],[393.0 9241.0 14172.0],[56.0],[8.0 54.0 59.0],False,False
[278.0],[398.0 1677.0 2967.0 7088.0 9612.0 14433.0],[56.0],[9.0 10.0 34.0 39.0 42.0 59.0],False,False
[279.0],[2558.0 4019.0 5300.0 9060.0],[56.0],[9.0 33.0 48.0 84.0],True,False
[280.0],[793.0 8516.0 11625.0 14934.0 22955.0],[56.0],[14.0 19.0 23.0 30.0 51.0],False,False
[281.0],[657.0 11547.0 11552.0 14463.0 15377.0 21826.0 24051.0 27891.0],[56.0],[2.0 6.0 10.0 29.0 34.0 45.0 99.0],False,False
[282.0],[202.0 10352.0],[56.0],[60.0 96.0],True,False
[283.0],[7106.0],[56.0],[74.0],True,False
[284.0],[170.0 244.0 300.0 11501.0 20969.0 21383.0 22892.0 26324.0 27868.0 29252.0],[56.0],[2.0 3.0 14.0 21.0 22.0 24.0 70.0 75.0 99.0],False,False
[285.0],[139.0],[55.0],[57.0],True,False
[286.0],[563.0 11255.0],[55.0],[48.0 53.0],True,False
[288.0],[737.0],[55.0],[55.0],True,True
[289.0],[1320.0 2284.0],[55.0],[12.0 74.0],True,False
[290.0],[675.0 701.0 1742.0 2185.0 2998.0 4492.0 5290.0 7415.0 8151.0 11557.0],[55.0],[1.0 2.0 4.0 5.0 9.0 18.0 21.0 42.0 54.0],False,False
[291.0],[897.0 946.0 952.0 8196.0 10141.0 11626.0],[55.0],[1.0 9.0 13.0 17.0 28.0 67.0],False,False
[292.0],[3207.0 16890.0],[55.0],[5.0 53.0],True,False
[293.0],"[302.0 308.0 4753.0 4761.0 6224.0 7884.0 9825.0 16027.0 18064.0 19549.0
 20122.0]",[55.0],[1.0 3.0 8.0 11.0 14.0 20.0 37.0 41.0 94.0],False,False
[294.0],"[6969.0 10811.0 12043.0 12053.0 12076.0 15020.0 22665.0 23450.0 23776.0
 23804.0]",[55.0],[2.0 4.0 6.0 11.0 18.0 20.0 21.0 22.0 24.0 53.0],False,False
[296.0],[686.0 9633.0 9876.0 11090.0 13743.0 20235.0 22956.0 25480.0],[55.0],[3.0 6.0 7.0 19.0 23.0 26.0 27.0 41.0],False,False
[297.0],[8531.0 25470.0],[55.0],[14.0 57.0],False,False
[299.0],[8218.0 11324.0 19358.0 23047.0 27709.0],[55.0],[10.0 12.0 22.0 28.0 30.0],False,False
[301.0],[69.0 12223.0 20969.0 21383.0 24399.0 29546.0],[55.0],[1.0 18.0 21.0 22.0 69.0],False,False
[302.0],[10775.0],[55.0],[58.0],True,False
[303.0],[10472.0],[55.0],[61.0],True,False
[304.0],"[9861.0 12650.0 14487.0 16922.0 17274.0 18827.0 20209.0 21443.0 22946.0
 26382.0 26690.0 26921.0 27366.0 27905.0]",[55.0],[2.0 3.0 4.0 6.0 7.0 9.0 10.0 15.0 23.0 61.0],False,False
[305.0],[3221.0 12975.0 26150.0 27886.0],[55.0],[8.0 16.0 43.0 44.0],False,False
[306.0],[829.0],[54.0],[54.0],True,True
[307.0],[1274.0 5374.0 6985.0 8964.0 12735.0],[54.0],[11.0 16.0 18.0 28.0 61.0],True,False
[308.0],[459.0 493.0 523.0 2332.0 4240.0 6497.0 7408.0],[54.0],[1.0 3.0 5.0 11.0 16.0 28.0 68.0],False,False
[309.0],"[848.0 920.0 3673.0 4840.0 6310.0 6324.0 6531.0 6537.0 7466.0 10158.0
 10946.0]",[54.0],[1.0 2.0 3.0 4.0 6.0 7.0 9.0 11.0 13.0 15.0 33.0],True,False
[310.0],[1697.0 3418.0 3613.0 8143.0],[54.0],[5.0 8.0 51.0],False,False
[312.0],[794.0 7150.0 9310.0 11576.0 13340.0],[54.0],[3.0 17.0 52.0 73.0],False,False
[313.0],"[856.0 948.0 7662.0 8586.0 9072.0 10746.0 11583.0 12310.0 13801.0 14216.0
 18136.0 20241.0 20675.0 21086.0 22601.0]",[54.0],[1.0 2.0 3.0 4.0 6.0 8.0 10.0 15.0 17.0 25.0 31.0 38.0],False,False
[314.0],[9241.0],[54.0],[54.0],True,True
[315.0],"[11073.0 11499.0 15334.0 16873.0 17215.0 18747.0 19547.0 20961.0 21762.0
 23620.0 23622.0 27324.0]",[54.0],[3.0 4.0 5.0 9.0 14.0 18.0 21.0],False,False
[316.0],[3427.0 5275.0 14448.0],[54.0],[33.0 48.0 70.0],False,False
[317.0],[12586.0],[54.0],[54.0],True,True
[319.0],"[9876.0 11090.0 12664.0 13351.0 13743.0 15408.0 15731.0 20233.0 21049.0
 25480.0]",[54.0],[1.0 3.0 6.0 12.0 16.0 17.0 19.0 24.0 26.0 27.0],False,False
[320.0],[538.0 3825.0],[53.0],[47.0 61.0],False,False
[321.0],[1297.0 1423.0 6119.0 6814.0 12385.0 13489.0 15138.0 17433.0 20399.0],[53.0],[2.0 5.0 6.0 8.0 21.0 23.0 33.0 58.0],False,False
[322.0],[8441.0 12611.0 17635.0],[53.0],[20.0 26.0 37.0],False,False
[323.0],[2045.0 10811.0 12076.0 19391.0 22665.0 22712.0 23804.0 28156.0],[53.0],[2.0 4.0 6.0 18.0 20.0 24.0 39.0 53.0],False,False
[324.0],[8249.0 9107.0],[53.0],[14.0 59.0],False,False
[325.0],"[8597.0 10516.0 10786.0 13970.0 17187.0 19309.0 26637.0 26760.0 27241.0
 27457.0 27729.0]",[53.0],[3.0 5.0 7.0 10.0 19.0 23.0 47.0],False,False
[326.0],[3215.0 14173.0 17246.0 17632.0 19568.0],[53.0],[5.0 7.0 33.0 34.0 52.0],False,False
[327.0],"[10166.0 13055.0 13435.0 13778.0 15788.0 18552.0 18965.0 24892.0 25536.0
 26197.0 27681.0 28979.0]",[53.0],[2.0 4.0 6.0 8.0 14.0 16.0 19.0 25.0 27.0],False,False
[328.0],[10912.0 11072.0 13984.0 14162.0 23303.0],[53.0],[8.0 22.0 24.0 36.0],False,False
[330.0],[550.0 574.0 3235.0],[52.0],[19.0 45.0 99.0],False,False
[331.0],[2745.0 3619.0 11523.0],[52.0],[25.0 40.0 60.0],False,False
[332.0],[2528.0 2973.0 4460.0 8854.0 18086.0],[52.0],[3.0 14.0 22.0 27.0 37.0],False,False
[333.0],[2747.0 3623.0 7912.0 8153.0 8156.0 9281.0 9861.0],[52.0],[6.0 9.0 12.0 29.0 52.0 61.0],False,False
[334.0],[1954.0 1958.0 4482.0 7114.0 11259.0 14897.0 15377.0],[52.0],[8.0 19.0 30.0 37.0 38.0 45.0],False,False
[335.0],"[9354.0 11993.0 13388.0 16132.0 16603.0 18873.0 21127.0 21957.0 23758.0
 24112.0 25517.0 25530.0 27219.0 28806.0 28975.0]",[52.0],[1.0 3.0 5.0 7.0 8.0 9.0 10.0 12.0 13.0 14.0 17.0],False,False
[336.0],[11777.0 20836.0 23485.0 23865.0 24930.0 27254.0 28436.0 29429.0],[52.0],[1.0 2.0 6.0 7.0 9.0 15.0 25.0 34.0],False,False
[337.0],[8446.0],[52.0],[64.0],True,False
[338.0],[11263.0 13328.0],[52.0],[42.0 50.0],False,False
[339.0],[7687.0 13377.0],[52.0],[51.0 72.0],False,False
[340.0],[8521.0 12300.0 13747.0 20245.0],[52.0],[29.0 30.0 54.0],False,False
[341.0],[6263.0 14461.0 16083.0 22233.0],[52.0],[3.0 25.0 35.0 41.0],False,False
[342.0],[227.0],[51.0],[52.0],True,False
[343.0],[338.0],[51.0],[80.0],True,False
[344.0],[500.0],[51.0],[98.0],True,False
[345.0],[715.0],[51.0],[51.0],True,True
[346.0],[1181.0],[51.0],[52.0],True,False
[348.0],[276.0 3407.0 9222.0],[51.0],[20.0 28.0 69.0],False,False
[349.0],[18.0 186.0 4217.0 5491.0 11228.0],[51.0],[7.0 9.0 14.0 45.0 99.0],False,False
[351.0],[2145.0 3207.0 4767.0 8133.0],[51.0],[12.0 15.0 34.0 53.0],False,False
[352.0],"[4903.0 6773.0 6968.0 7483.0 7487.0 7495.0 7754.0 8679.0 8956.0 9402.0
 9937.0 10777.0 12372.0 12389.0 12390.0 13434.0 13818.0 14649.0 15890.0
 20773.0]",[51.0],[2.0 3.0 4.0 5.0 6.0 7.0 9.0 12.0 13.0 26.0 31.0 41.0],False,False
[353.0],"[5579.0 6918.0 6920.0 8165.0 8879.0 10399.0 13031.0 15400.0 15732.0
 17302.0 21890.0]",[51.0],[3.0 5.0 6.0 7.0 15.0 16.0 17.0 20.0 27.0],False,False
[354.0],[6000.0 9830.0 10917.0 17608.0 19837.0],[51.0],[5.0 14.0 16.0 22.0 23.0],False,False
[355.0],[8173.0 9871.0 10400.0 11268.0 14914.0 18478.0 19857.0 20193.0],[51.0],[2.0 8.0 9.0 15.0 18.0 44.0],False,False
[356.0],[742.0 22567.0 24818.0],[51.0],[17.0 24.0 86.0],False,False
[357.0],[6719.0 9876.0 13750.0 14498.0 16936.0 18891.0 19298.0 27193.0],[51.0],[2.0 4.0 7.0 8.0 12.0 19.0 25.0 26.0],False,False
[358.0],[7590.0 17223.0],[51.0],[28.0 41.0],False,False
[359.0],[9861.0 13309.0 16087.0 17274.0 25122.0 25719.0 26675.0 28926.0],[51.0],[2.0 5.0 6.0 9.0 10.0 13.0 23.0 61.0],False,False
[360.0],[3983.0 13698.0 14165.0],[51.0],[23.0 32.0 45.0],False,False
[361.0],[179.0],[50.0],[99.0],True,False
[362.0],[901.0 11291.0],[50.0],[41.0 57.0],False,False
[363.0],[410.0 1944.0 10925.0],[50.0],[34.0 35.0 46.0],False,False
[364.0],[2409.0 2855.0 4899.0 9379.0 11692.0 16230.0],[50.0],[2.0 10.0 11.0 20.0 22.0],True,False
[365.0],[3841.0],[50.0],[50.0],True,True
[366.0],[756.0 5805.0 14001.0],[50.0],[19.0 51.0 94.0],False,False
[367.0],"[5850.0 6329.0 7696.0 7708.0 8927.0 9392.0 9662.0 13440.0 15490.0 15813.0
 16614.0 18910.0 19645.0 20729.0 20739.0]",[50.0],[2.0 3.0 5.0 6.0 9.0 11.0 12.0 13.0 15.0 18.0 19.0 24.0 25.0],False,False
[368.0],[7597.0 21400.0],[50.0],[10.0 49.0],False,False
[369.0],[6000.0 6229.0 10069.0 10700.0 12580.0 18755.0 23628.0],[50.0],[3.0 14.0 16.0 20.0 23.0 28.0 39.0],False,False
[370.0],[14004.0],[50.0],[50.0],True,True
[371.0],[11311.0 14231.0],[50.0],[1.0 57.0],True,False
[372.0],[9394.0 15078.0 29156.0],[50.0],[3.0 46.0 62.0],True,False
[373.0],[9117.0 12383.0],[50.0],[32.0 51.0],False,False
[374.0],[1382.0],[49.0],[49.0],True,True
[375.0],[534.0 1954.0 9619.0 12617.0],[49.0],[2.0 10.0 27.0 37.0],False,False
[376.0],[548.0 565.0],[49.0],[48.0 66.0],False,False
[377.0],[181.0],[49.0],[69.0],True,False
[379.0],"[957.0 2007.0 4301.0 7686.0 7943.0 9912.0 11637.0 12017.0 13042.0 13375.0
 13394.0 14558.0]",[49.0],[1.0 2.0 5.0 6.0 8.0 9.0 10.0 19.0 20.0 34.0],False,False
[382.0],[1016.0 6763.0],[49.0],[35.0 38.0],False,False
[383.0],[5044.0 8853.0 9846.0 14865.0 18085.0 20145.0],[49.0],[12.0 14.0 15.0 18.0 27.0],False,False
[384.0],[7122.0 8867.0 9624.0],[49.0],[12.0 30.0 45.0],False,False
[385.0],[637.0 9865.0 18828.0 22249.0 24064.0 28597.0],[49.0],[5.0 10.0 13.0 20.0 28.0 52.0],False,False
[386.0],[10044.0 14117.0 15972.0 16313.0 17174.0 20836.0 21211.0 24930.0 24961.0],[49.0],[3.0 4.0 5.0 8.0 14.0 15.0 25.0],False,False
[387.0],[756.0 14001.0 22257.0],[49.0],[19.0 28.0 94.0],False,False
[388.0],[1927.0 11076.0 11926.0 17216.0 27604.0],[49.0],[7.0 22.0 29.0 32.0 49.0],False,False
[389.0],[9272.0 15362.0],[49.0],[20.0 46.0],False,False
[390.0],[210.0 14833.0 19543.0],[49.0],[35.0 43.0 68.0],False,False
[391.0],[358.0 11934.0],[48.0],[4.0 52.0],True,False
[392.0],[553.0 5284.0 7118.0],[48.0],[3.0 21.0 32.0],True,False
[393.0],[652.0 693.0 722.0 7915.0],[48.0],[7.0 10.0 44.0 58.0],False,False
[394.0],[1166.0 3716.0 6565.0 6578.0],[48.0],[11.0 16.0 23.0 24.0],False,False
[395.0],[415.0 425.0],[48.0],[45.0 99.0],False,False
[396.0],[1662.0 6227.0],[48.0],[47.0 49.0],False,False
[397.0],[618.0 634.0 2175.0 7414.0],[48.0],[21.0 22.0 31.0 71.0],False,False
[398.0],[669.0 5544.0 18118.0],[48.0],[19.0 20.0 45.0],True,False
[399.0],[5417.0 6604.0 17080.0],[48.0],[3.0 42.0],True,False
[401.0],[1705.0 18450.0 19849.0],[48.0],[17.0 25.0 66.0],False,False
[402.0],[2536.0 4472.0 25451.0],[48.0],[9.0 63.0 69.0],False,False
[404.0],[500.0 538.0],[48.0],[47.0 98.0],True,False
[405.0],[1181.0 14040.0],[48.0],[48.0 52.0],True,False
[406.0],[12371.0 14062.0],[48.0],[3.0 50.0],True,False
[408.0],[809.0 2775.0 7640.0 8171.0],[47.0],[2.0 45.0 62.0 64.0],False,False
[409.0],"[685.0 767.0 873.0 2565.0 3638.0 4023.0 4501.0 5303.0 5822.0 6276.0 6284.0
 7645.0 9304.0 10403.0 11095.0]",[47.0],[1.0 2.0 3.0 5.0 6.0 11.0 12.0 13.0 16.0],False,False
[410.0],[1131.0 1155.0 4566.0 5128.0 5375.0],[47.0],[3.0 5.0 15.0 26.0 37.0],False,False
[411.0],[174.0 196.0 338.0 3204.0 5027.0 5249.0 6229.0 6230.0 10700.0],[47.0],[1.0 5.0 10.0 13.0 23.0 26.0 28.0 80.0],False,False
[412.0],[414.0],[47.0],[82.0],True,False
[414.0],[1838.0 3122.0 5408.0 8040.0 8280.0 11017.0],[47.0],[8.0 9.0 11.0 19.0 32.0 43.0],False,False
[415.0],[1239.0 5141.0 13506.0 15086.0],[47.0],[11.0 23.0 28.0 59.0],False,False
[416.0],"[1772.0 5323.0 7188.0 8570.0 8898.0 10172.0 10740.0 11657.0 11995.0
 12001.0 12334.0 14497.0 14965.0 15002.0 15018.0 18917.0]",[47.0],[1.0 3.0 4.0 6.0 7.0 9.0 10.0 11.0 18.0 21.0 23.0],False,False
[418.0],[7608.0],[47.0],[47.0],True,True
[419.0],[7903.0],[47.0],[47.0],True,True
[420.0],[8432.0],[47.0],[48.0],True,False
[421.0],[2346.0 8173.0 9871.0 10400.0 24062.0],[47.0],[8.0 9.0 21.0 44.0 65.0],False,False
[422.0],[8716.0 11024.0 13614.0 14070.0 16724.0 17895.0],[47.0],[5.0 9.0 11.0 29.0 39.0],False,False
[424.0],"[5579.0 8879.0 13030.0 14501.0 17698.0 23700.0 24484.0 25168.0 26168.0
 26946.0]",[47.0],[7.0 8.0 9.0 13.0 15.0 17.0 18.0 19.0 22.0 27.0],True,False
[425.0],[11954.0],[47.0],[53.0],True,False
[426.0],[11942.0],[47.0],[48.0],True,False
[427.0],[9861.0 13327.0 14465.0 14899.0 16917.0 20649.0 26368.0],[47.0],[1.0 5.0 6.0 7.0 9.0 61.0],False,False
[428.0],[7897.0 24787.0],[47.0],[3.0 65.0],True,False
[429.0],[12750.0 13772.0 13791.0 14219.0 15429.0],[47.0],[3.0 5.0 18.0 22.0 44.0],False,False
[430.0],[331.0 13992.0],[47.0],[48.0 52.0],True,False
[431.0],[5826.0 7139.0 16134.0 16559.0],[47.0],[2.0 16.0 38.0 72.0],False,False
[432.0],[12323.0 16954.0 17767.0 23358.0],[47.0],[10.0 17.0 22.0 24.0],True,False
[433.0],"[8216.0 15782.0 21145.0 26199.0 26452.0 26483.0 26484.0 28382.0 28682.0
 29635.0]",[47.0],[1.0 3.0 5.0 7.0 15.0 17.0 26.0 52.0],False,False
[434.0],[5780.0 11255.0 15715.0 26364.0],[47.0],[9.0 42.0 48.0 76.0],False,False
[435.0],[255.0 5507.0 6688.0],[46.0],[19.0 26.0 41.0],True,False
[436.0],[479.0 9269.0 12608.0],[46.0],[4.0 24.0 44.0],True,False
[437.0],"[889.0 948.0 1986.0 3470.0 3667.0 4528.0 6313.0 6743.0 7948.0 8586.0
 9072.0 10763.0 12315.0]",[46.0],[2.0 5.0 6.0 7.0 8.0 9.0 10.0 11.0 12.0 16.0 17.0],False,False
[439.0],[625.0 654.0 681.0 4487.0],[46.0],[15.0 27.0 30.0 61.0],False,False
[440.0],[123.0 154.0],[46.0],[37.0 43.0],False,False
[442.0],"[1072.0 1161.0 3885.0 5104.0 5364.0 6094.0 6106.0 6756.0 7686.0 7956.0
 7968.0 11637.0 12017.0]",[46.0],[2.0 4.0 6.0 7.0 8.0 9.0 10.0 11.0 13.0 18.0],False,False
[443.0],[148.0 8423.0],[46.0],[1.0 52.0],False,False
[445.0],[227.0 2140.0 5755.0 12586.0 16042.0],[46.0],[9.0 32.0 52.0 54.0 94.0],False,False
[446.0],[466.0 18794.0],[46.0],[32.0 67.0],True,False
[447.0],[6312.0 6546.0],[46.0],[42.0 71.0],False,False
[448.0],[2760.0 8151.0],[46.0],[42.0 43.0],False,False
[449.0],"[3840.0 7644.0 8876.0 8895.0 10394.0 16116.0 16528.0 16557.0 20201.0
 20203.0 20678.0 22562.0 22941.0]",[46.0],[1.0 3.0 9.0 12.0 14.0 21.0 32.0 80.0],False,False
[451.0],[12624.0 12993.0 13303.0 14189.0 16084.0 16506.0 19263.0 25953.0 28107.0],[46.0],[2.0 6.0 11.0 13.0 17.0 27.0 29.0],False,False
[452.0],[6894.0 16053.0 16884.0 28906.0],[46.0],[1.0 3.0 34.0 40.0],False,False
[455.0],[3427.0 5045.0 15356.0 22909.0],[46.0],[14.0 26.0 46.0 70.0],False,False
[456.0],[320.0 16047.0 17618.0],[46.0],[36.0 38.0 97.0],False,False
[457.0],[309.0 1679.0],[45.0],[49.0 70.0],False,False
[458.0],[746.0 6707.0 8892.0 9066.0 11566.0 11574.0],[45.0],[3.0 9.0 16.0 25.0 40.0],False,False
[459.0],[742.0 7633.0],[45.0],[41.0 86.0],False,False
[460.0],[542.0 2331.0 3233.0],[45.0],[9.0 26.0 58.0],False,False
[461.0],[806.0 852.0 1981.0 10119.0 10126.0],[45.0],[5.0 15.0 37.0 38.0 55.0],False,False
[462.0],[102.0 7582.0 8414.0 8419.0 9245.0 11230.0],[45.0],[1.0 3.0 9.0 15.0 19.0 28.0],False,False
[463.0],[292.0],[45.0],[48.0],True,False
[465.0],"[1159.0 1791.0 3074.0 3675.0 4314.0 4864.0 6117.0 6761.0 7213.0 11669.0
 12725.0]",[45.0],[1.0 3.0 10.0 11.0 16.0 39.0],False,False
[466.0],[2154.0 2724.0 5507.0 10707.0],[45.0],[11.0 41.0 87.0 96.0],False,False
[468.0],[1051.0 1086.0 10494.0 11706.0 12746.0],[45.0],[1.0 6.0 9.0 10.0 48.0],True,False
[469.0],"[1742.0 4492.0 5290.0 7636.0 7919.0 8178.0 9065.0 11557.0 11586.0 13341.0
 14188.0 14488.0 14495.0 16129.0 18886.0]",[45.0],[1.0 2.0 4.0 5.0 7.0 8.0 9.0 10.0 21.0 54.0],False,False
[473.0],"[6787.0 7968.0 7996.0 9404.0 11305.0 11675.0 12716.0 14558.0 15095.0
 15504.0 17016.0 18198.0 18281.0 19385.0 22648.0 23431.0]",[45.0],[3.0 4.0 6.0 7.0 10.0 15.0 16.0 18.0 26.0 39.0],False,False
[474.0],[11504.0 16041.0 21779.0 26141.0 26333.0 26877.0],[45.0],[1.0 3.0 13.0 14.0 15.0 28.0],False,False
[475.0],[14176.0 24433.0 27881.0],[45.0],[3.0 21.0 47.0],False,False
[476.0],[5803.0 15725.0 21038.0 25472.0],[45.0],[18.0 27.0 29.0 61.0],True,False
[478.0],[10715.0 12983.0 22538.0],[45.0],[15.0 23.0 53.0],False,False
[479.0],[12652.0 14915.0 16522.0 25132.0],[45.0],[9.0 19.0 24.0 47.0],False,False
[481.0],[12685.0 19306.0 27411.0],[45.0],[1.0 17.0 36.0],False,False
[482.0],[15696.0],[45.0],[45.0],True,True
[484.0],[820.0 22646.0],[45.0],[21.0 91.0],True,False
[485.0],[501.0 2986.0],[44.0],[43.0 72.0],False,False
[486.0],"[729.0 782.0 825.0 867.0 2178.0 2553.0 2778.0 4499.0 4502.0 5809.0 5810.0
 7644.0 8876.0 8895.0 10394.0]",[44.0],[1.0 2.0 3.0 4.0 5.0 10.0 12.0 15.0 17.0 21.0 32.0],False,False
[487.0],[301.0 1687.0 2727.0 3608.0 9610.0],[44.0],[9.0 11.0 32.0 35.0],False,False
[488.0],[680.0],[44.0],[46.0],True,False
[491.0],[811.0 2350.0 10743.0],[44.0],[8.0 22.0 37.0],True,False
[492.0],"[734.0 1760.0 2347.0 2358.0 2566.0 3258.0 3460.0 3466.0 4833.0 6707.0
 7153.0 7186.0 11112.0]",[44.0],[2.0 4.0 5.0 6.0 8.0 9.0 12.0 16.0 25.0 26.0],False,False
[493.0],[146.0 147.0 166.0 2305.0 3409.0 6685.0 9604.0 11920.0],[44.0],[1.0 4.0 10.0 12.0 24.0 36.0],False,False
[494.0],"[1198.0 1772.0 2621.0 3078.0 3494.0 5347.0 7188.0 8570.0 8898.0 10172.0
 11657.0 12334.0]",[44.0],[1.0 3.0 6.0 9.0 18.0 21.0 23.0],False,False
[497.0],[6262.0],[44.0],[45.0],True,False
[498.0],"[1285.0 6153.0 6964.0 6996.0 8255.0 9122.0 9694.0 9714.0 11397.0 12788.0
 14608.0 15515.0 15821.0 16291.0 17810.0]",[44.0],[1.0 5.0 6.0 7.0 9.0 11.0 13.0 15.0 16.0 19.0 25.0 32.0],False,False
[499.0],[83.0 3606.0 3998.0],[44.0],[25.0 61.0 73.0],False,False
[500.0],[320.0 1922.0 8418.0 8854.0 9601.0 11502.0 12237.0 13255.0 14837.0],[44.0],[7.0 8.0 9.0 22.0 26.0 27.0 32.0 97.0],False,False
[501.0],[6496.0 11523.0 20150.0],[44.0],[8.0 21.0 40.0],True,False
[502.0],"[6953.0 9083.0 10138.0 11294.0 11296.0 12014.0 14533.0 16553.0 16944.0
 17286.0 18146.0 18155.0 19885.0 21098.0 22275.0]",[44.0],[1.0 4.0 5.0 6.0 7.0 9.0 10.0 11.0 15.0 16.0 17.0 27.0],True,False
[503.0],[9483.0 12201.0 13513.0],[44.0],[2.0 60.0],True,False
[505.0],[5290.0 8151.0 14488.0 16528.0 20664.0 21843.0 23675.0 24456.0 28296.0],[44.0],[1.0 5.0 9.0 12.0 14.0 21.0 42.0 54.0],False,False
[507.0],[12550.0 26635.0 28472.0],[44.0],[3.0 7.0 51.0],False,False
[509.0],[12702.0 14527.0 16961.0 17753.0],[44.0],[4.0 19.0 21.0 40.0],False,False
[511.0],"[13253.0 16037.0 20107.0 23310.0 24777.0 25083.0 27323.0 27332.0 27859.0
 27863.0 28255.0 28574.0]",[44.0],[1.0 2.0 6.0 9.0 10.0 12.0 13.0 15.0 21.0],False,False
[512.0],[2980.0 16070.0],[44.0],[1.0 86.0],False,False
[513.0],[756.0 5805.0 17280.0 19593.0 20661.0],[44.0],[1.0 14.0 32.0 51.0 94.0],True,False
[514.0],[457.0 8145.0],[43.0],[33.0 48.0],True,False
[515.0],[986.0 1031.0 1079.0 2212.0 10166.0],[43.0],[3.0 5.0 18.0 19.0 42.0],True,False
[516.0],[1195.0 1284.0 2045.0 10811.0],[43.0],[5.0 26.0 39.0 53.0],False,False
[517.0],[1003.0 2824.0 3482.0 4306.0 7703.0 8204.0 8551.0 8912.0],[43.0],[3.0 6.0 8.0 11.0 12.0 13.0 15.0 54.0],False,False
[519.0],[2542.0 2754.0],[43.0],[39.0 90.0],False,False
[520.0],[255.0 5507.0 6688.0],[43.0],[19.0 26.0 41.0],False,False
[522.0],[806.0 1990.0 2574.0 5298.0 12660.0],[43.0],[5.0 15.0 29.0 37.0 42.0],False,False
[523.0],[282.0 9836.0],[43.0],[26.0 39.0],False,False
[524.0],[4616.0 5890.0 6124.0 7234.0 10523.0 13088.0 15482.0 17364.0],[43.0],[3.0 6.0 11.0 13.0 15.0 20.0 22.0 26.0],False,False
[525.0],"[2766.0 5817.0 6292.0 10404.0 10943.0 12280.0 13336.0 13351.0 13743.0
 14951.0 15402.0]",[43.0],[1.0 2.0 3.0 4.0 10.0 12.0 20.0 25.0 27.0],False,False
[526.0],"[363.0 6231.0 6491.0 6686.0 7587.0 9606.0 13987.0 14170.0 15340.0 15698.0
 16882.0 17230.0 19551.0]",[43.0],[1.0 2.0 3.0 4.0 5.0 9.0 10.0 14.0 28.0 31.0 32.0],False,False
[527.0],[4891.0 7231.0 7263.0],[43.0],[4.0 7.0 45.0],False,False
[528.0],[9045.0],[43.0],[43.0],True,True
[529.0],"[10741.0 14008.0 16568.0 18866.0 19876.0 20703.0 23364.0 23377.0 23708.0
 25972.0]",[43.0],[1.0 2.0 4.0 5.0 6.0 7.0 8.0 10.0 20.0],False,False
[530.0],"[407.0 447.0 7605.0 14863.0 16493.0 19247.0 20158.0 23324.0 25092.0
 25713.0 26668.0]",[43.0],[1.0 5.0 9.0 10.0 14.0 21.0 22.0 57.0 98.0 99.0],False,False
[531.0],"[13486.0 14582.0 15822.0 16986.0 17339.0 18226.0 18544.0 18950.0 18951.0
 22472.0]",[43.0],[1.0 4.0 6.0 7.0 8.0 9.0 13.0 17.0 37.0],False,False
[532.0],[15724.0 16114.0 21447.0 28300.0],[43.0],[7.0 16.0 18.0 35.0],False,False
[533.0],[16486.0 16893.0],[43.0],[2.0 42.0],True,False
[534.0],[14463.0 15377.0 21826.0 27891.0 28282.0 29282.0 29284.0],[43.0],[1.0 2.0 10.0 34.0 45.0],False,False
[535.0],[561.0 14882.0 16498.0 28281.0],[43.0],[7.0 8.0 39.0 98.0],False,False
[536.0],[13748.0 18885.0 24109.0 24505.0 25178.0 28942.0],[43.0],[3.0 9.0 15.0 20.0],False,False
[537.0],[6312.0 6546.0],[43.0],[42.0 71.0],True,False
[538.0],[12099.0 16327.0 29018.0],[43.0],[1.0 2.0 53.0],False,False
[539.0],[6361.0 14687.0 24276.0 28424.0 29678.0],[43.0],[1.0 3.0 18.0 35.0 40.0],True,False
[540.0],[14189.0 17277.0 22253.0 26158.0 29303.0],[43.0],[2.0 4.0 15.0 17.0 27.0],True,False
[541.0],[484.0],[42.0],[42.0],True,True
[542.0],[521.0],[42.0],[42.0],True,True
[543.0],[508.0 10933.0 11255.0],[42.0],[3.0 40.0 48.0],True,False
[544.0],[504.0 10393.0],[42.0],[2.0 41.0],False,False
[545.0],[805.0 1752.0],[42.0],[2.0 41.0],False,False
[547.0],"[76.0 1660.0 1920.0 2145.0 2515.0 3199.0 4443.0 5253.0 6881.0 7580.0
 10082.0 10918.0]",[42.0],[1.0 3.0 4.0 7.0 8.0 10.0 12.0 13.0 14.0],False,False
[552.0],[178.0 2714.0 5998.0 6482.0 8122.0 8838.0 10356.0],[42.0],[4.0 5.0 11.0 20.0 21.0 42.0],False,False
[553.0],[2207.0 3295.0 10167.0 13071.0 15035.0],[42.0],[2.0 7.0 27.0 29.0 42.0],False,False
[554.0],[302.0 4761.0],[42.0],[41.0 94.0],False,False
[556.0],[3841.0 9636.0 10124.0 13334.0 19592.0],[42.0],[3.0 12.0 37.0 50.0],False,False
[557.0],[8171.0 11263.0],[42.0],[42.0 64.0],False,False
[558.0],[2530.0 6493.0 11520.0],[42.0],[27.0 40.0 90.0],False,False
[559.0],[11319.0 11350.0 11990.0 13770.0],[42.0],[4.0 6.0 41.0],False,False
[560.0],[12224.0 12225.0 13687.0 18059.0 20959.0 22875.0 24754.0],[42.0],[4.0 6.0 15.0 22.0 23.0 28.0 34.0],False,False
[561.0],[6911.0 22924.0 25948.0],[42.0],[2.0 21.0 73.0],False,False
[562.0],[6860.0 14304.0 19980.0 20807.0 21598.0 23866.0 26520.0],[42.0],[3.0 8.0 9.0 13.0 30.0 53.0],False,False
[563.0],[14486.0],[42.0],[44.0],True,False
[564.0],[414.0 26680.0],[42.0],[14.0 82.0],False,False
[565.0],[13728.0 15377.0],[42.0],[11.0 45.0],False,False
[568.0],[656.0 9865.0 13727.0 18828.0 21836.0],[42.0],[13.0 15.0 28.0 29.0 89.0],False,False
[569.0],[260.0],[41.0],[99.0],True,False
[570.0],[346.0],[41.0],[41.0],True,True
[573.0],[623.0 1964.0],[41.0],[2.0 41.0],True,False
[574.0],[795.0 808.0],[41.0],[45.0 46.0],False,False
[576.0],[814.0 1748.0 5063.0 5554.0 7642.0],[41.0],[2.0 12.0 34.0 37.0 75.0],False,False
[577.0],[5826.0 11967.0],[41.0],[11.0 38.0],False,False
[579.0],"[726.0 3265.0 5290.0 7636.0 7919.0 9642.0 11557.0 13341.0 14188.0 14474.0
 14488.0 16129.0 18487.0 20664.0]",[41.0],[1.0 2.0 4.0 5.0 8.0 9.0 10.0 11.0 12.0 22.0 35.0 54.0],False,False
[580.0],"[10420.0 13020.0 13027.0 15414.0 16583.0 19598.0 19602.0 21052.0 21068.0
 22979.0 24482.0]",[41.0],[1.0 2.0 3.0 4.0 22.0 24.0],False,False
[581.0],[8216.0 8937.0 9327.0 11655.0],[41.0],[14.0 29.0 44.0 52.0],False,False
[582.0],[81.0 14419.0],[41.0],[19.0 87.0],False,False
[583.0],[2155.0 9612.0],[41.0],[59.0 73.0],False,False
[584.0],[13091.0],[41.0],[53.0],True,False
[585.0],[11255.0 15715.0],[41.0],[42.0 48.0],False,False
[586.0],[15819.0 16643.0 16662.0 16689.0],[41.0],[3.0 43.0],True,False
[588.0],[17002.0 17809.0],[41.0],[35.0 38.0],False,False
[590.0],[285.0 301.0 3608.0 9610.0],[40.0],[9.0 32.0 35.0],False,False
[591.0],[452.0 6258.0],[40.0],[22.0 45.0],True,False
[592.0],[668.0 9883.0],[40.0],[11.0 39.0],False,False
[593.0],[678.0 8883.0],[40.0],[45.0 68.0],True,False
[594.0],[501.0 552.0 2546.0 2986.0 8467.0],[40.0],[4.0 9.0 12.0 43.0 72.0],False,False
[595.0],[1723.0 2992.0],[40.0],[14.0 35.0],True,False
[596.0],[1192.0 1198.0 3078.0 4086.0 4581.0 5370.0 5633.0 7741.0],[40.0],[1.0 5.0 6.0 8.0 14.0 18.0 43.0],False,False
[597.0],[2309.0 6894.0],[40.0],[34.0 39.0],False,False
[598.0],[357.0],[40.0],[46.0],True,False
[599.0],[1065.0 1143.0 4334.0 4944.0 6376.0 8598.0 9752.0 9770.0 10771.0],[40.0],[2.0 10.0 11.0 13.0 14.0 16.0 20.0 38.0 59.0],False,False
[600.0],[2530.0 4468.0 6493.0],[40.0],[5.0 27.0 90.0],False,False
[602.0],[4495.0 5821.0 7133.0 7637.0 18140.0],[40.0],[2.0 6.0 11.0 31.0 73.0],False,False
[604.0],[680.0 11583.0 20241.0 22964.0 25148.0],[40.0],[9.0 10.0 25.0 46.0],True,False
[605.0],[1394.0 17125.0 23491.0],[40.0],[3.0 25.0 94.0],True,False
[607.0],[12858.0 14597.0 17110.0 27283.0 28687.0],[40.0],[1.0 9.0 10.0 32.0 45.0],False,False
[608.0],[16144.0 24481.0],[40.0],[10.0 40.0],False,False
[609.0],[11227.0 17603.0],[40.0],[38.0 43.0],False,False
[611.0],[17345.0],[40.0],[41.0],True,False
[613.0],[7418.0 19276.0],[40.0],[36.0 53.0],False,False
[614.0],[12043.0 12076.0 17382.0 21988.0 22665.0 23804.0],[40.0],[5.0 6.0 18.0 20.0 21.0 24.0],False,False
[615.0],[343.0 3418.0],[39.0],[38.0 51.0],False,False
[616.0],[352.0],[39.0],[94.0],True,False
[617.0],[1073.0 1074.0],[39.0],[37.0 40.0],False,False
[618.0],[1132.0],[39.0],[72.0],True,False
[621.0],[347.0 9256.0],[39.0],[6.0 43.0],True,False
[623.0],[732.0 764.0 2181.0],[39.0],[26.0 34.0 53.0],False,False
[624.0],[213.0 219.0 3819.0],[39.0],[2.0 29.0 38.0],False,False
[625.0],[1024.0 2824.0 4306.0 7703.0 8912.0],[39.0],[8.0 11.0 15.0 33.0 54.0],False,False
[626.0],"[1978.0 2183.0 2348.0 2560.0 2772.0 3013.0 3266.0 3450.0 3642.0 3843.0
 4024.0 4271.0 4500.0 4820.0 5077.0 5310.0 5559.0 5815.0 6045.0 6283.0
 6521.0 6711.0 6927.0]",[39.0],[1.0 2.0 3.0 17.0],True,False
[627.0],[698.0 7121.0],[39.0],[9.0 56.0],False,False
[628.0],[538.0 4786.0 8865.0],[39.0],[20.0 37.0 47.0],False,False
[629.0],[4564.0 5613.0 9383.0],[39.0],[7.0 28.0 39.0],False,False
[630.0],[382.0 4451.0 9240.0 12252.0 18073.0 19559.0],[39.0],[6.0 8.0 23.0 24.0 26.0 75.0],False,False
[631.0],[1958.0 7114.0 7911.0 8480.0 9628.0 10394.0 11259.0 14897.0],[39.0],[3.0 8.0 12.0 14.0 19.0 30.0 37.0 38.0],False,False
[632.0],[640.0 7416.0 8494.0 8495.0 12992.0 15724.0 16114.0],[39.0],[9.0 10.0 15.0 16.0 35.0 42.0],False,False
[633.0],[444.0 6698.0 9265.0 10926.0 21809.0],[39.0],[2.0 10.0 13.0 34.0 46.0],False,False
[634.0],[416.0 458.0 12589.0 20627.0],[39.0],[10.0 42.0 57.0 79.0],False,False
[635.0],[406.0 6493.0 11246.0 11520.0 20619.0 24020.0],[39.0],[2.0 27.0 29.0 30.0 40.0 48.0],False,False
[636.0],[8145.0 20161.0],[39.0],[17.0 48.0],False,False
[637.0],[5821.0 13749.0 26166.0 26167.0],[39.0],[1.0 7.0 46.0 73.0],False,False
[638.0],[13066.0 15040.0 15439.0 16176.0 16610.0],[39.0],[3.0 5.0 11.0 32.0 37.0],True,False
[639.0],"[14502.0 18143.0 18832.0 19630.0 21870.0 21914.0 22996.0 24849.0 25479.0
 25982.0 27188.0 27401.0]",[39.0],[1.0 2.0 3.0 4.0 5.0 7.0 9.0 10.0 11.0 13.0],False,False
[640.0],"[11397.0 15159.0 15468.0 15813.0 15821.0 16703.0 17079.0 21141.0 21962.0
 23480.0 23806.0 23814.0 26023.0]",[39.0],[4.0 5.0 6.0 11.0 12.0 14.0 15.0 22.0 24.0 25.0],False,False
[641.0],[11240.0 12961.0 15345.0 15347.0 16049.0 16854.0 18069.0 20977.0 26881.0],[39.0],[2.0 4.0 5.0 6.0 10.0 12.0 18.0 20.0 34.0],False,False
[643.0],[17658.0],[39.0],[40.0],True,False
[644.0],[10120.0 11263.0 18116.0 20184.0 27353.0 29096.0 29292.0],[39.0],[2.0 3.0 21.0 29.0 42.0 63.0],False,False
[647.0],[3203.0 16053.0 18071.0 28906.0],[39.0],[3.0 8.0 40.0 83.0],False,False
[648.0],[17234.0 19557.0 20608.0 23638.0 26141.0],[39.0],[3.0 12.0 20.0 29.0],True,False
[649.0],[303.0],[38.0],[38.0],True,True
[650.0],[543.0 584.0 629.0 1708.0],[38.0],[4.0 34.0 61.0 88.0],False,False
[651.0],[605.0 8488.0],[38.0],[38.0 55.0],True,False
[652.0],[751.0 7635.0 9310.0],[38.0],[2.0 17.0 35.0],False,False
[653.0],[817.0],[38.0],[38.0],True,True
[654.0],[1159.0 2236.0 3122.0],[38.0],[16.0 32.0 43.0],False,False
[655.0],[282.0 5757.0 7083.0],[38.0],[30.0 36.0 39.0],False,False
[656.0],[1375.0],[38.0],[49.0],True,False
[657.0],[285.0 428.0 2980.0 5524.0],[38.0],[19.0 32.0 34.0 86.0],False,False
[658.0],[948.0 994.0 5099.0 8190.0 10763.0],[38.0],[12.0 16.0 17.0 34.0],False,False
[659.0],[1718.0 3624.0],[38.0],[31.0 47.0],False,False
[660.0],[450.0 7093.0 7606.0 8128.0 8855.0 9261.0 9851.0 12595.0],[38.0],[3.0 7.0 9.0 12.0 15.0 17.0 30.0 50.0],False,False
[661.0],[240.0 268.0 359.0 1937.0 2974.0 8436.0],[38.0],[16.0 23.0 28.0 38.0 43.0 52.0],False,False
[662.0],[310.0 5260.0 7081.0 7091.0],[38.0],[2.0 31.0 33.0 37.0],False,False
[663.0],[1219.0 5901.0 6575.0 6976.0 13523.0 16262.0],[38.0],[3.0 4.0 13.0 27.0 32.0],False,False
[665.0],"[5186.0 7268.0 7791.0 8694.0 10536.0 13842.0 13881.0 14627.0 14735.0
 16264.0 17924.0]",[38.0],[3.0 4.0 6.0 8.0 9.0 12.0 21.0 22.0 31.0],False,False
[666.0],"[2621.0 6809.0 7266.0 7792.0 8244.0 9733.0 10281.0 12080.0 12416.0 13087.0
 13102.0 14083.0 14259.0 18970.0]",[38.0],[1.0 2.0 3.0 5.0 6.0 7.0 9.0 12.0 13.0 21.0 28.0],False,False
[667.0],[302.0 338.0 10066.0 10366.0 11071.0 12231.0 14414.0 15691.0],[38.0],[1.0 2.0 5.0 6.0 7.0 12.0 80.0 94.0],False,False
[668.0],[742.0 7633.0],[38.0],[41.0 86.0],True,False
[669.0],[399.0 10363.0 11518.0 14444.0],[38.0],[34.0 35.0 41.0 45.0],False,False
[670.0],[7603.0 8436.0 11246.0 20619.0],[38.0],[23.0 29.0 30.0 35.0],False,False
[671.0],[6911.0 12984.0 16509.0],[38.0],[6.0 16.0 73.0],False,False
[672.0],[4481.0 5529.0 11542.0 11547.0 11552.0 13301.0],[38.0],[1.0 10.0 27.0 29.0 33.0 59.0],False,False
[673.0],[571.0 13724.0 21009.0 23338.0],[38.0],[1.0 4.0 21.0 64.0],False,False
[674.0],[6509.0 10105.0 11556.0 12625.0],[38.0],[1.0 22.0 23.0 35.0],False,False
[675.0],[10894.0 11170.0 11759.0 14304.0 15150.0 18588.0],[38.0],[7.0 9.0 14.0 30.0 48.0],False,False
[676.0],[9116.0 12736.0 14618.0 15488.0 18580.0 18955.0],[38.0],[3.0 4.0 5.0 15.0 20.0 32.0],True,False
[677.0],"[5290.0 8167.0 11264.0 13341.0 14188.0 14474.0 19585.0 21441.0 21850.0
 25724.0]",[38.0],[2.0 5.0 7.0 9.0 10.0 11.0 19.0 54.0 59.0],False,False
[678.0],[12130.0 13857.0 15149.0 21569.0],[38.0],[4.0 6.0 27.0 37.0],True,False
[679.0],[13253.0 15699.0 16037.0 20107.0 23310.0 24777.0],[38.0],[3.0 10.0 12.0 13.0 15.0 21.0],False,False
[681.0],"[13361.0 16131.0 17297.0 17310.0 17715.0 18134.0 20224.0 20699.0 22585.0
 22591.0 23702.0 24467.0 24833.0 25157.0 26698.0 26937.0 27369.0 27920.0
 28314.0]",[38.0],[1.0 2.0 3.0 4.0 5.0 7.0 8.0 9.0 14.0 18.0 20.0 23.0],False,False
[682.0],"[10722.0 14443.0 19256.0 19569.0 19848.0 20156.0 20625.0 20987.0 21813.0
 28783.0]",[38.0],[2.0 3.0 4.0 13.0 22.0 25.0 30.0],False,False
[683.0],[11527.0],[38.0],[57.0],False,False
[684.0],[18086.0 18777.0],[38.0],[3.0 37.0],True,False
[685.0],[10375.0 13281.0 14180.0 18456.0 27885.0 28280.0],[38.0],[4.0 7.0 17.0 29.0 37.0 50.0],False,False
[686.0],[5821.0 18140.0 29111.0],[38.0],[3.0 11.0 73.0],True,False
[687.0],[18511.0 19292.0 19634.0],[38.0],[4.0 31.0 32.0],False,False
[688.0],[17049.0],[38.0],[42.0],True,False
[689.0],[15700.0 18772.0 25708.0],[38.0],[18.0 20.0 33.0],False,False
[692.0],[15856.0 17905.0 24230.0 26197.0 26506.0 27750.0 28848.0],[38.0],[3.0 5.0 6.0 17.0 30.0],False,False
[693.0],[16050.0 18430.0 20954.0 28909.0],[38.0],[3.0 5.0 26.0 31.0],False,False
[695.0],"[14493.0 15396.0 16547.0 20213.0 22576.0 25952.0 26390.0 26927.0 27357.0
 28308.0 29296.0 29304.0]",[38.0],[1.0 2.0 4.0 7.0 8.0 11.0 12.0 13.0 18.0 38.0],False,False
[696.0],[17300.0 18889.0],[38.0],[36.0 40.0],False,False
[697.0],[431.0],[37.0],[48.0],True,False
[698.0],[443.0 1705.0],[37.0],[2.0 66.0],True,False
[699.0],[545.0],[37.0],[40.0],True,False
[701.0],[879.0],[37.0],[37.0],True,True
[702.0],[1271.0 2228.0 4347.0 8705.0],[37.0],[7.0 13.0 14.0 94.0],True,False
[704.0],[621.0 5828.0 7420.0],[37.0],[13.0 14.0 34.0],False,False
[705.0],[900.0],[37.0],[43.0],True,False
[706.0],[284.0 314.0 7076.0 9238.0],[37.0],[22.0 27.0 30.0 47.0],False,False
[708.0],[531.0 537.0 1707.0],[37.0],[2.0 28.0 36.0],False,False
[709.0],[691.0 3006.0],[37.0],[40.0 49.0],False,False
[711.0],[410.0 2740.0 10925.0],[37.0],[34.0 35.0],False,False
[712.0],[1739.0 3007.0 6030.0],[37.0],[10.0 25.0 36.0],False,False
[713.0],[164.0 3600.0],[37.0],[19.0 34.0],True,False
[714.0],[1265.0 1283.0 5901.0 6976.0 11743.0],[37.0],[1.0 3.0 15.0 32.0 45.0],False,False
[715.0],[722.0 731.0 5298.0],[37.0],[37.0 42.0 58.0],False,False
[716.0],[5513.0 5517.0 6897.0 7399.0],[37.0],[4.0 5.0 7.0 48.0],False,False
[717.0],"[7125.0 7127.0 7644.0 8499.0 8876.0 10394.0 11265.0 14478.0 14922.0
 16116.0 16117.0]",[37.0],[1.0 3.0 5.0 6.0 9.0 12.0 21.0 32.0],False,False
[718.0],[7581.0 10356.0],[37.0],[17.0 42.0],False,False
[719.0],[8147.0 10940.0 13313.0],[37.0],[26.0 39.0 52.0],False,False
[720.0],[12327.0 13356.0 14513.0],[37.0],[10.0 28.0 51.0],False,False
[721.0],[3418.0 13274.0],[37.0],[37.0 51.0],False,False
[722.0],[13074.0 14271.0 17002.0 20068.0 25261.0 25666.0],[37.0],[3.0 5.0 6.0 16.0 35.0 36.0],False,False
[723.0],[11160.0 12902.0 19065.0 25322.0 26536.0],[37.0],[1.0 6.0 11.0 14.0 35.0],False,False
[725.0],[11689.0 14566.0 15479.0],[37.0],[17.0 37.0],False,False
[726.0],[7098.0 14861.0 21813.0],[37.0],[22.0 32.0 35.0],False,False
[727.0],"[7418.0 12992.0 16520.0 16521.0 17665.0 17667.0 19276.0 23340.0 25952.0
 27357.0]",[37.0],[2.0 3.0 4.0 6.0 7.0 8.0 10.0 21.0 36.0 53.0],False,False
[728.0],[14413.0 18064.0 18440.0 18743.0 20952.0 25072.0 26319.0],[37.0],[1.0 4.0 5.0 7.0 37.0 42.0],False,False
[729.0],[10928.0 24432.0],[37.0],[17.0 56.0],True,False
[730.0],[14527.0 21475.0],[37.0],[19.0 30.0],True,False
[731.0],"[14965.0 19624.0 20699.0 21122.0 22993.0 24132.0 24840.0 26708.0 27392.0
 27947.0]",[37.0],[1.0 3.0 4.0 8.0 9.0 10.0 12.0 18.0 20.0],False,False
[732.0],[12624.0 18807.0 19263.0 19584.0 20192.0 23669.0 27363.0 28107.0 29560.0],[37.0],[1.0 6.0 10.0 27.0 29.0],False,False
[733.0],[7603.0 11246.0 20619.0 26885.0],[37.0],[11.0 29.0 30.0 35.0],False,False
[734.0],[441.0],[36.0],[36.0],True,True
[735.0],[1357.0 2653.0 3904.0 4137.0],[36.0],[4.0 10.0 14.0 23.0],True,False
[736.0],[165.0 4756.0],[36.0],[16.0 22.0],True,False
[737.0],[373.0 3419.0],[36.0],[27.0 32.0],True,False
[738.0],[1084.0 4872.0 7987.0],[36.0],[13.0 27.0],False,False
[739.0],[602.0 3232.0 6908.0 9051.0],[36.0],[2.0 12.0 28.0 91.0],False,False
[741.0],[409.0],[36.0],[36.0],True,True
[742.0],[327.0 1935.0],[36.0],[11.0 38.0],False,False
[743.0],[161.0 240.0 2519.0 2955.0 6233.0 9236.0 9833.0],[36.0],[9.0 11.0 16.0 27.0 34.0 38.0 61.0],False,False
[745.0],[1335.0 1413.0 2650.0 3748.0 9517.0],[36.0],[9.0 16.0 17.0 27.0 28.0],False,False
[746.0],[864.0 915.0 936.0 3281.0 3668.0 5584.0 6738.0 8215.0],[36.0],[4.0 9.0 12.0 14.0 21.0],False,False
[747.0],[1159.0 2236.0 3122.0],[36.0],[16.0 32.0 43.0],False,False
[748.0],[428.0 1938.0 9609.0 9612.0],[36.0],[14.0 34.0 37.0 59.0],False,False
[749.0],[285.0 2963.0],[36.0],[32.0 34.0],False,False
[750.0],"[831.0 3017.0 3623.0 4253.0 4254.0 5090.0 6083.0 6950.0 7136.0 7912.0
 8869.0 9871.0 10121.0 11270.0 11561.0]",[36.0],[1.0 2.0 4.0 5.0 6.0 7.0 9.0 10.0 12.0 27.0 29.0],False,False
[751.0],[444.0],[36.0],[46.0],True,False
[752.0],[574.0 679.0 4800.0 11263.0],[36.0],[15.0 19.0 31.0 42.0],False,False
[753.0],[1659.0 5027.0 5249.0 6229.0 6230.0 10700.0],[36.0],[1.0 10.0 23.0 26.0 28.0 32.0],False,False
[755.0],[829.0 8875.0 11261.0 12272.0 12993.0 12994.0 13334.0],[36.0],[2.0 3.0 4.0 12.0 13.0 54.0],False,False
[756.0],[1777.0 6944.0 6946.0 7456.0 8904.0 9667.0 12022.0 12320.0 16136.0],[36.0],[2.0 5.0 6.0 7.0 9.0 17.0 23.0 24.0 27.0],False,False
[757.0],[2956.0 7075.0 8405.0 8839.0 12567.0],[36.0],[5.0 6.0 21.0 23.0 29.0],False,False
[758.0],[7109.0],[36.0],[67.0],True,False
[759.0],"[8570.0 8898.0 10172.0 11290.0 11657.0 11995.0 12001.0 12334.0 15018.0
 18199.0 19651.0 21495.0]",[36.0],[1.0 2.0 3.0 6.0 7.0 9.0 10.0 21.0],False,False
[760.0],[407.0 11082.0],[36.0],[31.0 98.0],True,False
[761.0],[358.0 7897.0 14445.0 18082.0],[36.0],[9.0 21.0 52.0 65.0],False,False
[762.0],[10065.0 12963.0 21764.0],[36.0],[3.0 13.0 27.0],False,False
[763.0],[8156.0 9861.0 11270.0 14487.0 17274.0 21443.0 21849.0],[36.0],[1.0 6.0 7.0 9.0 23.0 61.0],False,False
[764.0],[10119.0 13350.0 14493.0],[36.0],[4.0 15.0 38.0],False,False
[765.0],[13277.0 14171.0 14444.0 17239.0 26147.0],[36.0],[2.0 12.0 31.0 41.0],False,False
[766.0],[385.0 24034.0],[36.0],[19.0 90.0],False,False
[767.0],[12372.0 16211.0 22010.0 24198.0 27004.0],[36.0],[3.0 14.0 17.0 24.0 26.0],False,False
[768.0],[1352.0 8964.0 12735.0 23039.0 23479.0 27244.0],[36.0],[5.0 17.0 25.0 28.0 61.0 84.0],False,False
[769.0],[15040.0 15439.0 16169.0 16176.0 17310.0 20699.0 27920.0],[36.0],[4.0 7.0 11.0 20.0 23.0 32.0 37.0],False,False
[770.0],[14635.0 14649.0 15797.0 15856.0 19383.0 21576.0 22695.0 24198.0 26506.0],[36.0],[3.0 7.0 12.0 14.0 15.0 17.0 24.0],False,False
[771.0],"[15006.0 15425.0 18191.0 18930.0 19896.0 20743.0 22312.0 22989.0 26459.0
 29362.0]",[36.0],[1.0 4.0 5.0 8.0 11.0 16.0 24.0 27.0],False,False
[773.0],[10794.0 21582.0 25257.0 25287.0 25415.0 26189.0 28022.0],[36.0],[3.0 8.0 9.0 10.0 11.0 46.0],False,False
[776.0],[397.0 2974.0 7603.0 8436.0],[35.0],[22.0 23.0 35.0 52.0],False,False
[777.0],[502.0 2536.0 2978.0],[35.0],[28.0 34.0 63.0],False,False
[778.0],[741.0],[35.0],[35.0],True,True
[779.0],[828.0],[35.0],[35.0],True,True
[780.0],[215.0 5756.0 6484.0 8123.0 8843.0],[35.0],[3.0 5.0 20.0 24.0 77.0],False,False
[781.0],[518.0 1718.0 5059.0 9056.0],[35.0],[3.0 10.0 14.0 31.0],False,False
[782.0],[225.0 5031.0 7070.0],[35.0],[9.0 21.0 26.0],True,False
[783.0],[745.0 1742.0 1745.0 3265.0 7636.0 7919.0 9642.0],[35.0],[1.0 5.0 8.0 10.0 21.0 22.0],False,False
[784.0],[1660.0 1684.0 2304.0 4443.0 5032.0 5253.0 7580.0],[35.0],[1.0 3.0 8.0 10.0 13.0 17.0],False,False
[785.0],[1090.0 2213.0 3896.0 5880.0 7989.0 9961.0],[35.0],[4.0 7.0 12.0 15.0],True,False
[786.0],[342.0 2969.0],[35.0],[17.0 40.0],False,False
[787.0],[3043.0 4046.0],[35.0],[11.0 34.0],False,False
[788.0],[402.0 2534.0],[35.0],[42.0 99.0],False,False
[789.0],[497.0 5275.0],[35.0],[26.0 33.0],False,False
[790.0],[5283.0 5529.0 5540.0 5771.0 6909.0 11533.0 12278.0 13728.0 14890.0],[35.0],[1.0 3.0 4.0 5.0 11.0 21.0 27.0 34.0],False,False
[791.0],[2747.0 7614.0 10374.0 15705.0],[35.0],[6.0 12.0 18.0 52.0],False,False
[792.0],[6018.0 7098.0],[35.0],[13.0 32.0],False,False
[793.0],[70.0 8408.0 12224.0],[35.0],[15.0 42.0 58.0],False,False
[794.0],[1752.0 10415.0 15396.0],[35.0],[13.0 21.0 41.0],True,False
[795.0],[5847.0 7679.0 8187.0 9903.0 16154.0 17303.0 17304.0 19307.0],[35.0],[6.0 8.0 16.0 19.0 21.0 26.0],False,False
[796.0],[8468.0],[35.0],[37.0],True,False
[797.0],[636.0 706.0 9302.0 11583.0],[35.0],[25.0 33.0 40.0 97.0],False,False
[798.0],[2740.0 10925.0],[35.0],[34.0 35.0],True,False
[799.0],[6787.0 11305.0 15095.0 15504.0 18281.0 19385.0],[35.0],[3.0 7.0 15.0 26.0 39.0],True,False
[800.0],[9957.0 12775.0 13668.0 16339.0 17871.0 22360.0],[35.0],[1.0 2.0 4.0 5.0 10.0 38.0],False,False
[801.0],[83.0 201.0 11235.0 16872.0],[35.0],[14.0 21.0 46.0 73.0],False,False
[802.0],[7186.0 16174.0 21880.0 22636.0 23361.0 23739.0 24121.0],[35.0],[3.0 4.0 5.0 9.0 24.0 26.0],False,False
[803.0],[6716.0 8216.0 15782.0 22983.0 26199.0 26452.0],[35.0],[5.0 7.0 12.0 26.0 27.0 52.0],False,False
[805.0],[14198.0 20667.0 21890.0 24087.0 24479.0 24480.0 25962.0],[35.0],[2.0 3.0 6.0 7.0 18.0 39.0],True,False
[806.0],[657.0 15393.0 25724.0 26917.0 28930.0],[35.0],[3.0 5.0 8.0 28.0 99.0],False,False
[807.0],[820.0 17321.0 17764.0 19636.0 22646.0 25973.0],[35.0],[2.0 3.0 21.0 26.0 91.0],False,False
[809.0],[302.0 18064.0],[35.0],[37.0 94.0],False,False
[811.0],[17002.0 17809.0],[35.0],[35.0 38.0],True,False
[812.0],"[9383.0 16629.0 18573.0 18945.0 19925.0 24893.0 25228.0 26728.0 27000.0
 27443.0 28387.0 28813.0 29382.0]",[35.0],[1.0 2.0 3.0 4.0 6.0 7.0 8.0 9.0 10.0 23.0 28.0],False,False
[813.0],[543.0 629.0 18464.0 20652.0 20999.0 28293.0 29289.0],[35.0],[1.0 3.0 5.0 32.0 37.0 61.0 88.0],False,False
[814.0],[183.0 19544.0],[35.0],[34.0 61.0],True,False
[815.0],"[653.0 10395.0 19579.0 19860.0 20643.0 21003.0 22238.0 22930.0 24057.0
 25129.0 25723.0]",[35.0],[1.0 2.0 10.0 12.0 16.0 17.0 24.0 26.0 74.0],False,False
[816.0],[11523.0 19559.0 22222.0 28583.0 29253.0],[35.0],[2.0 6.0 23.0 24.0 40.0],False,False
[819.0],"[18948.0 19651.0 19662.0 21122.0 21954.0 23817.0 27254.0 27427.0 27689.0
 27947.0 28655.0]",[35.0],[2.0 4.0 5.0 7.0 8.0 9.0 32.0],False,False
[820.0],[336.0 1687.0 5044.0],[34.0],[11.0 18.0 32.0],False,False
[821.0],[502.0],[34.0],[34.0],True,True
[822.0],[1379.0 1395.0 7521.0],[34.0],[9.0 27.0 35.0],False,False
[823.0],[214.0 1659.0 6000.0],[34.0],[5.0 14.0 32.0],False,False
[824.0],[410.0],[34.0],[34.0],True,True
[826.0],[1068.0 2011.0 2207.0 2210.0 3037.0 3295.0 4551.0],[34.0],[2.0 4.0 5.0 6.0 8.0 27.0 29.0],False,False
[827.0],[636.0 706.0],[34.0],[33.0 97.0],True,False
[828.0],[570.0 590.0 601.0 3231.0 4008.0],[34.0],[1.0 8.0 10.0 14.0 39.0],False,False
[829.0],[1256.0 2236.0 3107.0],[34.0],[14.0 29.0 32.0],False,False
[830.0],[1202.0 1231.0 2423.0 6581.0],[34.0],[2.0 4.0 10.0 23.0],False,False
[831.0],[1180.0],[34.0],[37.0],False,False
[832.0],[1119.0 1137.0 3302.0 5628.0 7972.0],[34.0],[13.0 15.0 16.0 29.0 31.0],False,False
[833.0],[725.0 1961.0 6719.0 9876.0],[34.0],[19.0 23.0 26.0 31.0],True,False
[834.0],[806.0 2574.0 6298.0 8182.0 11588.0 11597.0],[34.0],[2.0 9.0 13.0 17.0 29.0 37.0],False,False
[835.0],[5316.0 8185.0],[34.0],[41.0 68.0],False,False
[836.0],"[3554.0 4978.0 6818.0 8039.0 8761.0 9476.0 10009.0 10015.0 10579.0 11785.0
 11844.0 13617.0 13898.0 14676.0 17098.0]",[34.0],[1.0 2.0 3.0 4.0 5.0 7.0 9.0 10.0 12.0 13.0 25.0 31.0],False,False
[837.0],"[5635.0 6803.0 8244.0 9733.0 10281.0 12080.0 12416.0 13104.0 13525.0
 14083.0]",[34.0],[1.0 3.0 5.0 7.0 9.0 13.0 16.0 21.0 28.0],False,False
[838.0],[7973.0 8937.0 9393.0 11700.0 12385.0 13489.0 14611.0 17387.0 17433.0],[34.0],[1.0 2.0 5.0 6.0 8.0 9.0 44.0],False,False
[839.0],[899.0 8555.0 10133.0],[34.0],[1.0 28.0 73.0],False,False
[840.0],[6912.0 9623.0 16085.0],[34.0],[13.0 24.0 37.0],False,False
[842.0],[5508.0 10078.0 11503.0 11511.0 19232.0],[34.0],[3.0 8.0 9.0 26.0 27.0],False,False
[843.0],[9039.0 13701.0],[34.0],[28.0 33.0],False,False
[845.0],[13090.0 13845.0 19743.0 21729.0 24179.0 25264.0],[34.0],[4.0 6.0 8.0 16.0 21.0 25.0],False,False
[846.0],"[8568.0 10969.0 15081.0 15803.0 16178.0 16233.0 16657.0 18548.0 18549.0
 19349.0 22285.0 22728.0 25496.0 26193.0]",[34.0],[4.0 5.0 7.0 11.0 12.0 15.0 17.0 21.0 24.0 26.0 27.0 31.0 51.0],False,False
[847.0],"[9452.0 15169.0 16263.0 16679.0 16712.0 17398.0 18373.0 19157.0 19702.0
 20754.0 21692.0]",[34.0],[2.0 5.0 6.0 10.0 11.0 12.0 15.0 16.0 22.0 23.0],False,False
[848.0],"[14597.0 17380.0 17389.0 18968.0 23063.0 23101.0 23387.0 23429.0 24186.0
 25537.0 26740.0 27973.0]",[34.0],[1.0 2.0 3.0 6.0 7.0 11.0 15.0 20.0 32.0],False,False
[849.0],[16144.0 18844.0 27911.0],[34.0],[5.0 34.0 40.0],False,False
[851.0],[11548.0 21433.0],[34.0],[30.0 57.0],False,False
[852.0],[13340.0],[34.0],[52.0],True,False
[853.0],[6546.0 19898.0 27205.0],[34.0],[11.0 23.0 71.0],False,False
[854.0],[133.0 13690.0 18432.0 26316.0],[34.0],[12.0 29.0 46.0 99.0],False,False
[855.0],[11529.0 14446.0 20151.0 22538.0 25451.0 28268.0],[34.0],[6.0 9.0 12.0 23.0 27.0 44.0],False,False
[856.0],[630.0 14483.0 16546.0 20662.0 22568.0 23346.0 25471.0],[34.0],[2.0 5.0 6.0 9.0 11.0 12.0 99.0],False,False
[857.0],[11777.0 18948.0 19662.0 23817.0 24930.0 27254.0 27427.0 28655.0],[34.0],[2.0 4.0 5.0 7.0 15.0 32.0 34.0],False,False
[858.0],[882.0 960.0 2573.0 3022.0 3030.0 3864.0 5086.0 5574.0 6928.0 7173.0],[33.0],[3.0 4.0 8.0 9.0 10.0 11.0 15.0 21.0],False,False
[859.0],[379.0 2976.0 7406.0 7407.0],[33.0],[5.0 22.0 26.0],False,False
[860.0],[1286.0],[33.0],[33.0],False,True
[861.0],[1176.0 2410.0 3095.0 3312.0 4332.0 4572.0 5623.0 5891.0 7721.0 8943.0],[33.0],[1.0 2.0 3.0 5.0 6.0 11.0 14.0 16.0 23.0 24.0],False,False
[862.0],[1699.0 1702.0 1703.0],[33.0],[9.0 31.0 94.0],False,False
[863.0],[600.0 639.0 1958.0 1962.0 2753.0 2755.0 3239.0 5541.0 7114.0],[33.0],[3.0 8.0 12.0 15.0 18.0 21.0 38.0],False,False
[864.0],[2146.0 9830.0],[33.0],[23.0 32.0],False,False
[865.0],[1006.0 1026.0 5844.0],[33.0],[20.0 23.0 26.0],False,False
[866.0],[2621.0 3890.0 4083.0 6809.0 7792.0 8570.0 9733.0 10172.0],[33.0],[3.0 6.0 7.0 12.0 13.0 21.0],False,False
[867.0],"[1769.0 4518.0 5569.0 6722.0 6729.0 6947.0 7952.0 8559.0 10953.0 10965.0
 11288.0]",[33.0],[1.0 2.0 3.0 4.0 8.0 10.0 13.0 27.0],False,False
[868.0],[3885.0 5104.0 6106.0 6327.0 7686.0 7968.0 11675.0],[33.0],[2.0 3.0 4.0 6.0 7.0 10.0 18.0],False,False
[869.0],[519.0 1712.0 4236.0 4473.0 4788.0 5049.0 5274.0 6021.0 7100.0],[33.0],[3.0 4.0 15.0 25.0 27.0 54.0],False,False
[870.0],[1342.0 2233.0 5628.0 7271.0 9123.0 12408.0],[33.0],[4.0 6.0 26.0 31.0 40.0],True,False
[871.0],[795.0 808.0 5820.0 9062.0],[33.0],[7.0 11.0 45.0 46.0],False,False
[873.0],[491.0 6900.0 14865.0],[33.0],[14.0 32.0 48.0],False,False
[874.0],[6361.0],[33.0],[35.0],True,False
[875.0],[7388.0 14425.0],[33.0],[29.0 57.0],False,False
[876.0],[700.0 759.0 6282.0 8511.0 9301.0 11962.0 14188.0 14474.0],[33.0],[9.0 10.0 11.0 14.0 36.0 80.0],False,False
[877.0],[5511.0 9041.0 9042.0 11242.0 12592.0 12969.0 17621.0],[33.0],[10.0 11.0 14.0 18.0 29.0 40.0],False,False
[878.0],"[7520.0 7678.0 7971.0 8568.0 8579.0 9388.0 9682.0 10150.0 10969.0 11339.0
 12350.0 13062.0 14568.0 15081.0 15803.0 16178.0 17775.0]",[33.0],[3.0 4.0 5.0 6.0 7.0 11.0 12.0 14.0 16.0 26.0 31.0 34.0 51.0],False,False
[879.0],[1192.0 4577.0 8957.0 11400.0 12383.0 13563.0 15082.0 17014.0 17823.0],[33.0],[5.0 6.0 8.0 12.0 15.0 18.0 43.0 51.0],False,False
[880.0],[99.0 5499.0 9235.0 9596.0],[33.0],[1.0 14.0 29.0 42.0],False,False
[881.0],"[8535.0 8541.0 8898.0 9651.0 10136.0 10435.0 10740.0 11290.0 12001.0
 12299.0 13361.0 13376.0 14497.0 14941.0 14955.0 15737.0 16131.0 16147.0
 17287.0 18877.0 20224.0]",[33.0],[1.0 2.0 3.0 4.0 5.0 7.0 8.0 9.0 10.0 11.0 12.0 18.0],False,False
[882.0],[840.0 2796.0 10395.0 12631.0 19860.0],[33.0],[2.0 17.0 24.0 51.0 99.0],False,False
[883.0],[469.0 6258.0 10714.0 18455.0],[33.0],[5.0 45.0 47.0],False,False
[884.0],[385.0 12257.0],[33.0],[26.0 90.0],False,False
[885.0],[10088.0 12604.0 16496.0],[33.0],[17.0 20.0],False,False
[886.0],[13268.0 18762.0],[33.0],[16.0 20.0],False,False
[887.0],[11964.0 15733.0 16939.0],[33.0],[16.0 28.0 39.0],False,False
[888.0],[14442.0 20133.0],[33.0],[17.0 23.0],True,False
[889.0],[14674.0],[33.0],[43.0],True,False
[890.0],"[365.0 1699.0 18779.0 20153.0 20623.0 20982.0 21416.0 21794.0 22229.0
 22530.0 22913.0 23328.0 23651.0 24033.0 24428.0 24792.0 25108.0 25454.0
 25712.0 26144.0]",[33.0],[2.0 3.0 4.0 5.0 7.0 8.0 61.0 94.0],True,False
[891.0],[13791.0 15427.0 15753.0 18173.0 22615.0 23379.0 24493.0 25744.0 26409.0],[33.0],[2.0 3.0 4.0 5.0 6.0 7.0 13.0 22.0],False,False
[892.0],[9861.0 16922.0 17274.0 18827.0 20209.0 25719.0 26382.0 26690.0],[33.0],[3.0 7.0 10.0 15.0 23.0 61.0],False,False
[893.0],[382.0 10080.0 14861.0 18068.0 25934.0],[33.0],[5.0 30.0 35.0 44.0 75.0],False,False
[894.0],[14182.0 20656.0],[33.0],[17.0 32.0],False,False
[895.0],[738.0 819.0 21051.0 26162.0],[33.0],[16.0 26.0 85.0 96.0],False,False
[896.0],[19882.0],[33.0],[34.0],True,False
[897.0],"[5290.0 8167.0 16129.0 20664.0 21850.0 24456.0 27189.0 27361.0 28303.0
 29301.0]",[33.0],[1.0 2.0 10.0 12.0 21.0 54.0 59.0],False,False
[899.0],[352.0 19841.0 26884.0],[33.0],[12.0 31.0 94.0],False,False
[901.0],[20304.0 21109.0],[33.0],[27.0 31.0],True,False
[902.0],[16891.0 20148.0 25706.0 26145.0],[33.0],[6.0 15.0 16.0 17.0],True,False
[903.0],[653.0 18824.0 23344.0],[33.0],[10.0 25.0 74.0],False,False
[904.0],"[14524.0 18887.0 20705.0 24084.0 25751.0 26416.0 26426.0 27418.0 28944.0
 28945.0]",[33.0],[2.0 3.0 5.0 6.0 7.0 8.0 9.0 10.0 12.0 22.0],False,False
[905.0],[19719.0],[33.0],[35.0],True,False
[906.0],[6490.0 17226.0],[33.0],[29.0 73.0],False,False
[907.0],[485.0 1951.0 14176.0 19247.0 20983.0 23324.0 26891.0 28095.0],[33.0],[1.0 2.0 4.0 5.0 14.0 47.0 82.0 93.0],False,False
[908.0],[8185.0],[33.0],[68.0],True,False
[909.0],[15040.0 15439.0 16176.0],[33.0],[11.0 32.0 37.0],False,False
[910.0],[150.0 1921.0],[32.0],[21.0 23.0],True,False
[911.0],[195.0],[32.0],[32.0],True,True
[913.0],[323.0],[32.0],[52.0],True,False
[914.0],[285.0],[32.0],[32.0],True,True
[915.0],[498.0 1706.0 6906.0],[32.0],[4.0 24.0 75.0],True,False
[916.0],[543.0],[32.0],[61.0],True,False
[917.0],[748.0 2563.0 7921.0],[32.0],[6.0 30.0 33.0],False,False
[918.0],[772.0 7637.0],[32.0],[6.0 32.0],True,False
[919.0],[753.0 797.0 7670.0],[32.0],[5.0 31.0 48.0],True,False
[920.0],[798.0 1998.0 2810.0 7165.0 7671.0],[32.0],[4.0 5.0 7.0 23.0 26.0],False,False
[921.0],[927.0],[32.0],[41.0],True,False
[924.0],[605.0 1951.0],[32.0],[38.0 82.0],False,False
[925.0],"[3276.0 3285.0 3654.0 3661.0 3849.0 5323.0 6057.0 7925.0 8541.0 9064.0
 9096.0 10435.0 10740.0]",[32.0],[1.0 2.0 3.0 4.0 5.0 11.0 25.0],False,False
[926.0],[1073.0 1113.0],[32.0],[10.0 37.0],True,False
[927.0],[3599.0],[32.0],[33.0],True,False
[928.0],[380.0 2150.0 6005.0 6894.0],[32.0],[23.0 27.0 34.0 99.0],False,False
[929.0],[1712.0 5057.0 7109.0 8462.0],[32.0],[1.0 7.0 27.0 67.0],True,False
[930.0],[309.0],[32.0],[49.0],True,False
[932.0],[2760.0 11264.0],[32.0],[19.0 43.0],True,False
[933.0],[3855.0 5082.0 5809.0 6523.0 7420.0 7644.0 7659.0 8895.0 8897.0 11601.0],[32.0],[3.0 4.0 9.0 12.0 13.0 32.0 55.0],False,False
[934.0],[946.0 5337.0 8196.0 9327.0 11626.0],[32.0],[6.0 13.0 14.0 17.0 67.0],False,False
[935.0],[5526.0 6901.0 10712.0],[32.0],[14.0 16.0 81.0],False,False
[936.0],[2747.0 10374.0 11540.0 13309.0],[32.0],[9.0 18.0 28.0 52.0],False,False
[937.0],[5294.0 6273.0 7139.0],[32.0],[3.0 17.0 72.0],False,False
[938.0],[363.0 6491.0],[32.0],[31.0 32.0],True,False
[939.0],[1739.0 7131.0],[32.0],[25.0 30.0],False,False
[942.0],[7098.0 9048.0 10105.0 16082.0],[32.0],[9.0 10.0 23.0 32.0],False,False
[943.0],[8194.0 10769.0 14516.0 16960.0 19616.0],[32.0],[3.0 6.0 9.0 18.0 20.0],True,False
[944.0],[2331.0 16912.0],[32.0],[8.0 58.0],False,False
[945.0],[6809.0 10044.0 10172.0 10204.0 11346.0 12837.0 14612.0 16313.0 18301.0],[32.0],[3.0 5.0 9.0 11.0 12.0 14.0 21.0 34.0],False,False
[946.0],[3659.0 4542.0 11587.0 18206.0],[32.0],[10.0 16.0 24.0 38.0],True,False
[947.0],[1682.0 3407.0 9040.0],[32.0],[28.0 54.0 68.0],True,False
[948.0],[550.0 12261.0],[32.0],[20.0 99.0],False,False
[949.0],[5891.0 9094.0 11727.0 12377.0 13125.0 13866.0 17386.0 19045.0],[32.0],[1.0 5.0 12.0 14.0 15.0 21.0 23.0 37.0],False,False
[950.0],[2346.0 8511.0 14477.0 14481.0 18832.0],[32.0],[5.0 13.0 14.0 65.0],False,False
[951.0],"[9066.0 11275.0 12284.0 13037.0 14540.0 15729.0 17748.0 17749.0 18489.0
 18506.0]",[32.0],[4.0 6.0 8.0 9.0 12.0 18.0 21.0 25.0],False,False
[952.0],[11291.0],[32.0],[57.0],True,False
[953.0],[13779.0 17324.0 21497.0],[32.0],[19.0 22.0 32.0],False,False
[954.0],[10364.0 16477.0],[32.0],[24.0 28.0],True,False
[955.0],[1748.0 3006.0 16926.0 18823.0 26374.0],[32.0],[1.0 11.0 34.0 49.0 75.0],False,False
[956.0],[12250.0 12589.0 17640.0 18078.0 26143.0],[32.0],[2.0 3.0 5.0 16.0 42.0],False,False
[957.0],[13251.0 17615.0 18750.0 20955.0 24012.0 25077.0 26665.0],[32.0],[4.0 9.0 10.0 15.0 20.0 22.0 23.0],False,False
[958.0],"[15782.0 18170.0 19312.0 20707.0 20714.0 22955.0 22983.0 23372.0 24095.0
 26452.0]",[32.0],[1.0 4.0 5.0 6.0 7.0 12.0 14.0 26.0],False,False
[959.0],[16992.0 20342.0 27719.0],[32.0],[5.0 30.0 42.0],True,False
[960.0],[620.0],[32.0],[93.0],True,False
[961.0],[16968.0 18923.0 18968.0 19345.0 19941.0 21087.0 23002.0 23387.0],[32.0],[1.0 2.0 6.0 7.0 11.0 13.0 20.0],False,False
[962.0],[19226.0 22223.0 22896.0 26331.0],[32.0],[10.0 12.0 14.0 28.0],False,False
[963.0],[561.0 19856.0 20646.0 26362.0 27624.0],[32.0],[2.0 9.0 15.0 24.0 98.0],False,False
[964.0],[13695.0 24402.0 25076.0],[32.0],[4.0 20.0 31.0],True,False
[965.0],[9059.0 21447.0 29296.0],[32.0],[2.0 18.0 67.0],False,False
[966.0],[17303.0 19307.0 20259.0 26705.0 26941.0 27196.0 29347.0],[32.0],[2.0 6.0 7.0 10.0 16.0 25.0],False,False
[968.0],"[14003.0 16937.0 19873.0 22989.0 23711.0 24099.0 24464.0 25160.0 26402.0
 28801.0 29112.0 29318.0]",[32.0],[1.0 3.0 4.0 7.0 8.0 11.0 13.0 20.0 23.0 24.0],False,False
[969.0],[3749.0 20446.0 27487.0 28012.0],[32.0],[8.0 9.0 22.0 54.0],True,False
[970.0],[544.0 16909.0 20184.0 29292.0],[32.0],[2.0 29.0 33.0 75.0],False,False
[971.0],[15790.0 18313.0 19929.0 23273.0 24723.0],[32.0],[7.0 9.0 11.0 20.0 23.0],False,False
[972.0],[253.0 296.0],[31.0],[14.0 29.0],False,False
[973.0],[332.0],[31.0],[31.0],True,True
[974.0],[450.0 7606.0],[31.0],[12.0 30.0],False,False
[975.0],[469.0 6904.0],[31.0],[3.0 47.0],True,False
[976.0],[986.0 1089.0 2035.0 2212.0 2420.0 6116.0],[31.0],[5.0 18.0 21.0 42.0],False,False
[978.0],"[873.0 915.0 1991.0 3065.0 3281.0 3283.0 3668.0 3856.0 3858.0 5822.0
 8554.0]",[31.0],[1.0 2.0 4.0 6.0 10.0 13.0 14.0 21.0],False,False
[979.0],[1174.0],[31.0],[33.0],True,False
[980.0],[748.0 896.0 5830.0],[31.0],[11.0 30.0 35.0],False,False
[981.0],[1355.0 1422.0 1578.0 1826.0 2621.0 3717.0 6809.0 7792.0],[31.0],[1.0 2.0 5.0 6.0 12.0 21.0 23.0],False,False
[982.0],[862.0 863.0],[31.0],[54.0 55.0],False,False
[983.0],[700.0 724.0],[31.0],[28.0 80.0],False,False
[984.0],[924.0 948.0 994.0 5099.0 6524.0 6743.0],[31.0],[7.0 8.0 17.0 34.0],False,False
[985.0],[395.0 5044.0 8853.0],[31.0],[18.0 19.0 27.0],False,False
[986.0],[130.0 2519.0 5025.0],[31.0],[6.0 27.0 92.0],False,False
[987.0],[192.0 10079.0],[31.0],[23.0 37.0],True,False
[988.0],[561.0 2536.0 4472.0],[31.0],[63.0 69.0 98.0],False,False
[989.0],[726.0 1745.0 3265.0 4482.0 5540.0 8167.0],[31.0],[22.0 30.0 34.0 35.0 59.0],False,False
[990.0],"[3647.0 4021.0 4266.0 4816.0 5806.0 6031.0 7634.0 8882.0 9325.0 9339.0
 11272.0]",[31.0],[1.0 2.0 3.0 4.0 6.0 12.0 13.0],False,False
[991.0],[383.0 3824.0 6698.0 7098.0 7602.0 12596.0],[31.0],[11.0 13.0 17.0 25.0 28.0 32.0],False,False
[992.0],[3449.0 5312.0 5550.0 8184.0 8886.0 9309.0 10738.0 10947.0],[31.0],[1.0 3.0 4.0 12.0 13.0 14.0 19.0],False,False
[993.0],"[2794.0 5325.0 6065.0 7151.0 7152.0 7454.0 8181.0 8193.0 8543.0 9068.0
 9311.0 10427.0 10432.0 10737.0 11100.0 11279.0 11641.0 12301.0 12335.0
 13026.0]",[31.0],[1.0 2.0 3.0 4.0 5.0 6.0 8.0 14.0 17.0],False,False
[994.0],[365.0],[31.0],[61.0],True,False
[996.0],"[571.0 662.0 6908.0 7616.0 8458.0 9268.0 9287.0 9859.0 10101.0 10718.0
 14458.0 15368.0]",[31.0],[1.0 2.0 3.0 4.0 7.0 8.0 12.0 18.0 23.0 64.0 70.0],False,False
[997.0],[731.0 806.0 5298.0],[31.0],[37.0 42.0],False,False
[998.0],[8516.0 11625.0 14934.0],[31.0],[19.0 23.0 30.0],True,False
[999.0],[8852.0 8853.0 9846.0 13270.0],[31.0],[15.0 23.0 24.0 27.0],False,False
[1000.0],[543.0 15376.0 18464.0],[31.0],[7.0 37.0 61.0],True,False
[1001.0],[276.0 2950.0 9222.0 14839.0],[31.0],[12.0 20.0 27.0 69.0],True,False
[1002.0],[9272.0 9619.0 15713.0],[31.0],[10.0 20.0 27.0],True,False
[1003.0],[10529.0 10973.0 13905.0 15473.0 15839.0 17021.0 17819.0 19674.0],[31.0],[1.0 3.0 7.0 8.0 10.0 14.0 21.0],False,False
[1004.0],"[2675.0 7330.0 12452.0 14113.0 16707.0 19093.0 19418.0 20009.0 20410.0
 20813.0]",[31.0],[2.0 3.0 4.0 11.0 30.0 40.0],True,False
[1005.0],[9224.0 21386.0],[31.0],[16.0 47.0],True,False
[1006.0],[7098.0 7602.0 12596.0],[31.0],[17.0 28.0 32.0],False,False
[1007.0],[618.0 5289.0 7414.0 11549.0 19859.0 20652.0],[31.0],[5.0 20.0 21.0 32.0 71.0 82.0],False,False
[1008.0],[12991.0 15723.0 19292.0],[31.0],[9.0 23.0 31.0],False,False
[1009.0],[10172.0 12001.0 14497.0 14965.0 15018.0 19624.0 21122.0 22993.0 24842.0],[31.0],[1.0 3.0 7.0 9.0 10.0 18.0 21.0],False,False
[1010.0],[8854.0 12237.0 14837.0 24774.0],[31.0],[7.0 18.0 26.0 27.0],False,False
[1011.0],[338.0 13990.0],[31.0],[2.0 80.0],True,False
[1012.0],[7703.0 13042.0 14988.0 17757.0 21920.0],[31.0],[4.0 7.0 10.0 20.0 54.0],False,False
[1013.0],[13262.0 15344.0 17623.0 20604.0],[31.0],[8.0 16.0 19.0 30.0],False,False
[1014.0],"[13361.0 14942.0 15737.0 16131.0 16960.0 17296.0 18134.0 22585.0 23702.0
 24467.0 25157.0]",[31.0],[1.0 2.0 3.0 5.0 7.0 8.0 9.0 14.0 18.0],False,False
[1015.0],[5544.0 15382.0 24450.0],[31.0],[6.0 30.0 45.0],False,False
[1017.0],[17058.0 22040.0 25292.0 25823.0],[31.0],[12.0 14.0 19.0],True,False
[1018.0],"[10150.0 10969.0 17018.0 18549.0 18982.0 21968.0 22728.0 24115.0 24886.0
 25326.0 26018.0 26193.0]",[31.0],[4.0 6.0 10.0 11.0 12.0 15.0 20.0 21.0 34.0 51.0],False,False
[1019.0],"[9861.0 17274.0 20209.0 21443.0 21849.0 22946.0 26379.0 26690.0 26921.0
 27366.0]",[31.0],[1.0 2.0 3.0 4.0 6.0 7.0 23.0 61.0],False,False
[1020.0],[18529.0 19313.0 22989.0 24830.0],[31.0],[9.0 13.0 24.0],False,False
[1021.0],"[9861.0 17747.0 18837.0 20658.0 21039.0 22953.0 22999.0 23341.0 26379.0
 26921.0 27366.0 28109.0]",[31.0],[1.0 2.0 4.0 7.0 10.0 11.0 15.0 61.0],False,False
[1022.0],"[15049.0 15813.0 16975.0 20281.0 20713.0 20739.0 23480.0 26966.0 27209.0
 27669.0 28375.0]",[31.0],[1.0 2.0 3.0 4.0 12.0 14.0 15.0 24.0],False,False
[1023.0],[14903.0 15743.0 20241.0 28335.0],[31.0],[5.0 25.0 32.0 43.0],True,False
[1024.0],"[14533.0 17286.0 18146.0 20306.0 22985.0 23733.0 24497.0 26443.0 27224.0
 27389.0 28344.0 28791.0 29114.0]",[31.0],[1.0 2.0 3.0 4.0 6.0 12.0 15.0 17.0],False,False
[1025.0],[21051.0 26162.0],[31.0],[16.0 26.0],True,False
[1026.0],[9861.0 21443.0 21849.0 22946.0 26379.0 26921.0 27905.0 28109.0 28926.0],[31.0],[1.0 2.0 4.0 6.0 7.0 9.0 61.0],False,False
[1027.0],[20133.0 20958.0 26659.0],[31.0],[13.0 14.0 23.0],False,False
[1028.0],[5526.0 20606.0 21785.0 26883.0],[31.0],[2.0 13.0 16.0 81.0],False,False
[1029.0],"[15223.0 17964.0 21220.0 21236.0 22785.0 23161.0 23200.0 24282.0 25851.0
 27486.0 27504.0]",[31.0],[3.0 4.0 5.0 6.0 9.0 10.0 11.0 17.0 43.0],False,False
[1030.0],[115.0],[30.0],[43.0],True,False
[1031.0],[139.0 203.0 2523.0],[30.0],[11.0 25.0 57.0],False,False
[1032.0],[354.0],[30.0],[31.0],True,False
[1033.0],[512.0 7903.0],[30.0],[30.0 47.0],True,False
[1034.0],[568.0],[30.0],[31.0],True,False
[1035.0],[697.0 3444.0 3839.0],[30.0],[10.0 11.0 21.0],True,False
[1036.0],[759.0],[30.0],[36.0],True,False
[1037.0],[686.0 7421.0],[30.0],[5.0 41.0],True,False
[1038.0],[1192.0 1198.0 3078.0 5633.0 7741.0],[30.0],[5.0 6.0 8.0 18.0 43.0],False,False
[1040.0],[642.0 3251.0 7422.0 7916.0],[30.0],[1.0 5.0 27.0 29.0],False,False
[1041.0],[989.0 1068.0 2207.0],[30.0],[1.0 5.0 27.0],False,False
[1042.0],[538.0 4786.0],[30.0],[37.0 47.0],False,False
[1043.0],[657.0 1709.0 2174.0 3230.0 4481.0 5532.0],[30.0],[3.0 6.0 12.0 59.0 99.0],False,False
[1044.0],"[831.0 1121.0 1982.0 2166.0 2804.0 2823.0 3017.0 4253.0 4254.0 6737.0
 6950.0 7167.0 7912.0 8156.0]",[30.0],[1.0 2.0 3.0 4.0 5.0 7.0 9.0 12.0 21.0 27.0],False,False
[1045.0],[374.0 4775.0],[30.0],[15.0 19.0],False,False
[1046.0],[359.0 1937.0],[30.0],[16.0 28.0],True,False
[1047.0],[873.0 1998.0 3279.0 3283.0 3856.0 3858.0 7165.0 7645.0],[30.0],[1.0 2.0 4.0 5.0 6.0 10.0 16.0 26.0],False,False
[1048.0],[721.0 2356.0 2563.0 2580.0 4522.0],[30.0],[3.0 9.0 21.0 33.0],False,False
[1049.0],[1745.0 4263.0 4502.0 7125.0],[30.0],[1.0 12.0 17.0 22.0],False,False
[1050.0],"[1119.0 1137.0 1898.0 2233.0 2396.0 3101.0 3152.0 4336.0 4552.0 5357.0
 5628.0 6554.0 6752.0 6777.0 7712.0]",[30.0],[2.0 3.0 4.0 6.0 10.0 11.0 12.0 15.0 16.0 23.0 26.0 29.0 31.0],False,False
[1051.0],"[864.0 1153.0 1334.0 2622.0 3059.0 3484.0 4050.0 4534.0 4872.0 5109.0
 5596.0 8911.0]",[30.0],[1.0 3.0 5.0 9.0 12.0 13.0 14.0 31.0],False,False
[1052.0],[688.0 696.0],[30.0],[5.0 33.0],True,False
[1053.0],[2385.0 2399.0 4110.0],[30.0],[1.0 4.0 32.0],True,False
[1054.0],[1995.0 3272.0 9303.0],[30.0],[5.0 9.0 36.0],False,False
[1055.0],[3418.0 3613.0 4462.0 8143.0],[30.0],[5.0 8.0 12.0 51.0],False,False
[1056.0],[4872.0 5109.0 9472.0],[30.0],[13.0 29.0 31.0],False,False
[1057.0],[1155.0 1274.0 4566.0 4878.0 5128.0 5374.0 5375.0 6553.0 6558.0 9419.0],[30.0],[1.0 3.0 5.0 6.0 16.0 17.0 18.0 19.0 26.0 37.0],False,False
[1058.0],[2172.0 5283.0 5529.0],[30.0],[11.0 14.0 27.0],False,False
[1059.0],[1192.0 4843.0 5593.0 6734.0 7476.0 11131.0],[30.0],[2.0 4.0 6.0 17.0 43.0],False,False
[1060.0],[193.0 3983.0 3986.0 7072.0 7073.0],[30.0],[5.0 6.0 21.0 28.0 32.0],False,False
[1061.0],[4481.0 5779.0],[30.0],[28.0 59.0],False,False
[1062.0],[2986.0 3623.0 6911.0 7912.0 8153.0 8869.0 9861.0 9871.0 13327.0],[30.0],[6.0 9.0 10.0 12.0 29.0 61.0 72.0 73.0],False,False
[1063.0],[5495.0 6225.0 9829.0 13257.0],[30.0],[13.0 18.0 23.0 30.0],False,False
[1064.0],[700.0 9283.0],[30.0],[27.0 80.0],False,False
[1065.0],[5518.0 9233.0 9829.0 10088.0 11517.0 12240.0 13257.0],[30.0],[1.0 3.0 5.0 14.0 18.0 20.0 30.0],False,False
[1066.0],[2578.0 9401.0 10148.0],[30.0],[28.0 38.0 53.0],False,False
[1067.0],[3203.0],[30.0],[83.0],False,False
[1068.0],[6719.0 14946.0 17282.0 19871.0],[30.0],[5.0 11.0 19.0 26.0],True,False
[1069.0],[7176.0 12010.0 12707.0 16159.0 16951.0 20282.0],[30.0],[13.0 14.0 17.0 19.0 32.0],False,False
[1070.0],[10475.0 11299.0 11309.0 11639.0 11990.0 12703.0 13772.0 13791.0],[30.0],[1.0 2.0 4.0 5.0 6.0 22.0],False,False
[1071.0],[5540.0 8167.0 16113.0 16519.0 19587.0 20189.0],[30.0],[2.0 5.0 9.0 10.0 34.0 59.0],False,False
[1072.0],[12601.0 14872.0 17645.0 21812.0 24797.0],[30.0],[3.0 7.0 10.0 19.0 23.0],False,False
[1073.0],[7408.0 11247.0 14451.0 22911.0 24429.0],[30.0],[4.0 6.0 21.0 22.0 28.0],False,False
[1074.0],[13276.0 14866.0 20976.0 23645.0 24421.0],[30.0],[6.0 18.0 19.0],False,False
[1075.0],[6910.0],[30.0],[57.0],True,False
[1077.0],[11926.0 16055.0 22896.0 23319.0 24784.0],[30.0],[5.0 8.0 12.0 18.0 22.0],False,False
[1078.0],[14140.0 14798.0 16821.0],[30.0],[5.0 12.0 25.0],False,False
[1079.0],[14864.0 14874.0 14885.0 17638.0 20626.0 25116.0],[30.0],[6.0 8.0 9.0 13.0 26.0 34.0],False,False
[1080.0],[6117.0 13502.0 18217.0 19377.0 19941.0 23821.0 27017.0],[30.0],[1.0 3.0 8.0 13.0 14.0 39.0],False,False
[1081.0],[5756.0 21393.0 26664.0],[30.0],[6.0 20.0 77.0],False,False
[1082.0],[14888.0 15708.0 19260.0],[30.0],[11.0 34.0 36.0],False,False
[1083.0],[458.0 22900.0 24432.0 25104.0 26895.0],[30.0],[4.0 7.0 8.0 17.0 79.0],False,False
[1084.0],[535.0 16085.0 21008.0 28588.0],[30.0],[2.0 7.0 37.0 99.0],False,False
[1085.0],[13313.0 20647.0],[30.0],[4.0 52.0],True,False
[1086.0],[21462.0],[30.0],[30.0],True,True
[1087.0],[18881.0 19641.0],[30.0],[9.0 35.0],True,False
[1088.0],[21581.0],[30.0],[30.0],True,True
[1089.0],[11029.0 22075.0],[30.0],[29.0 56.0],False,False
[1090.0],[21431.0 28592.0 29562.0],[30.0],[1.0 6.0 25.0],False,False
[1091.0],[4371.0 13614.0 16724.0 19753.0 22055.0 28182.0],[30.0],[7.0 15.0 29.0 34.0 39.0 57.0],False,False
[1092.0],[6709.0 14476.0 24085.0 27370.0],[30.0],[1.0 11.0 41.0 61.0],False,False
[1093.0],[14874.0 20626.0 23634.0 24777.0 26338.0 27875.0],[30.0],[1.0 8.0 13.0 21.0 34.0],False,False
[1094.0],[3242.0 19588.0],[30.0],[33.0 91.0],False,False
[1095.0],[167.0],[29.0],[29.0],True,True
[1096.0],[219.0],[29.0],[29.0],True,True
[1097.0],[493.0 523.0 2332.0 3623.0 4240.0],[29.0],[1.0 11.0 16.0 29.0 68.0],False,False
[1098.0],[658.0 686.0 3838.0],[29.0],[12.0 13.0 41.0],True,False
[1099.0],[1367.0 4114.0 4579.0 5656.0],[29.0],[5.0 14.0 17.0],True,False
[1100.0],[1326.0 4960.0],[29.0],[17.0 18.0],True,False
[1101.0],[1082.0 1119.0 1314.0 2031.0 6104.0],[29.0],[2.0 3.0 11.0 26.0 29.0],False,False
[1102.0],[376.0 5044.0 6898.0 6900.0],[29.0],[4.0 18.0 20.0 32.0],False,False
[1103.0],[315.0 382.0 383.0 6491.0],[29.0],[25.0 32.0 37.0 75.0],False,False
[1104.0],[1342.0 2459.0],[29.0],[7.0 40.0],True,False
[1106.0],[1297.0 1327.0 1423.0 4371.0 6814.0 6973.0],[29.0],[4.0 14.0 21.0 23.0 57.0 58.0],False,False
[1107.0],[241.0 3203.0],[29.0],[69.0 83.0],False,False
[1108.0],[2331.0 6018.0],[29.0],[13.0 58.0],False,False
[1109.0],[3305.0 3504.0 4049.0 4869.0 6086.0 6329.0 7235.0 7696.0 7708.0 9093.0],[29.0],[2.0 3.0 5.0 6.0 8.0 12.0 18.0],False,False
[1110.0],[1742.0 3265.0 4492.0 5290.0 7636.0],[29.0],[9.0 10.0 21.0 22.0 54.0],False,False
[1112.0],[1259.0 4355.0 5374.0 6985.0 8964.0],[29.0],[5.0 11.0 16.0 21.0 61.0],False,False
[1113.0],[1341.0 7238.0],[29.0],[23.0 68.0],True,False
[1114.0],[1140.0 4108.0 4932.0 5909.0 7472.0 9098.0 9938.0 11366.0],[29.0],[1.0 5.0 6.0 9.0 12.0 24.0 27.0 31.0],False,False
[1115.0],[5118.0 5639.0 7472.0 8680.0 11725.0],[29.0],[1.0 12.0 15.0],False,False
[1117.0],[467.0 6498.0 11534.0],[29.0],[4.0 8.0 49.0],False,False
[1118.0],[3107.0 5638.0 6369.0 13131.0],[29.0],[2.0 19.0 22.0 29.0],False,False
[1119.0],[702.0 4502.0 7125.0 8876.0 10394.0 11560.0 12649.0],[29.0],[1.0 3.0 12.0 17.0 19.0 21.0],False,False
[1120.0],[2621.0 7188.0 8570.0 8898.0 10172.0 11657.0 12837.0 14612.0],[29.0],[3.0 6.0 9.0 11.0 21.0],False,False
[1121.0],[3898.0 4438.0 7050.0],[29.0],[8.0 46.0],False,False
[1122.0],[5253.0 7615.0 7894.0 10920.0 12240.0 12614.0 13282.0 14864.0],[29.0],[1.0 3.0 5.0 8.0 11.0 13.0 15.0],False,False
[1123.0],[7892.0 9039.0],[29.0],[4.0 28.0],False,False
[1124.0],[508.0 8459.0 10104.0 10933.0],[29.0],[2.0 3.0 21.0 40.0],False,False
[1125.0],[8482.0],[29.0],[34.0],True,False
[1126.0],[4259.0 4482.0 9278.0 13728.0 15377.0],[29.0],[5.0 11.0 26.0 30.0 45.0],False,False
[1127.0],"[4259.0 4482.0 10118.0 11558.0 12278.0 13000.0 13728.0 15377.0 16525.0
 19272.0]",[29.0],[1.0 2.0 3.0 4.0 11.0 16.0 26.0 30.0 45.0],False,False
[1128.0],[9685.0 14613.0 15790.0],[29.0],[7.0 19.0 23.0],False,False
[1129.0],[9871.0 11268.0 11968.0 13346.0 14487.0 16917.0 17747.0 18837.0],[29.0],[1.0 2.0 7.0 9.0 15.0 18.0],False,False
[1130.0],[2963.0 5508.0 7088.0 9610.0 13262.0 17623.0],[29.0],[9.0 16.0 19.0 26.0 34.0 42.0],False,False
[1131.0],[6777.0 7712.0 11103.0 13049.0 13376.0 14525.0 17323.0 17752.0],[29.0],[3.0 6.0 7.0 8.0 10.0 11.0 12.0 15.0],False,False
[1132.0],"[11103.0 11290.0 13049.0 13361.0 13376.0 14525.0 14955.0 17292.0 17715.0
 18877.0 20224.0]",[29.0],[1.0 2.0 3.0 6.0 7.0 8.0 9.0 10.0 12.0],False,False
[1133.0],[7163.0 11722.0 14230.0],[29.0],[27.0 29.0 43.0],True,False
[1134.0],[12367.0 13875.0 17188.0 17437.0],[29.0],[2.0 3.0 21.0 39.0],False,False
[1135.0],[8597.0],[29.0],[47.0],True,False
[1136.0],[3855.0 14959.0 15386.0 18494.0 21866.0 22966.0 24083.0],[29.0],[1.0 2.0 7.0 10.0 14.0 23.0 55.0],False,False
[1137.0],[9915.0 14223.0],[29.0],[20.0 28.0],False,False
[1138.0],"[10633.0 11396.0 13951.0 13955.0 17447.0 20425.0 20827.0 21627.0 22043.0
 22050.0 22398.0 22754.0]",[29.0],[1.0 3.0 5.0 7.0 10.0 12.0 15.0 17.0 18.0],False,False
[1139.0],[6222.0 15691.0 16027.0 18064.0 19549.0 20595.0],[29.0],[5.0 8.0 12.0 20.0 37.0 44.0],False,False
[1140.0],[14965.0 15018.0 19624.0 21122.0 21903.0 22993.0 24842.0],[29.0],[1.0 3.0 9.0 10.0 18.0],False,False
[1141.0],"[6117.0 13811.0 15806.0 16631.0 17820.0 18923.0 18953.0 23028.0 23387.0
 23752.0 23769.0 24534.0 25491.0]",[29.0],[2.0 3.0 6.0 8.0 11.0 20.0 39.0],False,False
[1142.0],[8135.0 23619.0],[29.0],[14.0 49.0],False,False
[1144.0],[14857.0 16895.0 17634.0 21413.0 22909.0 24785.0 25451.0],[29.0],[2.0 9.0 11.0 13.0 14.0 26.0 27.0],False,False
[1145.0],[7903.0 17649.0],[29.0],[30.0 47.0],False,False
[1146.0],[5034.0 7585.0 23619.0 24408.0 25703.0],[29.0],[1.0 11.0 14.0 49.0 56.0],False,False
[1147.0],[8441.0 17635.0 18773.0],[29.0],[20.0 24.0 37.0],False,False
[1148.0],[20342.0 27719.0],[29.0],[5.0 30.0],True,False
[1149.0],[18506.0 21085.0 22630.0 24129.0 25209.0 26176.0 27659.0],[29.0],[5.0 7.0 8.0 9.0 13.0 15.0 19.0],False,False
[1150.0],[130.0 17597.0 28258.0],[29.0],[7.0 35.0 92.0],False,False
[1151.0],[5834.0],[29.0],[80.0],True,False
[1152.0],[11529.0 11530.0 19252.0 26897.0 28268.0 29269.0],[29.0],[1.0 4.0 6.0 22.0 44.0 55.0],False,False
[1153.0],[14186.0],[29.0],[46.0],True,False
[1154.0],[20675.0],[29.0],[31.0],True,False
[1155.0],[7638.0],[29.0],[62.0],True,False
[1156.0],[21934.0],[29.0],[29.0],True,True
[1158.0],[11759.0 12383.0 23422.0 27420.0 28133.0],[29.0],[6.0 10.0 14.0 48.0 51.0],False,False
[1159.0],"[16926.0 18823.0 20197.0 21015.0 21833.0 24058.0 24809.0 24812.0 26371.0
 27631.0 29294.0]",[29.0],[1.0 2.0 3.0 7.0 11.0 16.0 34.0],False,False
[1160.0],[21783.0 26340.0 28579.0],[29.0],[6.0 12.0 17.0],False,False
[1161.0],[18177.0 21878.0],[29.0],[3.0 35.0],True,False
[1162.0],[193.0],[28.0],[28.0],True,True
[1163.0],[317.0 3611.0 6245.0],[28.0],[6.0 7.0 18.0],True,False
[1164.0],[418.0],[28.0],[28.0],True,True
[1165.0],[483.0],[28.0],[28.0],True,True
[1166.0],[581.0 2170.0],[28.0],[4.0 25.0],True,False
[1167.0],[592.0 5776.0 6699.0],[28.0],[4.0 6.0 22.0],True,False
[1168.0],[573.0],[28.0],[28.0],True,True
[1169.0],[684.0 1965.0 2992.0 6505.0],[28.0],[12.0 24.0 35.0],False,False
[1170.0],[953.0 1006.0],[28.0],[26.0 37.0],True,False
[1171.0],[1259.0 5659.0],[28.0],[19.0 21.0],True,False
[1172.0],[524.0 2988.0 5281.0],[28.0],[8.0 9.0 20.0],True,False
[1173.0],[1123.0 1173.0 2817.0 7233.0],[28.0],[3.0 5.0 11.0 33.0],True,False
[1174.0],[782.0 1745.0 4256.0 4499.0 4502.0],[28.0],[4.0 5.0 10.0 17.0 22.0],False,False
[1175.0],"[771.0 1744.0 1978.0 2183.0 2348.0 2560.0 2772.0 3013.0 3266.0 3450.0
 3642.0 3843.0 4024.0 4271.0 4500.0 4820.0 5077.0 5310.0 5559.0 5815.0
 6045.0 6283.0 6521.0 6927.0]",[28.0],[2.0 3.0 17.0],False,False
[1176.0],[1106.0 2237.0 7234.0],[28.0],[9.0 22.0 41.0],False,False
[1177.0],[998.0 1067.0 8192.0],[28.0],[7.0 20.0 23.0],False,False
[1178.0],[554.0 570.0 5050.0 7902.0],[28.0],[10.0 16.0 22.0],False,False
[1179.0],[2839.0 9449.0],[28.0],[1.0 31.0],False,False
[1181.0],[2745.0 2987.0 6259.0 7102.0],[28.0],[4.0 14.0 16.0 25.0],False,False
[1182.0],[685.0 3638.0 4020.0 5303.0 5558.0],[28.0],[3.0 6.0 8.0 11.0 21.0],False,False
[1183.0],[1752.0 4036.0],[28.0],[27.0 41.0],False,False
[1184.0],[277.0 3993.0],[28.0],[18.0 27.0],False,False
[1185.0],[773.0 2544.0 4009.0 6508.0],[28.0],[2.0 10.0 22.0 44.0],True,False
[1186.0],[2513.0 3598.0 3810.0 5495.0],[28.0],[9.0 16.0 23.0 28.0],False,False
[1187.0],[1718.0 5059.0 9056.0],[28.0],[10.0 14.0 31.0],False,False
[1188.0],[2767.0],[28.0],[33.0],True,False
[1189.0],[698.0],[28.0],[56.0],True,False
[1190.0],[6046.0 8180.0 9905.0 10965.0 11289.0 11592.0 11978.0 12677.0 12693.0],[28.0],[1.0 2.0 6.0 9.0 12.0 15.0],False,False
[1191.0],[831.0 7136.0 8173.0 9871.0 11268.0],[28.0],[4.0 8.0 9.0 18.0 27.0],False,False
[1192.0],"[7395.0 7592.0 7893.0 8129.0 8430.0 8848.0 9038.0 9237.0 9605.0 9840.0
 10076.0 10361.0 10706.0]",[28.0],[2.0 3.0 5.0 16.0 64.0],True,False
[1193.0],[467.0 7611.0],[28.0],[25.0 49.0],False,False
[1194.0],[4572.0 5891.0 7234.0 13125.0 13536.0],[28.0],[6.0 12.0 16.0 22.0 23.0],True,False
[1195.0],[8218.0],[28.0],[30.0],False,False
[1196.0],[281.0 1927.0 9608.0],[28.0],[3.0 44.0 49.0],False,False
[1197.0],[9602.0 11076.0],[28.0],[12.0 29.0],False,False
[1198.0],[9854.0 11085.0 15709.0 17253.0],[28.0],[4.0 14.0 21.0],True,False
[1199.0],[352.0],[28.0],[94.0],True,False
[1200.0],[8838.0 11908.0 13253.0 14410.0 16037.0 20107.0],[28.0],[8.0 10.0 12.0 15.0 20.0],False,False
[1201.0],[9084.0 12085.0 12376.0 13058.0 13506.0 13800.0 16969.0 16998.0],[28.0],[1.0 4.0 12.0 16.0 20.0 28.0],False,False
[1202.0],[7600.0 16485.0 20986.0],[28.0],[4.0 19.0 41.0],False,False
[1203.0],[4597.0 9463.0 10995.0 12806.0 14311.0 15128.0 15129.0],[28.0],[3.0 5.0 7.0 15.0 20.0 31.0 37.0],False,False
[1204.0],[3418.0 9272.0 16062.0 22903.0],[28.0],[10.0 17.0 20.0 51.0],False,False
[1205.0],[7679.0 14535.0 17295.0 17303.0 17304.0 21116.0 22282.0],[28.0],[2.0 6.0 8.0 9.0 13.0 16.0 26.0],False,False
[1206.0],[15700.0 18772.0 21776.0],[28.0],[12.0 20.0 33.0],True,False
[1207.0],[12085.0 13058.0 13506.0 15086.0 23050.0 24244.0],[28.0],[4.0 7.0 11.0 12.0 20.0 28.0],False,False
[1208.0],[5298.0 14493.0 16547.0 18834.0],[28.0],[18.0 38.0 42.0],False,False
[1209.0],[6894.0 14857.0 15356.0 16053.0],[28.0],[14.0 27.0 34.0 40.0],False,False
[1210.0],[11563.0 17712.0 18841.0 19613.0 26694.0],[28.0],[4.0 11.0 16.0 22.0],False,False
[1211.0],[1748.0 3840.0 11960.0 18823.0 19283.0 25135.0 26374.0],[28.0],[1.0 12.0 23.0 34.0 75.0 80.0],False,False
[1212.0],[6888.0 17619.0 19230.0 22223.0],[28.0],[25.0 28.0 30.0 39.0],False,False
[1213.0],[17246.0 17632.0 19568.0],[28.0],[7.0 33.0 34.0],False,False
[1214.0],[16907.0],[28.0],[32.0],True,False
[1215.0],"[2986.0 6911.0 14888.0 16509.0 19260.0 21428.0 22925.0 24441.0 24802.0
 25717.0]",[28.0],[1.0 2.0 5.0 11.0 14.0 16.0 34.0 72.0 73.0],False,False
[1216.0],[13572.0 23088.0],[28.0],[13.0 31.0],True,False
[1217.0],[17386.0 19045.0 21995.0 27983.0],[28.0],[5.0 10.0 14.0 37.0],False,False
[1218.0],[18456.0 20166.0],[28.0],[31.0 37.0],False,False
[1219.0],[9612.0 21801.0 26354.0 28272.0 28274.0],[28.0],[1.0 6.0 7.0 59.0],False,False
[1220.0],[20987.0 21813.0],[28.0],[22.0 30.0],False,False
[1221.0],[14162.0 21390.0 25700.0],[28.0],[14.0 17.0 24.0],True,False
[1222.0],[14190.0 17693.0 20216.0 21438.0],[28.0],[3.0 8.0 20.0 46.0],False,False
[1223.0],[13356.0 23687.0],[28.0],[18.0 51.0],False,False
[1224.0],[19112.0 22040.0 22364.0 23096.0 24197.0 27732.0],[28.0],[2.0 3.0 8.0 10.0 17.0 19.0],True,False
[1225.0],[10811.0 12076.0 22665.0 22712.0 24914.0 26518.0 28156.0 28835.0],[28.0],[2.0 3.0 4.0 15.0 18.0 24.0 53.0],False,False
[1226.0],[12383.0 19662.0 21493.0 22993.0 24132.0 26708.0 27947.0],[28.0],[1.0 3.0 8.0 12.0 32.0 51.0],False,False
[1227.0],[6055.0 22609.0 26422.0],[28.0],[13.0 15.0 53.0],True,False
[1228.0],[16032.0],[28.0],[43.0],False,False
[1229.0],[240.0],[27.0],[38.0],True,False
[1230.0],[269.0 285.0],[27.0],[25.0 32.0],False,False
[1231.0],[359.0 387.0 1685.0 1937.0 3997.0 7089.0],[27.0],[5.0 6.0 7.0 13.0 16.0 28.0],False,False
[1232.0],[438.0],[27.0],[27.0],True,True
[1233.0],[499.0],[27.0],[27.0],True,True
[1234.0],[544.0 7411.0],[27.0],[13.0 75.0],True,False
[1235.0],[750.0 764.0],[27.0],[23.0 34.0],True,False
[1236.0],"[783.0 813.0 934.0 2783.0 3021.0 3269.0 3647.0 3846.0 3864.0 4025.0 4266.0
 5557.0 5806.0 6033.0]",[27.0],[1.0 2.0 3.0 5.0 6.0 9.0],False,False
[1237.0],[187.0],[27.0],[30.0],True,False
[1238.0],[302.0 308.0 3414.0],[27.0],[14.0 29.0 94.0],True,False
[1239.0],[523.0 1982.0 2166.0 2748.0 3017.0 3623.0 4240.0 4253.0 4254.0],[27.0],[1.0 4.0 5.0 7.0 16.0 29.0 68.0],False,False
[1240.0],[637.0 681.0 6916.0],[27.0],[5.0 52.0 61.0],False,False
[1241.0],[983.0 1756.0 1764.0 1772.0 2791.0 3280.0 3654.0 5323.0 5327.0],[27.0],[1.0 3.0 5.0 8.0 9.0 11.0 23.0],False,False
[1242.0],[837.0 1762.0 3032.0 3034.0 3472.0 4074.0 5321.0 6293.0 6296.0 7161.0],[27.0],[1.0 4.0 5.0 6.0 7.0 8.0 12.0],False,False
[1243.0],[876.0 1970.0 3644.0 4015.0 5578.0 6720.0],[27.0],[4.0 5.0 9.0 18.0 23.0 43.0],False,False
[1244.0],[689.0 702.0 729.0 1962.0 2178.0 2553.0 3004.0 4011.0 4256.0 7125.0],[27.0],[2.0 3.0 4.0 5.0 7.0 11.0 12.0 19.0 21.0],False,False
[1245.0],[533.0 2169.0],[27.0],[15.0 26.0],False,False
[1246.0],[986.0 2212.0 2835.0 4553.0],[27.0],[5.0 10.0 18.0 42.0],False,False
[1247.0],[218.0],[27.0],[32.0],True,False
[1248.0],[183.0 276.0 2957.0 3407.0 3821.0],[27.0],[7.0 12.0 28.0 61.0 69.0],False,False
[1249.0],[165.0 2302.0 3809.0 4752.0 6485.0 8422.0],[27.0],[4.0 10.0 11.0 16.0 25.0],False,False
[1250.0],[1435.0 3333.0 3723.0 3747.0 3924.0 5397.0 5896.0 6808.0 7273.0 8711.0],[27.0],[1.0 2.0 5.0 8.0 10.0 11.0 14.0 30.0],False,False
[1251.0],[363.0 383.0],[27.0],[25.0 31.0],True,False
[1252.0],[2747.0 3017.0 3623.0 4253.0 4254.0 8156.0],[27.0],[4.0 5.0 7.0 9.0 29.0 52.0],False,False
[1253.0],[3653.0],[27.0],[34.0],True,False
[1254.0],[857.0 1742.0 4492.0 4811.0 5290.0 5824.0 7636.0],[27.0],[1.0 9.0 10.0 21.0 54.0],False,False
[1255.0],[600.0 1958.0 3239.0],[27.0],[15.0 18.0 38.0],False,False
[1256.0],[154.0 4448.0 6687.0],[27.0],[18.0 37.0 51.0],False,False
[1257.0],[963.0 3870.0 6728.0 8194.0 9661.0],[27.0],[2.0 7.0 18.0 29.0 34.0],False,False
[1258.0],[573.0 5278.0 5788.0 7615.0 8868.0 10082.0 10920.0],[27.0],[2.0 8.0 11.0 13.0 14.0 28.0],False,False
[1259.0],[6001.0 6246.0 7401.0],[27.0],[16.0 23.0 43.0],False,False
[1260.0],[3828.0 11530.0 11936.0],[27.0],[5.0 36.0 55.0],False,False
[1261.0],[6908.0 9859.0],[27.0],[12.0 18.0],True,False
[1262.0],[2974.0 7408.0 8442.0 8855.0],[27.0],[7.0 17.0 28.0 52.0],False,False
[1264.0],[8574.0 8576.0 14995.0],[27.0],[3.0 19.0 24.0],False,False
[1265.0],[1155.0 9363.0 10517.0 12768.0],[27.0],[1.0 9.0 23.0 37.0],False,False
[1266.0],[331.0 347.0 13283.0 13992.0],[27.0],[27.0 43.0 48.0 52.0],False,False
[1267.0],[7924.0 8179.0 10425.0 14008.0 14957.0 16568.0],[27.0],[4.0 5.0 13.0 15.0 17.0],False,False
[1268.0],[6229.0 10700.0],[27.0],[23.0 28.0],False,False
[1269.0],[8122.0 8838.0 11908.0 13253.0 14410.0 18428.0],[27.0],[8.0 10.0 11.0 13.0 20.0],False,False
[1270.0],[7083.0 7403.0 10709.0 14852.0],[27.0],[15.0 19.0 20.0 30.0],False,False
[1271.0],"[6751.0 9650.0 10740.0 11580.0 12319.0 13414.0 14497.0 14965.0 16584.0
 16966.0]",[27.0],[1.0 2.0 4.0 13.0 18.0],False,False
[1272.0],[9283.0 11264.0 11962.0 13341.0 14188.0 14474.0 19585.0],[27.0],[2.0 7.0 9.0 11.0 19.0 27.0],False,False
[1273.0],[7886.0 12582.0 12584.0 14442.0 16480.0 18749.0],[27.0],[7.0 11.0 17.0],False,False
[1274.0],[8433.0 14437.0],[27.0],[17.0 28.0],True,False
[1275.0],[7968.0 10178.0 11675.0 12017.0 14558.0 17814.0 18198.0 19385.0 21487.0],[27.0],[2.0 3.0 7.0 9.0 10.0 14.0 15.0 16.0 18.0],False,False
[1276.0],[7967.0 11341.0 12740.0],[27.0],[25.0 31.0 56.0],False,False
[1278.0],[10970.0],[27.0],[37.0],False,False
[1280.0],[9829.0 13257.0 16028.0],[27.0],[18.0 21.0 30.0],False,False
[1281.0],[12614.0 14885.0],[27.0],[15.0 26.0],False,False
[1282.0],[14884.0 20177.0],[27.0],[14.0 15.0],True,False
[1283.0],"[14830.0 15334.0 16040.0 16877.0 17215.0 18060.0 18062.0 21397.0 24008.0
 24764.0]",[27.0],[1.0 3.0 4.0 6.0 7.0 9.0 10.0 18.0],False,False
[1284.0],[9861.0 13327.0 16917.0 20658.0 22953.0 23341.0],[27.0],[4.0 6.0 7.0 10.0 61.0],False,False
[1285.0],[14523.0 15409.0 24109.0],[27.0],[9.0 27.0 46.0],False,False
[1286.0],[302.0 15691.0 16878.0 17612.0 19549.0],[27.0],[1.0 12.0 20.0 33.0 94.0],False,False
[1287.0],[9037.0 14834.0 20125.0],[27.0],[29.0 39.0 65.0],False,False
[1288.0],[17649.0 18095.0],[27.0],[28.0 30.0],False,False
[1289.0],[2670.0 12893.0 17074.0 19378.0 20821.0 21254.0],[27.0],[5.0 12.0 14.0 38.0 89.0],False,False
[1291.0],[13008.0 21855.0],[27.0],[24.0 26.0],False,False
[1292.0],[742.0 18844.0 22567.0],[27.0],[24.0 34.0 86.0],False,False
[1293.0],[22231.0 24031.0],[27.0],[20.0 21.0],False,False
[1294.0],[19546.0],[27.0],[35.0],True,False
[1295.0],[11911.0 20136.0 22886.0 23623.0 24769.0],[27.0],[1.0 20.0 22.0 35.0],False,False
[1296.0],[19234.0],[27.0],[34.0],True,False
[1297.0],[18794.0 22915.0],[27.0],[26.0 32.0],False,False
[1298.0],[16577.0],[27.0],[42.0],True,False
[1299.0],[21923.0],[27.0],[29.0],True,False
[1300.0],[17080.0],[27.0],[42.0],True,False
[1301.0],[22257.0],[27.0],[28.0],True,False
[1302.0],[16577.0 22960.0 25489.0 29343.0],[27.0],[2.0 8.0 18.0 42.0],False,False
[1303.0],[3432.0 4481.0 8167.0 16083.0 16916.0 28294.0],[27.0],[1.0 16.0 41.0 59.0 88.0],False,False
[1304.0],[21388.0 22884.0 24009.0],[27.0],[1.0 3.0 25.0],False,False
[1305.0],[8432.0 22526.0],[27.0],[26.0 48.0],True,False
[1306.0],[15878.0 18676.0 20827.0 22398.0 23851.0 26057.0 28448.0],[27.0],[2.0 7.0 10.0 14.0 15.0 17.0 44.0],False,False
[1307.0],[17623.0 20604.0 24015.0 25441.0 25935.0],[27.0],[12.0 16.0 30.0],False,False
[1308.0],[9861.0 16510.0 22929.0 25122.0 25719.0 28593.0 28925.0 28926.0 29568.0],[27.0],[1.0 2.0 5.0 10.0 15.0 18.0 61.0],False,False
[1309.0],[11291.0 18519.0 24125.0 25194.0 25742.0 26421.0 27655.0 27666.0],[27.0],[1.0 2.0 6.0 7.0 20.0 33.0 57.0],False,False
[1310.0],[486.0],[26.0],[26.0],True,True
[1311.0],[744.0 1739.0],[26.0],[2.0 25.0],False,False
[1312.0],[732.0],[26.0],[26.0],True,True
[1313.0],[1105.0 1764.0 1772.0 3280.0 5323.0],[26.0],[2.0 5.0 8.0 11.0 23.0],False,False
[1314.0],[1358.0 2641.0 3127.0 3730.0],[26.0],[1.0 5.0 6.0 21.0],False,False
[1315.0],[1077.0 1082.0 2031.0 2205.0 6951.0],[26.0],[2.0 3.0 7.0 11.0 22.0],False,False
[1316.0],[424.0 474.0 5256.0],[26.0],[8.0 23.0 47.0],False,False
[1317.0],[740.0],[26.0],[26.0],True,True
[1319.0],[841.0 855.0 1753.0 3848.0 5329.0 6524.0],[26.0],[4.0 6.0 8.0 10.0 20.0],False,False
[1320.0],[340.0 349.0 350.0 2157.0 3413.0 3997.0 6237.0],[26.0],[3.0 5.0 6.0 9.0 13.0 17.0 18.0],False,False
[1321.0],[769.0 826.0 5813.0],[26.0],[3.0 21.0 22.0],True,False
[1322.0],[249.0 1660.0 2145.0 2304.0 4443.0 5254.0],[26.0],[1.0 3.0 4.0 8.0 12.0 13.0],False,False
[1323.0],[731.0 785.0 1981.0 3264.0 5072.0],[26.0],[9.0 12.0 13.0 37.0 55.0],False,False
[1324.0],[687.0 5552.0],[26.0],[3.0 29.0],False,False
[1325.0],[1667.0 2955.0],[26.0],[7.0 61.0],False,False
[1327.0],[1885.0 2413.0 3738.0 4144.0 5206.0 6593.0 8029.0],[26.0],[2.0 9.0 13.0 14.0 22.0 49.0],False,False
[1328.0],[1844.0 2241.0 4130.0 4608.0 7341.0 8286.0],[26.0],[3.0 10.0 12.0 14.0 21.0],False,False
[1329.0],[354.0 4451.0 7599.0],[26.0],[4.0 23.0 31.0],False,False
[1330.0],[89.0 3598.0 5495.0 6225.0 9829.0],[26.0],[9.0 13.0 18.0 23.0 28.0],False,False
[1331.0],[301.0 2149.0 5508.0 6892.0 10078.0],[26.0],[2.0 8.0 14.0 26.0 35.0],False,False
[1332.0],[4252.0],[26.0],[38.0],True,False
[1333.0],[2564.0 3474.0 4819.0 6517.0 7174.0 7437.0 8888.0 8889.0 10138.0],[26.0],[2.0 4.0 6.0 11.0 13.0 24.0],False,False
[1334.0],[5096.0],[26.0],[27.0],True,False
[1335.0],[511.0 732.0 5292.0 7116.0],[26.0],[6.0 24.0 26.0 28.0],False,False
[1336.0],[169.0 7076.0],[26.0],[22.0 60.0],False,False
[1337.0],[3866.0 5321.0 6538.0 6751.0 7161.0 7675.0 8564.0 9354.0 9650.0 12319.0],[26.0],[1.0 4.0 7.0 8.0 9.0 13.0 14.0 18.0],False,False
[1338.0],[7139.0 7140.0 7429.0 8525.0 9326.0 11099.0],[26.0],[3.0 6.0 10.0 14.0 20.0 72.0],False,False
[1339.0],[5788.0 11951.0],[26.0],[10.0 28.0],True,False
[1340.0],[706.0 6712.0 7643.0 9061.0 9315.0 10409.0 12295.0 13357.0 15413.0 15424.0],[26.0],[1.0 2.0 4.0 7.0 32.0 97.0],False,False
[1341.0],[6047.0 6709.0 9647.0 11590.0],[26.0],[3.0 10.0 13.0 61.0],False,False
[1342.0],[6947.0 9659.0 10754.0 14237.0 15789.0],[26.0],[1.0 6.0 22.0 27.0],False,False
[1343.0],[4502.0 7125.0 7644.0 8876.0 10394.0 11560.0 14930.0 14933.0 16528.0],[26.0],[1.0 3.0 12.0 14.0 17.0 21.0 32.0],False,False
[1344.0],[9925.0 10976.0 11127.0 11153.0 13099.0 13819.0 14596.0 15047.0 15472.0],[26.0],[1.0 2.0 3.0 5.0 8.0 10.0 11.0],False,False
[1345.0],[5101.0 9354.0 11146.0 11993.0 13484.0 16194.0],[26.0],[5.0 8.0 12.0 13.0 20.0 41.0],True,False
[1346.0],[10082.0 12614.0 13282.0 14864.0 14874.0 17638.0],[26.0],[1.0 8.0 9.0 14.0 15.0 34.0],False,False
[1347.0],[6292.0 6920.0 10941.0 12292.0 12656.0 13030.0 14496.0 14501.0 17698.0],[26.0],[2.0 5.0 9.0 10.0 17.0 18.0 19.0 20.0 22.0],False,False
[1348.0],[946.0 11597.0 14493.0 14949.0],[26.0],[7.0 17.0 38.0 67.0],False,False
[1349.0],[9108.0],[26.0],[38.0],False,False
[1350.0],[5507.0 12246.0 17234.0 19557.0],[26.0],[3.0 12.0 29.0 41.0],True,False
[1351.0],[795.0 13022.0 21059.0],[26.0],[11.0 22.0 46.0],False,False
[1352.0],[12611.0],[26.0],[26.0],True,True
[1353.0],[11856.0],[26.0],[54.0],True,False
[1354.0],[6020.0 12616.0 12983.0],[26.0],[15.0 22.0 57.0],False,False
[1355.0],[10702.0 11072.0 14162.0],[26.0],[9.0 24.0 36.0],False,False
[1356.0],[8478.0 16093.0],[26.0],[22.0 24.0],True,False
[1357.0],[14047.0 17069.0 17403.0 19459.0],[26.0],[6.0 10.0 11.0],False,False
[1358.0],[13270.0 14847.0 20130.0],[26.0],[9.0 12.0 23.0],False,False
[1359.0],[14178.0 15369.0 21427.0],[26.0],[3.0 24.0 27.0],False,False
[1360.0],[2346.0 10400.0 11268.0 14914.0 18478.0 20193.0],[26.0],[15.0 18.0 44.0 65.0],False,False
[1361.0],"[13263.0 14422.0 16471.0 17595.0 17609.0 17615.0 18750.0 20955.0 23629.0
 24400.0]",[26.0],[1.0 3.0 4.0 7.0 8.0 9.0 15.0 20.0 22.0 48.0],False,False
[1362.0],[11269.0 11572.0 15410.0 16143.0 19284.0 23686.0],[26.0],[10.0 12.0 13.0 20.0 29.0],True,False
[1363.0],[10811.0 12076.0 19391.0 22712.0 23450.0],[26.0],[2.0 6.0 24.0 53.0],True,False
[1364.0],[16134.0 16537.0],[26.0],[2.0 25.0],False,False
[1365.0],[11529.0 14446.0 20151.0],[26.0],[12.0 27.0 44.0],False,False
[1367.0],[14247.0 16625.0 22311.0 23017.0 25208.0],[26.0],[3.0 6.0 15.0 21.0 33.0],False,False
[1369.0],[16682.0 17003.0 23079.0 24545.0 25228.0 25238.0],[26.0],[1.0 3.0 7.0 16.0 21.0],False,False
[1370.0],[393.0 10375.0 13281.0 14858.0 24034.0],[26.0],[19.0 23.0 29.0 50.0 59.0],False,False
[1371.0],[6888.0 17228.0 17619.0 22223.0],[26.0],[10.0 25.0 28.0 39.0],False,False
[1372.0],[13506.0 18602.0 25586.0],[26.0],[12.0 28.0 37.0],True,False
[1373.0],[14612.0 15099.0 18301.0 19938.0 20400.0 20751.0 23149.0 25247.0],[26.0],[1.0 2.0 6.0 8.0 9.0 11.0 34.0],False,False
[1374.0],[17318.0 23376.0 24468.0],[26.0],[10.0 13.0 17.0],False,False
[1375.0],[16118.0 16932.0 20666.0 23354.0 24836.0 26948.0],[26.0],[3.0 4.0 12.0 13.0 14.0],False,False
[1376.0],[14164.0 19548.0 26137.0 26658.0],[26.0],[6.0 8.0 16.0 20.0],False,False
[1377.0],[9861.0 17274.0 25719.0],[26.0],[10.0 23.0 61.0],False,False
[1378.0],"[15462.0 16591.0 19666.0 20335.0 22656.0 22718.0 23859.0 25516.0 26972.0
 27403.0]",[26.0],[1.0 2.0 5.0 8.0 10.0 18.0 29.0],False,False
[1379.0],[2155.0 20969.0 26886.0],[26.0],[13.0 21.0 73.0],False,False
[1380.0],[11722.0 14230.0 17772.0 20066.0 25532.0],[26.0],[7.0 15.0 23.0 27.0 43.0],True,False
[1381.0],[14912.0 18482.0 26369.0],[26.0],[11.0 33.0 38.0],False,False
[1382.0],[503.0 591.0 14181.0 25120.0],[26.0],[10.0 29.0 85.0 99.0],False,False
[1383.0],[13356.0 21038.0 22256.0 23687.0],[26.0],[18.0 22.0 29.0 51.0],False,False
[1384.0],[22506.0 25079.0 27864.0],[26.0],[7.0 13.0 19.0],True,False
[1385.0],[17603.0 21389.0 24012.0 26871.0],[26.0],[8.0 12.0 23.0 38.0],False,False
[1386.0],[12652.0 16522.0 23672.0 25132.0],[26.0],[19.0 23.0 24.0 47.0],False,False
[1387.0],[14914.0],[26.0],[44.0],True,False
[1388.0],[11856.0 23165.0 24944.0],[26.0],[9.0 22.0 54.0],True,False
[1389.0],[18464.0],[26.0],[37.0],False,False
[1390.0],[14223.0 15403.0 20282.0 25196.0 26964.0 28122.0],[26.0],[2.0 5.0 13.0 28.0 36.0],False,False
[1391.0],[8488.0 25720.0 26362.0],[26.0],[13.0 15.0 55.0],False,False
[1392.0],[8167.0 21441.0 22947.0 25724.0 26691.0 26917.0 28606.0 28931.0],[26.0],[1.0 3.0 5.0 8.0 9.0 10.0 59.0],False,False
[1393.0],[19292.0 19634.0],[26.0],[31.0 32.0],False,False
[1394.0],[13274.0 20604.0 22898.0 23323.0 24015.0 27608.0 27870.0 29257.0],[26.0],[1.0 3.0 10.0 16.0 30.0 37.0],False,False
[1395.0],"[18198.0 18886.0 21920.0 22665.0 23412.0 23765.0 23804.0 25763.0 27387.0
 27653.0 28357.0 28359.0 28994.0 29114.0 29595.0]",[26.0],[1.0 2.0 3.0 4.0 6.0 10.0 16.0 18.0 20.0 23.0],False,False
[1396.0],[9861.0 17274.0 25719.0 28926.0 29568.0],[26.0],[1.0 2.0 10.0 23.0 61.0],False,False
[1397.0],"[17339.0 17348.0 20344.0 23006.0 24145.0 24579.0 25515.0 25765.0 25987.0
 26447.0]",[26.0],[2.0 3.0 5.0 9.0 10.0 13.0 15.0],True,False
[1398.0],[19719.0 22389.0 23163.0],[26.0],[1.0 24.0 35.0],False,False
[1399.0],[151.0 6884.0],[25.0],[7.0 25.0],True,False
[1400.0],[448.0 1701.0],[25.0],[17.0 33.0],False,False
[1401.0],[713.0],[25.0],[25.0],True,True
[1402.0],[460.0 461.0 5770.0],[25.0],[9.0 22.0 58.0],False,False
[1403.0],[196.0 214.0 1659.0 2719.0 4759.0],[25.0],[5.0 10.0 13.0 32.0],False,False
[1404.0],[612.0 5546.0 5792.0],[25.0],[2.0 6.0 19.0],False,False
[1405.0],[872.0 1749.0 2569.0 5812.0 6709.0],[25.0],[3.0 22.0 25.0 61.0],False,False
[1406.0],"[919.0 939.0 1013.0 2787.0 2794.0 3033.0 4030.0 4039.0 6059.0 6287.0
 7164.0]",[25.0],[1.0 3.0 4.0 5.0 6.0 7.0 11.0 13.0 15.0 17.0],False,False
[1407.0],[904.0 987.0 1066.0 1788.0 1789.0 3308.0 5116.0 5852.0 6093.0 6742.0],[25.0],[4.0 7.0 8.0 9.0 11.0 19.0 20.0],False,False
[1408.0],[1164.0 2850.0 3057.0 3890.0 4083.0 6333.0 7244.0 7274.0],[25.0],[3.0 4.0 13.0 15.0 16.0 25.0],False,False
[1409.0],[268.0 291.0 3412.0 5506.0 5512.0 5758.0 6004.0 7593.0],[25.0],[2.0 3.0 9.0 11.0 15.0 43.0],False,False
[1410.0],[497.0 5275.0 6020.0],[25.0],[26.0 33.0 57.0],False,False
[1411.0],[491.0],[25.0],[48.0],False,False
[1412.0],[1024.0 4306.0 7703.0],[25.0],[15.0 33.0 54.0],True,False
[1413.0],[1772.0 3280.0 3654.0 5323.0 5327.0 7188.0 8570.0 8898.0],[25.0],[3.0 8.0 9.0 11.0 23.0],False,False
[1414.0],[453.0 4236.0 4473.0 4788.0 5049.0 5274.0 5530.0 7100.0],[25.0],[3.0 4.0 15.0 26.0 54.0],False,False
[1415.0],[4234.0 5277.0],[25.0],[24.0 82.0],False,False
[1416.0],[831.0 5560.0 6282.0 8511.0],[25.0],[7.0 14.0 27.0],False,False
[1417.0],[516.0 1946.0 2175.0 5769.0 6908.0 7099.0 10717.0],[25.0],[2.0 6.0 9.0 12.0 22.0 31.0 39.0],False,False
[1418.0],[4097.0 4920.0 5903.0 7242.0],[25.0],[3.0 15.0 32.0],False,False
[1419.0],[4282.0 4846.0 5588.0 5846.0 6735.0 7951.0 8201.0 8902.0 10449.0],[25.0],[1.0 2.0 3.0 7.0 10.0 14.0],False,False
[1420.0],[1180.0 2435.0 5642.0 8257.0 8682.0],[25.0],[3.0 11.0 37.0 38.0 44.0],False,False
[1421.0],[1927.0 10359.0 10919.0],[25.0],[3.0 6.0 49.0],True,False
[1422.0],[3809.0 4752.0 11914.0 12238.0],[25.0],[1.0 2.0 10.0 25.0],False,False
[1423.0],"[1610.0 2881.0 5225.0 6404.0 6585.0 6663.0 6978.0 7785.0 8252.0 8833.0
 9448.0 9723.0 9978.0 10235.0 10570.0]",[25.0],[1.0 2.0 4.0 6.0 7.0 8.0 9.0 13.0 14.0 21.0 23.0],False,False
[1424.0],[460.0 3418.0 4462.0 6263.0 7108.0 8142.0],[25.0],[12.0 17.0 35.0 41.0 51.0 58.0],False,False
[1425.0],[753.0 6939.0],[25.0],[4.0 48.0],True,False
[1426.0],[2169.0 8465.0 8876.0 10394.0 11533.0 14891.0],[25.0],[4.0 12.0 13.0 21.0 23.0 26.0],False,False
[1428.0],[7274.0 8262.0 8632.0 8947.0 9109.0 9429.0 9721.0 10223.0 11367.0],[25.0],[2.0 3.0 4.0 10.0 23.0 30.0],True,False
[1429.0],[5277.0 8142.0 9044.0 11529.0 12983.0 14446.0],[25.0],[9.0 15.0 17.0 27.0 44.0 82.0],False,False
[1430.0],[2796.0 9317.0 12669.0],[25.0],[7.0 10.0 51.0],True,False
[1431.0],"[1183.0 4932.0 5909.0 8227.0 9938.0 12389.0 12414.0 12763.0 13434.0
 14263.0 14635.0]",[25.0],[1.0 3.0 4.0 6.0 9.0 15.0 24.0 31.0 34.0],False,False
[1432.0],[7405.0 8128.0 9844.0 11927.0 12595.0 14442.0],[25.0],[4.0 13.0 14.0 15.0 17.0 50.0],False,False
[1433.0],[10729.0],[25.0],[29.0],True,False
[1434.0],[302.0 4761.0 11071.0 14414.0 15691.0 18064.0 18742.0],[25.0],[2.0 5.0 7.0 12.0 37.0 41.0 94.0],False,False
[1435.0],[681.0 3242.0 4487.0],[25.0],[27.0 61.0 91.0],False,False
[1436.0],[9829.0 13257.0 17218.0],[25.0],[6.0 18.0 30.0],False,False
[1437.0],[10403.0 11969.0 14003.0 14944.0 16135.0 18851.0 20225.0 20226.0],[25.0],[4.0 5.0 6.0 7.0 10.0 12.0 20.0],False,False
[1438.0],[7418.0 12996.0],[25.0],[18.0 53.0],False,False
[1439.0],"[12272.0 12612.0 12624.0 12993.0 12994.0 13303.0 14883.0 15368.0 15384.0
 16500.0 16904.0 18459.0 18797.0 19584.0 20175.0 21003.0]",[25.0],[1.0 2.0 6.0 8.0 10.0 13.0 29.0],False,False
[1440.0],[7441.0 12702.0 17753.0],[25.0],[21.0 28.0 40.0],True,False
[1441.0],[11967.0 13356.0],[25.0],[11.0 51.0],False,False
[1442.0],[7107.0 13304.0 18794.0],[25.0],[21.0 32.0 71.0],False,False
[1443.0],[13149.0 13150.0 13542.0 17845.0],[25.0],[1.0 3.0 9.0 27.0],True,False
[1445.0],[12691.0 14228.0 14576.0 16632.0 19650.0],[25.0],[5.0 7.0 8.0 25.0],True,False
[1446.0],[11070.0],[25.0],[52.0],True,False
[1447.0],[12960.0 13691.0 14435.0 15689.0 23309.0],[25.0],[2.0 4.0 13.0 42.0],False,False
[1448.0],[14841.0 16044.0 16870.0 18436.0 19230.0 23630.0],[25.0],[1.0 4.0 6.0 10.0 17.0 30.0],False,False
[1449.0],[14502.0 16601.0 19319.0 21914.0 22624.0],[25.0],[7.0 10.0 11.0 12.0 18.0],False,False
[1450.0],"[14203.0 16967.0 17307.0 18149.0 18501.0 18881.0 19641.0 20271.0 23367.0
 24096.0]",[25.0],[2.0 3.0 6.0 8.0 9.0 25.0 35.0],False,False
[1451.0],[14464.0],[25.0],[28.0],True,False
[1453.0],[14965.0 17431.0 18587.0 21903.0 22642.0 23852.0 24137.0 24842.0],[25.0],[1.0 2.0 3.0 4.0 11.0 18.0],False,False
[1454.0],[9884.0 16190.0 16964.0 19625.0 20724.0 22991.0 23753.0 25968.0 26173.0],[25.0],[3.0 8.0 10.0 11.0 17.0 37.0],False,False
[1455.0],[11943.0 20636.0],[25.0],[21.0 56.0],False,False
[1456.0],[13326.0 21420.0 27347.0],[25.0],[11.0 20.0 21.0],False,False
[1457.0],[20167.0 27623.0],[25.0],[6.0 32.0],True,False
[1458.0],[15403.0 18482.0 21867.0 27919.0],[25.0],[3.0 13.0 36.0 38.0],False,False
[1459.0],[18772.0 21411.0],[25.0],[21.0 33.0],False,False
[1460.0],[11629.0 15871.0 19901.0 21103.0 23410.0 27223.0],[25.0],[1.0 7.0 8.0 16.0 32.0 42.0],False,False
[1462.0],[8488.0 20646.0],[25.0],[24.0 55.0],False,False
[1463.0],[21410.0],[25.0],[26.0],True,False
[1464.0],[21768.0],[25.0],[29.0],True,False
[1465.0],[7086.0 21407.0 24779.0],[25.0],[5.0 27.0 39.0],True,False
[1466.0],[21401.0 23313.0 24011.0 28575.0],[25.0],[3.0 18.0 22.0 23.0],False,False
[1467.0],[18068.0 18753.0 24757.0 25934.0],[25.0],[5.0 8.0 30.0 34.0],False,False
[1468.0],[17621.0 23636.0],[25.0],[3.0 40.0],False,False
[1470.0],[23139.0],[25.0],[26.0],True,False
[1471.0],[567.0 22546.0 27184.0],[25.0],[12.0 16.0 88.0],True,False
[1472.0],[10356.0 21760.0 22219.0 23305.0 26328.0 26872.0],[25.0],[1.0 7.0 12.0 13.0 22.0 42.0],False,False
[1473.0],[514.0 20172.0 25716.0 26153.0 26674.0],[25.0],[10.0 13.0 16.0 75.0],False,False
[1474.0],[143.0 3198.0],[24.0],[2.0 32.0],True,False
[1475.0],[246.0],[24.0],[24.0],True,True
[1476.0],[445.0 487.0],[24.0],[24.0 97.0],True,False
[1477.0],[639.0 1962.0 4011.0],[24.0],[3.0 7.0 21.0],True,False
[1478.0],[1164.0 2850.0 4894.0],[24.0],[6.0 13.0 25.0],True,False
[1479.0],[1365.0 5417.0 6604.0],[24.0],[3.0 18.0 42.0],True,False
[1480.0],[1026.0 5844.0 6322.0],[24.0],[13.0 20.0 23.0],True,False
[1481.0],[615.0 1962.0 4259.0 4482.0 5286.0],[24.0],[8.0 20.0 21.0 26.0 30.0],False,False
[1482.0],[785.0 1981.0 3264.0 5302.0 6519.0],[24.0],[2.0 8.0 9.0 13.0 55.0],False,False
[1483.0],[864.0 3473.0 3668.0 5079.0 5332.0 6304.0],[24.0],[1.0 2.0 4.0 5.0 12.0 21.0],False,False
[1484.0],"[884.0 963.0 2000.0 2361.0 2363.0 2784.0 3276.0 3285.0 3661.0 3849.0
 6057.0]",[24.0],[1.0 3.0 4.0 5.0 8.0 25.0 34.0],False,False
[1485.0],[445.0 470.0 487.0 6015.0],[24.0],[8.0 20.0 24.0 97.0],False,False
[1486.0],[949.0 5334.0],[24.0],[5.0 26.0],False,False
[1487.0],[523.0 1982.0 2166.0 2748.0 3017.0 3623.0 4253.0 4254.0],[24.0],[1.0 4.0 5.0 7.0 29.0 68.0],False,False
[1488.0],[1102.0 1791.0 3062.0 3074.0 3675.0 4314.0 4864.0 5843.0 6761.0],[24.0],[1.0 2.0 3.0 10.0 11.0 16.0 21.0],False,False
[1489.0],[974.0 2824.0 2825.0 3482.0 4535.0],[24.0],[8.0 13.0 21.0 23.0],False,False
[1490.0],[1980.0 2564.0 2577.0 2780.0 3275.0 3451.0 3474.0 7437.0],[24.0],[1.0 2.0 3.0 7.0 8.0 12.0 13.0 24.0],False,False
[1491.0],[348.0 2323.0 5267.0],[24.0],[5.0 12.0 40.0],False,False
[1492.0],[1025.0 1106.0 1797.0 3301.0 4307.0 6099.0],[24.0],[6.0 14.0 16.0 29.0 36.0 41.0],False,False
[1493.0],[1110.0 2375.0],[24.0],[6.0 24.0],False,False
[1494.0],[963.0 2363.0 2784.0 3276.0 5564.0 6728.0 7935.0],[24.0],[1.0 3.0 4.0 6.0 7.0 8.0 34.0],False,False
[1495.0],[945.0 971.0 3035.0 3469.0 4517.0 5582.0 6540.0 6548.0 7178.0],[24.0],[6.0 9.0 11.0 12.0 15.0 27.0 30.0],False,False
[1496.0],[643.0 3240.0 3628.0 6912.0],[24.0],[7.0 9.0 13.0 89.0],False,False
[1497.0],[2585.0 4531.0 6336.0 7692.0 7961.0],[24.0],[1.0 2.0 5.0 14.0 18.0],False,False
[1498.0],[1400.0 2486.0 3923.0 4419.0 4970.0 6165.0 6979.0 8978.0],[24.0],[2.0 4.0 7.0 8.0 11.0 12.0 13.0 18.0],False,False
[1499.0],[415.0 3419.0],[24.0],[27.0 99.0],True,False
[1500.0],[2823.0 5638.0 6083.0 6761.0 6950.0 8569.0 9660.0],[24.0],[1.0 2.0 4.0 10.0 11.0 19.0 21.0],False,False
[1501.0],"[3334.0 3916.0 4913.0 5143.0 5401.0 5464.0 6385.0 6609.0 7277.0 7496.0
 7762.0 8283.0 8946.0 8962.0 8965.0 9716.0 9951.0 9952.0]",[24.0],[1.0 2.0 3.0 4.0 5.0 6.0 9.0],False,False
[1502.0],[345.0 4779.0],[24.0],[2.0 38.0],True,False
[1503.0],[621.0 4267.0 4280.0 4823.0 5082.0 5828.0 7420.0 7659.0 10412.0],[24.0],[1.0 4.0 5.0 9.0 13.0 14.0 34.0],False,False
[1504.0],[3107.0 5638.0 5882.0 6369.0],[24.0],[2.0 19.0 22.0 29.0],False,False
[1505.0],[5253.0 6881.0 7580.0 8838.0 10918.0 10920.0],[24.0],[3.0 4.0 8.0 10.0 13.0 20.0],False,False
[1506.0],[4446.0 10355.0],[24.0],[20.0 25.0],False,False
[1507.0],[6244.0 7586.0],[24.0],[7.0 31.0],False,False
[1508.0],[6728.0 7925.0 7931.0 8535.0 8541.0 9064.0 9651.0 10730.0 11293.0 14202.0],[24.0],[2.0 5.0 7.0 11.0 12.0],False,False
[1509.0],[7122.0 8484.0 8865.0 9624.0],[24.0],[2.0 12.0 20.0 45.0],False,False
[1510.0],[2346.0 8511.0 14481.0],[24.0],[5.0 14.0 65.0],False,False
[1511.0],[795.0 6927.0 9891.0],[24.0],[17.0 22.0 46.0],False,False
[1512.0],[2650.0 2897.0 3748.0 9517.0 11381.0 16332.0 17111.0],[24.0],[2.0 8.0 17.0 27.0 28.0 44.0],False,False
[1513.0],"[6809.0 9733.0 10172.0 10281.0 11657.0 13087.0 13102.0 14612.0 15099.0
 16663.0]",[24.0],[1.0 2.0 6.0 7.0 8.0 11.0 12.0 21.0 28.0],False,False
[1514.0],[192.0 10079.0],[24.0],[23.0 37.0],True,False
[1515.0],"[143.0 3995.0 5756.0 10697.0 11232.0 12569.0 12590.0 14168.0 14403.0
 15683.0]",[24.0],[1.0 2.0 4.0 5.0 6.0 9.0 32.0 54.0 77.0],False,False
[1516.0],[7924.0 8179.0 10425.0 14008.0 14957.0 15738.0],[24.0],[4.0 5.0 6.0 13.0 15.0 17.0],False,False
[1517.0],[963.0 3870.0 9651.0 10769.0 11103.0 13361.0 15737.0 17297.0],[24.0],[1.0 5.0 6.0 9.0 11.0 20.0 29.0 34.0],False,False
[1518.0],[11099.0 11302.0 14019.0],[24.0],[12.0 20.0 58.0],False,False
[1519.0],[523.0 2747.0 11254.0 12613.0],[24.0],[5.0 15.0 52.0 68.0],False,False
[1520.0],[11299.0 11639.0 12316.0 12685.0 12690.0 13790.0 14221.0 14512.0 19902.0],[24.0],[1.0 2.0 3.0 4.0 9.0 17.0 19.0],False,False
[1521.0],[1981.0 10119.0 15399.0 15726.0 17693.0],[24.0],[5.0 7.0 15.0 20.0 55.0],False,False
[1522.0],[6719.0 11273.0 17707.0],[24.0],[13.0 15.0 26.0],False,False
[1523.0],[9861.0 17274.0],[24.0],[23.0 61.0],False,False
[1524.0],[7098.0 7600.0 14861.0 16065.0],[24.0],[19.0 32.0 35.0 41.0],False,False
[1525.0],[4318.0 8598.0 9770.0 15102.0],[24.0],[1.0 20.0 44.0 59.0],False,False
[1526.0],[5565.0 12327.0 16145.0],[24.0],[10.0 35.0 49.0],False,False
[1527.0],[2747.0 12613.0 19257.0],[24.0],[14.0 15.0 52.0],False,False
[1528.0],"[8761.0 11685.0 11780.0 12854.0 14676.0 15542.0 17086.0 17469.0 17918.0
 20423.0 21616.0]",[24.0],[2.0 4.0 5.0 7.0 8.0 9.0 10.0 17.0 31.0],False,False
[1529.0],[1341.0 14651.0 20769.0],[24.0],[4.0 5.0 68.0],False,False
[1530.0],[15425.0 15441.0 18154.0 20743.0 24100.0],[24.0],[1.0 4.0 6.0 11.0 27.0],False,False
[1531.0],[11285.0 14493.0 16951.0],[24.0],[17.0 38.0],False,False
[1532.0],[15857.0 21158.0 21200.0 23102.0 24594.0],[24.0],[2.0 4.0 8.0 10.0 20.0],True,False
[1533.0],[13328.0 14894.0 14902.0 18110.0],[24.0],[9.0 12.0 33.0 50.0],False,False
[1534.0],[11256.0 17675.0],[24.0],[18.0 37.0],True,False
[1535.0],[523.0 14888.0 19260.0 24038.0 26151.0],[24.0],[3.0 11.0 12.0 34.0 68.0],False,False
[1536.0],[18956.0 19669.0 20350.0 23868.0 24203.0],[24.0],[5.0 6.0 11.0 12.0 22.0],False,False
[1537.0],[12666.0 26695.0 27191.0],[24.0],[9.0 12.0 43.0],False,False
[1538.0],[15878.0 26748.0],[24.0],[12.0 44.0],False,False
[1539.0],[18682.0 20326.0 26248.0 27693.0],[24.0],[6.0 16.0 20.0],True,False
[1540.0],[17905.0 21576.0 22723.0 23860.0 24230.0 25292.0 26197.0 27750.0],[24.0],[5.0 6.0 7.0 9.0 14.0 30.0],False,False
[1541.0],[21760.0 26137.0 26872.0],[24.0],[6.0 12.0 22.0],False,False
[1542.0],[18068.0 22222.0],[24.0],[23.0 30.0],False,False
[1543.0],[14247.0 22371.0 23463.0 24905.0 25818.0 26028.0 26230.0 26764.0],[24.0],[1.0 3.0 4.0 8.0 10.0 11.0 33.0],False,False
[1544.0],[21503.0 23724.0 27014.0 27226.0 28125.0 28370.0],[24.0],[2.0 7.0 8.0 10.0 11.0],False,False
[1545.0],[23493.0 27282.0 27996.0 29010.0],[24.0],[4.0 5.0 19.0],False,False
[1546.0],[22290.0 22291.0 23384.0 24484.0 25969.0 26178.0 29346.0],[24.0],[2.0 5.0 6.0 9.0 16.0 17.0],True,False
[1547.0],[18118.0 24454.0],[24.0],[20.0 22.0],False,False
[1548.0],[13777.0 20762.0 23038.0],[24.0],[5.0 23.0 43.0],True,False
[1549.0],[13661.0],[24.0],[42.0],True,False
[1550.0],[22067.0 22347.0],[24.0],[18.0 23.0],False,False
[1551.0],[23329.0 24039.0 26896.0],[24.0],[6.0 13.0 22.0],False,False
[1552.0],[22897.0 23320.0],[24.0],[18.0 22.0],False,False
[1553.0],[23660.0 25122.0 25719.0 26675.0 28100.0 28925.0],[24.0],[1.0 3.0 5.0 10.0 13.0],False,False
[1554.0],[19557.0 23638.0 26140.0 28910.0],[24.0],[4.0 16.0 20.0 29.0],False,False
[1555.0],[21399.0 21401.0 23313.0 28575.0],[24.0],[3.0 15.0 18.0 23.0],False,False
[1556.0],[21420.0 27347.0],[24.0],[11.0 20.0],True,False
[1557.0],[9489.0 15177.0 24241.0 26518.0],[24.0],[7.0 15.0 28.0 44.0],False,False
[1558.0],[18676.0 20827.0 22398.0 23862.0 25308.0 26057.0 26754.0 27462.0 29649.0],[24.0],[1.0 3.0 4.0 8.0 10.0 11.0 14.0 15.0 17.0],False,False
[1559.0],[170.0],[23.0],[75.0],True,False
[1560.0],[185.0 193.0 320.0 1665.0 1676.0],[23.0],[1.0 2.0 20.0 28.0 97.0],False,False
[1561.0],[268.0 291.0 5506.0 5512.0 5758.0 6004.0],[23.0],[2.0 3.0 9.0 15.0 43.0],True,False
[1562.0],[366.0],[23.0],[33.0],True,False
[1563.0],[433.0 3829.0],[23.0],[3.0 21.0],True,False
[1564.0],[438.0 465.0],[23.0],[18.0 27.0],False,False
[1565.0],[510.0],[23.0],[30.0],True,False
[1566.0],[722.0],[23.0],[58.0],True,False
[1567.0],[831.0 3632.0],[23.0],[9.0 27.0],False,False
[1568.0],[755.0 1977.0 2184.0 4274.0 4821.0],[23.0],[2.0 3.0 9.0 48.0],True,False
[1569.0],[1193.0 1208.0 1209.0 4954.0],[23.0],[9.0 22.0 55.0 62.0],True,False
[1570.0],[1242.0 1263.0 4362.0],[23.0],[7.0 16.0 39.0],True,False
[1571.0],[1261.0 1298.0 2641.0 2644.0 4617.0],[23.0],[1.0 4.0 8.0 14.0 21.0],False,False
[1572.0],[183.0 3821.0],[23.0],[12.0 61.0],False,False
[1573.0],[251.0 272.0],[23.0],[22.0 48.0],False,False
[1574.0],[1098.0 1118.0 6119.0],[23.0],[5.0 9.0 21.0],False,False
[1575.0],[845.0 905.0 2188.0 3859.0 4035.0 4276.0 4510.0 4520.0 4546.0 5829.0],[23.0],[1.0 2.0 5.0 7.0 9.0 12.0 13.0],False,False
[1576.0],[1239.0 5898.0],[23.0],[16.0 23.0],True,False
[1577.0],[628.0 3835.0],[23.0],[15.0 23.0],True,False
[1578.0],[1256.0 1804.0 1838.0 2033.0 3092.0 5397.0 5630.0 5896.0 6352.0],[23.0],[1.0 2.0 5.0 8.0 14.0 19.0 32.0],False,False
[1579.0],[254.0 2148.0 4220.0],[23.0],[4.0 9.0 13.0],True,False
[1580.0],[773.0],[23.0],[44.0],True,False
[1581.0],[614.0],[23.0],[53.0],True,False
[1582.0],[1176.0 2026.0 2402.0 2410.0 3095.0 3312.0 5891.0],[23.0],[2.0 6.0 11.0 14.0 23.0 24.0],False,False
[1583.0],[1135.0 2619.0 2825.0 2833.0],[23.0],[7.0 8.0 23.0 94.0],False,False
[1584.0],[814.0 2342.0 2343.0 4503.0 5063.0 5545.0 7126.0],[23.0],[2.0 5.0 6.0 12.0 37.0],False,False
[1585.0],[872.0 4495.0 5315.0 6047.0 6709.0],[23.0],[3.0 13.0 22.0 31.0 61.0],False,False
[1586.0],[2229.0],[23.0],[34.0],False,False
[1587.0],[574.0 3236.0],[23.0],[19.0 21.0],True,False
[1589.0],[1098.0 1178.0 2859.0 3716.0 4897.0 6119.0 7217.0 7973.0],[23.0],[1.0 5.0 6.0 11.0 16.0 21.0],False,False
[1590.0],[2823.0 4544.0 5117.0 6737.0 8210.0 8569.0],[23.0],[2.0 3.0 4.0 15.0 21.0],False,False
[1591.0],[271.0 307.0 315.0 4448.0 9240.0],[23.0],[19.0 26.0 27.0 37.0 51.0],False,False
[1592.0],[3462.0 4020.0 4501.0 5073.0 5555.0 6035.0 8513.0],[23.0],[1.0 2.0 5.0 8.0 10.0 14.0 16.0],False,False
[1593.0],[3994.0 4450.0 5495.0 5518.0 6225.0 6232.0 8424.0 9233.0 9829.0],[23.0],[1.0 7.0 10.0 13.0 14.0 15.0 18.0 23.0],False,False
[1594.0],[784.0 6509.0],[23.0],[22.0 35.0],False,False
[1595.0],[2578.0 10148.0],[23.0],[28.0 38.0],False,False
[1596.0],"[4608.0 6580.0 6822.0 7341.0 8291.0 8714.0 9455.0 9490.0 9994.0 10785.0
 10890.0 11148.0]",[23.0],[2.0 3.0 4.0 5.0 8.0 10.0 21.0],False,False
[1597.0],[6505.0],[23.0],[24.0],True,False
[1598.0],[525.0 7106.0],[23.0],[33.0 74.0],True,False
[1599.0],[5819.0 6716.0 9327.0],[23.0],[13.0 14.0 27.0],False,False
[1600.0],[2435.0],[23.0],[44.0],True,False
[1601.0],[195.0 5508.0 7591.0 10078.0 11511.0],[23.0],[6.0 8.0 26.0 27.0 32.0],False,False
[1602.0],"[6109.0 6749.0 7172.0 9104.0 9345.0 9668.0 10465.0 11306.0 12355.0 12725.0
 13075.0 13409.0]",[23.0],[1.0 2.0 4.0 11.0 13.0 14.0 15.0],False,False
[1603.0],[927.0 7666.0 9073.0 9333.0 11647.0 13051.0 13406.0],[23.0],[2.0 6.0 7.0 10.0 11.0 13.0 41.0],False,False
[1604.0],[4459.0 8137.0 10923.0],[23.0],[4.0 22.0 63.0],False,False
[1605.0],[6530.0 7171.0 8189.0 8920.0 9665.0 10960.0 11639.0 12327.0],[23.0],[1.0 2.0 6.0 9.0 10.0 56.0],False,False
[1606.0],[6530.0 8189.0 9665.0 10475.0 10960.0 11639.0 12327.0 13023.0],[23.0],[2.0 6.0 9.0 10.0 56.0],False,False
[1607.0],[5507.0 8850.0 12246.0],[23.0],[3.0 20.0 41.0],False,False
[1608.0],[4008.0 11948.0 14892.0 15717.0],[23.0],[2.0 9.0 38.0 39.0],False,False
[1609.0],[5613.0 9383.0 15459.0],[23.0],[7.0 28.0 39.0],False,False
[1610.0],[5890.0 6143.0 9949.0 10523.0 12069.0 15552.0 15868.0],[23.0],[4.0 5.0 8.0 15.0 17.0 26.0 31.0],False,False
[1611.0],[614.0 10113.0],[23.0],[22.0 53.0],False,False
[1612.0],[9861.0 10121.0 11270.0 11561.0 11968.0 13346.0 14487.0],[23.0],[1.0 2.0 7.0 61.0],False,False
[1613.0],[10064.0],[23.0],[24.0],True,False
[1614.0],[10128.0],[23.0],[24.0],True,False
[1615.0],[348.0 9847.0 10083.0 11931.0 12250.0 17640.0],[23.0],[2.0 4.0 8.0 16.0 40.0],True,False
[1616.0],[5753.0 10085.0 11497.0],[23.0],[5.0 23.0 32.0],False,False
[1617.0],[9833.0],[23.0],[34.0],True,False
[1618.0],[10406.0 10733.0 12666.0 18484.0],[23.0],[5.0 7.0 8.0 43.0],False,False
[1619.0],[3855.0 14939.0 18494.0],[23.0],[10.0 17.0 55.0],False,False
[1620.0],[81.0 115.0 10915.0 18428.0 18739.0],[23.0],[1.0 13.0 17.0 43.0 87.0],False,False
[1621.0],[10509.0],[23.0],[27.0],False,False
[1622.0],[9890.0 12010.0 16159.0],[23.0],[17.0 19.0],False,False
[1623.0],"[8743.0 11685.0 11717.0 11780.0 12089.0 12785.0 14282.0 15507.0 15542.0
 16710.0 17444.0 17445.0 19051.0]",[23.0],[1.0 3.0 4.0 5.0 6.0 7.0 8.0 9.0 21.0 25.0],False,False
[1624.0],[986.0 10166.0 17843.0 18552.0 18965.0],[23.0],[3.0 6.0 8.0 19.0 42.0],True,False
[1625.0],[11974.0 15003.0 15807.0 17714.0 17716.0 18849.0 19875.0],[23.0],[1.0 4.0 11.0 16.0],False,False
[1626.0],"[8586.0 10763.0 12315.0 13018.0 14950.0 17714.0 17724.0 17744.0 18544.0
 19869.0]",[23.0],[2.0 3.0 4.0 6.0 7.0 10.0 16.0],True,False
[1627.0],[12608.0],[23.0],[24.0],True,False
[1628.0],[9674.0 9884.0 13543.0 14585.0 16190.0 17341.0],[23.0],[3.0 6.0 8.0 9.0 24.0 37.0],False,False
[1629.0],[7898.0 13708.0],[23.0],[3.0 41.0],False,False
[1630.0],[8574.0 14995.0],[23.0],[19.0 24.0],False,False
[1631.0],[10082.0 12614.0 13734.0 14874.0],[23.0],[8.0 14.0 15.0 34.0],False,False
[1632.0],[14166.0 18755.0],[23.0],[20.0 22.0],False,False
[1633.0],[2980.0 10104.0 15715.0 17258.0 19258.0],[23.0],[9.0 14.0 21.0 42.0 86.0],False,False
[1634.0],[11828.0 14677.0 16377.0 18605.0 19065.0 23145.0 23203.0],[23.0],[4.0 5.0 7.0 14.0 19.0 24.0 27.0],False,False
[1635.0],[447.0 16493.0],[23.0],[22.0 99.0],False,False
[1636.0],[7077.0],[23.0],[71.0],True,False
[1637.0],[12277.0],[23.0],[36.0],True,False
[1638.0],[15858.0],[23.0],[29.0],True,False
[1639.0],[15462.0 20335.0],[23.0],[10.0 29.0],True,False
[1640.0],[17457.0 18347.0 19071.0 19111.0 20848.0 21664.0 22030.0],[23.0],[2.0 5.0 6.0 8.0 9.0 16.0],False,False
[1641.0],[18059.0 20959.0],[23.0],[22.0 23.0],False,False
[1642.0],[14566.0 17799.0 18514.0 20280.0 20681.0 24124.0 24513.0 25507.0],[23.0],[1.0 3.0 4.0 11.0 37.0],False,False
[1643.0],[17254.0 20632.0 24029.0],[23.0],[9.0 14.0],True,False
[1644.0],[15082.0 17448.0 19672.0],[23.0],[3.0 18.0 32.0],False,False
[1645.0],[19635.0],[23.0],[23.0],True,True
[1646.0],[18819.0 20191.0],[23.0],[17.0 19.0],False,False
[1647.0],[535.0 20641.0 25946.0],[23.0],[1.0 5.0 99.0],False,False
[1648.0],[19298.0 19871.0 27193.0 27194.0],[23.0],[1.0 12.0 19.0 25.0],False,False
[1649.0],[18482.0 19853.0 20176.0 26358.0 26369.0],[23.0],[6.0 11.0 13.0 19.0 38.0],False,False
[1650.0],[11530.0 21795.0],[23.0],[12.0 55.0],False,False
[1651.0],[19227.0],[23.0],[29.0],True,False
[1652.0],[17693.0 20216.0 21857.0 25722.0 26158.0],[23.0],[8.0 10.0 15.0 20.0],False,False
[1653.0],[14934.0 22955.0 26695.0 27191.0],[23.0],[9.0 12.0 14.0 30.0],True,False
[1654.0],[16682.0 23474.0 28387.0 29006.0],[23.0],[1.0 4.0 19.0 21.0],False,False
[1655.0],[19335.0 19917.0 22730.0 23060.0],[23.0],[8.0 10.0 13.0 33.0],True,False
[1656.0],[2299.0 24399.0],[23.0],[21.0 89.0],True,False
[1657.0],[12979.0 18793.0],[23.0],[33.0 51.0],True,False
[1658.0],[1196.0 23412.0],[23.0],[23.0 99.0],False,False
[1659.0],[8667.0 21489.0 23427.0 23444.0 24183.0 24560.0 25802.0 26241.0],[23.0],[2.0 3.0 4.0 8.0 16.0 36.0],True,False
[1660.0],[1535.0 24277.0 26533.0 26535.0],[23.0],[7.0 8.0 14.0 99.0],False,False
[1661.0],[9730.0 20046.0 23921.0],[23.0],[2.0 22.0 51.0],False,False
[1662.0],[15878.0 23556.0 26748.0],[23.0],[12.0 17.0 44.0],True,False
[1663.0],[4472.0 11529.0 22538.0 25451.0],[23.0],[9.0 23.0 44.0 69.0],False,False
[1664.0],[9059.0 21447.0 22962.0 24080.0 26927.0],[23.0],[1.0 9.0 12.0 18.0 67.0],False,False
[1665.0],[24258.0],[23.0],[23.0],True,True
[1666.0],[233.0],[22.0],[22.0],True,True
[1667.0],[311.0 5035.0],[22.0],[38.0 47.0],True,False
[1668.0],[365.0],[22.0],[61.0],True,False
[1669.0],[466.0],[22.0],[67.0],True,False
[1670.0],[515.0],[22.0],[22.0],True,True
[1671.0],[634.0],[22.0],[22.0],False,True
[1672.0],[523.0 1982.0 2166.0 2747.0 3017.0 3623.0 4253.0 4254.0],[22.0],[1.0 4.0 5.0 7.0 29.0 52.0 68.0],False,False
[1673.0],[1240.0],[22.0],[23.0],True,False
[1674.0],[1298.0 3141.0 5389.0],[22.0],[4.0 14.0 19.0],False,False
[1675.0],[807.0 5314.0],[22.0],[8.0 20.0],False,False
[1676.0],[796.0],[22.0],[44.0],True,False
[1677.0],[837.0 944.0 1014.0 1762.0 3032.0 4045.0 4824.0 5321.0],[22.0],[3.0 4.0 5.0 6.0 7.0 8.0],False,False
[1678.0],[972.0 996.0 5840.0],[22.0],[6.0 11.0 18.0],True,False
[1679.0],[731.0],[22.0],[37.0],True,False
[1680.0],[670.0 714.0],[22.0],[38.0 56.0],False,False
[1681.0],[353.0 1680.0],[22.0],[21.0 45.0],False,False
[1682.0],[877.0 938.0 2002.0 3031.0],[22.0],[2.0 14.0 18.0 21.0],False,False
[1683.0],[408.0 1697.0 3828.0],[22.0],[6.0 8.0 36.0],True,False
[1684.0],[1223.0],[22.0],[25.0],True,False
[1685.0],[511.0],[22.0],[24.0],True,False
[1686.0],[383.0],[22.0],[25.0],True,False
[1688.0],[2578.0],[22.0],[38.0],True,False
[1689.0],[2561.0],[22.0],[23.0],True,False
[1690.0],[814.0 3016.0 4503.0],[22.0],[11.0 12.0 37.0],False,False
[1691.0],[628.0 3835.0 5819.0],[22.0],[13.0 15.0 23.0],False,False
[1692.0],"[706.0 2184.0 2552.0 2765.0 3445.0 4274.0 4821.0 5811.0 6034.0 6712.0
 7643.0]",[22.0],[1.0 2.0 3.0 4.0 7.0 9.0 32.0 48.0 97.0],False,False
[1693.0],[831.0 3632.0 4825.0 7136.0 8173.0],[22.0],[4.0 5.0 8.0 9.0 27.0],False,False
[1694.0],[1262.0 1300.0 1345.0 3737.0 3918.0 4127.0 4362.0 4620.0 4942.0 5160.0],[22.0],[2.0 3.0 7.0 10.0 14.0 56.0],True,False
[1695.0],[1140.0 3485.0 3689.0 4903.0 5098.0 6127.0 8227.0],[22.0],[3.0 6.0 7.0 9.0 27.0],False,False
[1696.0],[265.0 6002.0],[22.0],[17.0 23.0],False,False
[1697.0],[159.0 2956.0 7075.0 8845.0],[22.0],[6.0 21.0 23.0 24.0],True,False
[1698.0],[1998.0 2810.0 6079.0 7964.0 8616.0 10165.0],[22.0],[1.0 2.0 4.0 8.0 23.0 26.0],False,False
[1699.0],[4539.0 5602.0],[22.0],[3.0 21.0],False,False
[1700.0],[393.0 438.0 6693.0],[22.0],[16.0 27.0 59.0],False,False
[1701.0],[5789.0],[22.0],[23.0],True,False
[1702.0],[2205.0 6316.0 7214.0 7712.0 8590.0 11103.0],[22.0],[6.0 11.0 12.0 18.0 22.0],False,False
[1703.0],[523.0],[22.0],[68.0],True,False
[1704.0],"[5322.0 5562.0 5567.0 7443.0 8535.0 8891.0 8904.0 9646.0 9879.0 10144.0
 10424.0 11278.0 12294.0]",[22.0],[1.0 4.0 5.0 8.0 9.0 10.0 12.0 18.0 23.0],False,False
[1705.0],[276.0 7589.0],[22.0],[17.0 69.0],False,False
[1706.0],[5828.0 7127.0 7420.0 7644.0 7659.0 8895.0 10942.0 12657.0],[22.0],[1.0 3.0 9.0 12.0 13.0 14.0 32.0],False,False
[1707.0],[6945.0 6946.0 7443.0 9667.0 10451.0 11293.0 12320.0],[22.0],[5.0 7.0 8.0 9.0 12.0 15.0 24.0],False,False
[1708.0],[2969.0 6005.0],[22.0],[27.0 40.0],False,False
[1709.0],[445.0 7900.0 9049.0],[22.0],[17.0 30.0 97.0],False,False
[1710.0],[5622.0 7980.0 8662.0],[22.0],[4.0 15.0 25.0],False,False
[1711.0],[4495.0 6267.0],[22.0],[29.0 31.0],False,False
[1712.0],[8683.0],[22.0],[22.0],True,True
[1713.0],[1265.0 7275.0 9103.0 11743.0],[22.0],[1.0 3.0 25.0 45.0],False,False
[1714.0],[7580.0 8133.0 10082.0 14860.0],[22.0],[4.0 10.0 14.0 34.0],False,False
[1715.0],[4307.0 10958.0 11649.0],[22.0],[4.0 12.0 29.0],True,False
[1716.0],[670.0 4805.0],[22.0],[35.0 38.0],False,False
[1717.0],[5518.0 10088.0],[22.0],[14.0 20.0],False,False
[1718.0],[445.0 7900.0],[22.0],[30.0 97.0],True,False
[1719.0],[6002.0 7399.0 8850.0 10921.0 11079.0],[22.0],[2.0 17.0 18.0 20.0 48.0],False,False
[1720.0],[10389.0 10728.0],[22.0],[1.0 22.0],True,False
[1722.0],[7955.0 9370.0 15779.0 16965.0 17331.0],[22.0],[1.0 3.0 6.0 8.0 24.0],False,False
[1723.0],[2760.0 11264.0],[22.0],[19.0 43.0],False,False
[1724.0],[10172.0 10281.0 11167.0 11346.0 13102.0 14612.0 14688.0 15099.0],[22.0],[1.0 2.0 5.0 8.0 11.0 21.0 28.0],False,False
[1725.0],[6496.0 11523.0 12252.0 13716.0],[22.0],[6.0 10.0 21.0 40.0],False,False
[1726.0],[935.0 13028.0],[22.0],[24.0 81.0],True,False
[1727.0],[11855.0 13547.0],[22.0],[10.0 18.0],False,False
[1728.0],[10864.0 12818.0 18587.0 20794.0],[22.0],[3.0 11.0 13.0 22.0],False,False
[1729.0],[11712.0 20307.0],[22.0],[8.0 46.0],True,False
[1730.0],[13008.0],[22.0],[24.0],True,False
[1731.0],[7897.0 15703.0],[22.0],[18.0 65.0],True,False
[1732.0],[8488.0],[22.0],[55.0],False,False
[1733.0],[10946.0 20289.0],[22.0],[10.0 33.0],True,False
[1734.0],[16502.0],[22.0],[23.0],True,False
[1735.0],"[571.0 13721.0 17654.0 19573.0 19580.0 20169.0 21432.0 23338.0 25114.0
 25460.0]",[22.0],[1.0 3.0 4.0 5.0 8.0 9.0 10.0 21.0 64.0],False,False
[1736.0],[19648.0 22310.0 22677.0 24536.0 25512.0],[22.0],[2.0 6.0 7.0 12.0 17.0],False,False
[1737.0],[16037.0 20107.0 22891.0 23310.0 25083.0],[22.0],[1.0 12.0 13.0 15.0],False,False
[1738.0],[9861.0 20658.0 21039.0 21443.0 22953.0 26379.0],[22.0],[1.0 4.0 6.0 7.0 10.0 61.0],False,False
[1739.0],[20157.0],[22.0],[22.0],True,True
[1740.0],[20159.0],[22.0],[30.0],True,False
[1741.0],[16601.0 19319.0 19941.0 21914.0 22624.0 23387.0 23747.0],[22.0],[5.0 7.0 11.0 12.0 13.0 18.0 20.0],False,False
[1742.0],"[20607.0 22526.0 22895.0 22913.0 23328.0 23651.0 24033.0 24428.0 24792.0
 25108.0]",[22.0],[3.0 4.0 7.0 8.0 26.0],False,False
[1743.0],"[17310.0 20224.0 20699.0 22585.0 22591.0 23702.0 24092.0 24467.0 24833.0
 25157.0 26698.0 27369.0]",[22.0],[1.0 2.0 3.0 4.0 5.0 7.0 14.0 20.0 23.0],False,False
[1744.0],[2587.0 22277.0],[22.0],[27.0 94.0],True,False
[1745.0],[20304.0 21109.0],[22.0],[27.0 31.0],True,False
[1746.0],[13743.0 22956.0 25961.0 27193.0],[22.0],[7.0 12.0 23.0 27.0],False,False
[1747.0],"[16131.0 22993.0 23702.0 24132.0 24467.0 24833.0 25157.0 26698.0 26708.0
 27392.0 28314.0 28332.0]",[22.0],[1.0 2.0 3.0 4.0 5.0 6.0 12.0 14.0 18.0],False,False
[1748.0],[13692.0 15689.0 23309.0],[22.0],[2.0 42.0 49.0],False,False
[1749.0],[16607.0 18516.0 20733.0 25497.0 27204.0 27946.0 28616.0],[22.0],[2.0 8.0 15.0 20.0 24.0 29.0],False,False
[1750.0],[14444.0 14837.0 24774.0 26343.0],[22.0],[15.0 18.0 26.0 41.0],False,False
[1751.0],[6911.0 24441.0 25717.0],[22.0],[5.0 14.0 73.0],False,False
[1752.0],[5289.0 23338.0 27897.0],[22.0],[9.0 21.0 82.0],False,False
[1753.0],[23692.0 23697.0 25176.0 28611.0],[22.0],[3.0 13.0 18.0 19.0],False,False
[1754.0],[21879.0 24538.0],[22.0],[6.0 21.0],False,False
[1755.0],[2017.0],[22.0],[88.0],True,False
[1756.0],[19045.0 24210.0 25299.0],[22.0],[8.0 16.0 37.0],False,False
[1757.0],[23713.0 24468.0 25175.0 26417.0 27191.0 29115.0],[22.0],[1.0 3.0 9.0 13.0 14.0],False,False
[1758.0],[19230.0 27168.0],[22.0],[8.0 30.0],False,False
[1759.0],[2619.0 21145.0 25299.0 26199.0 26745.0 26755.0 28376.0 29393.0],[22.0],[1.0 3.0 5.0 16.0 17.0 94.0],False,False
[1760.0],[21598.0 23866.0 24601.0 27997.0 28436.0 29662.0],[22.0],[1.0 6.0 7.0 9.0 13.0 14.0],False,False
[1761.0],[18198.0 23412.0 23765.0 27224.0 28359.0 28994.0 29595.0],[22.0],[1.0 4.0 6.0 16.0 23.0],False,False
[1763.0],[23830.0 24216.0 26034.0 29401.0],[22.0],[2.0 7.0 12.0],True,False
[1764.0],[212.0 22522.0],[22.0],[27.0 81.0],True,False
[1765.0],[7897.0 12975.0 18082.0 24787.0 26150.0],[22.0],[3.0 16.0 21.0 43.0 65.0],False,False
[1766.0],[15725.0 21038.0],[22.0],[27.0 29.0],False,False
[1767.0],[18301.0 21122.0 23817.0 24930.0 25247.0 27689.0 27947.0 28655.0],[22.0],[1.0 4.0 5.0 8.0 9.0 15.0 34.0],False,False
[1768.0],[257.0],[21.0],[21.0],True,True
[1769.0],[252.0],[21.0],[21.0],True,True
[1770.0],[309.0 328.0],[21.0],[19.0 49.0],True,False
[1771.0],[404.0],[21.0],[21.0],True,True
[1772.0],[569.0 583.0],[21.0],[20.0 25.0],False,False
[1773.0],[730.0],[21.0],[21.0],True,True
[1774.0],[1030.0 1998.0 2368.0 2810.0 6079.0],[21.0],[2.0 3.0 21.0 23.0 26.0],False,False
[1775.0],[1105.0 1355.0 1772.0 1826.0 2268.0 2621.0 3890.0 4083.0],[21.0],[1.0 2.0 3.0 13.0 21.0 23.0],False,False
[1776.0],[1162.0 3103.0],[21.0],[12.0 25.0],True,False
[1777.0],[706.0],[21.0],[97.0],False,False
[1778.0],[1069.0 1095.0 3503.0 3680.0 5604.0],[21.0],[3.0 9.0 10.0 12.0],False,False
[1779.0],[1091.0 1155.0 3507.0 5625.0 5867.0],[21.0],[1.0 8.0 14.0 15.0 37.0],False,False
[1780.0],[367.0 374.0],[21.0],[19.0 58.0],True,False
[1781.0],[154.0 2954.0],[21.0],[4.0 37.0],True,False
[1782.0],[908.0 1011.0 1054.0 2015.0 2377.0 4290.0 4546.0 4860.0 5100.0 5346.0],[21.0],[2.0 3.0 4.0 5.0 6.0 7.0 11.0 19.0],False,False
[1783.0],[494.0 524.0 2986.0],[21.0],[1.0 9.0 72.0],False,False
[1784.0],[1111.0 1791.0 3062.0 3675.0],[21.0],[1.0 16.0 21.0 24.0],False,False
[1785.0],[1020.0 1047.0 1066.0 1800.0],[21.0],[19.0 21.0 32.0 34.0],False,False
[1786.0],[451.0],[21.0],[27.0],True,False
[1787.0],[1285.0 6153.0],[21.0],[6.0 32.0],True,False
[1788.0],[1225.0 1361.0 3898.0],[21.0],[3.0 16.0 46.0],False,False
[1789.0],[1791.0 3062.0 3675.0 5090.0],[21.0],[1.0 6.0 16.0 21.0],False,False
[1790.0],[1198.0 1580.0 3078.0 4086.0 4581.0],[21.0],[1.0 6.0 14.0 18.0 37.0],False,False
[1791.0],[1739.0 1995.0 2182.0 2344.0 3272.0 3641.0 5826.0 6277.0],[21.0],[1.0 7.0 9.0 11.0 25.0 36.0 38.0],False,False
[1792.0],[1027.0 2578.0 3143.0 3905.0 6129.0],[21.0],[1.0 3.0 5.0 17.0 38.0],False,False
[1793.0],[94.0],[21.0],[27.0],True,False
[1794.0],[1008.0 1140.0 5909.0],[21.0],[6.0 9.0 27.0],True,False
[1795.0],[787.0 831.0 2346.0 3632.0],[21.0],[9.0 10.0 27.0 65.0],False,False
[1796.0],[3297.0 3659.0 4073.0 5101.0 6538.0],[21.0],[6.0 9.0 20.0 38.0],False,False
[1797.0],[3661.0 3868.0 3876.0 5327.0],[21.0],[1.0 2.0 9.0 25.0],False,False
[1798.0],[1973.0 4017.0 5295.0 6917.0 7123.0 8483.0],[21.0],[1.0 6.0 7.0 8.0 13.0 18.0],False,False
[1799.0],[862.0 3043.0 4836.0],[21.0],[18.0 34.0 54.0],False,False
[1800.0],[1166.0 3716.0 4322.0 5888.0 6565.0],[21.0],[2.0 16.0 23.0 24.0 34.0],False,False
[1801.0],[3668.0 4509.0 5079.0 5568.0 5822.0 7645.0 8526.0],[21.0],[1.0 5.0 13.0 16.0 20.0 21.0],False,False
[1802.0],[2988.0 5047.0],[21.0],[20.0],False,False
[1803.0],[4055.0 5101.0 7713.0 8226.0 8635.0],[21.0],[4.0 7.0 17.0 18.0 20.0],True,False
[1804.0],[525.0 5273.0],[21.0],[20.0 33.0],False,False
[1805.0],[5092.0 5840.0 5846.0 6073.0 6733.0 7183.0 7688.0 7941.0 9350.0 9911.0],[21.0],[1.0 2.0 3.0 4.0 8.0 11.0 14.0 15.0 17.0],False,False
[1806.0],[292.0 2961.0],[21.0],[29.0 48.0],True,False
[1807.0],[5593.0 6334.0 6734.0 6777.0 7214.0 7476.0],[21.0],[2.0 4.0 6.0 7.0 15.0 17.0],False,False
[1808.0],[81.0],[21.0],[87.0],True,False
[1809.0],[5360.0 7967.0],[21.0],[24.0 56.0],True,False
[1810.0],[722.0 731.0 5298.0 6269.0 9293.0],[21.0],[2.0 4.0 37.0 42.0 58.0],False,False
[1811.0],[545.0 6022.0 7904.0],[21.0],[2.0 28.0 40.0],False,False
[1812.0],[147.0 166.0 6685.0],[21.0],[10.0 24.0 36.0],False,False
[1813.0],[6931.0 8550.0],[21.0],[2.0 32.0],False,False
[1814.0],[6974.0 7250.0 7295.0 7501.0 8008.0 8224.0],[21.0],[1.0 2.0 6.0 11.0 16.0],False,False
[1815.0],[3474.0 6074.0 6953.0 7936.0 8888.0 10138.0 11296.0],[21.0],[4.0 6.0 7.0 10.0 13.0 24.0 27.0],False,False
[1816.0],[4224.0 6487.0 7405.0 11927.0],[21.0],[12.0 13.0 14.0 17.0],False,False
[1817.0],"[2794.0 7152.0 7454.0 8181.0 8193.0 8543.0 10427.0 10432.0 11279.0 12301.0
 12688.0]",[21.0],[1.0 2.0 3.0 5.0 8.0 14.0 17.0],False,False
[1819.0],[7403.0 10709.0],[21.0],[15.0 19.0],True,False
[1820.0],[2725.0 5034.0],[21.0],[40.0 49.0],False,False
[1821.0],[4656.0 7759.0 9463.0 13948.0],[21.0],[5.0 9.0 15.0 44.0],False,False
[1822.0],[139.0 2523.0 9598.0 9833.0 13254.0],[21.0],[3.0 4.0 25.0 34.0 57.0],False,False
[1823.0],[7712.0 8590.0 13049.0],[21.0],[7.0 11.0 18.0],False,False
[1824.0],[288.0 9246.0 11925.0 12967.0],[21.0],[5.0 6.0 11.0 73.0],True,False
[1825.0],[912.0 6540.0 8601.0 8904.0 9646.0 10144.0 11278.0 13058.0 13813.0],[21.0],[5.0 7.0 9.0 12.0 18.0 23.0 27.0 34.0],False,False
[1826.0],[4502.0 7125.0 7644.0 8876.0 9299.0 10394.0 11560.0 14933.0],[21.0],[3.0 12.0 17.0 21.0 32.0],False,False
[1827.0],[5298.0 10119.0 10126.0 13350.0 14190.0 14493.0 15399.0],[21.0],[4.0 5.0 7.0 15.0 38.0 42.0 46.0],False,False
[1828.0],[8008.0 10516.0 10794.0],[21.0],[6.0 46.0 47.0],True,False
[1829.0],[6709.0 10418.0 11590.0],[21.0],[9.0 10.0 61.0],False,False
[1830.0],"[5099.0 10471.0 10763.0 11988.0 12692.0 13550.0 13794.0 13801.0 14990.0
 15807.0 16587.0 16956.0]",[21.0],[1.0 2.0 4.0 5.0 15.0 16.0 20.0 34.0],False,False
[1831.0],[3122.0 5638.0 6369.0 10780.0 11689.0],[21.0],[1.0 17.0 19.0 22.0 43.0],False,False
[1832.0],[8156.0 9861.0 11955.0 12650.0 16103.0 16922.0],[21.0],[4.0 5.0 9.0 10.0 15.0 61.0],False,False
[1833.0],[7447.0 9877.0 11280.0 12662.0 14205.0],[21.0],[1.0 2.0 17.0 18.0],False,False
[1834.0],[10102.0 11525.0],[21.0],[9.0 19.0],False,False
[1835.0],[10928.0],[21.0],[56.0],True,False
[1836.0],[8956.0],[21.0],[31.0],True,False
[1838.0],[6709.0],[21.0],[61.0],True,False
[1839.0],[10172.0 11657.0 12001.0 14612.0 14965.0 15002.0 15018.0 18917.0],[21.0],[1.0 6.0 7.0 10.0 11.0 18.0 21.0],False,False
[1840.0],[6969.0 12043.0 13071.0 15035.0 15463.0 16224.0],[21.0],[1.0 2.0 7.0 21.0 22.0],False,False
[1841.0],[1981.0 11092.0 14189.0],[21.0],[17.0 55.0],False,False
[1842.0],[9861.0 11268.0 13327.0 14465.0 14899.0 16917.0],[21.0],[6.0 7.0 9.0 18.0 61.0],False,False
[1843.0],"[6751.0 12299.0 12319.0 12671.0 13755.0 14241.0 14491.0 14497.0 14965.0
 15406.0 16567.0 16584.0 17293.0 17719.0 19605.0]",[21.0],[1.0 2.0 3.0 4.0 18.0],False,False
[1844.0],[503.0 548.0 14180.0],[21.0],[17.0 66.0 85.0],False,False
[1845.0],[13313.0],[21.0],[52.0],True,False
[1846.0],[13743.0 15402.0],[21.0],[25.0 27.0],True,False
[1847.0],[11967.0 14931.0 15725.0 18819.0 21038.0],[21.0],[11.0 12.0 19.0 27.0 29.0],False,False
[1848.0],[11689.0 14566.0 15479.0],[21.0],[17.0 37.0],False,False
[1849.0],[8120.0 14819.0 15687.0 16869.0],[21.0],[1.0 9.0 15.0 40.0],False,False
[1850.0],[12861.0 17108.0],[21.0],[4.0 27.0],True,False
[1851.0],[15073.0 16778.0],[21.0],[4.0 30.0],False,False
[1852.0],[12624.0 16500.0 18459.0 18797.0 19584.0 20175.0],[21.0],[1.0 2.0 6.0 8.0 10.0 29.0],False,False
[1853.0],[16937.0],[21.0],[23.0],False,False
[1854.0],[15455.0 16700.0 18590.0 19383.0 19663.0 20321.0 23073.0],[21.0],[3.0 5.0 11.0 13.0 24.0],False,False
[1855.0],[10105.0 12596.0 16065.0 16499.0 20162.0],[21.0],[4.0 14.0 19.0 23.0 28.0],False,False
[1856.0],[8167.0 15393.0 19585.0 21441.0],[21.0],[7.0 10.0 28.0 59.0],False,False
[1857.0],[17814.0 18198.0 22648.0 23004.0 23412.0 23765.0],[21.0],[2.0 3.0 6.0 14.0 16.0 23.0],False,False
[1858.0],[18874.0],[21.0],[21.0],True,True
[1859.0],[16159.0 20282.0 20717.0 23376.0],[21.0],[5.0 10.0 13.0 17.0],False,False
[1860.0],[653.0 12652.0 22930.0],[21.0],[26.0 47.0 74.0],True,False
[1861.0],[14493.0 14949.0 20214.0 22576.0 24081.0 26390.0],[21.0],[2.0 3.0 5.0 7.0 11.0 38.0],False,False
[1862.0],[11530.0 16062.0 20978.0 22903.0],[21.0],[1.0 10.0 17.0 55.0],False,False
[1863.0],[20168.0],[21.0],[21.0],True,True
[1864.0],[18118.0 20200.0 21022.0 24450.0 25723.0 26689.0],[21.0],[3.0 6.0 10.0 14.0 16.0 20.0],False,False
[1865.0],"[16404.0 19957.0 21191.0 21206.0 21237.0 22012.0 22732.0 23872.0 24599.0
 24919.0 25394.0 25850.0 27059.0]",[21.0],[1.0 2.0 3.0 4.0 8.0 9.0 12.0 25.0],False,False
[1866.0],[14861.0 20986.0 21813.0],[21.0],[19.0 22.0 35.0],False,False
[1867.0],[14427.0 21779.0 22896.0],[21.0],[12.0 14.0 22.0],False,False
[1868.0],[21203.0 25830.0],[21.0],[12.0 14.0],False,False
[1869.0],[15656.0 17772.0 19309.0 19900.0 25532.0],[21.0],[15.0 17.0 19.0 23.0],False,False
[1870.0],[14888.0 15708.0 19260.0 24038.0],[21.0],[11.0 12.0 34.0 36.0],False,False
[1871.0],[22924.0],[21.0],[21.0],True,True
[1872.0],[9861.0 20658.0 23341.0 25717.0 26368.0],[21.0],[1.0 7.0 10.0 14.0 61.0],False,False
[1873.0],[20145.0 23645.0 24022.0 24414.0 26336.0],[21.0],[6.0 12.0 15.0 22.0],False,False
[1874.0],[20665.0 27909.0],[21.0],[9.0 26.0],False,False
[1875.0],"[14597.0 21914.0 22624.0 23387.0 23747.0 24186.0 24902.0 25558.0 26740.0
 27956.0]",[21.0],[2.0 4.0 5.0 7.0 11.0 20.0 32.0],False,False
[1876.0],[22231.0 24031.0],[21.0],[20.0 21.0],False,False
[1877.0],[2619.0 7703.0 19634.0 28128.0],[21.0],[6.0 32.0 54.0 94.0],False,False
[1878.0],[13340.0 19860.0 25129.0],[21.0],[10.0 17.0 52.0],False,False
[1879.0],[24204.0 24898.0],[21.0],[2.0 21.0],True,False
[1880.0],[24768.0],[21.0],[21.0],True,True
[1881.0],[14914.0 24062.0],[21.0],[21.0 44.0],False,False
[1882.0],[8585.0 25176.0],[21.0],[18.0 48.0],True,False
[1883.0],[18889.0 25194.0],[21.0],[20.0 36.0],False,False
[1885.0],[22249.0 24818.0 28596.0],[21.0],[6.0 17.0 20.0],False,False
[1886.0],[21991.0 29188.0],[21.0],[1.0 27.0],False,False
[1887.0],[15821.0 21141.0 21171.0 22141.0 27125.0 27303.0 28166.0],[21.0],[4.0 6.0 7.0 8.0 15.0 22.0 25.0],False,False
[1888.0],[3840.0 18823.0 24463.0 27365.0],[21.0],[2.0 5.0 34.0 80.0],False,False
[1889.0],"[19733.0 20365.0 22961.0 23111.0 24492.0 24862.0 26179.0 27433.0 27644.0
 28310.0]",[21.0],[2.0 3.0 4.0 5.0 7.0 13.0 14.0 18.0],False,False
[1890.0],[9220.0 19546.0 29245.0],[21.0],[1.0 35.0 47.0],False,False
[1891.0],"[22215.0 23305.0 23310.0 26328.0 26869.0 26872.0 26879.0 27323.0 27863.0
 28255.0 28574.0]",[21.0],[1.0 2.0 6.0 7.0 8.0 12.0 13.0],False,False
[1892.0],[14857.0 19841.0 22909.0 25446.0 26884.0],[21.0],[12.0 14.0 26.0 27.0 31.0],False,False
[1893.0],[7092.0 16880.0 24783.0 25098.0],[21.0],[15.0 22.0 74.0],False,False
[1894.0],[13614.0 16724.0 19753.0 25404.0 28182.0 29157.0],[21.0],[2.0 7.0 12.0 29.0 34.0 39.0],False,False
[1895.0],[389.0],[20.0],[36.0],True,False
[1896.0],[525.0 5056.0],[20.0],[4.0 33.0],True,False
[1897.0],[527.0],[20.0],[22.0],True,False
[1898.0],[574.0 3236.0],[20.0],[19.0 21.0],False,False
[1899.0],[724.0 2547.0],[20.0],[15.0 28.0],False,False
[1900.0],[675.0 2760.0 4492.0],[20.0],[9.0 18.0 43.0],False,False
[1901.0],[795.0],[20.0],[46.0],True,False
[1902.0],[790.0 3014.0 5320.0],[20.0],[3.0 16.0],True,False
[1903.0],[1019.0],[20.0],[37.0],True,False
[1904.0],[1355.0 1422.0 1826.0 3717.0 3728.0],[20.0],[1.0 2.0 5.0 21.0 23.0],False,False
[1905.0],[1254.0],[20.0],[22.0],True,False
[1906.0],[1297.0 1423.0 1837.0 3343.0],[20.0],[3.0 12.0 21.0 23.0],False,False
[1909.0],[806.0 852.0 1990.0],[20.0],[15.0 37.0 38.0],False,False
[1910.0],[783.0 849.0 934.0 951.0 3021.0 3269.0 3864.0 4278.0 5814.0],[20.0],[1.0 2.0 4.0 6.0 7.0 9.0 32.0],False,False
[1911.0],[728.0],[20.0],[40.0],False,False
[1912.0],[850.0 1796.0 2353.0 2792.0 4034.0 4513.0 5827.0],[20.0],[2.0 3.0 6.0 11.0],False,False
[1913.0],[675.0 2760.0],[20.0],[18.0 43.0],False,False
[1914.0],[919.0 942.0 1782.0 2381.0 3676.0 4063.0],[20.0],[2.0 3.0 4.0 6.0 7.0 25.0],False,False
[1915.0],[1299.0 1358.0 2641.0 3127.0 5680.0 5918.0],[20.0],[1.0 4.0 5.0 6.0 12.0 21.0],False,False
[1916.0],[1013.0 2583.0 2787.0 2794.0 4039.0 5325.0 6065.0],[20.0],[4.0 5.0 13.0 17.0],False,False
[1917.0],[1241.0 1297.0 1423.0 1444.0 2267.0 2684.0 3343.0 3727.0 7299.0],[20.0],[3.0 4.0 7.0 9.0 21.0 23.0 60.0],False,False
[1918.0],[523.0 666.0 718.0 2546.0 3623.0 4799.0 7912.0],[20.0],[2.0 10.0 12.0 18.0 29.0 68.0],False,False
[1919.0],[1684.0 2515.0 4443.0 5032.0 5253.0],[20.0],[1.0 7.0 8.0 13.0 17.0],False,False
[1920.0],[951.0 2352.0 4030.0 4042.0 5836.0 5865.0 6075.0 7173.0 7936.0],[20.0],[2.0 5.0 6.0 7.0 10.0 11.0 12.0 18.0 32.0],False,False
[1921.0],[3280.0 4824.0 5321.0 5323.0 6924.0 7161.0 7647.0 8564.0 8898.0],[20.0],[1.0 4.0 8.0 9.0 11.0],False,False
[1922.0],[2823.0 4253.0 4254.0 6083.0 6737.0 6950.0 7912.0 8156.0 8569.0],[20.0],[2.0 4.0 5.0 7.0 9.0 10.0 12.0 21.0],False,False
[1923.0],[4259.0 4482.0 5286.0],[20.0],[8.0 26.0 30.0],True,False
[1924.0],"[1111.0 4048.0 5090.0 5625.0 5626.0 5867.0 6109.0 7181.0 7209.0 7663.0
 7933.0 9104.0 9345.0 9668.0]",[20.0],[1.0 3.0 4.0 6.0 14.0 15.0 24.0],False,False
[1925.0],[402.0 2534.0 6248.0],[20.0],[20.0 42.0 99.0],False,False
[1926.0],[3062.0 3465.0 4048.0 5090.0 6282.0 7663.0 7927.0 8563.0 9301.0],[20.0],[3.0 4.0 6.0 10.0 14.0 21.0],False,False
[1927.0],[3238.0 5782.0 6703.0],[20.0],[5.0 11.0 16.0],True,False
[1928.0],[2747.0 3623.0 4254.0 7912.0 8153.0 8156.0 9281.0],[20.0],[6.0 7.0 9.0 12.0 29.0 52.0],False,False
[1929.0],[243.0 6001.0 6490.0],[20.0],[16.0 46.0 73.0],True,False
[1930.0],[141.0 5492.0],[20.0],[32.0 39.0],True,False
[1931.0],[2747.0 3623.0 7912.0 8153.0 8156.0 9861.0],[20.0],[9.0 12.0 29.0 52.0 61.0],False,False
[1932.0],[6119.0 6955.0 7217.0 7973.0 8937.0],[20.0],[1.0 5.0 6.0 11.0 44.0],False,False
[1933.0],[4318.0 5833.0 6307.0 6747.0 7694.0 8213.0 8916.0 9674.0 10459.0 10978.0],[20.0],[3.0 8.0 10.0 12.0 13.0 14.0 24.0 44.0],False,False
[1934.0],[80.0 7581.0 10356.0],[20.0],[17.0 36.0 42.0],False,False
[1935.0],[7279.0 8286.0 8291.0 8714.0 9455.0 9737.0],[20.0],[2.0 5.0 9.0 10.0 11.0 14.0],False,False
[1936.0],[1958.0 3239.0 8480.0 8481.0],[20.0],[3.0 14.0 15.0 38.0],False,False
[1937.0],"[3062.0 6117.0 6749.0 7172.0 8209.0 8221.0 8563.0 9104.0 9871.0 10465.0
 11306.0 11623.0 11968.0 13409.0]",[20.0],[1.0 2.0 3.0 4.0 9.0 13.0 14.0 21.0 39.0],False,False
[1939.0],[8656.0 8683.0 10537.0 11332.0],[20.0],[5.0 12.0 22.0 30.0],False,False
[1940.0],[764.0 2181.0 10128.0 10945.0],[20.0],[8.0 24.0 34.0 53.0],False,False
[1941.0],[1132.0 7688.0 7984.0 9911.0 11619.0 13039.0 13395.0 13424.0],[20.0],[2.0 3.0 4.0 6.0 15.0 17.0 72.0],False,False
[1942.0],[523.0 3623.0 7912.0 8153.0 8869.0 13327.0 14465.0 14899.0],[20.0],[6.0 7.0 9.0 10.0 12.0 29.0 68.0],False,False
[1943.0],[3624.0 9056.0 10935.0 11260.0 14000.0 14914.0],[20.0],[8.0 10.0 44.0 47.0],False,False
[1944.0],[8585.0 9915.0 12311.0 14007.0],[20.0],[5.0 17.0 20.0 48.0],False,False
[1945.0],[8531.0 9890.0],[20.0],[19.0 57.0],False,False
[1946.0],[2817.0 5668.0 8656.0 10878.0 11173.0],[20.0],[4.0 5.0 22.0 30.0 33.0],True,False
[1947.0],[2980.0],[20.0],[86.0],True,False
[1948.0],[9410.0 10189.0 11046.0 12436.0 13150.0 13542.0],[20.0],[3.0 6.0 7.0 8.0 16.0 27.0],False,False
[1949.0],[11345.0],[20.0],[20.0],True,True
[1950.0],[11527.0],[20.0],[57.0],True,False
[1951.0],"[6117.0 11623.0 11968.0 12355.0 12725.0 13075.0 13409.0 13811.0 14502.0
 15433.0 16968.0]",[20.0],[1.0 2.0 7.0 10.0 11.0 39.0],False,False
[1952.0],[8226.0 9357.0 9420.0 12047.0 14267.0 18995.0],[20.0],[2.0 14.0 17.0 20.0 21.0 33.0],False,False
[1953.0],[9105.0 15062.0 16185.0 18199.0 18948.0],[20.0],[1.0 5.0 7.0 11.0 27.0],False,False
[1954.0],[12268.0],[20.0],[21.0],True,False
[1955.0],[8492.0 12995.0 16101.0],[20.0],[3.0 30.0 34.0],True,False
[1956.0],[12269.0 12991.0 14469.0 14911.0 15386.0],[20.0],[2.0 7.0 9.0 14.0 23.0],False,False
[1957.0],[6894.0 14438.0],[20.0],[17.0 34.0],False,False
[1958.0],[14163.0 14419.0],[20.0],[2.0 19.0],True,False
[1959.0],[9105.0 15018.0 16185.0 18199.0 19651.0],[20.0],[1.0 7.0 10.0 27.0],False,False
[1960.0],[14502.0 15433.0 16601.0 17735.0 17747.0 21914.0],[20.0],[1.0 2.0 10.0 11.0 15.0 18.0],False,False
[1961.0],[9890.0 15403.0 16159.0],[20.0],[17.0 19.0 36.0],False,False
[1962.0],[5290.0 14188.0 14474.0 14488.0 14495.0 16129.0 20664.0 21850.0],[20.0],[2.0 5.0 7.0 9.0 10.0 11.0 12.0 54.0],False,False
[1963.0],[14174.0],[20.0],[24.0],True,False
[1964.0],[15405.0 17711.0 21056.0],[20.0],[3.0 7.0 16.0],False,False
[1965.0],[3432.0 7108.0 16504.0 19262.0 21824.0],[20.0],[3.0 5.0 22.0 41.0 88.0],False,False
[1966.0],[15692.0 16470.0 19541.0],[20.0],[6.0 16.0 21.0],False,False
[1968.0],[14858.0],[20.0],[23.0],False,False
[1969.0],[12069.0 15149.0],[20.0],[27.0 31.0],True,False
[1970.0],[16682.0],[20.0],[21.0],False,False
[1971.0],[11986.0 14005.0 14036.0 14208.0 17018.0 18880.0 21121.0 21908.0 21925.0],[20.0],[6.0 8.0 12.0 15.0 16.0 22.0 23.0],False,False
[1972.0],"[2747.0 15705.0 17255.0 19257.0 20154.0 20631.0 21426.0 21820.0 22918.0
 23660.0]",[20.0],[1.0 2.0 3.0 5.0 7.0 12.0 14.0 52.0],False,False
[1973.0],[16129.0 16197.0 18198.0 18533.0 18886.0 22301.0],[20.0],[4.0 5.0 10.0 16.0],False,False
[1975.0],[8937.0 11655.0 17387.0 21930.0],[20.0],[4.0 9.0 29.0 44.0],False,False
[1976.0],[6262.0 18460.0],[20.0],[18.0 45.0],True,False
[1977.0],[3840.0 7644.0 16116.0 16528.0 20201.0 20678.0 22562.0 22941.0 24456.0],[20.0],[1.0 3.0 9.0 14.0 21.0 32.0 80.0],False,False
[1978.0],[5298.0 16547.0 18834.0],[20.0],[18.0 42.0],False,False
[1979.0],[15466.0],[20.0],[42.0],True,False
[1980.0],[5026.0 19543.0 21382.0],[20.0],[13.0 35.0 83.0],False,False
[1981.0],[15402.0 15731.0 20233.0 21049.0],[20.0],[16.0 17.0 24.0 25.0],False,False
[1982.0],[14525.0 17310.0 18877.0 20699.0 24092.0 24833.0 25157.0],[20.0],[2.0 3.0 8.0 12.0 20.0 23.0],False,False
[1983.0],[5290.0 8151.0 14891.0 20173.0 24434.0],[20.0],[2.0 7.0 23.0 42.0 54.0],False,False
[1984.0],[19914.0 21145.0 26027.0 26483.0],[20.0],[3.0 10.0 17.0],False,False
[1985.0],[17645.0 18450.0 21812.0],[20.0],[19.0 23.0 25.0],False,False
[1986.0],[14523.0],[20.0],[46.0],True,False
[1987.0],[17230.0 18753.0 21756.0 22498.0 27162.0],[20.0],[9.0 11.0 14.0 17.0 34.0],False,False
[1988.0],[9833.0 17597.0 18749.0 20962.0 21781.0 23618.0],[20.0],[2.0 4.0 10.0 11.0 34.0 35.0],False,False
[1989.0],[20275.0 22276.0 22983.0 23713.0 24468.0 27191.0],[20.0],[2.0 7.0 9.0 12.0 13.0 14.0],False,False
[1990.0],[13276.0 20976.0 24421.0],[20.0],[18.0],False,False
[1991.0],[19296.0 21479.0 27202.0],[20.0],[7.0 8.0 16.0],True,False
[1992.0],[6528.0 23697.0],[20.0],[19.0 57.0],False,False
[1993.0],[15095.0 18281.0 23805.0],[20.0],[15.0 18.0 39.0],False,False
[1994.0],[23816.0],[20.0],[20.0],True,True
[1995.0],[9861.0 20658.0 22953.0 23341.0 26368.0 26379.0 26921.0 28109.0],[20.0],[1.0 4.0 7.0 10.0 61.0],False,False
[1996.0],[14934.0 24091.0 24823.0 26695.0],[20.0],[2.0 12.0 18.0 30.0],False,False
[1997.0],[13614.0 16724.0 25404.0 28182.0 29157.0],[20.0],[2.0 7.0 12.0 29.0 39.0],False,False
[1998.0],[17615.0 18750.0 20955.0 24012.0 25077.0 26665.0 29071.0],[20.0],[1.0 4.0 10.0 15.0 20.0 22.0 23.0],False,False
[1999.0],[423.0 24783.0 25098.0 26149.0],[20.0],[7.0 15.0 95.0],False,False
[2000.0],[21122.0 24132.0 24227.0 24840.0 24842.0 26708.0 27392.0 27689.0 27947.0],[20.0],[1.0 3.0 4.0 8.0 9.0 10.0 12.0],False,False
[2001.0],[22278.0 22303.0],[20.0],[13.0 21.0],False,False
[2002.0],[18755.0 25441.0],[20.0],[16.0 20.0],False,False
[2003.0],[320.0 16047.0],[20.0],[36.0 97.0],False,False
[2004.0],[9238.0 25448.0],[20.0],[18.0 47.0],True,False
[2005.0],[12595.0 20148.0 22914.0 25705.0],[20.0],[3.0 16.0 21.0 50.0],False,False
[2006.0],[535.0],[20.0],[99.0],True,False
[2007.0],[16907.0 25118.0],[20.0],[19.0 32.0],False,False
[2008.0],[25125.0],[20.0],[20.0],True,True
[2009.0],[3840.0 18823.0 19292.0 21866.0 26918.0 27365.0 27367.0 27914.0 29103.0],[20.0],[1.0 2.0 3.0 4.0 5.0 14.0 31.0 34.0 80.0],False,False
[2010.0],[19730.0 21898.0 25987.0],[20.0],[10.0 18.0 22.0],False,False
[2012.0],[19931.0 23038.0 26188.0],[20.0],[2.0 23.0 26.0],False,False
[2013.0],[17675.0 24067.0 26164.0 26378.0],[20.0],[1.0 5.0 16.0 37.0],False,False
[2014.0],"[700.0 25479.0 26399.0 26691.0 26920.0 27188.0 27379.0 27956.0 28115.0
 28334.0 28647.0 28936.0 29324.0]",[20.0],[1.0 2.0 3.0 4.0 5.0 6.0 9.0 80.0],False,False
[2015.0],[10811.0 22665.0 24914.0 25256.0 27440.0 27667.0 28156.0],[20.0],[1.0 3.0 4.0 7.0 10.0 18.0 53.0],False,False
[2016.0],[141.0 3807.0],[19.0],[5.0 32.0],True,False
[2017.0],[307.0],[19.0],[19.0],True,True
[2018.0],[344.0],[19.0],[25.0],True,False
[2019.0],[645.0],[19.0],[19.0],True,True
[2020.0],[705.0 2767.0],[19.0],[17.0 33.0],True,False
[2021.0],[1148.0 3507.0],[19.0],[8.0 17.0],True,False
[2022.0],[172.0 4448.0],[19.0],[17.0 51.0],False,False
[2023.0],[1078.0 1151.0],[19.0],[1.0 97.0],True,False
[2024.0],[507.0 560.0],[19.0],[10.0 19.0],False,False
[2025.0],[804.0 1762.0 2779.0 3854.0],[19.0],[5.0 6.0 7.0 14.0],False,False
[2026.0],[185.0 1675.0 1676.0 1922.0 3601.0],[19.0],[2.0 5.0 6.0 20.0 32.0],False,False
[2027.0],[640.0 641.0 2758.0],[19.0],[1.0 12.0 42.0],False,False
[2028.0],[330.0 429.0 2314.0 4002.0],[19.0],[1.0 2.0 10.0 63.0],False,False
[2029.0],[666.0 718.0 2546.0],[19.0],[10.0 12.0 18.0],False,False
[2030.0],[1399.0 2054.0 3726.0 4124.0 4600.0],[19.0],[2.0 3.0 4.0 9.0 12.0],False,False
[2031.0],[1939.0 2324.0],[19.0],[14.0 17.0],True,False
[2032.0],[1821.0 3716.0],[19.0],[16.0 20.0],True,False
[2033.0],[644.0 2336.0 2544.0 3626.0],[19.0],[2.0 6.0 11.0 22.0],True,False
[2034.0],[1121.0 2823.0 3677.0 6083.0],[19.0],[3.0 10.0 21.0],False,False
[2035.0],[395.0 2730.0 2732.0],[19.0],[14.0 19.0 29.0],False,False
[2036.0],[2302.0 2526.0 4752.0 5255.0],[19.0],[6.0 11.0 16.0 25.0],False,False
[2037.0],[2804.0 2823.0 3017.0 4253.0 4254.0 6737.0 6950.0],[19.0],[2.0 3.0 4.0 5.0 7.0 21.0],False,False
[2038.0],[89.0 142.0 3598.0 6225.0],[19.0],[9.0 10.0 13.0 28.0],False,False
[2039.0],[542.0 661.0],[19.0],[12.0 26.0],False,False
[2040.0],[141.0 3201.0 6682.0],[19.0],[2.0 6.0 32.0],True,False
[2041.0],[3218.0],[19.0],[19.0],True,True
[2042.0],[2200.0 4893.0 6563.0],[19.0],[1.0 13.0 23.0],True,False
[2043.0],[1219.0 4077.0],[19.0],[16.0 27.0],False,False
[2044.0],[869.0 2792.0 3273.0 3454.0 5611.0],[19.0],[2.0 11.0 14.0 16.0],False,False
[2045.0],[1772.0 3280.0 5323.0],[19.0],[8.0 11.0 23.0],False,False
[2046.0],[1143.0 3884.0 4334.0 4607.0 5146.0 5621.0],[19.0],[3.0 4.0 13.0 19.0 38.0],False,False
[2047.0],[1400.0 2486.0 4419.0 4420.0 4933.0 4970.0 6149.0 6165.0 6979.0 7757.0],[19.0],[3.0 4.0 5.0 7.0 11.0 12.0 13.0 18.0],False,False
[2048.0],[3066.0 4862.0 6338.0 6339.0 6540.0 6548.0 9084.0],[19.0],[4.0 6.0 14.0 15.0 16.0 22.0 27.0],False,False
[2049.0],[4449.0 5259.0],[19.0],[2.0 19.0],False,False
[2050.0],[647.0 5294.0 7122.0],[19.0],[12.0 15.0 17.0],False,False
[2051.0],[1838.0 5117.0 6369.0 7264.0],[19.0],[1.0 15.0 22.0 32.0],False,False
[2052.0],[4577.0 5357.0 6341.0 6554.0 6752.0 6777.0 9089.0],[19.0],[2.0 4.0 10.0 12.0 15.0],False,False
[2053.0],[831.0 2346.0 8163.0],[19.0],[7.0 27.0 65.0],False,False
[2054.0],[3994.0 4450.0 5518.0 6694.0 6698.0],[19.0],[4.0 7.0 13.0 14.0 15.0],False,False
[2055.0],[4572.0 5890.0 6124.0 7234.0 9953.0 10523.0],[19.0],[2.0 11.0 15.0 16.0 22.0 26.0],False,False
[2056.0],[1732.0 6503.0],[19.0],[17.0 22.0],False,False
[2057.0],[5253.0 5495.0 5518.0 6225.0 7894.0 8424.0 9233.0 9829.0 10920.0],[19.0],[1.0 3.0 8.0 13.0 14.0 18.0 23.0],False,False
[2058.0],[3141.0 7525.0 8018.0 8716.0],[19.0],[4.0 9.0 12.0 19.0],False,False
[2059.0],[5813.0 6725.0 10408.0],[19.0],[2.0 17.0 22.0],False,False
[2060.0],[809.0 4800.0 8171.0 9057.0 11263.0],[19.0],[4.0 31.0 42.0 45.0 64.0],False,False
[2061.0],[6322.0 6732.0 11650.0],[19.0],[10.0 13.0 18.0],True,False
[2062.0],[4450.0 5518.0 6698.0 7600.0],[19.0],[13.0 14.0 15.0 41.0],False,False
[2063.0],[6075.0 8889.0 10955.0 11294.0 11621.0 11983.0 12014.0],[19.0],[4.0 6.0 11.0 16.0 18.0],False,False
[2064.0],[7671.0 8546.0 8918.0 9645.0 10419.0 11106.0 13034.0],[19.0],[2.0 3.0 7.0 9.0 11.0 13.0],False,False
[2065.0],[4318.0 7672.0 7694.0 8213.0 8598.0 9884.0 10156.0 10978.0 13060.0],[19.0],[4.0 8.0 10.0 11.0 13.0 37.0 44.0 59.0],False,False
[2066.0],[726.0 4502.0 7125.0 9299.0 13728.0],[19.0],[11.0 12.0 17.0 35.0],False,False
[2067.0],[6931.0 8183.0],[19.0],[20.0 32.0],False,False
[2068.0],[6538.0 6751.0 6931.0 7675.0 9650.0 12319.0],[19.0],[4.0 7.0 9.0 18.0 32.0],False,False
[2069.0],[1192.0 9105.0 11400.0 12383.0 13563.0],[19.0],[8.0 12.0 27.0 43.0 51.0],False,False
[2070.0],[653.0],[19.0],[74.0],True,False
[2071.0],[9250.0 13264.0],[19.0],[5.0 20.0],True,False
[2072.0],[640.0 2754.0 4008.0 6700.0 11948.0],[19.0],[9.0 12.0 39.0 42.0],False,False
[2073.0],"[7964.0 9344.0 9352.0 10454.0 10464.0 11106.0 11627.0 11663.0 12691.0
 13809.0 14228.0]",[19.0],[1.0 2.0 4.0 5.0 6.0 8.0 13.0],False,False
[2074.0],[1192.0 5593.0 9117.0 11131.0 12383.0 15082.0],[19.0],[6.0 17.0 18.0 32.0 43.0 51.0],False,False
[2075.0],[9105.0],[19.0],[27.0],False,False
[2076.0],[5495.0 8838.0 9829.0 10918.0 11220.0],[19.0],[3.0 17.0 18.0 20.0 23.0],False,False
[2077.0],[9915.0],[19.0],[20.0],True,False
[2079.0],[6703.0 10937.0 14901.0],[19.0],[7.0 13.0 16.0],False,False
[2080.0],[9394.0 10775.0 11114.0 11645.0 14019.0],[19.0],[3.0 12.0 22.0 58.0 62.0],False,False
[2081.0],[5788.0 11563.0 11951.0 12614.0],[19.0],[10.0 15.0 16.0 28.0],False,False
[2082.0],"[10740.0 11290.0 11657.0 11995.0 12001.0 12299.0 12334.0 13361.0 14497.0
 14955.0 14965.0 17287.0]",[19.0],[1.0 2.0 4.0 6.0 7.0 9.0 18.0],False,False
[2083.0],[8513.0 8526.0 11966.0 14003.0],[19.0],[3.0 16.0 20.0],False,False
[2084.0],[11912.0 12570.0 13251.0 14823.0 16871.0],[19.0],[2.0 4.0 5.0 9.0 12.0],False,False
[2085.0],[12224.0 12225.0 13687.0],[19.0],[15.0 28.0 34.0],False,False
[2086.0],[6976.0 10530.0 13511.0 13523.0 17389.0 17830.0 18275.0],[19.0],[1.0 2.0 3.0 10.0 13.0 32.0],False,False
[2087.0],"[706.0 9302.0 11256.0 13018.0 13331.0 14479.0 14926.0 15413.0 16527.0
 17675.0 17705.0 18477.0]",[19.0],[1.0 2.0 3.0 18.0 37.0 40.0 97.0],False,False
[2088.0],[12360.0 14244.0],[19.0],[17.0 22.0],True,False
[2089.0],[2346.0 11962.0 14502.0 18143.0],[19.0],[4.0 10.0 11.0 65.0],False,False
[2090.0],[8855.0 12595.0 14859.0 15705.0 16891.0],[19.0],[4.0 12.0 15.0 17.0 50.0],False,False
[2092.0],[5099.0 11988.0 14996.0 16986.0],[19.0],[6.0 9.0 20.0 34.0],True,False
[2093.0],[571.0 13721.0 14456.0 16084.0 18804.0],[19.0],[2.0 6.0 7.0 9.0 64.0],False,False
[2094.0],[4448.0 13696.0],[19.0],[18.0 51.0],True,False
[2095.0],[6777.0 13052.0 13376.0 14525.0 17323.0 17752.0],[19.0],[3.0 8.0 10.0 12.0 15.0],False,False
[2096.0],[7139.0 14191.0],[19.0],[28.0 72.0],False,False
[2097.0],[2986.0 14888.0],[19.0],[34.0 72.0],False,False
[2098.0],"[12365.0 13461.0 13486.0 13835.0 14238.0 14275.0 16186.0 16214.0 17339.0
 17818.0 18204.0 18528.0 18537.0 18544.0 19646.0 20569.0 20718.0]",[19.0],[1.0 2.0 3.0 4.0 6.0 7.0 8.0 13.0],False,False
[2099.0],[543.0 15376.0 18464.0 19578.0],[19.0],[7.0 8.0 37.0 61.0],True,False
[2100.0],[320.0 16047.0 17618.0],[19.0],[36.0 38.0 97.0],False,False
[2101.0],[13747.0],[19.0],[29.0],True,False
[2102.0],[946.0 17318.0 20275.0 23376.0],[19.0],[7.0 10.0 17.0 67.0],False,False
[2103.0],"[16941.0 17293.0 17700.0 17720.0 18130.0 18131.0 19412.0 19605.0 19867.0
 20221.0 21047.0 21457.0 22589.0]",[19.0],[1.0 2.0 3.0 4.0 8.0],False,False
[2104.0],[3855.0 14939.0 18126.0 18494.0 19283.0 21866.0 22966.0 24083.0],[19.0],[1.0 2.0 10.0 12.0 14.0 17.0 55.0],False,False
[2105.0],[9238.0 15331.0],[19.0],[41.0 47.0],False,False
[2106.0],[12054.0 13076.0 14261.0 17822.0 17853.0 18974.0 19335.0 19353.0],[19.0],[2.0 6.0 7.0 8.0 9.0 33.0],False,False
[2107.0],[523.0 11247.0 14888.0 15708.0 24044.0],[19.0],[5.0 22.0 34.0 36.0 68.0],False,False
[2108.0],[3840.0 16116.0 16117.0 18121.0 20201.0 20202.0 22562.0 22941.0],[19.0],[1.0 2.0 3.0 6.0 9.0 80.0],False,False
[2109.0],[14965.0 15018.0 19624.0 22993.0 24132.0 24840.0],[19.0],[3.0 4.0 10.0 12.0 18.0],False,False
[2110.0],"[16165.0 17828.0 19100.0 19715.0 19953.0 21591.0 22375.0 22380.0 23809.0
 23853.0]",[19.0],[3.0 4.0 5.0 7.0 8.0 9.0 10.0 12.0],False,False
[2111.0],[15717.0],[19.0],[38.0],True,False
[2112.0],[10940.0 15391.0],[19.0],[25.0 26.0],True,False
[2113.0],[11150.0 14597.0 17838.0 20774.0 21155.0 23418.0 25558.0],[19.0],[1.0 2.0 8.0 12.0 32.0 51.0],False,False
[2114.0],[20130.0 21399.0 24014.0],[19.0],[7.0 12.0 15.0],False,False
[2115.0],[7897.0 18060.0 21397.0 23316.0],[19.0],[8.0 9.0 10.0 65.0],False,False
[2116.0],[2986.0 6911.0 14888.0 21428.0 24441.0 26679.0],[19.0],[1.0 5.0 11.0 34.0 72.0 73.0],False,False
[2117.0],[18468.0 26918.0],[19.0],[4.0 25.0],False,False
[2118.0],[16047.0 17618.0 22519.0],[19.0],[13.0 36.0 38.0],False,False
[2119.0],[17623.0 20604.0 24015.0 25935.0],[19.0],[12.0 16.0 30.0],False,False
[2120.0],[20653.0 22240.0],[19.0],[7.0 18.0],False,False
[2121.0],[17747.0 19319.0 21914.0 22999.0 23387.0 25479.0 25982.0 27406.0],[19.0],[1.0 5.0 7.0 11.0 12.0 15.0 20.0],False,False
[2122.0],[19691.0 19919.0 23422.0 24923.0 27238.0],[19.0],[2.0 13.0 14.0 20.0 21.0],False,False
[2123.0],[21465.0 25979.0],[19.0],[8.0 29.0],True,False
[2124.0],[407.0 19250.0 24035.0 25092.0 25713.0],[19.0],[1.0 10.0 27.0 98.0],False,False
[2125.0],[14861.0 23624.0 27162.0],[19.0],[9.0 17.0 35.0],False,False
[2126.0],[11070.0 24766.0],[19.0],[19.0 52.0],False,False
[2127.0],[18587.0 21958.0 24554.0 24882.0 25517.0 25787.0],[19.0],[2.0 8.0 11.0 12.0 18.0],False,False
[2128.0],[19662.0 21122.0 21954.0 23817.0 27254.0 27427.0 27947.0 28655.0],[19.0],[2.0 4.0 5.0 7.0 8.0 9.0 32.0],False,False
[2129.0],[15223.0 18583.0 23885.0 25584.0 26534.0 26797.0],[19.0],[2.0 5.0 6.0 10.0 12.0 43.0],False,False
[2130.0],[20976.0 24421.0],[19.0],[18.0],False,False
[2131.0],[385.0 24034.0],[19.0],[19.0 90.0],False,False
[2132.0],[10928.0 24432.0 28099.0],[19.0],[4.0 17.0 56.0],False,False
[2133.0],[24410.0 27329.0],[19.0],[10.0 22.0],True,False
[2134.0],[17964.0 22785.0 23200.0 25561.0 25851.0 27486.0 27504.0 28038.0],[19.0],[2.0 5.0 6.0 10.0 11.0 17.0],False,False
[2135.0],[9861.0 21443.0 26379.0 26921.0 27366.0 27905.0 28109.0],[19.0],[1.0 2.0 4.0 6.0 7.0 9.0 61.0],False,False
[2136.0],[24763.0],[19.0],[21.0],True,False
[2137.0],[11520.0 23619.0 26661.0],[19.0],[14.0 40.0],False,False
[2138.0],[16053.0 20159.0 25451.0 26339.0],[19.0],[9.0 12.0 30.0 40.0],False,False
[2139.0],[11530.0 13274.0 22903.0 27608.0],[19.0],[10.0 37.0 55.0],False,False
[2140.0],[1951.0 24433.0],[19.0],[21.0 82.0],False,False
[2141.0],[14888.0 15708.0 24441.0],[19.0],[5.0 34.0 36.0],False,False
[2142.0],[22233.0],[19.0],[25.0],True,False
[2143.0],[700.0 14914.0 26920.0 27188.0 28602.0],[19.0],[5.0 6.0 9.0 44.0 80.0],False,False
[2144.0],[21908.0 22603.0 22728.0 25976.0 28130.0 28396.0],[19.0],[2.0 4.0 8.0 15.0 21.0 22.0],True,False
[2147.0],[550.0 26908.0],[19.0],[6.0 99.0],False,False
[2148.0],[18468.0 19292.0 21866.0 25954.0 26918.0 27914.0 29103.0 29571.0],[19.0],[1.0 2.0 3.0 4.0 14.0 25.0 31.0],False,False
[2149.0],[8585.0 25176.0],[19.0],[18.0 48.0],False,False
[2150.0],[448.0 1701.0],[18.0],[17.0 33.0],False,False
[2151.0],[522.0 530.0],[18.0],[16.0 95.0],True,False
[2152.0],[517.0 575.0],[18.0],[17.0 91.0],False,False
[2153.0],[646.0 647.0 3437.0],[18.0],[10.0 11.0 15.0],False,False
[2154.0],[666.0 5293.0],[18.0],[10.0 18.0],True,False
[2155.0],[806.0 1990.0],[18.0],[15.0 37.0],True,False
[2156.0],[861.0],[18.0],[18.0],True,True
[2157.0],[854.0],[18.0],[18.0],True,True
[2158.0],[1392.0 2886.0 3766.0],[18.0],[9.0 11.0 21.0],True,False
[2159.0],[600.0],[18.0],[18.0],True,True
[2160.0],[777.0 828.0],[18.0],[15.0 35.0],False,False
[2161.0],[1145.0 3503.0],[18.0],[9.0 25.0],True,False
[2162.0],[1048.0 2400.0 3486.0],[18.0],[4.0 8.0 9.0],False,False
[2165.0],[1366.0 2053.0 2234.0 3113.0 3331.0 4615.0 5662.0],[18.0],[1.0 3.0 5.0 8.0 14.0 15.0],False,False
[2166.0],[1740.0 2755.0 2756.0],[18.0],[7.0 12.0 24.0],False,False
[2167.0],[1146.0 2597.0 3078.0 5352.0],[18.0],[1.0 2.0 5.0 18.0],False,False
[2168.0],[523.0 2332.0],[18.0],[11.0 68.0],True,False
[2169.0],[1435.0 1492.0 1853.0 2888.0 3924.0 5176.0],[18.0],[1.0 4.0 6.0 11.0 20.0 30.0],False,False
[2170.0],[792.0 881.0 3016.0 3023.0 4503.0 5307.0 6289.0],[18.0],[2.0 7.0 11.0 12.0],False,False
[2171.0],[283.0 2725.0],[18.0],[14.0 40.0],False,False
[2172.0],"[938.0 3038.0 3044.0 3056.0 3859.0 4510.0 4516.0 5835.0 6040.0 6721.0
 7166.0]",[18.0],[1.0 3.0 4.0 6.0 7.0 12.0 21.0],False,False
[2173.0],[1752.0 5071.0 6275.0 7632.0],[18.0],[1.0 41.0],False,False
[2174.0],[3449.0 5312.0 5550.0 6708.0],[18.0],[2.0 13.0 14.0 19.0],False,False
[2175.0],[3081.0 3302.0 3876.0 4061.0 4308.0 4543.0 6107.0 6334.0],[18.0],[2.0 3.0 5.0 6.0 7.0 15.0],False,False
[2177.0],[957.0 2809.0 4301.0 7674.0],[18.0],[13.0 18.0 19.0 34.0],False,False
[2178.0],[3141.0 4370.0 7525.0],[18.0],[3.0 4.0 19.0],True,False
[2179.0],[1666.0 2145.0 4443.0 5748.0 6881.0 7580.0],[18.0],[4.0 8.0 10.0 12.0 15.0],False,False
[2180.0],[303.0 3998.0],[18.0],[25.0 38.0],False,False
[2181.0],[2334.0 4488.0 8154.0],[18.0],[5.0 29.0],False,False
[2182.0],[2072.0 3918.0 4127.0],[18.0],[2.0 3.0 25.0],True,False
[2183.0],[3654.0 4270.0 4817.0 4824.0 5321.0 5323.0 6924.0 7647.0],[18.0],[1.0 3.0 4.0 5.0 8.0 11.0],False,False
[2184.0],[2886.0 3766.0],[18.0],[11.0 21.0],True,False
[2185.0],[4194.0],[18.0],[21.0],True,False
[2186.0],[4025.0 4266.0 5557.0 5806.0 6033.0 6059.0 7641.0 8560.0],[18.0],[1.0 3.0 4.0 5.0 6.0 9.0 15.0],False,False
[2187.0],[896.0],[18.0],[35.0],True,False
[2188.0],[872.0 2569.0 5315.0 5812.0 6709.0 9647.0],[18.0],[3.0 22.0 25.0 61.0],True,False
[2189.0],[1849.0 5678.0 10000.0],[18.0],[4.0 7.0 32.0],False,False
[2190.0],[5100.0 5346.0 5858.0],[18.0],[4.0 7.0 18.0],False,False
[2191.0],[154.0],[18.0],[37.0],True,False
[2192.0],[389.0 3619.0],[18.0],[36.0 60.0],False,False
[2193.0],[4382.0 6776.0 6999.0 7503.0 7794.0],[18.0],[1.0 3.0 11.0 20.0],False,False
[2195.0],[288.0 344.0 5040.0],[18.0],[10.0 25.0 73.0],True,False
[2196.0],[1687.0 2732.0 5044.0 9254.0],[18.0],[12.0 18.0 29.0 32.0],False,False
[2197.0],[3661.0 5323.0 5327.0 8898.0 10740.0],[18.0],[4.0 9.0 11.0 25.0],False,False
[2198.0],[544.0],[18.0],[75.0],True,False
[2199.0],[5099.0 6524.0 8190.0 10763.0 11974.0],[18.0],[8.0 12.0 16.0 34.0],False,False
[2200.0],"[4574.0 4928.0 4972.0 6390.0 6662.0 7497.0 7866.0 8373.0 8738.0 9483.0
 9729.0 9985.0 10341.0]",[18.0],[1.0 6.0 7.0 8.0 9.0 12.0 13.0 17.0 18.0 33.0 60.0],False,False
[2201.0],[6751.0 7675.0 8564.0 8898.0 9650.0 10434.0 10740.0 11580.0],[18.0],[1.0 4.0 7.0 9.0 18.0],False,False
[2202.0],[6719.0 8513.0 8884.0 9316.0 9881.0],[18.0],[1.0 2.0 7.0 16.0 26.0],False,False
[2203.0],[3870.0 8194.0 9661.0],[18.0],[2.0 18.0 29.0],False,False
[2204.0],[3716.0 8216.0 9386.0 11326.0 12363.0],[18.0],[1.0 8.0 13.0 16.0 52.0],False,False
[2205.0],[3207.0 4767.0 8133.0 10077.0],[18.0],[12.0 15.0 34.0 53.0],False,False
[2206.0],[3608.0 7088.0 9610.0],[18.0],[9.0 32.0 42.0],False,False
[2207.0],[6909.0 11530.0 11533.0],[18.0],[4.0 21.0 55.0],False,False
[2208.0],[678.0 8883.0 12658.0 13332.0],[18.0],[3.0 5.0 45.0 68.0],True,False
[2209.0],[130.0 2519.0 11070.0],[18.0],[27.0 52.0 92.0],False,False
[2210.0],[8853.0 9846.0],[18.0],[15.0 27.0],False,False
[2211.0],[561.0 9616.0],[18.0],[14.0 98.0],False,False
[2212.0],"[571.0 7616.0 9293.0 11261.0 11543.0 11947.0 12272.0 12612.0 12624.0
 12993.0 13303.0 14458.0]",[18.0],[1.0 2.0 3.0 4.0 13.0 29.0 64.0],False,False
[2213.0],[9888.0],[18.0],[19.0],True,False
[2214.0],[10178.0 11135.0],[18.0],[4.0 15.0],True,False
[2215.0],[134.0 6229.0 10698.0],[18.0],[15.0 23.0 33.0],False,False
[2216.0],[5903.0 12806.0],[18.0],[7.0 32.0],False,False
[2217.0],[2267.0 7238.0 10840.0 12458.0 13553.0],[18.0],[3.0 5.0 9.0 23.0 60.0],False,False
[2218.0],[794.0 9310.0 11576.0],[18.0],[3.0 17.0 73.0],False,False
[2221.0],[2181.0 8531.0],[18.0],[53.0 57.0],False,False
[2222.0],[9105.0 12837.0 15062.0 15853.0],[18.0],[2.0 9.0 11.0 27.0],False,False
[2223.0],[5496.0 8840.0 9036.0 12233.0],[18.0],[2.0 14.0 32.0 39.0],False,False
[2224.0],[288.0 11925.0 12968.0],[18.0],[5.0 9.0 73.0],False,False
[2225.0],"[9014.0 9189.0 11880.0 12064.0 12454.0 12819.0 12939.0 14084.0 14133.0
 14615.0 14683.0 15142.0 15869.0 16428.0]",[18.0],[2.0 3.0 6.0 7.0 8.0 9.0 12.0 17.0],True,False
[2226.0],[541.0 8480.0 14893.0],[18.0],[10.0 14.0 99.0],False,False
[2227.0],[12652.0 13334.0 16522.0],[18.0],[12.0 24.0 47.0],False,False
[2228.0],[6814.0 12385.0 13489.0 15138.0 17367.0 17433.0],[18.0],[2.0 5.0 6.0 8.0 58.0],False,False
[2229.0],[14203.0 16967.0 17307.0 18149.0 18501.0 18881.0 19299.0],[18.0],[2.0 3.0 4.0 8.0 35.0],False,False
[2230.0],[9877.0 12662.0 15729.0 16139.0 17707.0 18866.0],[18.0],[2.0 5.0 13.0 17.0 21.0],False,False
[2231.0],[12360.0 14244.0 18250.0 18971.0 19918.0],[18.0],[2.0 6.0 17.0 22.0],False,False
[2232.0],[10363.0 16030.0],[18.0],[13.0 34.0],False,False
[2233.0],[14551.0 16631.0 16968.0 17820.0 18923.0 21087.0],[18.0],[2.0 3.0 5.0 6.0 7.0 11.0],False,False
[2234.0],[15332.0 16034.0 18432.0],[18.0],[11.0 12.0 29.0],False,False
[2235.0],[10178.0 12017.0 15480.0 16996.0 17814.0],[18.0],[5.0 9.0 14.0 15.0],False,False
[2236.0],[7139.0 16134.0 16559.0],[18.0],[2.0 16.0 72.0],True,False
[2237.0],[10172.0 14965.0 16663.0 18970.0 19624.0 19938.0 21122.0 21903.0],[18.0],[1.0 2.0 9.0 10.0 18.0 21.0],False,False
[2238.0],[15490.0 15813.0 16658.0 18225.0],[18.0],[9.0 13.0 16.0 24.0],False,False
[2239.0],[9662.0 11116.0 11119.0 18898.0 20708.0],[18.0],[3.0 6.0 15.0 19.0 25.0],False,False
[2240.0],[9219.0 10356.0 18428.0],[18.0],[13.0 25.0 42.0],False,False
[2241.0],[15343.0 17219.0 18753.0],[18.0],[14.0 26.0 34.0],False,False
[2242.0],[11645.0 14019.0 19398.0 19906.0],[18.0],[2.0 10.0 12.0 22.0],True,False
[2243.0],[16966.0 17293.0 19605.0 20314.0 22589.0 23371.0],[18.0],[1.0 3.0 4.0 13.0],False,False
[2244.0],[14525.0 17287.0 18877.0 19624.0 20224.0 22993.0],[18.0],[2.0 3.0 8.0 10.0 12.0],False,False
[2245.0],[6976.0 14597.0 17380.0 17389.0 18275.0 19411.0 22702.0],[18.0],[1.0 2.0 3.0 15.0 32.0],False,False
[2246.0],[635.0 14181.0 21435.0],[18.0],[9.0 29.0 86.0],False,False
[2247.0],[302.0 18064.0 20122.0],[18.0],[11.0 37.0 94.0],False,False
[2248.0],[18879.0 18895.0 19642.0 19650.0 20272.0],[18.0],[1.0 2.0 5.0 14.0],False,False
[2249.0],[11076.0 20971.0],[18.0],[13.0 29.0],True,False
[2250.0],[14857.0 17634.0 21413.0],[18.0],[11.0 14.0 27.0],False,False
[2251.0],[17017.0 25675.0],[18.0],[7.0 25.0],True,False
[2252.0],"[8667.0 12364.0 13666.0 15815.0 16340.0 19396.0 20294.0 21489.0 21514.0
 21524.0 21565.0 22687.0 23071.0 23427.0 23444.0 24183.0 24560.0 25802.0]",[18.0],[1.0 2.0 3.0 4.0 5.0 8.0 17.0 18.0 36.0],True,False
[2253.0],[18919.0 19657.0 20304.0 21109.0 22639.0],[18.0],[3.0 9.0 22.0 27.0 31.0],False,False
[2254.0],[17099.0 19458.0 20020.0 20418.0 20817.0 23912.0 24249.0 24604.0],[18.0],[1.0 2.0 4.0 5.0 7.0 14.0],False,False
[2255.0],[19836.0 20626.0 21775.0 23310.0 25088.0 25115.0 26127.0],[18.0],[1.0 3.0 5.0 6.0 13.0],False,False
[2256.0],[11523.0 19559.0 20150.0],[18.0],[8.0 24.0 40.0],False,False
[2257.0],[20158.0],[18.0],[21.0],True,False
[2258.0],[8450.0 20161.0],[18.0],[17.0 69.0],False,False
[2259.0],[8937.0 11655.0 20399.0 21930.0 22983.0 26464.0],[18.0],[2.0 4.0 12.0 29.0 33.0 44.0],False,False
[2260.0],[19045.0 21995.0 23784.0 25818.0],[18.0],[8.0 10.0 21.0 37.0],False,False
[2261.0],[20128.0],[18.0],[21.0],False,False
[2262.0],[392.0 18093.0],[18.0],[25.0 99.0],False,False
[2263.0],[18753.0 21756.0 22498.0 27162.0],[18.0],[9.0 11.0 17.0 34.0],False,False
[2264.0],[19376.0 22327.0 24880.0 25770.0 26548.0],[18.0],[3.0 6.0 9.0 11.0],False,False
[2265.0],[10080.0 18068.0 22222.0 25934.0],[18.0],[5.0 23.0 30.0 44.0],False,False
[2266.0],[21004.0 25718.0 26909.0],[18.0],[1.0 2.0 18.0],False,False
[2267.0],"[15006.0 15425.0 20743.0 22598.0 22989.0 23721.0 24099.0 24100.0 25171.0
 26949.0 27377.0]",[18.0],[1.0 3.0 9.0 11.0 13.0 16.0 24.0 27.0],False,False
[2268.0],[18516.0 22954.0 23722.0 24499.0 25737.0 27373.0 27916.0],[18.0],[1.0 2.0 3.0 7.0 12.0 29.0],False,False
[2269.0],"[15478.0 17741.0 20058.0 23061.0 25245.0 25522.0 25798.0 25804.0 26014.0
 26503.0 26628.0 27029.0]",[18.0],[2.0 3.0 4.0 6.0 7.0 8.0 20.0 21.0 22.0],False,False
[2270.0],[23404.0 26718.0 28127.0],[18.0],[5.0 9.0 12.0],True,False
[2271.0],[18441.0],[18.0],[34.0],True,False
[2272.0],[23344.0 24458.0 25957.0],[18.0],[1.0 12.0 25.0],False,False
[2273.0],[13031.0 14198.0 21890.0 24478.0 25168.0 25730.0 25740.0 26168.0 26946.0],[18.0],[5.0 6.0 7.0 8.0 13.0 27.0 39.0],False,False
[2274.0],[14566.0 24155.0 27222.0],[18.0],[11.0 18.0 37.0],False,False
[2275.0],[5290.0 20664.0 24456.0 27189.0 27361.0 28303.0],[18.0],[1.0 12.0 21.0 54.0],False,False
[2276.0],"[22665.0 23761.0 24471.0 24850.0 25492.0 26414.0 26420.0 26971.0 27667.0
 28317.0 28959.0]",[18.0],[1.0 2.0 3.0 4.0 7.0 10.0 18.0],False,False
[2277.0],[3232.0 22545.0 25119.0 26683.0],[18.0],[1.0 3.0 23.0 91.0],False,False
[2278.0],[20399.0 26484.0],[18.0],[15.0 33.0],False,False
[2279.0],[20668.0 22665.0 27199.0 27389.0 27653.0 28317.0 28348.0 28791.0 29114.0],[18.0],[1.0 2.0 3.0 4.0 6.0 13.0 18.0],False,False
[2280.0],[20604.0 24015.0 24414.0],[18.0],[16.0 22.0 30.0],False,False
[2281.0],[18773.0 25710.0],[18.0],[16.0 24.0],True,False
[2282.0],[18093.0 25942.0],[18.0],[17.0 25.0],False,False
[2283.0],[15382.0 18110.0 26686.0 27358.0 29290.0],[18.0],[2.0 10.0 11.0 30.0 33.0],False,False
[2284.0],[20200.0 24450.0 25723.0 26689.0],[18.0],[6.0 10.0 14.0 16.0],True,False
[2285.0],[2587.0 11291.0],[18.0],[57.0 94.0],False,False
[2286.0],[21122.0 24132.0 24840.0 25787.0 26708.0 27392.0 27947.0],[18.0],[1.0 4.0 8.0 9.0 12.0],False,False
[2288.0],"[12383.0 17310.0 20699.0 24132.0 25157.0 26708.0 27420.0 27920.0 28802.0
 29322.0]",[18.0],[1.0 2.0 3.0 4.0 5.0 10.0 12.0 20.0 23.0 51.0],False,False
[2289.0],[24414.0 26332.0],[18.0],[1.0 22.0],False,False
[2290.0],[3432.0 25950.0 27618.0],[18.0],[3.0 9.0 88.0],False,False
[2291.0],[541.0 11530.0 19252.0 21795.0 26897.0 27884.0 29275.0],[18.0],[1.0 2.0 4.0 12.0 22.0 55.0 99.0],False,False
[2292.0],[3232.0 25120.0 29089.0],[18.0],[2.0 10.0 91.0],False,False
[2293.0],[19292.0 24091.0 26389.0 28302.0],[18.0],[3.0 7.0 18.0 31.0],False,False
[2294.0],[9612.0 17226.0 22518.0 26339.0 27869.0],[18.0],[9.0 12.0 25.0 29.0 59.0],False,False
[2295.0],[25712.0 25944.0],[18.0],[2.0 17.0],True,False
[2296.0],[19853.0 20176.0 20986.0 26358.0 26369.0 27614.0 29276.0],[18.0],[2.0 6.0 11.0 13.0 19.0],False,False
[2297.0],[25112.0 25715.0 26675.0 28100.0],[18.0],[3.0 5.0 13.0],False,False
[2298.0],[19038.0 23147.0 24571.0 25419.0 26067.0 26287.0 26288.0],[18.0],[3.0 6.0 7.0 9.0 14.0 16.0],False,False
[2299.0],[76.0 100.0 1920.0 2515.0 3199.0 4443.0],[17.0],[3.0 7.0 8.0 15.0],False,False
[2300.0],[160.0],[17.0],[17.0],True,True
[2301.0],[247.0 1926.0 2307.0 3209.0 3605.0 3816.0],[17.0],[2.0 3.0 4.0 5.0 9.0],True,False
[2302.0],[275.0],[17.0],[17.0],True,True
[2303.0],[342.0],[17.0],[17.0],True,True
[2304.0],[352.0 381.0 1939.0],[17.0],[3.0 14.0 94.0],True,False
[2305.0],[471.0 1684.0],[17.0],[11.0 17.0],False,False
[2306.0],[437.0],[17.0],[17.0],True,True
[2307.0],[436.0],[17.0],[21.0],True,False
[2308.0],[496.0],[17.0],[21.0],True,False
[2309.0],[566.0 4794.0],[17.0],[16.0 18.0],False,False
[2310.0],[564.0 1712.0],[17.0],[8.0 27.0],True,False
[2311.0],[557.0],[17.0],[17.0],True,True
[2312.0],[608.0],[17.0],[17.0],True,True
[2313.0],[643.0 3240.0 3628.0],[17.0],[7.0 9.0 89.0],True,False
[2314.0],[716.0 1738.0],[17.0],[2.0 16.0],True,False
[2315.0],[754.0 766.0],[17.0],[16.0 71.0],False,False
[2316.0],[724.0 759.0 775.0 2185.0 2189.0 4492.0 4815.0],[17.0],[1.0 2.0 9.0 28.0 36.0],False,False
[2317.0],[831.0 1791.0 3062.0 3664.0 5090.0],[17.0],[3.0 6.0 16.0 21.0 27.0],False,False
[2318.0],[1121.0],[17.0],[21.0],True,False
[2319.0],[1327.0 3141.0 4371.0],[17.0],[14.0 19.0 57.0],False,False
[2322.0],[983.0 1756.0 1764.0 1772.0 3280.0 3654.0],[17.0],[1.0 3.0 5.0 8.0 23.0],False,False
[2323.0],[701.0 857.0 1742.0 2185.0 2547.0 2998.0 4492.0 4811.0],[17.0],[1.0 2.0 9.0 15.0 21.0],False,False
[2324.0],[1009.0 1202.0 1230.0 2420.0 3689.0 4903.0],[17.0],[2.0 5.0 6.0 7.0 12.0 21.0],False,False
[2325.0],[360.0 1937.0 2322.0],[17.0],[3.0 4.0 16.0],True,False
[2326.0],[600.0 1958.0],[17.0],[18.0 38.0],True,False
[2327.0],[1357.0 2060.0 2653.0 3904.0],[17.0],[4.0 10.0 12.0 23.0],False,False
[2328.0],[1690.0],[17.0],[17.0],True,True
[2329.0],[774.0 890.0 1019.0 2365.0 5334.0],[17.0],[5.0 8.0 10.0 11.0 37.0],False,False
[2330.0],[744.0 1739.0 2182.0 2344.0 3641.0 5294.0],[17.0],[1.0 2.0 7.0 9.0 17.0 25.0],False,False
[2331.0],[1198.0 1772.0 3280.0 5347.0],[17.0],[1.0 6.0 8.0 23.0],False,False
[2332.0],[2310.0],[17.0],[17.0],True,True
[2333.0],[395.0 2732.0],[17.0],[19.0 29.0],False,False
[2334.0],[1237.0 3099.0 3355.0 3532.0 5635.0],[17.0],[5.0 8.0 14.0 21.0],False,False
[2335.0],[2785.0],[17.0],[19.0],True,False
[2336.0],[1145.0],[17.0],[25.0],True,False
[2337.0],[1772.0 3057.0 4045.0 4076.0 5321.0 5589.0 6090.0],[17.0],[2.0 5.0 8.0 12.0 16.0 23.0],False,False
[2338.0],[322.0 3410.0],[17.0],[13.0 24.0],False,False
[2339.0],[689.0 702.0 1962.0 3004.0 4011.0 4256.0 7125.0],[17.0],[2.0 4.0 7.0 11.0 12.0 19.0 21.0],False,False
[2340.0],[3099.0 3355.0 5635.0 6594.0 6803.0],[17.0],[2.0 5.0 14.0 16.0 21.0],False,False
[2341.0],[266.0 310.0],[17.0],[27.0 37.0],False,False
[2342.0],[3822.0],[17.0],[17.0],False,True
[2343.0],[571.0 722.0],[17.0],[58.0 64.0],False,False
[2344.0],[1134.0 1187.0 5622.0],[17.0],[13.0 15.0 22.0],False,False
[2345.0],[3272.0 3851.0 4839.0],[17.0],[4.0 13.0 36.0],False,False
[2346.0],[1323.0],[17.0],[33.0],False,False
[2347.0],[246.0 3820.0 6235.0 6687.0],[17.0],[1.0 15.0 18.0 24.0],False,False
[2348.0],[1772.0 5347.0 7188.0],[17.0],[1.0 9.0 23.0],False,False
[2350.0],[2145.0 4767.0 5254.0],[17.0],[12.0 13.0 15.0],False,False
[2351.0],[3244.0 4258.0 5795.0],[17.0],[1.0 18.0 39.0],False,False
[2352.0],[912.0 5322.0 5566.0 7170.0 8188.0],[17.0],[1.0 2.0 4.0 10.0 34.0],False,False
[2353.0],[3280.0 4294.0 4843.0 5323.0 5327.0 6316.0 6734.0],[17.0],[1.0 2.0 4.0 8.0 9.0 11.0 12.0],False,False
[2354.0],[3994.0 5032.0 5253.0 7615.0 7894.0],[17.0],[1.0 3.0 7.0 11.0 13.0],False,False
[2355.0],[675.0 2172.0 5283.0 5529.0 5540.0],[17.0],[11.0 14.0 18.0 27.0 34.0],False,False
[2356.0],[71.0 134.0 5027.0 5499.0],[17.0],[1.0 14.0 15.0 33.0],False,False
[2357.0],[525.0],[17.0],[33.0],True,False
[2358.0],[5535.0 5780.0],[17.0],[15.0 76.0],False,False
[2359.0],[1794.0 4870.0 5872.0 6964.0 7235.0 7480.0 9691.0],[17.0],[5.0 7.0 8.0 9.0 15.0 16.0 17.0],False,False
[2360.0],[359.0 7595.0 8128.0 9607.0],[17.0],[5.0 7.0 15.0 28.0],False,False
[2361.0],[614.0 6027.0],[17.0],[29.0 53.0],False,False
[2362.0],[5323.0 6057.0 7925.0 7931.0 8535.0 8541.0 9064.0 10435.0 10740.0],[17.0],[1.0 2.0 4.0 5.0 11.0 12.0],False,False
[2363.0],[3599.0 7071.0],[17.0],[8.0 33.0],False,False
[2364.0],[724.0 759.0 8151.0 8497.0 9283.0],[17.0],[6.0 27.0 28.0 36.0 42.0],False,False
[2365.0],[6922.0 7139.0 8175.0],[17.0],[7.0 8.0 72.0],False,False
[2366.0],[2974.0 6895.0],[17.0],[18.0 52.0],False,False
[2367.0],[963.0 3661.0 3870.0 8590.0 9661.0 10136.0 11103.0 11290.0],[17.0],[1.0 2.0 6.0 18.0 25.0 29.0 34.0],False,False
[2368.0],[728.0 6046.0 7129.0 7138.0 10130.0 11271.0 11573.0],[17.0],[1.0 2.0 4.0 12.0 15.0 17.0 40.0],False,False
[2369.0],[6814.0 9343.0 9393.0 12385.0],[17.0],[2.0 5.0 6.0 58.0],False,False
[2370.0],[4301.0 7686.0 7943.0 7956.0 9912.0 11637.0 12017.0],[17.0],[5.0 6.0 8.0 9.0 34.0],True,False
[2371.0],[6747.0 8598.0 8916.0 9674.0 9884.0],[17.0],[13.0 14.0 24.0 37.0 59.0],False,False
[2372.0],[7886.0 12582.0],[17.0],[11.0 17.0],False,False
[2373.0],[441.0 9615.0 11246.0 11247.0],[17.0],[10.0 22.0 29.0 36.0],False,False
[2374.0],[115.0 8124.0],[17.0],[9.0 43.0],False,False
[2375.0],[5625.0 6109.0 9104.0 9363.0 11150.0 12720.0],[17.0],[1.0 2.0 14.0 15.0 51.0],False,False
[2376.0],"[8946.0 9716.0 9951.0 9970.0 10566.0 10788.0 10805.0 10996.0 11749.0
 12058.0 12068.0]",[17.0],[1.0 2.0 3.0 4.0 11.0],False,False
[2377.0],[8938.0 9417.0 9517.0 9699.0 10188.0 10530.0 11381.0 11718.0 12756.0],[17.0],[1.0 2.0 3.0 4.0 6.0 8.0 10.0 17.0],False,False
[2378.0],[1580.0 7850.0 7851.0 10830.0 11777.0 13562.0],[17.0],[2.0 3.0 16.0 19.0 34.0 37.0],False,False
[2379.0],[4862.0 6540.0 9084.0 10144.0],[17.0],[16.0 18.0 22.0 27.0],True,False
[2380.0],[8436.0],[17.0],[23.0],True,False
[2381.0],[9472.0 11387.0 14042.0],[17.0],[6.0 8.0 29.0],False,False
[2382.0],[2747.0 9281.0 11254.0 11540.0 13309.0],[17.0],[5.0 6.0 9.0 28.0 52.0],False,False
[2383.0],[7202.0 10755.0 11106.0 14618.0 15069.0],[17.0],[2.0 3.0 13.0 28.0],False,False
[2384.0],[288.0],[17.0],[73.0],True,False
[2385.0],[4597.0 10995.0 14311.0 15129.0],[17.0],[5.0 20.0 31.0 37.0],False,False
[2386.0],[10355.0],[17.0],[20.0],True,False
[2387.0],[11097.0],[17.0],[17.0],True,True
[2388.0],[4245.0 10117.0],[17.0],[23.0 34.0],False,False
[2389.0],[6773.0 9939.0 15845.0],[17.0],[3.0 19.0 41.0],True,False
[2390.0],[2184.0 11094.0 13749.0],[17.0],[14.0 46.0 48.0],False,False
[2392.0],[8761.0 11685.0 11780.0 11785.0 12854.0 13898.0 14676.0 15130.0 16303.0],[17.0],[2.0 4.0 7.0 9.0 17.0 31.0],False,False
[2393.0],[6117.0 11623.0 11689.0 11968.0 13409.0 13811.0 14518.0 16575.0 17319.0],[17.0],[1.0 2.0 7.0 11.0 17.0 39.0],False,False
[2394.0],[1288.0 5888.0 11700.0 13498.0 14611.0 16260.0 17387.0],[17.0],[1.0 2.0 3.0 4.0 9.0 34.0 58.0],False,False
[2395.0],[2796.0],[17.0],[51.0],True,False
[2396.0],[11970.0 13739.0 13751.0 16545.0 16941.0 17285.0],[17.0],[1.0 2.0 5.0 6.0],False,False
[2397.0],[9104.0 11268.0 11962.0 14502.0],[17.0],[10.0 11.0 14.0 18.0],False,False
[2398.0],[7099.0 11541.0 13307.0 17254.0],[17.0],[2.0 9.0 13.0 39.0],False,False
[2399.0],[10584.0 13143.0 13573.0 15883.0 17896.0 17932.0 18337.0],[17.0],[2.0 5.0 6.0 7.0 8.0 32.0],False,False
[2400.0],[3235.0 14894.0],[17.0],[12.0 45.0],False,False
[2401.0],[5174.0 14307.0],[17.0],[17.0 32.0],False,False
[2402.0],[9084.0 13397.0 14222.0 18190.0 18911.0],[17.0],[3.0 4.0 14.0 16.0 21.0],False,False
[2403.0],[5099.0 11583.0 11988.0 12365.0 13801.0 14216.0 15807.0 18179.0 18523.0],[17.0],[2.0 3.0 4.0 13.0 15.0 20.0 25.0 34.0],False,False
[2404.0],[12360.0 13066.0 15040.0 15476.0 16176.0 18250.0],[17.0],[2.0 3.0 5.0 11.0 17.0 37.0],False,False
[2405.0],[1981.0 14190.0 15399.0 15726.0 18820.0],[17.0],[5.0 7.0 8.0 46.0 55.0],False,False
[2406.0],[7418.0 16104.0],[17.0],[18.0 53.0],False,False
[2407.0],[12776.0 15083.0],[17.0],[6.0 17.0],False,False
[2408.0],[183.0 19544.0],[17.0],[34.0 61.0],True,False
[2409.0],[6900.0 14865.0 14866.0],[17.0],[14.0 19.0 32.0],False,False
[2410.0],[15343.0 15697.0],[17.0],[16.0 26.0],False,False
[2411.0],[485.0 561.0 16895.0],[17.0],[13.0 93.0 98.0],False,False
[2412.0],[11677.0 14634.0],[17.0],[3.0 23.0],True,False
[2413.0],"[14480.0 15722.0 16500.0 16539.0 16914.0 17666.0 18127.0 18471.0 19281.0
 19584.0 20192.0 20660.0 21436.0 21834.0]",[17.0],[1.0 2.0 4.0 6.0 8.0],False,False
[2414.0],[5613.0 15459.0 15493.0 17013.0 18573.0 19925.0],[17.0],[2.0 3.0 5.0 7.0 39.0],False,False
[2415.0],[15752.0 18522.0 19311.0 20702.0 21487.0],[17.0],[2.0 15.0],False,False
[2416.0],"[12051.0 12806.0 14279.0 15128.0 15475.0 16277.0 17803.0 17832.0 17839.0
 19009.0 21982.0]",[17.0],[2.0 3.0 5.0 6.0 7.0 9.0 12.0],False,False
[2417.0],[4481.0 16916.0],[17.0],[16.0 59.0],False,False
[2418.0],[7088.0 17623.0 18767.0 19842.0 20604.0],[17.0],[3.0 4.0 16.0 30.0 42.0],False,False
[2419.0],[14311.0 15129.0 17921.0],[17.0],[15.0 20.0 37.0],True,False
[2420.0],[11656.0 12320.0 16136.0 17290.0 17743.0 21063.0],[17.0],[4.0 5.0 9.0 24.0 41.0],False,False
[2421.0],[14520.0 14524.0 20705.0],[17.0],[11.0 12.0 22.0],False,False
[2422.0],[14525.0 17292.0 17752.0 18877.0 20699.0 21493.0],[17.0],[1.0 3.0 8.0 12.0 20.0],False,False
[2423.0],[16477.0 16479.0 18063.0],[17.0],[5.0 14.0 24.0],False,False
[2424.0],[15407.0 18486.0 18502.0 22265.0 22605.0],[17.0],[2.0 7.0 9.0 12.0],False,False
[2425.0],[378.0 16880.0],[17.0],[22.0 65.0],False,False
[2426.0],[18083.0 19231.0],[17.0],[2.0 17.0],False,False
[2427.0],[14525.0 17310.0 20699.0],[17.0],[12.0 20.0 23.0],False,False
[2428.0],[14912.0 19853.0 20174.0 20176.0],[17.0],[8.0 13.0 19.0 33.0],False,False
[2429.0],"[17347.0 17860.0 21131.0 21871.0 22637.0 23045.0 23420.0 23802.0 25259.0
 25992.0]",[17.0],[1.0 2.0 3.0 4.0 5.0 7.0 8.0],False,False
[2430.0],[9040.0],[17.0],[54.0],True,False
[2431.0],[8171.0 17670.0 22938.0 25471.0 26363.0],[17.0],[1.0 3.0 12.0 24.0 64.0],False,False
[2432.0],[19624.0 19651.0 19662.0 21122.0 22993.0 23817.0 24132.0 26708.0],[17.0],[1.0 3.0 5.0 7.0 9.0 10.0 12.0 32.0],False,False
[2433.0],[9050.0 24433.0 25950.0],[17.0],[3.0 21.0 39.0],False,False
[2434.0],[19662.0 21954.0 24132.0 27231.0],[17.0],[8.0 11.0 12.0 32.0],False,False
[2435.0],[14874.0 20626.0 23310.0 23634.0 24777.0],[17.0],[1.0 13.0 21.0 34.0],False,False
[2436.0],[6911.0 7106.0 16509.0 22924.0 22925.0 24048.0],[17.0],[2.0 8.0 16.0 21.0 73.0 74.0],False,False
[2437.0],[19231.0 19548.0 22888.0],[17.0],[15.0 17.0 20.0],False,False
[2438.0],[11712.0 20353.0],[17.0],[11.0 46.0],True,False
[2439.0],[18291.0 21928.0 23810.0],[17.0],[2.0 9.0 23.0],True,False
[2440.0],[19153.0 22392.0],[17.0],[24.0 36.0],True,False
[2441.0],[24026.0 24423.0 24788.0 25100.0 25450.0 25709.0],[17.0],[1.0 12.0],True,False
[2442.0],[23356.0 24468.0 27191.0 28111.0],[17.0],[4.0 7.0 9.0 13.0],False,False
[2443.0],[18602.0 24245.0 25586.0],[17.0],[4.0 12.0 37.0],True,False
[2444.0],[15331.0],[17.0],[41.0],True,False
[2445.0],[13698.0 16878.0 25435.0 26662.0 26870.0],[17.0],[1.0 3.0 4.0 33.0 45.0],False,False
[2446.0],[23020.0 24470.0 26996.0 27646.0],[17.0],[2.0 6.0 21.0],False,False
[2447.0],[22897.0 23320.0],[17.0],[18.0 22.0],True,False
[2448.0],[1535.0 10268.0 17933.0 26535.0],[17.0],[14.0 28.0 41.0 99.0],False,False
[2449.0],[20333.0 24548.0 25566.0 25808.0],[17.0],[2.0 3.0 12.0 20.0],False,False
[2450.0],[522.0 26155.0],[17.0],[13.0 95.0],False,False
[2451.0],[15377.0 24066.0],[17.0],[5.0 45.0],False,False
[2452.0],[7077.0 24388.0 24763.0],[17.0],[4.0 21.0 71.0],False,False
[2453.0],"[21760.0 22219.0 23305.0 25443.0 26328.0 26872.0 26879.0 27863.0 28255.0
 28574.0 28897.0 29246.0]",[17.0],[1.0 2.0 3.0 5.0 6.0 7.0 12.0 13.0 22.0],False,False
[2454.0],[20959.0 26873.0],[17.0],[13.0 23.0],True,False
[2455.0],[14861.0 23624.0 26878.0],[17.0],[10.0 17.0 35.0],False,False
[2456.0],[23329.0 25943.0 26148.0 26351.0 26896.0],[17.0],[2.0 6.0 13.0],True,False
[2457.0],[18482.0 19853.0 26358.0 26369.0 27614.0 29095.0 29281.0],[17.0],[1.0 3.0 6.0 11.0 19.0 38.0],False,False
[2458.0],[10715.0 22538.0],[17.0],[23.0 53.0],False,False
[2459.0],[22537.0],[17.0],[25.0],True,False
[2460.0],[20646.0 26362.0],[17.0],[15.0 24.0],False,False
[2461.0],[14914.0 20193.0 25479.0 27633.0],[17.0],[5.0 8.0 15.0 44.0],False,False
[2462.0],[657.0 14914.0 26920.0 27188.0],[17.0],[6.0 9.0 44.0 99.0],False,False
[2463.0],[24129.0 24506.0 27660.0],[17.0],[7.0 10.0 15.0],True,False
[2464.0],[21914.0 22999.0 23387.0 25479.0 25982.0 27401.0 28634.0 28647.0],[17.0],[2.0 4.0 5.0 7.0 11.0 20.0],False,False
[2465.0],[20699.0 24132.0 24840.0 26708.0 27392.0 27947.0],[17.0],[1.0 4.0 8.0 12.0 20.0],False,False
[2467.0],[6995.0 28180.0],[17.0],[3.0 70.0],True,False
[2468.0],[21958.0 25478.0 26955.0 28794.0 28960.0 29122.0],[17.0],[2.0 3.0 5.0 12.0 18.0],False,False
[2469.0],[22258.0 26380.0],[17.0],[12.0 28.0],False,False
[2470.0],"[21539.0 23414.0 25807.0 26717.0 27026.0 27235.0 27481.0 27705.0 28009.0
 28150.0 28708.0 28823.0]",[17.0],[1.0 2.0 3.0 4.0 7.0 10.0 17.0],False,False
[2471.0],"[21410.0 22219.0 23305.0 26328.0 26879.0 27332.0 27863.0 28255.0 28574.0
 28897.0 29246.0]",[17.0],[1.0 2.0 3.0 6.0 7.0 9.0 13.0 26.0],False,False
[2472.0],[18069.0 21784.0 25936.0],[17.0],[4.0 22.0 34.0],True,False
[2473.0],[635.0 26910.0],[17.0],[13.0 86.0],False,False
[2474.0],[19335.0 23824.0 25791.0 25795.0 28403.0 29386.0],[17.0],[1.0 2.0 7.0 14.0 33.0],False,False
[2475.0],[198.0],[16.0],[22.0],True,False
[2476.0],[236.0],[16.0],[16.0],True,True
[2477.0],[273.0 2313.0],[16.0],[16.0 19.0],True,False
[2478.0],[280.0],[16.0],[16.0],True,True
[2479.0],[350.0 359.0 387.0 1685.0 3413.0 3997.0],[16.0],[6.0 7.0 9.0 13.0 28.0],False,False
[2480.0],[726.0 1745.0],[16.0],[22.0 35.0],False,False
[2481.0],[867.0 4823.0],[16.0],[1.0 15.0],False,False
[2482.0],[912.0 962.0 2008.0 3046.0],[16.0],[2.0 3.0 14.0 34.0],False,False
[2483.0],[1265.0 1283.0],[16.0],[15.0 45.0],False,False
[2485.0],[1072.0 1073.0 1113.0],[16.0],[10.0 13.0 37.0],False,False
[2486.0],[1256.0 1838.0 2052.0 3092.0],[16.0],[5.0 14.0 32.0],False,False
[2487.0],[911.0 920.0 1735.0 2347.0 2566.0 2803.0 3460.0 3673.0],[16.0],[4.0 5.0 6.0 12.0 15.0],False,False
[2489.0],[1221.0 2639.0 4923.0],[16.0],[1.0 11.0 13.0],True,False
[2490.0],[97.0 172.0 173.0 2954.0],[16.0],[4.0 11.0 17.0 31.0],False,False
[2491.0],[511.0 1704.0],[16.0],[4.0 24.0],False,False
[2492.0],[871.0 884.0 963.0 1999.0 2000.0 2363.0 2581.0 2784.0 3020.0 3285.0 3651.0],[16.0],[1.0 2.0 3.0 4.0 8.0 34.0],False,False
[2493.0],[1127.0 1140.0 1158.0 3083.0 3106.0 4096.0],[16.0],[4.0 6.0 8.0 15.0 27.0],False,False
[2494.0],[552.0 2332.0 2546.0 2748.0 2986.0 4799.0],[16.0],[1.0 2.0 9.0 11.0 12.0 72.0],False,False
[2495.0],[1355.0 1578.0 1826.0 2268.0],[16.0],[1.0 2.0 5.0 23.0],False,False
[2496.0],[704.0 790.0],[16.0],[16.0 17.0],False,False
[2497.0],[1164.0 1340.0 1842.0],[16.0],[7.0 10.0 25.0],True,False
[2498.0],[1105.0 1311.0 1464.0 2648.0 3340.0 3357.0 3890.0 4083.0],[16.0],[2.0 3.0 4.0 5.0 6.0 13.0],False,False
[2499.0],[627.0 2172.0],[16.0],[4.0 14.0],False,False
[2500.0],[255.0 2522.0 2968.0],[16.0],[1.0 7.0 19.0],False,False
[2501.0],[1774.0 2012.0 2187.0 2564.0 3275.0 3456.0 5076.0],[16.0],[1.0 2.0 5.0 6.0 7.0 8.0 13.0],False,False
[2502.0],[700.0 759.0 2996.0],[16.0],[10.0 36.0 80.0],False,False
[2503.0],[239.0 340.0],[16.0],[18.0 19.0],False,False
[2504.0],[680.0 924.0 1986.0 2177.0 3470.0 3848.0 4489.0 5329.0],[16.0],[4.0 6.0 7.0 9.0 12.0 46.0],False,False
[2505.0],[725.0 1974.0 2551.0 4022.0 4268.0 4808.0],[16.0],[2.0 4.0 7.0 8.0 10.0 31.0],False,False
[2506.0],[998.0 1808.0 2771.0 2773.0 3018.0 4508.0 4515.0 4525.0],[16.0],[3.0 4.0 6.0 7.0 11.0 12.0 20.0],False,False
[2507.0],[1221.0 1459.0 2046.0 3915.0],[16.0],[11.0 13.0 22.0],True,False
[2508.0],[2426.0 2878.0 3516.0],[16.0],[3.0 5.0 11.0],True,False
[2510.0],[278.0 2743.0 3994.0 4450.0],[16.0],[7.0 11.0 15.0],False,False
[2511.0],[277.0 2529.0 3993.0],[16.0],[2.0 18.0 27.0],False,False
[2513.0],[1400.0 2635.0 2656.0 3923.0 4970.0 6149.0],[16.0],[3.0 5.0 8.0 9.0 12.0 13.0],True,False
[2514.0],[804.0 3019.0 3026.0 3455.0 4270.0 4817.0 4824.0 5338.0 6288.0],[16.0],[1.0 2.0 3.0 4.0 5.0 6.0 8.0],False,False
[2515.0],[3280.0 3654.0 3873.0 4294.0 4843.0 5323.0 5593.0 6734.0],[16.0],[1.0 2.0 3.0 4.0 8.0 11.0 17.0],False,False
[2516.0],[1232.0 1245.0 1282.0],[16.0],[7.0 21.0 29.0],True,False
[2517.0],[1459.0 3732.0 5415.0 5707.0],[16.0],[5.0 6.0 17.0 22.0],True,False
[2518.0],[3657.0 4031.0 5832.0 6938.0 7168.0],[16.0],[3.0 12.0 14.0],False,False
[2519.0],[2207.0 3875.0 4298.0 4301.0],[16.0],[1.0 27.0 34.0],False,False
[2520.0],[3988.0],[16.0],[17.0],True,False
[2521.0],[3244.0 5795.0],[16.0],[18.0 39.0],False,False
[2522.0],[1019.0 2610.0 4859.0 4895.0 5862.0 7473.0],[16.0],[1.0 3.0 6.0 7.0 8.0 37.0],False,False
[2523.0],[4484.0],[16.0],[17.0],True,False
[2524.0],[2564.0 3022.0 3275.0 4034.0 4513.0 6297.0],[16.0],[2.0 3.0 8.0 11.0 13.0],False,False
[2525.0],[5050.0],[16.0],[16.0],True,True
[2526.0],[5252.0],[16.0],[16.0],True,True
[2527.0],[1739.0 6054.0 6277.0 7139.0 8525.0],[16.0],[3.0 4.0 11.0 25.0 72.0],False,False
[2528.0],[3855.0 5082.0 5809.0 5831.0 6523.0 8895.0],[16.0],[3.0 4.0 12.0 55.0],False,False
[2529.0],[4070.0 6330.0 6744.0 9918.0],[16.0],[1.0 4.0 8.0 11.0],False,False
[2530.0],[4038.0 4542.0 4556.0],[16.0],[9.0 24.0],True,False
[2531.0],[5668.0],[16.0],[22.0],True,False
[2532.0],[1019.0 4318.0 4875.0 5586.0 7451.0 8213.0 10156.0],[16.0],[4.0 5.0 8.0 10.0 37.0 44.0],False,False
[2533.0],[5579.0 8879.0],[16.0],[15.0 27.0],True,False
[2534.0],[240.0 268.0 9236.0],[16.0],[9.0 38.0 43.0],False,False
[2535.0],[1232.0 6812.0 7739.0 8655.0 8677.0 10212.0 10807.0],[16.0],[3.0 4.0 5.0 11.0 16.0 29.0],False,False
[2536.0],[7440.0],[16.0],[16.0],True,True
[2537.0],[7774.0 10587.0],[16.0],[8.0 11.0],True,False
[2538.0],[7428.0],[16.0],[17.0],True,False
[2539.0],[5764.0],[16.0],[27.0],True,False
[2540.0],[6958.0 9091.0],[16.0],[14.0 23.0],False,False
[2541.0],[8654.0],[16.0],[21.0],True,False
[2542.0],[2140.0 8411.0 11918.0],[16.0],[4.0 12.0 94.0],True,False
[2543.0],[6031.0 6059.0 8882.0 9325.0 11277.0],[16.0],[3.0 7.0 13.0 15.0],False,False
[2544.0],[2732.0 3828.0 5044.0 11936.0],[16.0],[5.0 18.0 29.0 36.0],False,False
[2545.0],[571.0 5261.0 8472.0 9274.0 9620.0 10722.0 10924.0 12977.0 13297.0],[16.0],[1.0 4.0 24.0 25.0 64.0],False,False
[2546.0],[7600.0 10084.0 11514.0],[16.0],[1.0 7.0 41.0],False,False
[2547.0],[2346.0 8173.0 10400.0],[16.0],[8.0 44.0 65.0],False,False
[2548.0],[5261.0 10924.0 11085.0 12255.0 12977.0 13284.0],[16.0],[1.0 2.0 3.0 4.0 14.0 24.0],False,False
[2549.0],[3653.0 11965.0],[16.0],[9.0 34.0],False,False
[2550.0],[9517.0 10530.0 11718.0 12777.0 13511.0 14597.0],[16.0],[1.0 6.0 10.0 15.0 17.0 32.0],False,False
[2551.0],[738.0 9623.0 10390.0 10727.0 11263.0],[16.0],[1.0 9.0 24.0 42.0 85.0],False,False
[2552.0],[6020.0 10715.0 12616.0 12983.0],[16.0],[15.0 22.0 53.0 57.0],False,False
[2553.0],[5495.0 9829.0 14408.0],[16.0],[2.0 18.0 23.0],False,False
[2554.0],[5035.0 7081.0],[16.0],[31.0 47.0],False,False
[2555.0],[2508.0 2955.0 11225.0],[16.0],[14.0 61.0 74.0],False,False
[2556.0],[7904.0],[16.0],[28.0],True,False
[2557.0],[7941.0 10146.0 11298.0 13393.0 13781.0 14212.0 14564.0 15761.0 16160.0],[16.0],[1.0 2.0 4.0 6.0 8.0 15.0],False,False
[2558.0],[5492.0 11226.0 11906.0],[16.0],[8.0 39.0 47.0],True,False
[2559.0],[11607.0 11982.0 11985.0 13759.0 13787.0 14964.0],[16.0],[1.0 2.0 3.0 5.0 6.0 7.0],False,False
[2560.0],[11733.0 12801.0],[16.0],[8.0 16.0],True,False
[2561.0],[10573.0 13488.0 16292.0],[16.0],[10.0 17.0],True,False
[2562.0],[6976.0 9104.0 12355.0 13075.0 13409.0 14551.0 16968.0],[16.0],[1.0 5.0 7.0 11.0 14.0 32.0],False,False
[2563.0],[8838.0 11908.0 13253.0 16037.0],[16.0],[8.0 10.0 15.0 20.0],False,False
[2564.0],[5544.0 10723.0 11949.0 13317.0 17267.0],[16.0],[4.0 7.0 13.0 17.0 45.0],False,False
[2565.0],[9081.0 10502.0 10762.0 14226.0],[16.0],[6.0 10.0 16.0 28.0],True,False
[2566.0],[1398.0 11149.0 15159.0 16305.0 17090.0],[16.0],[6.0 11.0 12.0 16.0 50.0],True,False
[2567.0],[11293.0 12668.0 14207.0 17290.0],[16.0],[4.0 8.0 12.0 14.0],False,False
[2569.0],[9903.0 13748.0 15758.0 16154.0 16581.0 18885.0],[16.0],[1.0 3.0 6.0 15.0 21.0],False,False
[2570.0],[12728.0 13438.0 14197.0 14504.0 14944.0 15407.0 15739.0],[16.0],[1.0 2.0 3.0 7.0 9.0],False,False
[2571.0],[10422.0 10954.0 13765.0 14211.0 17300.0],[16.0],[3.0 10.0 16.0 40.0],False,False
[2572.0],[2747.0 10374.0 11540.0 17255.0 19257.0],[16.0],[3.0 14.0 18.0 28.0 52.0],False,False
[2573.0],[14164.0],[16.0],[16.0],False,True
[2574.0],[11511.0 18757.0],[16.0],[4.0 27.0],False,False
[2576.0],[10947.0 14194.0 14953.0 15412.0 16556.0 16934.0 18855.0 19617.0],[16.0],[1.0 2.0 5.0 8.0 12.0],False,False
[2577.0],[12652.0 13334.0 14915.0 18824.0],[16.0],[9.0 10.0 12.0 47.0],False,False
[2578.0],[11150.0 13075.0 17024.0 20774.0],[16.0],[3.0 11.0 12.0 51.0],False,False
[2579.0],[1396.0 6995.0 15828.0 18582.0 19370.0],[16.0],[1.0 5.0 7.0 70.0 99.0],False,False
[2580.0],[10119.0 14190.0],[16.0],[15.0 46.0],True,False
[2581.0],[10729.0 17676.0 17687.0],[16.0],[5.0 13.0 29.0],False,False
[2582.0],[15574.0 16311.0 16324.0 17442.0 19712.0 20820.0 21210.0],[16.0],[3.0 4.0 5.0 7.0 9.0],False,False
[2583.0],[15149.0],[16.0],[27.0],True,False
[2584.0],[241.0 17222.0 18438.0],[16.0],[2.0 33.0 69.0],True,False
[2585.0],[10356.0 16039.0 18748.0 20113.0],[16.0],[5.0 7.0 9.0 42.0],False,False
[2586.0],[13262.0 17623.0],[16.0],[16.0 19.0],False,False
[2587.0],[14332.0 16658.0 18225.0 21568.0],[16.0],[6.0 7.0 13.0 16.0],False,False
[2588.0],[15478.0 17338.0],[16.0],[10.0 22.0],False,False
[2589.0],[17230.0 21756.0],[16.0],[14.0 17.0],False,False
[2590.0],[7603.0 16891.0 17628.0 19237.0 20148.0 21781.0],[16.0],[1.0 4.0 9.0 15.0 16.0 35.0],False,False
[2591.0],[14247.0],[16.0],[33.0],True,False
[2592.0],[6763.0 8216.0 19914.0 21145.0],[16.0],[10.0 17.0 38.0 52.0],False,False
[2593.0],[8853.0 16062.0 18761.0 18770.0 18774.0 19842.0 20145.0],[16.0],[1.0 3.0 6.0 12.0 13.0 17.0 27.0],False,False
[2594.0],[6258.0 18450.0],[16.0],[25.0 45.0],False,False
[2595.0],[14511.0],[16.0],[24.0],True,False
[2596.0],[14425.0 18434.0],[16.0],[12.0 29.0],True,False
[2597.0],[18436.0],[16.0],[17.0],True,False
[2598.0],[13997.0],[16.0],[26.0],True,False
[2599.0],[17312.0 18903.0 19626.0 22286.0 22620.0 22629.0 23383.0 23737.0],[16.0],[1.0 2.0 3.0 4.0 5.0 9.0],False,False
[2600.0],[415.0 14852.0 19567.0],[16.0],[12.0 20.0 99.0],False,False
[2601.0],[16131.0 16960.0 18134.0 19615.0 20686.0 22585.0 23702.0],[16.0],[5.0 7.0 8.0 9.0 14.0 18.0],False,False
[2602.0],[19293.0 19600.0 20212.0 20673.0 22951.0 24825.0],[16.0],[2.0 3.0 6.0 9.0],False,False
[2603.0],[16525.0 21843.0],[16.0],[9.0 16.0],True,False
[2604.0],[13778.0 15788.0 19924.0],[16.0],[12.0 16.0 25.0],False,False
[2605.0],[9629.0 14191.0 21027.0],[16.0],[5.0 28.0 34.0],False,False
[2606.0],[20642.0 21431.0 22926.0],[16.0],[13.0 25.0],False,False
[2607.0],[19263.0 20175.0 20996.0 22943.0 23669.0 24798.0 25114.0],[16.0],[1.0 3.0 8.0 10.0 27.0],False,False
[2608.0],[15774.0 15782.0 18249.0 19634.0 19653.0 22983.0 24131.0 26199.0],[16.0],[4.0 5.0 7.0 12.0 15.0 16.0 26.0 32.0],False,False
[2609.0],[20833.0 21243.0 22409.0],[16.0],[5.0 15.0 22.0],False,False
[2610.0],[22558.0],[16.0],[16.0],True,True
[2611.0],[22988.0],[16.0],[16.0],True,True
[2612.0],[13257.0 16028.0 23624.0 24006.0 26127.0],[16.0],[5.0 6.0 17.0 21.0 30.0],False,False
[2613.0],[14861.0 18068.0 23640.0],[16.0],[6.0 30.0 35.0],False,False
[2614.0],[20622.0 23655.0],[16.0],[8.0 16.0],True,False
[2615.0],[18516.0 26180.0 26211.0],[16.0],[4.0 11.0 29.0],False,False
[2616.0],[16238.0 20548.0],[16.0],[17.0 21.0],True,False
[2617.0],[16178.0 16657.0 18548.0 21918.0 21968.0],[16.0],[7.0 11.0 12.0 27.0 31.0],True,False
[2618.0],[22515.0 23318.0],[16.0],[17.0 22.0],False,False
[2619.0],[13992.0 23649.0 26342.0 26353.0],[16.0],[4.0 10.0 14.0 48.0],False,False
[2620.0],[11227.0 17603.0 26135.0],[16.0],[9.0 38.0 43.0],False,False
[2621.0],[18064.0 19549.0 20122.0 27325.0],[16.0],[2.0 11.0 20.0 37.0],False,False
[2622.0],[11263.0 13328.0 24447.0],[16.0],[14.0 42.0 50.0],False,False
[2623.0],[10167.0 24535.0 25230.0 25763.0 27009.0 27428.0 27440.0],[16.0],[2.0 3.0 4.0 7.0 15.0 42.0],False,False
[2624.0],[657.0 22947.0 23673.0 25724.0 26691.0 26917.0],[16.0],[1.0 3.0 5.0 8.0 9.0 99.0],False,False
[2625.0],[18291.0 23810.0 24164.0 27718.0],[16.0],[2.0 6.0 19.0 23.0],False,False
[2626.0],[22514.0 22888.0 25443.0],[16.0],[5.0 15.0 20.0],False,False
[2627.0],[24432.0 25104.0],[16.0],[4.0 17.0],False,False
[2628.0],[22282.0 23715.0 24472.0 25752.0 26970.0 27402.0],[16.0],[4.0 5.0 7.0 9.0 16.0],True,False
[2629.0],"[22375.0 24629.0 24960.0 26065.0 26269.0 26789.0 27078.0 27090.0 27266.0
 27484.0 27753.0 28176.0 28701.0]",[16.0],[1.0 2.0 3.0 4.0 5.0 6.0 8.0],True,False
[2630.0],[13328.0 18110.0],[16.0],[33.0 50.0],False,False
[2631.0],"[18256.0 19047.0 20385.0 21518.0 23087.0 23111.0 24537.0 26432.0 27214.0
 27441.0 27713.0 28380.0]",[16.0],[1.0 2.0 5.0 7.0 8.0 9.0 12.0 14.0 16.0 18.0],False,False
[2632.0],[21051.0 26162.0],[16.0],[16.0 26.0],False,False
[2633.0],[18753.0 21756.0 22498.0 23624.0 27162.0],[16.0],[9.0 11.0 17.0 34.0],False,False
[2634.0],[23792.0 25179.0 25230.0 25763.0 27387.0 27667.0 28117.0],[16.0],[1.0 3.0 4.0 6.0 9.0 10.0 15.0],False,False
[2635.0],[12277.0 21004.0 25718.0 26685.0 26911.0 27626.0 28106.0 28300.0],[16.0],[1.0 2.0 4.0 5.0 7.0 18.0 36.0],False,False
[2636.0],[25953.0 26158.0 28107.0 28298.0],[16.0],[3.0 6.0 11.0 15.0],False,False
[2637.0],[19292.0 22962.0 24091.0 26927.0],[16.0],[9.0 12.0 18.0 31.0],False,False
[2638.0],[12595.0 20133.0 25706.0 26659.0 27602.0 27867.0 28257.0],[16.0],[2.0 3.0 10.0 14.0 17.0 23.0 50.0],False,False
[2639.0],[26140.0],[16.0],[16.0],True,True
[2640.0],[25708.0],[16.0],[18.0],True,False
[2641.0],[13277.0 14444.0 26147.0 26337.0],[16.0],[12.0 13.0 31.0 41.0],False,False
[2642.0],[20986.0 23624.0 24780.0 26358.0 27614.0 28259.0],[16.0],[5.0 6.0 7.0 17.0 19.0],False,False
[2643.0],[2154.0],[16.0],[96.0],True,False
[2644.0],[23644.0 24429.0 25706.0],[16.0],[6.0 17.0 23.0],False,False
[2645.0],[23649.0 26342.0 26353.0],[16.0],[4.0 10.0 14.0],False,False
[2646.0],[11529.0 11530.0 19252.0 19577.0 21795.0 26897.0 29269.0],[16.0],[1.0 4.0 12.0 22.0 33.0 44.0 55.0],False,False
[2647.0],[16909.0 26682.0],[16.0],[13.0 33.0],False,False
[2648.0],[18482.0],[16.0],[38.0],True,False
[2649.0],[2558.0 26387.0],[16.0],[15.0 84.0],False,False
[2650.0],[19613.0 26161.0],[16.0],[15.0 22.0],True,False
[2651.0],[16144.0 19882.0 22988.0 26400.0],[16.0],[13.0 16.0 34.0 40.0],False,False
[2652.0],[15403.0 26964.0],[16.0],[13.0 36.0],False,False
[2653.0],[22955.0 22983.0 26435.0 26452.0 28382.0 29349.0 29356.0],[16.0],[1.0 2.0 5.0 7.0 12.0 14.0],False,False
[2654.0],[20304.0 26991.0],[16.0],[13.0 31.0],False,False
[2655.0],[20399.0 26435.0 26464.0 26484.0 28122.0 28382.0 28662.0 29635.0],[16.0],[1.0 2.0 5.0 7.0 15.0 33.0],False,False
[2656.0],[21147.0 25657.0],[16.0],[18.0 22.0],True,False
[2657.0],[17621.0 23311.0],[16.0],[24.0 40.0],False,False
[2658.0],[6546.0 19898.0 26716.0 27205.0 29594.0],[16.0],[1.0 7.0 11.0 23.0 71.0],False,False
[2659.0],[5290.0 15377.0 21826.0 27891.0 28288.0 29285.0],[16.0],[1.0 2.0 10.0 45.0 54.0],False,False
[2660.0],[23788.0 26011.0 27018.0 27697.0 28144.0],[16.0],[6.0 7.0 9.0 10.0],False,False
[2661.0],[9241.0 13263.0 24023.0 26345.0],[16.0],[13.0 20.0 48.0 54.0],False,False
[2662.0],[5821.0 24863.0],[16.0],[16.0 73.0],False,False
[2663.0],[8216.0 22955.0 26435.0 26452.0 28382.0 29349.0 29356.0],[16.0],[1.0 2.0 5.0 7.0 14.0 52.0],False,False
[2664.0],[22646.0 25754.0],[16.0],[16.0 21.0],False,False
[2665.0],[26147.0 26343.0 27878.0],[16.0],[2.0 12.0 15.0],False,False
[2666.0],[23020.0 25815.0 26495.0 26996.0 27646.0 29119.0],[16.0],[2.0 3.0 7.0 21.0],False,False
[2667.0],[21273.0 26558.0 27057.0 27093.0 27506.0 27995.0],[16.0],[2.0 3.0 4.0 9.0 17.0],False,False
[2668.0],[159.0],[15.0],[24.0],True,False
[2669.0],[100.0 1920.0 2515.0],[15.0],[7.0 15.0],False,False
[2670.0],[249.0 295.0 2145.0],[15.0],[3.0 4.0 12.0],False,False
[2671.0],[339.0],[15.0],[15.0],True,True
[2672.0],[345.0],[15.0],[38.0],True,False
[2673.0],[472.0],[15.0],[15.0],True,True
[2674.0],[533.0],[15.0],[15.0],False,True
[2675.0],[519.0],[15.0],[15.0],True,True
[2676.0],[624.0],[15.0],[16.0],True,False
[2677.0],[669.0],[15.0],[19.0],True,False
[2678.0],[679.0],[15.0],[15.0],True,True
[2679.0],[723.0],[15.0],[16.0],True,False
[2680.0],[787.0 3632.0],[15.0],[9.0 10.0],False,False
[2681.0],[943.0 991.0 2190.0 2598.0],[15.0],[2.0 11.0 12.0 14.0],False,False
[2682.0],[1076.0 1097.0 4322.0],[15.0],[2.0 7.0 21.0],False,False
[2683.0],[1182.0],[15.0],[16.0],True,False
[2684.0],[1219.0],[15.0],[27.0],True,False
[2685.0],[1282.0],[15.0],[21.0],True,False
[2686.0],[1284.0],[15.0],[26.0],True,False
[2687.0],[784.0 1759.0],[15.0],[14.0 35.0],False,False
[2688.0],[144.0 3984.0],[15.0],[3.0 13.0],True,False
[2689.0],[1121.0 2823.0 4544.0],[15.0],[2.0 21.0],False,False
[2690.0],[383.0 384.0 436.0 3824.0],[15.0],[6.0 11.0 21.0 25.0],False,False
[2692.0],[886.0 1993.0 2796.0],[15.0],[13.0 24.0 51.0],True,False
[2693.0],[1249.0 2067.0 2421.0 2635.0 3116.0 3334.0 3514.0 3916.0],[15.0],[1.0 2.0 3.0 4.0 6.0 7.0 9.0],False,False
[2694.0],[1284.0 1336.0 4621.0],[15.0],[1.0 6.0 26.0],False,False
[2695.0],[1098.0 1178.0 1288.0 2859.0],[15.0],[5.0 11.0 21.0 58.0],False,False
[2696.0],[621.0 703.0 729.0 2762.0 4267.0],[15.0],[3.0 5.0 7.0 9.0 34.0],False,False
[2697.0],[1394.0 1831.0],[15.0],[15.0 94.0],False,False
[2698.0],[957.0 2007.0 4301.0],[15.0],[8.0 19.0 34.0],False,False
[2699.0],[297.0 346.0 2148.0 2151.0 4225.0],[15.0],[4.0 6.0 13.0 41.0],False,False
[2700.0],[1198.0 1772.0],[15.0],[6.0 23.0],False,False
[2701.0],[706.0 2552.0 2765.0 3445.0],[15.0],[2.0 4.0 7.0 97.0],False,False
[2702.0],"[2058.0 2640.0 3519.0 3715.0 4089.0 4105.0 4128.0 4359.0 4388.0 4579.0
 5652.0]",[15.0],[1.0 4.0 5.0 6.0 7.0 13.0],False,False
[2703.0],[1742.0 3265.0],[15.0],[21.0 22.0],False,False
[2704.0],[1027.0 2578.0],[15.0],[17.0 38.0],False,False
[2705.0],[2956.0],[15.0],[23.0],True,False
[2706.0],[477.0 485.0 3421.0],[15.0],[9.0 13.0 93.0],False,False
[2707.0],[508.0 2980.0],[15.0],[40.0 86.0],False,False
[2708.0],[1065.0 1143.0 1220.0 3525.0],[15.0],[11.0 16.0 38.0 50.0],True,False
[2709.0],[224.0 2964.0 6235.0],[15.0],[1.0 12.0 15.0],False,False
[2710.0],[983.0 2205.0 2814.0 3081.0 3876.0 4061.0 4543.0 5838.0 6107.0],[15.0],[1.0 2.0 3.0 5.0 6.0 22.0],False,False
[2711.0],[1016.0 1076.0 4056.0 4535.0 6080.0 6087.0],[15.0],[1.0 3.0 8.0 21.0 35.0],False,False
[2712.0],[1150.0 2389.0 2598.0 3057.0 4085.0 4847.0 5363.0 6333.0],[15.0],[2.0 3.0 5.0 6.0 11.0 15.0 16.0],True,False
[2713.0],[1158.0 3083.0 3106.0 4072.0 4096.0 4592.0 5108.0 5112.0 6127.0],[15.0],[3.0 4.0 5.0 6.0 7.0 9.0 15.0],False,False
[2714.0],[59.0 143.0 3406.0 3808.0],[15.0],[1.0 11.0 12.0 32.0],False,False
[2715.0],[2779.0 4824.0 5321.0 6296.0],[15.0],[4.0 8.0 14.0],False,False
[2716.0],[3062.0 3465.0 3664.0 5090.0],[15.0],[3.0 6.0 10.0 21.0],False,False
[2717.0],[1777.0 3049.0 3870.0 3871.0 6944.0 6946.0],[15.0],[6.0 8.0 9.0 17.0 27.0 29.0],False,False
[2718.0],[450.0 2747.0 4247.0 5772.0],[15.0],[1.0 2.0 30.0 52.0],False,False
[2719.0],[1998.0 4514.0],[15.0],[12.0 26.0],False,False
[2721.0],[197.0],[15.0],[29.0],True,False
[2722.0],[3214.0],[15.0],[20.0],True,False
[2723.0],[1772.0 7188.0],[15.0],[9.0 23.0],False,False
[2724.0],[2823.0 4544.0 6737.0],[15.0],[2.0 4.0 21.0],False,False
[2725.0],[857.0 2207.0 3037.0 3295.0 6723.0],[15.0],[1.0 8.0 21.0 27.0 29.0],False,False
[2726.0],[2184.0 4274.0 6712.0],[15.0],[9.0 32.0 48.0],False,False
[2727.0],[1993.0 2796.0],[15.0],[13.0 51.0],True,False
[2728.0],[670.0 2561.0 4805.0],[15.0],[23.0 35.0 38.0],False,False
[2729.0],[480.0 4471.0 5276.0],[15.0],[2.0 23.0 28.0],False,False
[2730.0],[899.0 3443.0 3635.0 4262.0],[15.0],[3.0 7.0 15.0 73.0],False,False
[2731.0],[324.0 4463.0 5264.0 8440.0],[15.0],[1.0 4.0 68.0 72.0],False,False
[2732.0],[3661.0 3870.0 6057.0],[15.0],[5.0 25.0 29.0],False,False
[2733.0],[4083.0 6809.0 7792.0],[15.0],[6.0 12.0 13.0],False,False
[2734.0],[3006.0 6272.0],[15.0],[3.0 49.0],False,False
[2735.0],[734.0 4586.0 6751.0 6775.0 8607.0],[15.0],[4.0 6.0 13.0 18.0 25.0],False,False
[2736.0],[2190.0 2598.0 3057.0 5363.0 6333.0 7714.0 8929.0],[15.0],[5.0 7.0 11.0 12.0 15.0 16.0],True,False
[2737.0],[1739.0 6277.0 7139.0 7140.0 8525.0],[15.0],[3.0 6.0 11.0 25.0 72.0],False,False
[2738.0],[621.0 3265.0 5290.0 7415.0],[15.0],[5.0 22.0 34.0 54.0],False,False
[2739.0],[2721.0],[15.0],[29.0],True,False
[2740.0],[470.0 6015.0 7900.0],[15.0],[8.0 20.0 30.0],True,False
[2741.0],[3628.0 6912.0],[15.0],[13.0 89.0],True,False
[2742.0],[6109.0 6749.0 9104.0],[15.0],[13.0 14.0 15.0],False,False
[2743.0],[5337.0 6955.0 8216.0],[15.0],[6.0 11.0 52.0],False,False
[2744.0],[2207.0 8178.0 8615.0 8897.0 9065.0 9371.0],[15.0],[1.0 2.0 3.0 4.0 8.0 27.0],False,False
[2745.0],[6910.0],[15.0],[57.0],True,False
[2746.0],[6530.0 8189.0],[15.0],[9.0 56.0],False,False
[2747.0],[511.0 7116.0 7615.0],[15.0],[11.0 24.0 28.0],False,False
[2748.0],[7081.0],[15.0],[31.0],True,False
[2749.0],[523.0 3623.0 7912.0 8153.0],[15.0],[9.0 12.0 29.0 68.0],False,False
[2750.0],[668.0 7631.0 8162.0 8502.0 9883.0],[15.0],[1.0 8.0 11.0 39.0 46.0],False,False
[2751.0],[5253.0 7580.0 10082.0 10918.0],[15.0],[3.0 10.0 13.0 14.0],False,False
[2752.0],[491.0 2745.0 8474.0 8871.0],[15.0],[11.0 12.0 25.0 48.0],False,False
[2753.0],[183.0],[15.0],[61.0],True,False
[2754.0],[2236.0 3122.0 3554.0 5676.0 8724.0 10584.0],[15.0],[10.0 25.0 32.0 43.0],False,False
[2755.0],[686.0 7128.0 9633.0 10939.0 11572.0],[15.0],[1.0 6.0 8.0 13.0 41.0],False,False
[2756.0],[6920.0 8519.0 10941.0 11281.0],[15.0],[4.0 5.0 13.0 17.0],True,False
[2757.0],[927.0 8581.0],[15.0],[34.0 41.0],True,False
[2758.0],[7932.0 8529.0 9073.0 12323.0],[15.0],[9.0 11.0 17.0 35.0],False,False
[2759.0],[4301.0 7659.0 8895.0 8897.0 11104.0 11601.0 11613.0],[15.0],[1.0 2.0 3.0 4.0 9.0 12.0 34.0],False,False
[2760.0],[2732.0 9254.0 11936.0],[15.0],[5.0 12.0 29.0],False,False
[2761.0],[501.0 2986.0 8467.0],[15.0],[4.0 43.0 72.0],False,False
[2763.0],[1073.0 9077.0 9700.0 9916.0 10159.0 11135.0 12714.0 13061.0],[15.0],[1.0 2.0 4.0 6.0 7.0 11.0 37.0],False,False
[2764.0],[6809.0 8084.0 9733.0 10281.0 11167.0 13152.0],[15.0],[1.0 5.0 7.0 11.0 12.0 28.0],False,False
[2765.0],[491.0],[15.0],[48.0],True,False
[2766.0],[4715.0 6860.0 10246.0],[15.0],[12.0 19.0 53.0],False,False
[2767.0],[7075.0 8845.0 10070.0 11073.0 11499.0],[15.0],[3.0 6.0 9.0 14.0 21.0],True,False
[2768.0],"[5614.0 8195.0 9079.0 10171.0 10175.0 10757.0 10974.0 10975.0 11139.0
 12033.0 12362.0 13439.0]",[15.0],[1.0 2.0 3.0 6.0 7.0 12.0],False,False
[2769.0],[503.0 9853.0],[15.0],[13.0 85.0],False,False
[2770.0],[8128.0 9607.0 11927.0 12245.0 12584.0],[15.0],[1.0 5.0 7.0 13.0 15.0],False,False
[2771.0],[9394.0 10174.0],[15.0],[1.0 62.0],False,False
[2772.0],[8898.0 10740.0 11580.0 11657.0 11995.0 12001.0 12299.0 13361.0],[15.0],[1.0 2.0 4.0 6.0 7.0 9.0],False,False
[2773.0],[6965.0 10190.0 11149.0 11734.0],[15.0],[6.0 11.0 27.0],True,False
[2774.0],[353.0 1938.0 2155.0],[15.0],[37.0 45.0 73.0],False,False
[2775.0],[9871.0 11268.0 11270.0 11623.0 11968.0 13346.0],[15.0],[1.0 2.0 9.0 18.0],False,False
[2776.0],[8488.0],[15.0],[55.0],True,False
[2777.0],[7176.0 7440.0 8196.0 13386.0],[15.0],[2.0 16.0 17.0 32.0],False,False
[2778.0],[7987.0 10977.0],[15.0],[13.0 14.0],False,False
[2779.0],[10353.0 10354.0 10702.0 11072.0 13984.0],[15.0],[2.0 8.0 9.0 36.0],False,False
[2780.0],[2299.0 9223.0],[15.0],[8.0 89.0],True,False
[2781.0],[6312.0 10463.0 13053.0 14527.0],[15.0],[6.0 10.0 19.0 42.0],False,False
[2782.0],[7441.0 10959.0 12702.0],[15.0],[18.0 21.0 28.0],True,False
[2783.0],[9879.0 10428.0 11296.0 11578.0 12293.0 13764.0 14214.0],[15.0],[3.0 4.0 6.0 10.0],False,False
[2784.0],[8128.0 12245.0 12582.0 12584.0],[15.0],[1.0 7.0 11.0 15.0],False,False
[2785.0],[5511.0 12969.0],[15.0],[14.0 29.0],True,False
[2786.0],[11964.0],[15.0],[16.0],True,False
[2787.0],[10768.0 10983.0 11116.0 11632.0 11981.0],[15.0],[5.0 9.0 11.0 17.0 19.0],False,False
[2788.0],[11302.0 11311.0 11639.0 12703.0 13401.0 13784.0 14231.0 15432.0 16623.0],[15.0],[1.0 2.0 4.0 5.0 57.0 58.0],False,False
[2789.0],[3855.0 8895.0 11601.0 14959.0],[15.0],[3.0 7.0 12.0 55.0],False,False
[2790.0],[7746.0 12087.0],[15.0],[13.0 28.0],True,False
[2791.0],[618.0 722.0 12275.0],[15.0],[3.0 58.0 71.0],False,False
[2792.0],[11345.0 12384.0],[15.0],[8.0 20.0],False,False
[2793.0],[6020.0 12616.0 12983.0],[15.0],[15.0 22.0 57.0],False,False
[2794.0],[10167.0 13395.0 14531.0 17326.0],[15.0],[1.0 2.0 42.0],False,False
[2795.0],[3998.0 11240.0],[15.0],[18.0 25.0],True,False
[2796.0],[12474.0 13951.0 14083.0],[15.0],[4.0 7.0 13.0],False,False
[2797.0],[1951.0 14176.0 14882.0],[15.0],[8.0 47.0 82.0],False,False
[2798.0],[12582.0 12584.0 13686.0 14824.0 15678.0 17208.0 18058.0 18733.0],[15.0],[1.0 2.0 3.0 4.0 5.0 7.0 11.0 16.0],False,False
[2799.0],[11271.0 11978.0 16569.0 17711.0 17731.0],[15.0],[3.0 6.0 12.0],False,False
[2800.0],[7100.0 12978.0 13278.0 13991.0 17242.0 17250.0],[15.0],[2.0 4.0 6.0 9.0 54.0],False,False
[2801.0],[8876.0 10394.0 14891.0 15716.0 16505.0],[15.0],[2.0 12.0 21.0 23.0],False,False
[2802.0],[14186.0],[15.0],[46.0],True,False
[2803.0],[10281.0 14688.0 15099.0 16663.0 18301.0],[15.0],[1.0 8.0 28.0 34.0],False,False
[2804.0],[9287.0 16522.0],[15.0],[23.0 24.0],True,False
[2805.0],[571.0 13721.0 17654.0 18466.0 19580.0],[15.0],[1.0 3.0 4.0 9.0 64.0],False,False
[2806.0],[11269.0 11572.0 13743.0 15410.0 16143.0 19284.0],[15.0],[10.0 12.0 13.0 27.0 29.0],False,False
[2807.0],[11294.0 14533.0 16553.0 16944.0 19885.0],[15.0],[4.0 5.0 11.0 15.0 16.0],False,False
[2808.0],[11927.0 12595.0 14442.0 16480.0 20133.0],[15.0],[7.0 13.0 17.0 23.0 50.0],False,False
[2809.0],[10811.0 12043.0 15035.0 15463.0 16188.0 18533.0],[15.0],[2.0 5.0 21.0 53.0],False,False
[2810.0],[9623.0 16085.0],[15.0],[24.0 37.0],False,False
[2811.0],[14888.0 14899.0 17265.0 19260.0 20649.0],[15.0],[3.0 5.0 7.0 11.0 34.0],False,False
[2812.0],[1679.0 19839.0],[15.0],[9.0 70.0],True,False
[2813.0],[9116.0 15120.0 15488.0 16619.0 20287.0],[15.0],[6.0 9.0 14.0 15.0 32.0],False,False
[2814.0],[5756.0 14413.0 15683.0 18740.0 21393.0 21757.0],[15.0],[1.0 2.0 4.0 20.0 42.0 77.0],False,False
[2815.0],[3418.0 13274.0 16062.0 18770.0 18774.0],[15.0],[1.0 6.0 17.0 37.0 51.0],False,False
[2816.0],[15778.0 17371.0 18210.0 18540.0 21125.0 21540.0],[15.0],[1.0 4.0 5.0 7.0],False,False
[2817.0],[12722.0 15439.0 16610.0 17308.0 20686.0],[15.0],[3.0 8.0 17.0 24.0 32.0],False,False
[2818.0],[8853.0 11530.0 18085.0],[15.0],[12.0 27.0 55.0],False,False
[2819.0],[10400.0 17271.0],[15.0],[15.0 44.0],False,False
[2820.0],[13008.0 17682.0],[15.0],[15.0 24.0],True,False
[2821.0],[8581.0 16954.0 17767.0],[15.0],[10.0 24.0 34.0],True,False
[2822.0],[7676.0 16577.0 19596.0],[15.0],[13.0 42.0 61.0],False,False
[2823.0],[17621.0],[15.0],[40.0],True,False
[2824.0],[14635.0 17362.0 20763.0 22009.0 22695.0],[15.0],[3.0 6.0 9.0 12.0 15.0],False,False
[2825.0],[17877.0 19416.0 21608.0],[15.0],[6.0 8.0 11.0],False,False
[2826.0],[17713.0 19613.0 22593.0 23357.0 23698.0],[15.0],[1.0 7.0 9.0 22.0],False,False
[2827.0],[15531.0 20055.0],[15.0],[17.0 27.0],False,False
[2828.0],[19852.0],[15.0],[15.0],True,True
[2829.0],[13698.0 14165.0 20956.0],[15.0],[8.0 23.0 45.0],False,False
[2830.0],[18173.0 20701.0 20709.0 21873.0 22278.0 22303.0 23717.0 25189.0],[15.0],[1.0 2.0 6.0 13.0 21.0],False,False
[2831.0],[18433.0 23315.0 25085.0],[15.0],[3.0 6.0 14.0],True,False
[2832.0],[16644.0],[15.0],[28.0],False,False
[2833.0],[10356.0 22219.0 23305.0],[15.0],[7.0 13.0 42.0],False,False
[2834.0],[13257.0 16496.0 19844.0 20176.0 21775.0 24780.0 25088.0],[15.0],[1.0 4.0 5.0 6.0 13.0 20.0 30.0],False,False
[2835.0],[14190.0 21438.0 22248.0 25139.0],[15.0],[3.0 4.0 10.0 46.0],False,False
[2836.0],[9220.0 17598.0 18438.0 19544.0 20109.0 24761.0 25434.0 25699.0],[15.0],[2.0 11.0 13.0 24.0 33.0 34.0 47.0],False,False
[2837.0],[8151.0 8167.0 14463.0 21826.0],[15.0],[10.0 34.0 42.0 59.0],False,False
[2838.0],[1196.0 21953.0 23412.0 25252.0],[15.0],[2.0 6.0 23.0 99.0],False,False
[2839.0],[19630.0 22624.0 22996.0 23747.0 25479.0 25982.0],[15.0],[5.0 7.0 10.0],False,False
[2840.0],[18597.0 21542.0 22310.0 25845.0 26477.0],[15.0],[2.0 6.0 10.0 11.0 12.0],False,False
[2841.0],[22317.0 22677.0 23070.0 24567.0 25991.0],[15.0],[3.0 4.0 6.0 7.0],True,False
[2842.0],[21047.0 22264.0 24079.0 25157.0 26698.0],[15.0],[3.0 4.0 5.0 8.0 13.0],False,False
[2843.0],[11629.0 20738.0 23053.0],[15.0],[6.0 13.0 42.0],True,False
[2844.0],[16145.0],[15.0],[35.0],True,False
[2845.0],[11906.0 18432.0 22879.0 26320.0],[15.0],[2.0 6.0 29.0 47.0],False,False
[2846.0],[5290.0 20664.0 21843.0 21850.0 23675.0],[15.0],[1.0 2.0 9.0 12.0 54.0],False,False
[2847.0],[14511.0 22577.0 23349.0],[15.0],[1.0 17.0 24.0],False,False
[2848.0],[21775.0 23310.0 24777.0 26326.0],[15.0],[1.0 6.0 13.0 21.0],False,False
[2849.0],"[22913.0 23328.0 23651.0 24033.0 24428.0 24792.0 25108.0 25454.0 25712.0
 25944.0]",[15.0],[2.0 3.0 4.0 7.0 8.0 17.0],True,False
[2850.0],[14874.0 14885.0 24777.0],[15.0],[21.0 26.0 34.0],False,False
[2851.0],[14413.0 16458.0 18059.0 23615.0 26866.0],[15.0],[2.0 11.0 22.0 35.0 42.0],False,False
[2852.0],[14247.0 26028.0 26230.0 26478.0 27696.0],[15.0],[2.0 4.0 6.0 11.0 33.0],True,False
[2853.0],[9861.0 20280.0 21443.0 22953.0 22999.0 26379.0 26690.0 26921.0 27366.0],[15.0],[2.0 3.0 4.0 6.0 7.0 11.0 61.0],False,False
[2854.0],[17286.0 18146.0 22275.0 22580.0 25748.0 26425.0 26951.0 26990.0 27383.0],[15.0],[3.0 4.0 9.0 10.0 17.0],False,False
[2855.0],[11530.0 14891.0 19252.0 21795.0 24434.0 26897.0 27884.0],[15.0],[2.0 4.0 12.0 22.0 23.0 55.0],False,False
[2856.0],[5756.0 21393.0 24016.0 26664.0],[15.0],[4.0 6.0 20.0 77.0],False,False
[2857.0],[19568.0 25102.0],[15.0],[14.0 33.0],False,False
[2858.0],[550.0 13717.0 21419.0 25946.0],[15.0],[5.0 30.0 42.0 99.0],False,False
[2859.0],[14190.0 20652.0 22248.0 25138.0],[15.0],[7.0 10.0 32.0 46.0],False,False
[2860.0],[24091.0 24823.0 26389.0],[15.0],[2.0 7.0 18.0],False,False
[2861.0],[18753.0 24757.0 25934.0],[15.0],[5.0 8.0 34.0],False,False
[2862.0],[14191.0 24074.0 25728.0],[15.0],[9.0 23.0 28.0],False,False
[2863.0],"[22996.0 25230.0 25479.0 26399.0 27009.0 27379.0 27428.0 27956.0 28115.0
 28334.0]",[15.0],[1.0 2.0 4.0 5.0 10.0 15.0],False,False
[2864.0],[157.0 19542.0 28093.0],[15.0],[5.0 26.0 81.0],False,False
[2865.0],[81.0 13692.0 24764.0 26869.0 28774.0],[15.0],[2.0 7.0 49.0 87.0],False,False
[2866.0],[15223.0 17964.0 23088.0 25852.0 27056.0 27747.0 28686.0],[15.0],[1.0 2.0 13.0 17.0 43.0],False,False
[2867.0],[385.0 21411.0 27601.0 28089.0],[15.0],[2.0 8.0 21.0 90.0],False,False
[2868.0],[22526.0 26667.0],[15.0],[8.0 26.0],False,False
[2869.0],[22303.0 25744.0 25965.0 26408.0 27376.0 28341.0 28615.0],[15.0],[1.0 4.0 6.0 11.0 21.0],False,False
[2870.0],[25697.0],[15.0],[18.0],True,False
[2871.0],[14444.0 26147.0 26337.0 27327.0 29249.0],[15.0],[1.0 3.0 12.0 13.0 41.0],False,False
[2872.0],[14874.0 25116.0 27338.0],[15.0],[6.0 10.0 34.0],False,False
[2873.0],[22719.0 24167.0],[15.0],[18.0 21.0],False,False
[2875.0],[16315.0 25860.0 26219.0 26263.0 28710.0],[15.0],[1.0 5.0 8.0 34.0],True,False
[2877.0],[6814.0 20399.0 26484.0 28662.0],[15.0],[1.0 15.0 33.0 58.0],False,False
[2878.0],[302.0 18064.0],[15.0],[37.0 94.0],False,False
[2879.0],[21760.0 26328.0 26869.0 26872.0 27863.0 28255.0 28574.0 28897.0],[15.0],[1.0 2.0 3.0 6.0 12.0 22.0],False,False
[2880.0],[26127.0 27338.0 28259.0],[15.0],[5.0 7.0 10.0],False,False
[2881.0],[20603.0 25429.0],[15.0],[7.0 31.0],True,False
[2882.0],[25446.0 26884.0],[15.0],[12.0 14.0],True,False
[2883.0],[561.0 3432.0 24433.0 27618.0],[15.0],[9.0 21.0 88.0 98.0],False,False
[2884.0],[18482.0 26369.0 29095.0],[15.0],[3.0 11.0 38.0],False,False
[2885.0],[25148.0 26160.0 28619.0 29100.0],[15.0],[3.0 4.0 9.0 10.0],True,False
[2886.0],[24099.0 25215.0 26949.0 27197.0 27377.0],[15.0],[1.0 3.0 11.0 13.0],False,False
[2887.0],[17324.0 25821.0],[15.0],[18.0 22.0],False,False
[2888.0],[23038.0],[15.0],[23.0],True,False
[2889.0],[17448.0 27231.0 29620.0],[15.0],[1.0 11.0 32.0],False,False
[2890.0],[26006.0],[15.0],[17.0],True,False
[2891.0],[18438.0 26661.0 26880.0],[15.0],[11.0 14.0 33.0],False,False
[2892.0],[17658.0 25111.0],[15.0],[16.0 40.0],False,False
[2893.0],[6995.0 22005.0],[15.0],[23.0 70.0],False,False
[2894.0],[22223.0],[15.0],[28.0],True,False
[2895.0],[14444.0 26147.0],[15.0],[12.0 41.0],True,False
[2896.0],[21420.0 27347.0 27888.0],[15.0],[8.0 11.0 20.0],False,False
[2897.0],[21914.0 25982.0 26740.0 27401.0 28634.0 28647.0 29336.0 29601.0],[15.0],[1.0 2.0 4.0 5.0 7.0 11.0],False,False
[2898.0],[18889.0 26973.0],[15.0],[9.0 36.0],False,False
[2899.0],[22699.0 23077.0 26200.0 26247.0 26723.0 27024.0 27977.0 28986.0],[15.0],[3.0 6.0 8.0 9.0 10.0 11.0 17.0],False,False
[2900.0],[18301.0 24930.0 24961.0 27689.0],[15.0],[4.0 15.0 34.0],False,False
[2901.0],[142.0 1658.0],[14.0],[10.0 13.0],False,False
[2902.0],[197.0],[14.0],[29.0],True,False
[2903.0],[162.0 241.0],[14.0],[12.0 69.0],False,False
[2904.0],[107.0 203.0 2518.0 2523.0],[14.0],[5.0 11.0 12.0 25.0],False,False
[2905.0],[224.0],[14.0],[15.0],True,False
[2906.0],[290.0],[14.0],[14.0],True,True
[2907.0],[279.0 3207.0],[14.0],[12.0 53.0],True,False
[2908.0],[427.0],[14.0],[14.0],True,True
[2909.0],[413.0 2533.0 3426.0],[14.0],[6.0 8.0],True,False
[2910.0],[472.0 528.0],[14.0],[13.0 15.0],False,False
[2911.0],[556.0],[14.0],[14.0],True,True
[2912.0],[601.0],[14.0],[14.0],True,True
[2913.0],[709.0 717.0],[14.0],[3.0 14.0],True,False
[2914.0],[794.0],[14.0],[73.0],True,False
[2915.0],[885.0],[14.0],[14.0],True,True
[2916.0],[1198.0 1422.0 1798.0 2621.0 3078.0 3494.0],[14.0],[1.0 6.0 18.0 21.0],False,False
[2917.0],[1072.0 1073.0 1113.0],[14.0],[10.0 13.0 37.0],False,False
[2918.0],[604.0 614.0],[14.0],[14.0 53.0],True,False
[2919.0],[853.0 1006.0],[14.0],[11.0 26.0],False,False
[2920.0],[555.0 2989.0 3625.0],[14.0],[9.0 10.0 11.0],False,False
[2921.0],[1049.0 1055.0 2013.0 2206.0 2372.0 2582.0 2827.0 3656.0 3859.0 4037.0],[14.0],[1.0 2.0 4.0 7.0 12.0],False,False
[2923.0],[923.0 963.0 2000.0 2361.0 2363.0 3050.0],[14.0],[1.0 2.0 3.0 8.0 34.0],False,False
[2924.0],[388.0 1694.0 2322.0 3420.0],[14.0],[2.0 3.0 4.0 12.0],False,False
[2925.0],[660.0 777.0 1963.0 3249.0],[14.0],[1.0 2.0 5.0 15.0],False,False
[2926.0],[1678.0],[14.0],[15.0],True,False
[2927.0],[553.0 1949.0 2538.0],[14.0],[1.0 14.0 21.0],False,False
[2928.0],[1722.0],[14.0],[15.0],True,False
[2929.0],[571.0 662.0 2333.0 2744.0 3622.0],[14.0],[1.0 2.0 7.0 64.0 70.0],False,False
[2930.0],[1048.0 1061.0 2617.0 2618.0 3486.0],[14.0],[1.0 7.0 8.0 9.0 10.0],False,False
[2931.0],[2149.0],[14.0],[14.0],True,True
[2932.0],[535.0 2746.0],[14.0],[11.0 99.0],True,False
[2933.0],[1335.0 1413.0 3748.0],[14.0],[9.0 16.0 27.0],False,False
[2934.0],[840.0 1993.0 2796.0 3255.0 4018.0 5547.0 5799.0],[14.0],[1.0 2.0 3.0 13.0 51.0 99.0],False,False
[2935.0],[1100.0 1241.0 1297.0 1423.0],[14.0],[9.0 20.0 21.0 23.0],False,False
[2936.0],[571.0 785.0 786.0 3264.0 4257.0 5061.0 5287.0 6290.0],[14.0],[1.0 2.0 4.0 9.0 13.0 20.0 22.0 64.0],False,False
[2937.0],[265.0],[14.0],[23.0],False,False
[2938.0],[3477.0 3669.0 4846.0 5588.0 5846.0],[14.0],[2.0 3.0 7.0 14.0],False,False
[2939.0],[1100.0 1178.0 1297.0 3343.0 4897.0 6119.0],[14.0],[1.0 3.0 5.0 11.0 20.0 21.0],False,False
[2940.0],"[1216.0 3337.0 3533.0 3926.0 4360.0 4641.0 5399.0 5412.0 5645.0 6573.0
 6793.0]",[14.0],[1.0 2.0 3.0 4.0 10.0 11.0],False,False
[2941.0],[1096.0 1794.0],[14.0],[16.0 17.0],True,False
[2942.0],[886.0 2796.0],[14.0],[24.0 51.0],True,False
[2943.0],[1898.0 3904.0],[14.0],[23.0],False,False
[2944.0],[1396.0 4365.0],[14.0],[13.0 99.0],False,False
[2945.0],[361.0],[14.0],[27.0],True,False
[2946.0],[3859.0 5093.0 6536.0 7445.0],[14.0],[2.0 4.0 9.0 12.0],False,False
[2947.0],[1167.0 4099.0 4119.0 6114.0 7972.0],[14.0],[4.0 9.0 12.0 13.0],False,False
[2948.0],[3668.0 5079.0 5332.0 5822.0 6304.0 7660.0],[14.0],[1.0 2.0 4.0 5.0 13.0 21.0],False,False
[2949.0],[2747.0 4254.0 8156.0],[14.0],[7.0 9.0 52.0],False,False
[2950.0],[3661.0 5327.0 6057.0 8541.0],[14.0],[5.0 9.0 25.0],False,False
[2951.0],[1739.0 6277.0],[14.0],[11.0 25.0],False,False
[2952.0],[5363.0 5589.0 6333.0 6526.0],[14.0],[1.0 5.0 12.0 15.0],False,False
[2953.0],[938.0 2794.0 6040.0 6065.0 7151.0 7152.0 7669.0 8543.0 9323.0],[14.0],[2.0 3.0 5.0 17.0 21.0],False,False
[2954.0],[399.0 6249.0],[14.0],[7.0 45.0],True,False
[2955.0],[2787.0 2794.0 6059.0 6287.0 7164.0 8181.0 8543.0 9068.0],[14.0],[1.0 2.0 3.0 8.0 13.0 15.0 17.0],False,False
[2956.0],[5615.0 7713.0 8226.0 8607.0 9100.0],[14.0],[4.0 6.0 11.0 17.0],False,False
[2957.0],[963.0 1777.0 6728.0 8194.0],[14.0],[7.0 18.0 27.0 34.0],False,False
[2958.0],[6059.0 7936.0 9339.0],[14.0],[7.0 12.0 15.0],False,False
[2959.0],[466.0],[14.0],[67.0],False,False
[2960.0],[2823.0 6083.0 6737.0 6950.0 7912.0 8156.0 8569.0 9626.0],[14.0],[2.0 4.0 9.0 10.0 12.0 21.0],False,False
[2961.0],[640.0 7416.0],[14.0],[9.0 42.0],True,False
[2962.0],[1355.0 4083.0 6809.0 7792.0 9733.0],[14.0],[6.0 7.0 12.0 13.0 23.0],False,False
[2963.0],[621.0 4280.0 5828.0 7420.0 7659.0],[14.0],[9.0 13.0 14.0 34.0],False,False
[2964.0],[6684.0 6882.0 8124.0],[14.0],[9.0 14.0 23.0],False,False
[2965.0],[6787.0 7996.0],[14.0],[6.0 26.0],True,False
[2966.0],[1435.0 8040.0],[14.0],[11.0 30.0],False,False
[2967.0],[6497.0 6895.0 8442.0 8855.0],[14.0],[5.0 7.0 17.0 18.0],False,False
[2968.0],[6094.0 6787.0 7211.0 7951.0 7968.0 8582.0],[14.0],[4.0 7.0 9.0 18.0 26.0],False,False
[2969.0],[2823.0 5117.0 6737.0 8210.0 8569.0 8618.0 9660.0 10179.0 10452.0 10780.0],[14.0],[1.0 2.0 3.0 4.0 15.0 21.0],False,False
[2970.0],[1853.0 3924.0 4980.0 8746.0 8757.0 8761.0 10015.0],[14.0],[4.0 10.0 11.0 14.0 19.0 20.0 31.0],False,False
[2971.0],[2621.0 6809.0 7741.0 8722.0 10044.0 10172.0 10204.0],[14.0],[1.0 5.0 12.0 14.0 21.0],False,False
[2972.0],[6737.0 7912.0 8153.0 8156.0 9626.0],[14.0],[2.0 4.0 9.0 12.0],False,False
[2973.0],[450.0 7093.0 7606.0 9261.0 9851.0],[14.0],[3.0 7.0 9.0 12.0 30.0],False,False
[2974.0],[7073.0 8420.0 9835.0],[14.0],[4.0 5.0 16.0],False,False
[2975.0],[7199.0 8612.0],[14.0],[10.0],True,False
[2976.0],[7495.0 7754.0 9116.0 9435.0],[14.0],[7.0 12.0 18.0 32.0],False,False
[2977.0],[654.0 4487.0 7917.0 8146.0 8463.0 9855.0 10380.0 10719.0 10932.0],[14.0],[1.0 2.0 8.0 27.0 30.0],False,False
[2978.0],[8014.0],[14.0],[15.0],True,False
[2979.0],[1777.0 4307.0 8194.0 10958.0 11649.0],[14.0],[4.0 12.0 18.0 27.0 29.0],False,False
[2980.0],[8515.0 8893.0 9059.0],[14.0],[7.0 12.0 67.0],False,False
[2981.0],[5822.0 8526.0],[14.0],[13.0 20.0],False,False
[2982.0],[8536.0],[14.0],[24.0],True,False
[2983.0],[5638.0 6083.0 6117.0 6761.0 8221.0 10780.0 11669.0 11689.0],[14.0],[1.0 3.0 10.0 11.0 17.0 19.0 39.0],False,False
[2984.0],[8623.0 8624.0 9097.0],[14.0],[3.0 11.0],False,False
[2985.0],[7973.0 8937.0 11700.0],[14.0],[1.0 6.0 44.0],False,False
[2986.0],[7736.0 9140.0 10548.0 10785.0 11155.0],[14.0],[1.0 3.0 4.0 7.0 17.0],False,False
[2987.0],[7498.0 7746.0 8101.0 8256.0 8282.0 8953.0 9466.0],[14.0],[2.0 3.0 4.0 12.0 17.0 28.0],False,False
[2988.0],[6684.0],[14.0],[23.0],True,False
[2989.0],[8135.0],[14.0],[49.0],True,False
[2990.0],[8431.0],[14.0],[18.0],True,False
[2991.0],[8898.0 10740.0 11331.0 11580.0 11995.0 12299.0],[14.0],[1.0 2.0 3.0 4.0 9.0],False,False
[2992.0],[9652.0 10454.0 10951.0 11106.0 11295.0 11627.0 11663.0 12691.0],[14.0],[1.0 2.0 4.0 5.0 6.0 13.0],False,False
[2993.0],[8768.0 9454.0 10835.0 11755.0],[14.0],[3.0 6.0 8.0 15.0],False,False
[2994.0],[3828.0 10711.0],[14.0],[8.0 36.0],False,False
[2995.0],[9723.0 9978.0 10609.0 10825.0],[14.0],[2.0 4.0 14.0 18.0],True,False
[2996.0],[4752.0 9832.0 11914.0 12236.0 13258.0],[14.0],[1.0 2.0 4.0 10.0 25.0],False,False
[2997.0],[6687.0 10701.0],[14.0],[13.0 18.0],False,False
[2998.0],"[7805.0 10589.0 10808.0 11169.0 11749.0 12068.0 12429.0 13081.0 13535.0
 14081.0]",[14.0],[3.0 4.0 5.0 7.0 8.0 11.0],False,False
[2999.0],[6752.0 7712.0 8590.0 13049.0],[14.0],[7.0 11.0 12.0 18.0],False,False
[3000.0],[746.0 9066.0 10966.0 11275.0 14539.0],[14.0],[1.0 12.0 13.0 25.0 40.0],True,False
[3001.0],[8929.0 9950.0],[14.0],[7.0 15.0],True,False
[3002.0],[4448.0],[14.0],[51.0],True,False
[3003.0],[5508.0 10078.0 11511.0],[14.0],[8.0 26.0 27.0],False,False
[3004.0],[9419.0],[14.0],[19.0],True,False
[3006.0],[11253.0 14457.0],[14.0],[14.0 27.0],True,False
[3007.0],[11307.0 11620.0 11666.0 12335.0 12688.0 13025.0 13776.0 15451.0 15752.0],[14.0],[1.0 2.0 3.0 4.0 5.0 6.0 10.0 15.0],False,False
[3008.0],[1132.0 11345.0 12052.0 15065.0],[14.0],[5.0 12.0 20.0 72.0],False,False
[3009.0],[9104.0 11150.0 12720.0 12768.0 13075.0 15812.0],[14.0],[2.0 11.0 14.0 23.0 51.0],False,False
[3010.0],[10085.0 14827.0],[14.0],[5.0 23.0],False,False
[3011.0],[8964.0 11733.0 12735.0],[14.0],[8.0 28.0 61.0],False,False
[3012.0],[5828.0 7644.0 8876.0 10394.0 11265.0 13335.0 16117.0],[14.0],[1.0 6.0 12.0 14.0 21.0 32.0],False,False
[3013.0],[12353.0 12360.0 13066.0 15040.0],[14.0],[3.0 5.0 11.0 17.0],False,False
[3014.0],[12296.0 13009.0 14194.0 14953.0 15412.0 16556.0 16934.0],[14.0],[2.0 5.0 6.0 7.0],False,False
[3015.0],[130.0 139.0 9833.0 13254.0 13688.0 17597.0],[14.0],[4.0 6.0 34.0 35.0 57.0 92.0],False,False
[3016.0],[169.0 16038.0 18061.0],[14.0],[1.0 60.0],False,False
[3017.0],[393.0 13280.0 13281.0],[14.0],[25.0 29.0 59.0],False,False
[3018.0],[12017.0 12714.0 13375.0 14558.0],[14.0],[2.0 6.0 9.0 10.0],False,False
[3019.0],[10969.0 12350.0 12721.0 15081.0 16980.0],[14.0],[6.0 12.0 16.0 31.0 51.0],False,False
[3020.0],[7186.0 9420.0 10399.0 13774.0 13775.0 17313.0 17314.0 17778.0],[14.0],[2.0 4.0 8.0 10.0 13.0 20.0 21.0 26.0],False,False
[3021.0],[11689.0 14518.0 14566.0 17319.0 17799.0 18514.0],[14.0],[2.0 3.0 4.0 7.0 17.0 37.0],False,False
[3022.0],[12979.0 16495.0],[14.0],[2.0 51.0],True,False
[3023.0],[15403.0],[14.0],[36.0],True,False
[3024.0],[12785.0 12854.0 16691.0],[14.0],[4.0 17.0 25.0],False,False
[3025.0],[10167.0 19640.0],[14.0],[1.0 42.0],False,False
[3026.0],[14855.0 16054.0],[14.0],[2.0 14.0],True,False
[3027.0],[14043.0 16167.0 17741.0 21123.0],[14.0],[2.0 13.0 18.0 21.0],True,False
[3028.0],[12624.0 16084.0 16500.0 16506.0 18808.0],[14.0],[2.0 8.0 17.0 29.0],False,False
[3029.0],[12721.0 15081.0 16153.0 16607.0 16978.0 17721.0 17725.0 17777.0 18548.0],[14.0],[4.0 5.0 6.0 10.0 12.0 13.0 20.0 31.0],False,False
[3030.0],[11268.0 16917.0 18478.0],[14.0],[7.0 15.0 18.0],False,False
[3031.0],[14649.0 15797.0 15856.0],[14.0],[7.0 17.0],True,False
[3032.0],[14164.0 16463.0],[14.0],[13.0 16.0],False,False
[3033.0],[4448.0 14821.0],[14.0],[27.0 51.0],False,False
[3034.0],[738.0 17279.0],[14.0],[13.0 85.0],False,False
[3035.0],[3619.0 13276.0 20976.0],[14.0],[18.0 60.0],False,False
[3036.0],[17626.0],[14.0],[14.0],True,True
[3037.0],[1705.0 17631.0 18450.0 19562.0 20152.0 20984.0],[14.0],[1.0 2.0 5.0 25.0 66.0],False,False
[3038.0],[17708.0 18499.0 21055.0 21477.0 21487.0 21858.0],[14.0],[1.0 2.0 5.0 8.0 9.0],False,False
[3039.0],[10940.0 15391.0],[14.0],[25.0 26.0],True,False
[3040.0],[13985.0 17610.0 18754.0 20957.0 21776.0 22513.0],[14.0],[1.0 3.0 7.0 8.0 12.0 16.0],False,False
[3041.0],[8937.0 11655.0 21930.0],[14.0],[4.0 29.0 44.0],False,False
[3042.0],[16601.0 19319.0],[14.0],[12.0 18.0],False,False
[3043.0],[13388.0 17313.0 21500.0 22290.0 22291.0],[14.0],[4.0 6.0 10.0 16.0 17.0],False,False
[3044.0],[14198.0 19282.0 19604.0],[14.0],[1.0 19.0 39.0],False,False
[3045.0],[17665.0 17667.0],[14.0],[4.0 21.0],False,False
[3046.0],[18847.0 19643.0 20278.0 21082.0],[14.0],[1.0 2.0 10.0 11.0],False,False
[3047.0],[16492.0 18095.0 24431.0],[14.0],[3.0 16.0 28.0],True,False
[3048.0],[10167.0 24535.0],[14.0],[3.0 42.0],False,False
[3049.0],[19306.0 20277.0 20310.0 20709.0 21912.0 21933.0 22602.0 22610.0 23014.0],[14.0],[2.0 3.0 4.0 5.0 6.0 7.0 36.0],False,False
[3050.0],[14457.0],[14.0],[27.0],True,False
[3051.0],[20231.0],[14.0],[17.0],True,False
[3052.0],[19691.0 20792.0 22372.0],[14.0],[3.0 4.0 21.0],True,False
[3053.0],[16632.0 19650.0 21502.0],[14.0],[5.0 9.0 25.0],False,False
[3054.0],"[13791.0 21074.0 21476.0 21923.0 22303.0 22615.0 23025.0 23379.0 24110.0
 25744.0]",[14.0],[1.0 3.0 4.0 5.0 6.0 19.0 21.0 22.0 29.0],False,False
[3055.0],[21026.0 22565.0 24825.0 25154.0 25732.0],[14.0],[1.0 2.0 5.0 8.0],False,False
[3056.0],[19548.0 22219.0],[14.0],[13.0 20.0],False,False
[3057.0],[16536.0 21860.0 23059.0 24465.0 25178.0 26699.0],[14.0],[1.0 5.0 7.0 20.0 22.0],False,False
[3058.0],[21051.0 24093.0],[14.0],[11.0 26.0],False,False
[3059.0],[19292.0 19634.0 22962.0 26927.0],[14.0],[9.0 12.0 31.0 32.0],False,False
[3060.0],[10375.0 18456.0 25109.0],[14.0],[2.0 37.0 50.0],False,False
[3061.0],[22597.0],[14.0],[15.0],True,False
[3062.0],[21137.0 22751.0 24841.0 25790.0 26012.0],[14.0],[4.0 12.0 13.0 14.0 17.0],True,False
[3064.0],[445.0 18788.0 23654.0 26674.0],[14.0],[13.0 18.0 21.0 97.0],False,False
[3065.0],[15439.0 17310.0 23702.0 24833.0 25166.0 26698.0 27369.0 27920.0],[14.0],[1.0 3.0 4.0 14.0 23.0 32.0],False,False
[3066.0],[10074.0 25080.0 26137.0],[14.0],[6.0 15.0 60.0],False,False
[3067.0],[20954.0 25078.0],[14.0],[11.0 31.0],False,False
[3068.0],[2017.0 15648.0],[14.0],[24.0 88.0],True,False
[3069.0],[25470.0],[14.0],[14.0],True,True
[3070.0],[25172.0],[14.0],[15.0],True,False
[3071.0],[9861.0 26379.0 26921.0],[14.0],[4.0 7.0 61.0],False,False
[3072.0],[26154.0],[14.0],[16.0],True,False
[3073.0],[25544.0 26220.0 27247.0 27724.0],[14.0],[5.0 8.0 12.0 13.0],False,False
[3074.0],[21760.0 22219.0 26328.0 26872.0 28255.0 28574.0 28897.0],[14.0],[1.0 2.0 3.0 6.0 12.0 13.0 22.0],False,False
[3075.0],[22303.0 25965.0 26407.0 28341.0 28615.0],[14.0],[1.0 6.0 21.0],False,False
[3076.0],[2980.0 26903.0],[14.0],[8.0 86.0],False,False
[3077.0],[26393.0],[14.0],[15.0],True,False
[3078.0],[24084.0 26426.0 26709.0 26956.0],[14.0],[6.0 8.0 10.0 11.0],False,False
[3079.0],[19230.0 27168.0],[14.0],[8.0 30.0],False,False
[3080.0],[23020.0 24121.0 24500.0],[14.0],[9.0 15.0 21.0],False,False
[3081.0],[407.0 20619.0 25105.0 26669.0],[14.0],[2.0 20.0 30.0 98.0],False,False
[3082.0],[22914.0 26675.0 26898.0 28100.0 28921.0],[14.0],[1.0 3.0 13.0 21.0],False,False
[3083.0],[21914.0 23387.0 25982.0 28634.0 28647.0],[14.0],[4.0 5.0 7.0 11.0 20.0],False,False
[3084.0],[25292.0 25823.0 28680.0 28696.0],[14.0],[4.0 5.0 12.0 14.0],False,False
[3085.0],[26661.0 27600.0],[14.0],[8.0 14.0],False,False
[3086.0],[25444.0],[14.0],[17.0],True,False
[3087.0],[26333.0],[14.0],[15.0],False,False
[3088.0],[20969.0 26886.0],[14.0],[13.0 21.0],False,False
[3089.0],[19292.0 19634.0 26918.0 27914.0 29103.0],[14.0],[2.0 3.0 4.0 31.0 32.0],False,False
[3090.0],[11759.0 12383.0 27420.0 28133.0],[14.0],[6.0 10.0 48.0 51.0],False,False
[3091.0],[24721.0 26621.0],[14.0],[4.0 14.0],True,False
[3092.0],[24074.0 25728.0 27362.0 29298.0],[14.0],[1.0 4.0 9.0 23.0],False,False
[3093.0],[14845.0 23616.0 28577.0],[14.0],[6.0 22.0 41.0],False,False
[3094.0],[15466.0],[14.0],[42.0],True,False
[3095.0],[24029.0 27612.0 28096.0],[14.0],[1.0 8.0 14.0],False,False
[3096.0],[6490.0 13274.0 27608.0],[14.0],[10.0 37.0 73.0],False,False
[3097.0],[18823.0 24809.0],[14.0],[16.0 34.0],False,False
[3098.0],[14493.0 19276.0 27357.0 27904.0],[14.0],[5.0 8.0 36.0 38.0],False,False
[3099.0],"[23702.0 24132.0 26698.0 26708.0 26937.0 27369.0 27920.0 28314.0 28332.0
 29309.0]",[14.0],[1.0 2.0 4.0 6.0 12.0 14.0],False,False
[3100.0],[22986.0 25165.0 26012.0 26413.0 26950.0 28640.0 28804.0 29372.0],[14.0],[1.0 2.0 3.0 5.0 7.0 9.0 11.0 12.0],False,False
[3101.0],[21914.0 26740.0 27401.0 27680.0 27956.0 28115.0 28647.0],[14.0],[1.0 2.0 4.0 7.0 11.0],False,False
[3102.0],[22160.0 25317.0 26200.0 27024.0 27977.0],[14.0],[6.0 8.0 9.0 16.0],False,False
[3103.0],[20619.0 26885.0],[14.0],[11.0 30.0],False,False
[3104.0],[8450.0 21407.0 26883.0 27334.0],[14.0],[9.0 13.0 27.0 69.0],False,False
[3105.0],[26342.0 26353.0 27174.0],[14.0],[4.0 12.0 14.0],False,False
[3106.0],[23686.0 27634.0 28604.0],[14.0],[4.0 6.0 20.0],False,False
[3107.0],[26416.0 26426.0 26709.0 27662.0 27665.0],[14.0],[3.0 4.0 7.0 8.0 10.0],False,False
[3108.0],[239.0 1656.0 2297.0],[13.0],[11.0 19.0 22.0],False,False
[3109.0],[308.0],[13.0],[14.0],True,False
[3110.0],[264.0 3996.0],[13.0],[7.0 12.0],False,False
[3111.0],[386.0],[13.0],[13.0],True,True
[3112.0],[420.0],[13.0],[14.0],True,False
[3113.0],[417.0],[13.0],[13.0],True,True
[3114.0],[506.0],[13.0],[46.0],True,False
[3115.0],[595.0],[13.0],[13.0],True,True
[3116.0],[650.0 691.0],[13.0],[12.0 40.0],False,False
[3117.0],[689.0 702.0],[13.0],[11.0 19.0],False,False
[3118.0],[831.0 3632.0],[13.0],[9.0 27.0],False,False
[3119.0],[837.0 1762.0 3034.0 3472.0],[13.0],[5.0 6.0 7.0],False,False
[3120.0],[913.0],[13.0],[13.0],True,True
[3121.0],[1095.0 2620.0],[13.0],[3.0 12.0],True,False
[3122.0],[1126.0],[13.0],[13.0],True,True
[3123.0],[1190.0 3695.0],[13.0],[5.0 11.0],True,False
[3124.0],[1126.0 1147.0 1829.0 2428.0 2632.0],[13.0],[1.0 2.0 8.0 13.0],False,False
[3125.0],[361.0],[13.0],[27.0],False,False
[3126.0],[713.0 1733.0 3006.0],[13.0],[11.0 25.0 49.0],False,False
[3127.0],[296.0 2526.0],[13.0],[14.0 16.0],True,False
[3128.0],[697.0 1736.0 2173.0 3436.0 3444.0 3634.0 3832.0],[13.0],[1.0 3.0 9.0 10.0 21.0],False,False
[3129.0],[1098.0 1118.0],[13.0],[9.0 21.0],True,False
[3130.0],[1299.0 2641.0],[13.0],[12.0 21.0],True,False
[3131.0],[337.0 389.0 2529.0 3214.0],[13.0],[2.0 8.0 20.0 36.0],True,False
[3132.0],[933.0 989.0 1069.0 2207.0 3048.0 3875.0],[13.0],[1.0 2.0 6.0 10.0 27.0],False,False
[3133.0],[903.0 949.0 1767.0],[13.0],[1.0 6.0 26.0],False,False
[3134.0],[600.0 2753.0 2755.0 3239.0],[13.0],[3.0 12.0 15.0 18.0],False,False
[3135.0],[882.0 1746.0 3275.0],[13.0],[8.0 9.0 12.0],False,False
[3136.0],[945.0 2576.0 2780.0],[13.0],[6.0 7.0 30.0],False,False
[3137.0],[295.0 1666.0 2145.0 3411.0],[13.0],[3.0 10.0 12.0 20.0],False,False
[3138.0],[420.0 440.0 1703.0],[13.0],[9.0 14.0 19.0],True,False
[3139.0],[1115.0],[13.0],[19.0],True,False
[3140.0],[724.0 2185.0 2547.0],[13.0],[2.0 15.0 28.0],False,False
[3142.0],[1121.0 3677.0],[13.0],[3.0 21.0],False,False
[3143.0],[523.0 2332.0],[13.0],[11.0 68.0],False,False
[3144.0],[837.0 944.0 1014.0 1772.0 3032.0],[13.0],[3.0 5.0 6.0 23.0],False,False
[3145.0],[632.0 1973.0],[13.0],[10.0 13.0],False,False
[3146.0],[1069.0 1778.0 3047.0 3477.0 3480.0 4846.0],[13.0],[3.0 4.0 5.0 7.0 10.0],False,False
[3147.0],[804.0 1762.0 2779.0 3019.0 4824.0],[13.0],[2.0 4.0 6.0 7.0 14.0],False,False
[3148.0],[2514.0 2960.0],[13.0],[3.0 11.0],False,False
[3149.0],[223.0 4221.0],[13.0],[6.0 34.0],False,False
[3150.0],[916.0 918.0 4283.0],[13.0],[5.0 6.0 13.0],False,False
[3151.0],[934.0 2562.0 2783.0 3269.0 3647.0 4021.0 4266.0 4816.0],[13.0],[2.0 3.0 4.0 6.0],False,False
[3152.0],[734.0 980.0 2211.0 4586.0],[13.0],[9.0 13.0 20.0 25.0],False,False
[3153.0],[1063.0 1133.0 2029.0 2221.0 3499.0 3504.0 4321.0],[13.0],[1.0 5.0 6.0 10.0 11.0 12.0],False,False
[3154.0],[3037.0 3295.0],[13.0],[8.0 29.0],False,False
[3155.0],[1183.0 1305.0 3093.0 3493.0 4324.0 5112.0 5610.0],[13.0],[2.0 4.0 5.0 7.0 14.0 34.0],False,False
[3156.0],[3062.0 3675.0 5090.0],[13.0],[1.0 6.0 21.0],False,False
[3157.0],[2528.0 4460.0],[13.0],[14.0 22.0],False,False
[3158.0],[864.0 1767.0 3473.0 4050.0 4529.0],[13.0],[1.0 2.0 6.0 8.0 12.0],False,False
[3159.0],[3444.0 3839.0],[13.0],[11.0 21.0],True,False
[3160.0],[3043.0 4046.0],[13.0],[11.0 34.0],False,False
[3161.0],[3081.0 3873.0 4061.0 4294.0 4543.0 4843.0 5593.0],[13.0],[1.0 3.0 4.0 5.0 6.0 17.0],False,False
[3162.0],[2007.0 3875.0 4298.0 4301.0],[13.0],[1.0 8.0 34.0],False,False
[3163.0],[831.0 2546.0 4825.0 7136.0],[13.0],[4.0 5.0 12.0 27.0],False,False
[3164.0],[70.0 3612.0 4222.0 5261.0 6689.0],[13.0],[1.0 3.0 5.0 24.0 58.0],False,False
[3165.0],[2957.0 3407.0 6489.0],[13.0],[2.0 7.0 28.0],True,False
[3166.0],[3455.0 4270.0 5319.0 5338.0 6043.0 6288.0 6757.0 6924.0 7162.0],[13.0],[1.0 2.0 4.0 5.0 8.0],False,False
[3167.0],[3810.0],[13.0],[16.0],True,False
[3168.0],[451.0 3430.0],[13.0],[7.0 27.0],True,False
[3170.0],[5053.0],[13.0],[13.0],True,True
[3171.0],[789.0 4498.0 4813.0 5331.0 6038.0 7648.0 7920.0],[13.0],[1.0 3.0 4.0 13.0 21.0 27.0],False,False
[3172.0],[571.0 662.0 6908.0 7616.0],[13.0],[4.0 12.0 64.0 70.0],False,False
[3173.0],[2725.0 6007.0],[13.0],[7.0 40.0],False,False
[3174.0],[1013.0 2794.0 3471.0 4282.0 5325.0 6065.0 7454.0],[13.0],[4.0 5.0 13.0 14.0 17.0],False,False
[3175.0],[5107.0 6323.0 6567.0 6768.0],[13.0],[1.0 2.0 10.0 11.0],False,False
[3176.0],[1938.0],[13.0],[37.0],True,False
[3177.0],[3997.0 5763.0 7089.0 8442.0],[13.0],[5.0 7.0 10.0 13.0],False,False
[3178.0],[4597.0 5460.0 5654.0 5912.0],[13.0],[3.0 4.0 9.0 31.0],False,False
[3179.0],[3272.0 5826.0 6530.0],[13.0],[36.0 38.0 56.0],False,False
[3180.0],[3989.0],[13.0],[20.0],True,False
[3181.0],[1659.0 6230.0],[13.0],[10.0 32.0],False,False
[3182.0],[1580.0 2456.0 8281.0],[13.0],[2.0 14.0 37.0],False,False
[3183.0],[5061.0 5287.0 6290.0 6704.0 8866.0],[13.0],[1.0 2.0 4.0 20.0],False,False
[3184.0],[2794.0 4282.0 6067.0 6094.0 6327.0 7211.0 7951.0],[13.0],[1.0 2.0 4.0 7.0 9.0 14.0 17.0],False,False
[3185.0],[722.0 731.0 5298.0],[13.0],[37.0 42.0 58.0],False,False
[3186.0],[1285.0 4870.0 5872.0 6111.0 6153.0 6964.0 7480.0 9102.0],[13.0],[1.0 2.0 5.0 6.0 7.0 9.0 16.0 32.0],False,False
[3187.0],[6010.0],[13.0],[15.0],False,False
[3188.0],[670.0],[13.0],[38.0],True,False
[3189.0],[6252.0 6494.0 6495.0 6899.0 7100.0 7601.0],[13.0],[1.0 3.0 4.0 6.0 54.0],False,False
[3190.0],[6746.0 8601.0],[13.0],[12.0 13.0],True,False
[3191.0],[1435.0 1853.0 3924.0 5408.0 8297.0 8746.0 8761.0 9476.0],[13.0],[3.0 4.0 5.0 8.0 11.0 20.0 30.0 31.0],False,False
[3192.0],[662.0 8496.0],[13.0],[7.0 70.0],False,False
[3193.0],"[5151.0 7200.0 7236.0 7728.0 8375.0 8676.0 8756.0 9127.0 9405.0 9498.0
 9942.0 10520.0]",[13.0],[1.0 2.0 3.0 5.0 7.0 16.0],False,False
[3194.0],[5659.0 6985.0],[13.0],[11.0 19.0],False,False
[3195.0],[4280.0 5828.0 7659.0 8897.0 10412.0 10942.0],[13.0],[1.0 4.0 9.0 14.0],False,False
[3196.0],"[6796.0 7779.0 8239.0 8696.0 8703.0 8968.0 8989.0 9154.0 9409.0 9578.0
 9983.0]",[13.0],[1.0 2.0 4.0 7.0 8.0 11.0 15.0],False,False
[3197.0],[3766.0 9158.0 11030.0],[13.0],[9.0 21.0 22.0],False,False
[3198.0],[3427.0 5275.0],[13.0],[33.0 70.0],False,False
[3199.0],[6922.0 7139.0 7429.0 8175.0 10734.0],[13.0],[7.0 8.0 10.0 72.0],False,False
[3200.0],[1285.0 6996.0 7480.0 7963.0 8940.0 9102.0],[13.0],[1.0 2.0 7.0 16.0 32.0],False,False
[3201.0],[447.0 5047.0 6911.0 10713.0],[13.0],[2.0 20.0 73.0 99.0],False,False
[3202.0],[2233.0 8689.0 9153.0 9478.0],[13.0],[2.0 14.0 18.0 26.0],True,False
[3203.0],[6965.0 8244.0 8632.0 8923.0 8940.0 10190.0 11141.0],[13.0],[6.0 7.0 8.0 9.0 10.0 27.0],False,False
[3204.0],[8521.0 9875.0],[13.0],[1.0 30.0],False,False
[3205.0],[7194.0 7947.0 8547.0 8894.0 9655.0 10761.0 11107.0 11282.0],[13.0],[1.0 2.0 8.0 11.0],False,False
[3206.0],[7631.0],[13.0],[46.0],True,False
[3207.0],[7441.0],[13.0],[28.0],True,False
[3208.0],[7070.0],[13.0],[21.0],True,False
[3209.0],[3272.0 9303.0],[13.0],[5.0 36.0],True,False
[3210.0],[315.0 9252.0 9606.0 10080.0 10716.0 11929.0],[13.0],[1.0 2.0 28.0 37.0 44.0],False,False
[3211.0],[223.0 6886.0 10075.0],[13.0],[10.0 34.0 70.0],False,False
[3212.0],[9609.0],[13.0],[14.0],True,False
[3213.0],[6330.0 9373.0 9918.0 10461.0 10973.0 11127.0 11679.0 13064.0],[13.0],[1.0 3.0 5.0 7.0 8.0 11.0],False,False
[3214.0],[5495.0 11498.0 12576.0],[13.0],[3.0 5.0 23.0],False,False
[3215.0],[9152.0 10894.0 11170.0 11759.0],[13.0],[7.0 9.0 14.0 48.0],False,False
[3216.0],[5890.0 9953.0 10523.0 13088.0],[13.0],[2.0 13.0 15.0 26.0],True,False
[3217.0],[563.0 10933.0 11255.0],[13.0],[3.0 48.0 53.0],True,False
[3218.0],[7418.0 11266.0],[13.0],[9.0 53.0],False,False
[3219.0],[6075.0 9077.0 10736.0 10955.0 11983.0 12297.0 12335.0 12667.0 12672.0],[13.0],[2.0 3.0 4.0 6.0 11.0 18.0],False,False
[3220.0],[1970.0 8604.0 9913.0 10967.0 13380.0],[13.0],[8.0 10.0 11.0 43.0],False,False
[3221.0],[8536.0 10742.0],[13.0],[17.0 24.0],True,False
[3222.0],[9894.0 10749.0 11607.0 11982.0 12332.0],[13.0],[1.0 3.0 6.0 13.0],False,False
[3223.0],[7384.0],[13.0],[22.0],False,False
[3224.0],[8883.0],[13.0],[68.0],True,False
[3225.0],[670.0 714.0 11965.0 12285.0],[13.0],[9.0 16.0 38.0 56.0],False,False
[3226.0],[10082.0 10918.0 11234.0 13253.0],[13.0],[2.0 3.0 10.0 14.0],False,False
[3227.0],[10119.0 14190.0],[13.0],[15.0 46.0],False,False
[3228.0],[9861.0 11270.0 11561.0 11968.0 12650.0 14487.0],[13.0],[1.0 2.0 7.0 10.0 61.0],False,False
[3230.0],[3122.0 11017.0],[13.0],[19.0 43.0],False,False
[3231.0],[70.0 9596.0 11493.0 14817.0],[13.0],[1.0 7.0 29.0 58.0],False,False
[3232.0],[8854.0 11518.0 12237.0],[13.0],[7.0 27.0 35.0],False,False
[3233.0],[7644.0 10394.0 14478.0],[13.0],[5.0 12.0 32.0],False,False
[3234.0],[10470.0 11656.0 12722.0],[13.0],[22.0 24.0 41.0],False,False
[3235.0],[3863.0 7186.0 7638.0 9321.0 10751.0 11574.0 12284.0 14226.0 15759.0],[13.0],[3.0 4.0 6.0 8.0 11.0 26.0 28.0 62.0],False,False
[3236.0],[8585.0 12309.0 12311.0 14007.0],[13.0],[1.0 5.0 17.0 48.0],False,False
[3237.0],[10811.0 12076.0],[13.0],[24.0 53.0],False,False
[3238.0],[3207.0 11933.0],[13.0],[12.0 53.0],False,False
[3239.0],[1342.0 8689.0 9153.0 15516.0],[13.0],[7.0 14.0 18.0 40.0],True,False
[3240.0],[7703.0 15440.0],[13.0],[1.0 54.0],False,False
[3241.0],[12276.0],[13.0],[13.0],True,True
[3242.0],[9158.0],[13.0],[22.0],True,False
[3243.0],[5788.0 11951.0 12631.0 13329.0 14480.0 15722.0 16099.0],[13.0],[1.0 2.0 4.0 10.0 28.0 39.0],False,False
[3244.0],[9283.0 14463.0],[13.0],[27.0 34.0],False,False
[3245.0],[8185.0 12316.0 13032.0 15753.0],[13.0],[4.0 7.0 8.0 68.0],False,False
[3246.0],[6773.0 6992.0 13842.0 14567.0],[13.0],[6.0 12.0 14.0 41.0],False,False
[3247.0],[571.0 10722.0 13721.0 14456.0],[13.0],[7.0 9.0 25.0 64.0],False,False
[3248.0],[12276.0 13339.0],[13.0],[13.0],False,False
[3249.0],[8876.0 10394.0 16528.0],[13.0],[12.0 14.0 21.0],False,False
[3250.0],[6117.0 13502.0],[13.0],[14.0 39.0],False,False
[3251.0],[12236.0 15334.0 16877.0],[13.0],[3.0 10.0 18.0],True,False
[3252.0],[567.0 17264.0],[13.0],[2.0 88.0],True,False
[3253.0],[3624.0 9050.0],[13.0],[39.0 47.0],False,False
[3254.0],[12693.0 14506.0 14974.0 15756.0 17731.0],[13.0],[2.0 6.0 9.0 15.0],True,False
[3255.0],[11689.0 14487.0 14518.0 17319.0 18514.0],[13.0],[2.0 4.0 7.0 17.0],False,False
[3256.0],[9105.0 15062.0],[13.0],[11.0 27.0],True,False
[3257.0],[10926.0 14877.0],[13.0],[8.0 34.0],False,False
[3258.0],[9830.0 12601.0 14872.0 15349.0 16057.0 17245.0 18074.0],[13.0],[1.0 2.0 3.0 4.0 7.0 10.0 23.0],False,False
[3259.0],[14183.0],[13.0],[13.0],True,True
[3260.0],[14247.0 18212.0],[13.0],[4.0 33.0],False,False
[3261.0],[13255.0 16047.0 17229.0],[13.0],[1.0 22.0 36.0],False,False
[3262.0],[11385.0 12197.0 15531.0],[13.0],[10.0 20.0 27.0],False,False
[3263.0],[630.0 14483.0 16546.0],[13.0],[9.0 11.0 99.0],False,False
[3264.0],[14947.0 15422.0 15752.0 16130.0 17708.0 18491.0 18499.0],[13.0],[1.0 2.0 3.0 8.0 9.0 15.0],False,False
[3265.0],[9606.0 17230.0],[13.0],[14.0 28.0],False,False
[3266.0],[15350.0],[13.0],[14.0],True,False
[3267.0],[14821.0 16462.0],[13.0],[11.0 27.0],False,False
[3268.0],[9830.0 14166.0 17608.0],[13.0],[22.0 23.0],False,False
[3269.0],[12604.0 16496.0],[13.0],[17.0 20.0],False,False
[3270.0],[1424.0 13614.0 16724.0 20005.0 20006.0],[13.0],[1.0 4.0 29.0 39.0 49.0],True,False
[3271.0],[9348.0 14005.0 14036.0 15456.0 17018.0 18880.0 19338.0],[13.0],[5.0 6.0 12.0 15.0 16.0 22.0],False,False
[3272.0],[13811.0 15806.0 17820.0 18953.0],[13.0],[6.0 8.0 11.0],False,False
[3273.0],[14901.0 17670.0],[13.0],[7.0 24.0],True,False
[3274.0],[16528.0],[13.0],[14.0],True,False
[3275.0],[17306.0 20314.0 21886.0],[13.0],[1.0 3.0 10.0],False,False
[3276.0],[17284.0 17713.0 19613.0],[13.0],[2.0 9.0 22.0],False,False
[3277.0],[11070.0 18744.0 19544.0],[13.0],[7.0 34.0 52.0],False,False
[3278.0],[14612.0 18301.0 20400.0],[13.0],[6.0 11.0 34.0],False,False
[3279.0],[14965.0 15018.0 19624.0],[13.0],[10.0 18.0],False,False
[3280.0],[11530.0 15365.0 19252.0],[13.0],[8.0 22.0 55.0],False,False
[3281.0],[12979.0 18460.0 18793.0],[13.0],[18.0 33.0 51.0],False,False
[3282.0],[15774.0 16638.0 17785.0 18249.0],[13.0],[8.0 9.0 15.0 16.0],False,False
[3283.0],[6763.0 17785.0 18249.0 19653.0],[13.0],[7.0 9.0 15.0 38.0],False,False
[3284.0],[16946.0 18147.0 18483.0 19879.0 20672.0 21026.0 21066.0 22270.0 22580.0],[13.0],[1.0 2.0 4.0 5.0 7.0 8.0],False,False
[3285.0],[18761.0],[13.0],[13.0],True,True
[3286.0],[3840.0 14939.0 18494.0 19283.0],[13.0],[10.0 12.0 17.0 80.0],False,False
[3287.0],[5795.0 10395.0 13340.0 19860.0 21021.0],[13.0],[5.0 17.0 24.0 39.0 52.0],False,False
[3288.0],[18281.0 19385.0],[13.0],[7.0 15.0],True,False
[3289.0],[13358.0 17848.0 18995.0 21126.0 21137.0 22692.0],[13.0],[7.0 10.0 13.0 15.0 19.0 33.0],True,False
[3290.0],[17274.0 22929.0],[13.0],[15.0 23.0],False,False
[3291.0],[19556.0 20134.0],[13.0],[3.0 12.0],True,False
[3292.0],[7399.0],[13.0],[48.0],True,False
[3293.0],[1679.0 15334.0 16880.0 20117.0 21388.0 22218.0 22884.0 24009.0],[13.0],[1.0 3.0 4.0 18.0 22.0 25.0 70.0],False,False
[3294.0],[19275.0 20665.0],[13.0],[14.0 26.0],False,False
[3295.0],[18499.0 18847.0 21082.0 21477.0],[13.0],[5.0 9.0 10.0 11.0],False,False
[3296.0],[20423.0 22087.0 22738.0 22785.0 23512.0 24282.0],[13.0],[3.0 5.0 6.0 10.0 11.0],False,False
[3297.0],[17678.0 20188.0 24452.0],[13.0],[2.0 7.0 16.0],False,False
[3298.0],[19860.0 25129.0],[13.0],[10.0 17.0],False,False
[3299.0],[17820.0 20280.0 20681.0 21076.0 23018.0 24124.0],[13.0],[1.0 3.0 11.0],False,False
[3300.0],[17003.0 20774.0 21961.0 23418.0 24902.0],[13.0],[1.0 2.0 12.0 16.0],False,False
[3301.0],[50.0 20603.0],[13.0],[31.0 72.0],True,False
[3302.0],[16506.0 21827.0 22537.0],[13.0],[1.0 17.0 25.0],True,False
[3303.0],[16632.0 21503.0 25774.0],[13.0],[4.0 11.0 25.0],False,False
[3304.0],[20607.0 22526.0 22895.0 23632.0 23647.0],[13.0],[1.0 4.0 7.0 26.0],False,False
[3305.0],[21867.0],[13.0],[13.0],True,True
[3306.0],[20723.0 22664.0 23407.0 24144.0 25773.0],[13.0],[1.0 3.0 5.0 6.0],False,False
[3307.0],[16601.0 19630.0 22996.0],[13.0],[7.0 10.0 18.0],False,False
[3308.0],[22016.0 23868.0],[13.0],[6.0 12.0],False,False
[3309.0],[19461.0 20877.0 22398.0 23114.0 23517.0 23852.0 24227.0 24649.0],[13.0],[1.0 2.0 5.0 8.0 10.0 17.0],False,False
[3310.0],[16907.0 19240.0],[13.0],[18.0 32.0],False,False
[3311.0],[22571.0],[13.0],[23.0],True,False
[3312.0],[8883.0 19868.0],[13.0],[18.0 68.0],False,False
[3313.0],[22905.0 24791.0],[13.0],[7.0 20.0],True,False
[3314.0],[19619.0 22264.0 22963.0],[13.0],[2.0 7.0 13.0],False,False
[3315.0],[23325.0],[13.0],[13.0],True,True
[3316.0],[23330.0],[13.0],[13.0],True,True
[3317.0],[21018.0 21420.0 24800.0],[13.0],[7.0 14.0 20.0],False,False
[3318.0],[8488.0 14914.0 20193.0 23341.0],[13.0],[7.0 15.0 44.0 55.0],False,False
[3319.0],[17649.0 22926.0],[13.0],[13.0 30.0],False,False
[3320.0],[17651.0 24442.0 25947.0 26676.0],[13.0],[5.0 7.0 14.0 26.0],False,False
[3321.0],[15708.0 24044.0 26151.0],[13.0],[3.0 5.0 36.0],False,False
[3322.0],[7585.0 23619.0 25703.0],[13.0],[11.0 14.0 56.0],False,False
[3323.0],[24047.0 25112.0 25715.0 26675.0],[13.0],[3.0 5.0 11.0 13.0],False,False
[3324.0],[17747.0 21914.0 22999.0 24155.0 25479.0 25982.0 26994.0 27406.0],[13.0],[1.0 5.0 7.0 11.0 15.0 18.0],False,False
[3325.0],[19292.0 19634.0 21866.0 24848.0 26918.0],[13.0],[1.0 4.0 14.0 31.0 32.0],False,False
[3326.0],[24457.0],[13.0],[14.0],True,False
[3327.0],[23770.0 23788.0 23834.0 25534.0 25547.0 26200.0 27018.0],[13.0],[3.0 4.0 6.0 8.0 9.0 10.0],False,False
[3328.0],[20136.0 20974.0],[13.0],[22.0 31.0],False,False
[3329.0],[20304.0 25203.0 25499.0 25753.0],[13.0],[2.0 4.0 9.0 31.0],False,False
[3331.0],[18468.0 19292.0 21866.0 25954.0 26918.0 27365.0],[13.0],[1.0 4.0 5.0 14.0 25.0 31.0],False,False
[3332.0],[12595.0 22914.0 25705.0],[13.0],[3.0 21.0 50.0],False,False
[3333.0],[21898.0 25224.0 25523.0 26445.0 26463.0 26473.0 26474.0 28141.0],[13.0],[2.0 3.0 4.0 6.0 18.0],False,False
[3334.0],[21914.0 25479.0 25982.0 26740.0 27956.0 28647.0],[13.0],[4.0 5.0 7.0 11.0],False,False
[3335.0],[23349.0 24468.0 26942.0 27191.0 27908.0 28111.0],[13.0],[1.0 2.0 4.0 9.0 13.0 17.0],False,False
[3336.0],[19634.0 21866.0 22985.0 23412.0 28128.0 28357.0],[13.0],[2.0 6.0 12.0 14.0 23.0 32.0],False,False
[3337.0],[26062.0 28712.0],[13.0],[3.0 17.0],True,False
[3338.0],[24132.0 25503.0 26508.0 26708.0 26996.0 27392.0 27664.0 27947.0],[13.0],[1.0 2.0 3.0 8.0 12.0 16.0],False,False
[3339.0],[22264.0 24084.0 26923.0 26956.0 27383.0 28118.0 28120.0],[13.0],[1.0 3.0 6.0 8.0 11.0 13.0],False,False
[3340.0],[23310.0 24777.0 27332.0 28584.0],[13.0],[2.0 9.0 13.0 21.0],False,False
[3341.0],[2299.0 27598.0],[13.0],[1.0 89.0],False,False
[3342.0],[24060.0 27897.0],[13.0],[9.0 12.0],False,False
[3343.0],[935.0 21462.0 26375.0 27190.0],[13.0],[3.0 7.0 30.0 81.0],False,False
[3344.0],[26375.0 27363.0],[13.0],[7.0 10.0],False,False
[3345.0],[5026.0],[13.0],[83.0],True,False
[3346.0],[26876.0],[13.0],[13.0],True,True
[3347.0],[24766.0 25707.0 27602.0],[13.0],[10.0 18.0 19.0],False,False
[3348.0],[24777.0 26879.0 27332.0 27609.0],[13.0],[2.0 9.0 10.0 21.0],False,False
[3349.0],[385.0 24023.0 24034.0],[13.0],[19.0 20.0 90.0],False,False
[3350.0],[24791.0],[13.0],[20.0],True,False
[3351.0],[3242.0],[13.0],[91.0],True,False
[3352.0],[26915.0],[13.0],[13.0],True,True
[3353.0],[26916.0 27187.0],[13.0],[11.0 12.0],False,False
[3354.0],[24456.0],[13.0],[21.0],True,False
[3355.0],[14190.0 21857.0 25722.0 27904.0],[13.0],[5.0 10.0 15.0 46.0],False,False
[3356.0],[12300.0 26925.0],[13.0],[12.0 54.0],False,False
[3357.0],[25740.0 25962.0 27374.0 28328.0 29106.0],[13.0],[3.0 6.0 8.0 10.0],True,False
[3358.0],[26947.0],[13.0],[13.0],True,True
[3359.0],[24468.0 26942.0 27191.0 27908.0 28111.0 28122.0],[13.0],[1.0 2.0 4.0 5.0 9.0 13.0],False,False
[3360.0],[13091.0 20342.0 27719.0],[13.0],[5.0 30.0 53.0],True,False
[3361.0],[23134.0 24931.0 27027.0 28422.0 28846.0],[13.0],[2.0 5.0 9.0 13.0],True,False
[3362.0],[14888.0 15708.0],[13.0],[34.0 36.0],False,False
[3363.0],[11759.0 27032.0 27452.0 28684.0],[13.0],[1.0 4.0 5.0 48.0],False,False
[3364.0],[15717.0],[13.0],[38.0],True,False
[3365.0],[26919.0],[13.0],[13.0],True,True
[3366.0],[13717.0 18794.0 27348.0 29088.0],[13.0],[3.0 32.0 42.0],False,False
[3367.0],[25982.0 26740.0 27680.0 27956.0 28647.0],[13.0],[1.0 4.0 7.0],False,False
[3368.0],[24873.0 29387.0],[13.0],[2.0 21.0],True,False
[3369.0],[26001.0 26232.0 26524.0 27445.0 28437.0],[13.0],[3.0 4.0 6.0 11.0 13.0],False,False
[3370.0],[14186.0 26916.0],[13.0],[11.0 46.0],False,False
[3371.0],[25179.0 27198.0 27387.0 27667.0 28117.0 29121.0],[13.0],[1.0 3.0 9.0 10.0],False,False
[3372.0],[22983.0 26435.0 26452.0 26988.0 28382.0 29115.0 29349.0],[13.0],[1.0 2.0 3.0 5.0 7.0 12.0],False,False
[3373.0],[9861.0 25719.0 26690.0 27905.0 28926.0],[13.0],[2.0 3.0 9.0 10.0 61.0],False,False
[3374.0],[12383.0 24132.0 27947.0],[13.0],[8.0 12.0 51.0],False,False
[3375.0],[25496.0 26212.0 27951.0 28642.0],[13.0],[3.0 6.0 7.0 12.0],True,False
[3376.0],[13274.0 15362.0 19577.0 27608.0 28268.0],[13.0],[6.0 10.0 33.0 37.0 46.0],False,False
[3377.0],[11255.0 24809.0 26364.0],[13.0],[9.0 16.0 48.0],False,False
[3378.0],[25956.0 27193.0 27194.0 27637.0 28605.0 29310.0],[13.0],[1.0 2.0 4.0 12.0],False,False
[3379.0],[25969.0 26012.0 26181.0 27215.0 28799.0],[13.0],[4.0 6.0 9.0 12.0],True,False
[3380.0],[26489.0 27443.0 27741.0],[13.0],[2.0 9.0 10.0],False,False
[3381.0],[177.0],[12.0],[12.0],True,True
[3382.0],[278.0 3824.0],[12.0],[11.0],False,False
[3383.0],[283.0],[12.0],[14.0],True,False
[3384.0],[324.0],[12.0],[72.0],True,False
[3385.0],[291.0 341.0],[12.0],[11.0 15.0],False,False
[3386.0],[380.0],[12.0],[99.0],True,False
[3387.0],[436.0 464.0 1695.0],[12.0],[6.0 10.0 21.0],False,False
[3388.0],[490.0 3613.0],[12.0],[8.0 11.0],False,False
[3389.0],[430.0 449.0],[12.0],[15.0 41.0],True,False
[3390.0],[718.0 757.0 3632.0],[12.0],[4.0 9.0 10.0],False,False
[3391.0],[779.0],[12.0],[12.0],True,True
[3392.0],[818.0],[12.0],[12.0],True,True
[3393.0],[856.0],[12.0],[38.0],True,False
[3394.0],[1362.0],[12.0],[15.0],True,False
[3395.0],[523.0 2332.0 2546.0 2748.0 3017.0 3623.0],[12.0],[1.0 4.0 11.0 12.0 29.0 68.0],False,False
[3396.0],[1126.0 2391.0 2637.0],[12.0],[4.0 6.0 13.0],False,False
[3397.0],[1105.0 1198.0 1355.0 1772.0 1826.0 2621.0 3340.0 3890.0],[12.0],[2.0 3.0 6.0 21.0 23.0],False,False
[3398.0],[1149.0 2821.0 3513.0],[12.0],[2.0 4.0 10.0],False,False
[3399.0],[1384.0 1402.0 3727.0],[12.0],[4.0 7.0 41.0],False,False
[3400.0],[507.0 560.0],[12.0],[10.0 19.0],False,False
[3401.0],[697.0 1736.0 3444.0 3634.0],[12.0],[3.0 9.0 10.0 21.0],False,False
[3402.0],[1101.0 1129.0 1218.0 2844.0 3114.0],[12.0],[2.0 6.0 8.0 16.0 18.0],False,False
[3403.0],[408.0 1697.0 3828.0],[12.0],[6.0 8.0 36.0],False,False
[3404.0],[983.0 1764.0 2597.0 3280.0 3654.0],[12.0],[2.0 3.0 5.0 8.0],False,False
[3405.0],[881.0 1768.0],[12.0],[3.0 12.0],False,False
[3406.0],[1121.0],[12.0],[21.0],False,False
[3407.0],[97.0 154.0 2147.0 2954.0],[12.0],[2.0 4.0 31.0 37.0],False,False
[3408.0],[1358.0 2641.0],[12.0],[5.0 21.0],False,False
[3409.0],[646.0 674.0],[12.0],[11.0 12.0],False,False
[3410.0],[501.0 3224.0],[12.0],[5.0 43.0],False,False
[3411.0],[547.0 661.0 4252.0],[12.0],[12.0 14.0 38.0],True,False
[3412.0],[1824.0 2643.0 3899.0],[12.0],[5.0 6.0],False,False
[3413.0],[675.0 2185.0 2998.0],[12.0],[1.0 2.0 18.0],False,False
[3414.0],[1139.0 1172.0 4104.0],[12.0],[1.0 13.0 60.0],False,False
[3415.0],[1014.0 1772.0 4083.0],[12.0],[6.0 13.0 23.0],False,False
[3416.0],[275.0 3604.0],[12.0],[5.0 17.0],False,False
[3417.0],[172.0 400.0 2738.0 3616.0 4461.0 4777.0],[12.0],[2.0 3.0 4.0 6.0 17.0],False,False
[3418.0],[979.0 1080.0 3296.0],[12.0],[8.0 10.0 11.0],False,False
[3419.0],[2391.0 2637.0 2659.0 3102.0 3498.0 3935.0 4382.0 4668.0],[12.0],[1.0 2.0 4.0 5.0 6.0 20.0 33.0],False,False
[3420.0],[1777.0 3049.0 3870.0 3871.0],[12.0],[6.0 8.0 27.0 29.0],True,False
[3421.0],[1015.0 3294.0 4842.0],[12.0],[4.0 9.0],False,False
[3422.0],[951.0 3031.0],[12.0],[14.0 32.0],False,False
[3423.0],[221.0 3216.0],[12.0],[1.0 25.0],False,False
[3424.0],[1684.0 2304.0 5032.0 5253.0],[12.0],[1.0 3.0 13.0 17.0],False,False
[3425.0],[646.0 3437.0],[12.0],[10.0 11.0],False,False
[3426.0],[1183.0],[12.0],[34.0],True,False
[3427.0],[732.0 3250.0 3435.0],[12.0],[7.0 26.0],False,False
[3428.0],[1772.0 3280.0 3654.0 5323.0],[12.0],[3.0 8.0 11.0 23.0],False,False
[3429.0],[963.0 3049.0 3872.0],[12.0],[4.0 8.0 34.0],False,False
[3431.0],[1748.0 1963.0 2343.0 5063.0 5545.0],[12.0],[2.0 5.0 6.0 75.0],False,False
[3432.0],[324.0 3815.0],[12.0],[11.0 72.0],False,False
[3433.0],[1027.0 2578.0 5393.0 6129.0],[12.0],[1.0 2.0 17.0 38.0],False,False
[3434.0],[685.0 4020.0 4023.0 4501.0 5555.0 6035.0],[12.0],[2.0 3.0 5.0 8.0 10.0 11.0],False,False
[3435.0],[630.0 900.0 3443.0 3635.0 4262.0],[12.0],[3.0 7.0 15.0 43.0 99.0],False,False
[3436.0],[1025.0 4865.0],[12.0],[3.0 16.0],True,False
[3437.0],[2181.0 5292.0],[12.0],[6.0 53.0],False,False
[3438.0],[393.0 4780.0],[12.0],[8.0 59.0],False,False
[3439.0],[992.0 3660.0 6543.0 6731.0],[12.0],[1.0 11.0 19.0],True,False
[3440.0],[2823.0 3677.0 4544.0 6083.0 6950.0],[12.0],[2.0 3.0 10.0 21.0],False,False
[3441.0],[476.0],[12.0],[23.0],True,False
[3442.0],[3062.0 5090.0],[12.0],[6.0 21.0],False,False
[3443.0],[4499.0 4502.0 5809.0 5810.0],[12.0],[3.0 4.0 5.0 17.0],False,False
[3444.0],[894.0],[12.0],[23.0],True,False
[3445.0],[3305.0 4049.0 4870.0 5872.0 6962.0 6964.0 7480.0],[12.0],[5.0 6.0 7.0 9.0 12.0 16.0],False,False
[3446.0],[654.0 3242.0 5531.0 5533.0 6017.0 6499.0 7103.0],[12.0],[1.0 2.0 3.0 30.0 91.0],False,False
[3447.0],[1772.0 5323.0],[12.0],[11.0 23.0],False,False
[3448.0],[1284.0 4125.0],[12.0],[8.0 26.0],True,False
[3449.0],[307.0 510.0 5765.0 6231.0 6686.0 7604.0],[12.0],[1.0 4.0 9.0 19.0 30.0],False,False
[3450.0],[1067.0 5074.0 5331.0 5553.0 7648.0],[12.0],[4.0 6.0 13.0 21.0 23.0],False,False
[3451.0],[3411.0],[12.0],[20.0],True,False
[3452.0],[414.0 2154.0 5764.0],[12.0],[27.0 82.0 96.0],False,False
[3453.0],[5278.0],[12.0],[13.0],False,False
[3454.0],[1564.0 8041.0 8730.0],[12.0],[1.0 11.0 27.0],True,False
[3455.0],[4307.0 6099.0],[12.0],[6.0 29.0],True,False
[3456.0],[1155.0 5128.0 5867.0 7209.0],[12.0],[1.0 3.0 26.0 37.0],False,False
[3457.0],[4459.0 6006.0],[12.0],[11.0 63.0],False,False
[3458.0],[3214.0 3993.0 7084.0],[12.0],[7.0 20.0 27.0],False,False
[3459.0],[1020.0 1800.0 5585.0 6747.0 7449.0 8213.0],[12.0],[8.0 13.0 17.0 21.0 32.0],True,False
[3460.0],[1821.0 6578.0],[12.0],[11.0 20.0],True,False
[3461.0],[1958.0 3239.0 8481.0],[12.0],[3.0 15.0 38.0],True,False
[3462.0],[3659.0 4542.0 5312.0 5563.0 6089.0 8184.0 8886.0],[12.0],[2.0 3.0 4.0 10.0 14.0 24.0 38.0],False,False
[3463.0],[1192.0 5593.0 7476.0 9117.0],[12.0],[4.0 17.0 32.0 43.0],False,False
[3464.0],[541.0 2980.0],[12.0],[86.0 99.0],False,False
[3465.0],[5261.0],[12.0],[24.0],True,False
[3466.0],[725.0 6719.0],[12.0],[26.0 31.0],True,False
[3467.0],[4581.0 7741.0 9105.0],[12.0],[5.0 14.0 27.0],False,False
[3468.0],[702.0 2334.0 7125.0 7127.0 7644.0 8499.0 8876.0],[12.0],[3.0 5.0 12.0 19.0 21.0 29.0 32.0],False,False
[3469.0],[2823.0 6083.0 6761.0 6950.0 8210.0 8569.0 8618.0],[12.0],[2.0 3.0 4.0 10.0 11.0 21.0],False,False
[3470.0],[6698.0],[12.0],[13.0],True,False
[3471.0],[6044.0 9648.0],[12.0],[12.0 19.0],True,False
[3472.0],[1772.0 5323.0 7675.0 8564.0 8898.0],[12.0],[1.0 7.0 9.0 11.0 23.0],False,False
[3473.0],[409.0 1701.0 10104.0],[12.0],[21.0 33.0 36.0],False,False
[3474.0],[6117.0 6766.0 6976.0 7715.0 9418.0],[12.0],[3.0 5.0 6.0 32.0 39.0],False,False
[3475.0],[7290.0 7772.0 7791.0 8314.0],[12.0],[7.0 10.0 22.0],False,False
[3476.0],[6259.0 7102.0 7620.0 9856.0],[12.0],[2.0 9.0 14.0 16.0],True,False
[3477.0],[6046.0 8527.0 9905.0],[12.0],[2.0 9.0 15.0],True,False
[3478.0],[7116.0 8149.0],[12.0],[10.0 28.0],False,False
[3479.0],[7674.0],[12.0],[13.0],True,False
[3480.0],[539.0 6263.0 8476.0],[12.0],[3.0 28.0 35.0],False,False
[3481.0],[6882.0 8124.0],[12.0],[9.0 14.0],False,False
[3482.0],[2569.0 6709.0],[12.0],[25.0 61.0],False,False
[3483.0],[5518.0 9048.0],[12.0],[10.0 14.0],False,False
[3484.0],[8513.0 9881.0],[12.0],[7.0 16.0],False,False
[3485.0],[5350.0 8611.0],[12.0],[5.0 20.0],False,False
[3486.0],[6809.0 7792.0 8084.0 10172.0 11167.0],[12.0],[5.0 6.0 11.0 12.0 21.0],False,False
[3487.0],[8183.0 8514.0 10429.0],[12.0],[4.0 9.0 20.0],False,False
[3488.0],[7615.0 9048.0],[12.0],[10.0 11.0],False,False
[3489.0],[963.0 8194.0 8535.0 8541.0 9651.0 9661.0 10136.0 10435.0],[12.0],[1.0 2.0 5.0 11.0 12.0 18.0 34.0],False,False
[3490.0],[9080.0 9088.0],[12.0],[8.0 10.0],True,False
[3491.0],[7684.0],[12.0],[17.0],False,False
[3492.0],[6044.0 9648.0],[12.0],[12.0 19.0],True,False
[3493.0],[9641.0],[12.0],[12.0],True,True
[3494.0],[7754.0 8956.0 9435.0 10837.0 12445.0],[12.0],[5.0 12.0 18.0 31.0],False,False
[3495.0],[154.0 9249.0 9613.0 9830.0 10714.0 11244.0],[12.0],[3.0 5.0 23.0 37.0 45.0],False,False
[3496.0],[7606.0 10374.0],[12.0],[12.0 18.0],False,False
[3497.0],[6491.0 9618.0 9620.0 10716.0 10722.0 11939.0],[12.0],[1.0 4.0 25.0 32.0],False,False
[3498.0],[1580.0 3970.0 11777.0],[12.0],[34.0 37.0 45.0],False,False
[3499.0],[6290.0 8875.0 11092.0 11261.0 12272.0 12624.0],[12.0],[2.0 3.0 4.0 17.0 20.0 29.0],False,False
[3500.0],[8898.0 9950.0 10740.0 11109.0 11580.0 13087.0],[12.0],[1.0 2.0 3.0 4.0 9.0 15.0],False,False
[3501.0],[3295.0 10167.0],[12.0],[29.0 42.0],False,False
[3502.0],"[10489.0 10535.0 10979.0 11012.0 11322.0 11677.0 12028.0 12345.0 12709.0
 13054.0 13802.0]",[12.0],[1.0 2.0 4.0 5.0 7.0 8.0 10.0 23.0],False,False
[3503.0],[1705.0 7902.0 12601.0],[12.0],[10.0 66.0],False,False
[3504.0],[8201.0 10449.0 11307.0 13057.0],[12.0],[4.0 5.0 10.0],False,False
[3505.0],[10253.0 10538.0 10592.0 11767.0 12803.0 13124.0 13548.0 14075.0],[12.0],[1.0 3.0 4.0 5.0 6.0 9.0],False,False
[3506.0],[7480.0 9080.0 11141.0 13453.0],[12.0],[4.0 8.0 10.0 16.0],False,False
[3507.0],[1964.0 5544.0 11949.0],[12.0],[13.0 41.0 45.0],False,False
[3508.0],[323.0],[12.0],[52.0],True,False
[3509.0],[3474.0 10138.0 11296.0 11577.0 11578.0 12293.0 13764.0 14214.0],[12.0],[3.0 4.0 6.0 10.0 24.0],False,False
[3510.0],[7468.0 11320.0 12379.0],[12.0],[1.0 15.0 26.0],True,False
[3511.0],[9651.0 10769.0 11103.0 13361.0 14942.0],[12.0],[2.0 6.0 9.0 11.0 20.0],False,False
[3512.0],[700.0 11260.0 14000.0 14914.0],[12.0],[8.0 10.0 44.0 80.0],False,False
[3513.0],[8133.0 12594.0 14848.0],[12.0],[2.0 34.0],False,False
[3514.0],[614.0],[12.0],[53.0],True,False
[3515.0],[11620.0 11637.0 12043.0 13071.0 14553.0 15446.0],[12.0],[2.0 4.0 7.0 8.0 21.0],False,False
[3516.0],[9925.0 11153.0 13106.0 14632.0 15199.0 15922.0],[12.0],[1.0 2.0 10.0 11.0 18.0],False,False
[3517.0],[11512.0 11514.0],[12.0],[7.0 12.0],False,False
[3518.0],[12269.0 12991.0 14911.0 15723.0],[12.0],[2.0 7.0 9.0 23.0],False,False
[3519.0],[5109.0 10977.0 12757.0],[12.0],[11.0 14.0 31.0],False,False
[3520.0],[6117.0 12725.0 13409.0 13811.0 14577.0 15806.0 16631.0],[12.0],[1.0 3.0 6.0 11.0 39.0],False,False
[3521.0],[6931.0 12701.0 13358.0],[12.0],[2.0 19.0 32.0],False,False
[3522.0],[2346.0 11962.0 14502.0],[12.0],[10.0 11.0 65.0],False,False
[3523.0],[10082.0 13253.0 14864.0 15699.0 16037.0],[12.0],[3.0 8.0 10.0 14.0 15.0],False,False
[3524.0],[11927.0 12582.0 13236.0 13686.0 14442.0 14836.0 16051.0],[12.0],[1.0 2.0 4.0 11.0 13.0 17.0],False,False
[3525.0],[9250.0 13713.0],[12.0],[11.0 20.0],False,False
[3526.0],[6976.0 12777.0 14597.0 15056.0 15817.0 17389.0 17830.0],[12.0],[2.0 3.0 8.0 15.0 32.0],False,False
[3527.0],[7644.0 10394.0 14891.0 15378.0 15716.0 16117.0 16505.0 16911.0],[12.0],[1.0 2.0 5.0 6.0 12.0 23.0 32.0],False,False
[3528.0],[11531.0 13326.0],[12.0],[9.0 21.0],False,False
[3529.0],[11948.0 14892.0 15375.0 15717.0 16517.0],[12.0],[1.0 2.0 6.0 9.0 38.0],False,False
[3530.0],[538.0 14457.0 15712.0 16076.0 16503.0 16907.0],[12.0],[2.0 7.0 27.0 32.0 47.0],True,False
[3531.0],[10360.0],[12.0],[27.0],True,False
[3532.0],[14487.0 16917.0 17735.0 17747.0 18837.0],[12.0],[2.0 7.0 15.0],False,False
[3533.0],[14968.0 15738.0],[12.0],[6.0 15.0],False,False
[3534.0],[10415.0 12992.0 16114.0 16521.0 17665.0 17667.0],[12.0],[3.0 4.0 10.0 21.0 35.0],False,False
[3535.0],[10940.0 15391.0],[12.0],[25.0 26.0],True,False
[3536.0],[13550.0 15477.0 15807.0 16213.0],[12.0],[2.0 4.0 11.0],True,False
[3537.0],[6530.0 16146.0],[12.0],[11.0 56.0],False,False
[3538.0],[8450.0 14457.0],[12.0],[27.0 69.0],True,False
[3539.0],[6814.0 13489.0 15138.0 17367.0 18306.0],[12.0],[2.0 5.0 6.0 8.0 58.0],False,False
[3540.0],[10460.0 14014.0 15426.0 17763.0 18894.0],[12.0],[1.0 4.0 8.0 13.0 19.0],False,False
[3541.0],[11155.0 14096.0 17059.0 17103.0 18295.0 19978.0],[12.0],[2.0 3.0 9.0 12.0 17.0],False,False
[3542.0],[14716.0 17072.0 17466.0 19095.0],[12.0],[3.0 11.0 12.0 14.0],False,False
[3543.0],[1288.0 12363.0 15094.0 17386.0 18603.0 19914.0 20361.0],[12.0],[1.0 5.0 8.0 10.0 13.0 14.0 58.0],False,False
[3544.0],[14872.0 17261.0 18457.0],[12.0],[4.0 7.0 14.0],True,False
[3545.0],[14477.0],[12.0],[14.0],True,False
[3546.0],[14182.0 14186.0 18475.0],[12.0],[3.0 17.0 46.0],True,False
[3547.0],[13257.0 17218.0 19836.0 20096.0],[12.0],[5.0 6.0 7.0 30.0],False,False
[3548.0],[17385.0],[12.0],[25.0],True,False
[3549.0],[11677.0 13777.0],[12.0],[23.0 43.0],False,False
[3551.0],[6709.0 14903.0 17717.0 20242.0],[12.0],[2.0 3.0 32.0 61.0],False,False
[3552.0],[7911.0 15721.0 22245.0],[12.0],[16.0 24.0 37.0],True,False
[3553.0],[5613.0 18244.0 19682.0 19925.0],[12.0],[3.0 7.0 39.0],False,False
[3554.0],[12608.0 19258.0],[12.0],[9.0 24.0],False,False
[3555.0],[9861.0 20649.0 21007.0],[12.0],[3.0 5.0 61.0],False,False
[3556.0],[15723.0 17685.0],[12.0],[14.0 23.0],False,False
[3557.0],[14965.0 16131.0 19605.0 20221.0 21457.0 22589.0],[12.0],[2.0 3.0 18.0],False,False
[3558.0],[13020.0 19598.0 21865.0 22581.0],[12.0],[1.0 2.0 4.0 24.0],False,False
[3559.0],[10700.0 16036.0 19223.0 20959.0],[12.0],[1.0 21.0 23.0 28.0],False,False
[3560.0],[16601.0 19630.0 22624.0],[12.0],[7.0 18.0],False,False
[3561.0],[17769.0 18516.0 21516.0],[12.0],[6.0 11.0 29.0],True,False
[3562.0],[12604.0 16496.0 18096.0 19255.0 19844.0 19852.0 21815.0],[12.0],[1.0 2.0 4.0 15.0 17.0 20.0],False,False
[3563.0],[17380.0 19411.0 21221.0],[12.0],[5.0 15.0],False,False
[3564.0],[12595.0 16891.0 20148.0 22914.0],[12.0],[15.0 16.0 21.0 50.0],False,False
[3565.0],[14311.0 19081.0],[12.0],[3.0 37.0],True,False
[3566.0],[18441.0],[12.0],[34.0],False,False
[3567.0],[7099.0 20632.0 21816.0 22230.0],[12.0],[1.0 9.0 25.0 39.0],False,False
[3568.0],[14965.0 19624.0 22589.0],[12.0],[3.0 10.0 18.0],False,False
[3569.0],[17750.0 18847.0 21082.0 21084.0 22306.0 23019.0],[12.0],[2.0 3.0 8.0 10.0 11.0],False,False
[3570.0],[19932.0],[12.0],[13.0],True,False
[3571.0],[2747.0 19257.0 20631.0 21426.0 23660.0],[12.0],[5.0 7.0 12.0 14.0 52.0],False,False
[3572.0],[19401.0 20788.0 21191.0 22365.0 23468.0 24233.0],[12.0],[1.0 2.0 4.0 7.0 12.0],False,False
[3573.0],[11246.0 14853.0 20619.0],[12.0],[15.0 29.0 30.0],False,False
[3574.0],[16058.0 19845.0 20621.0],[12.0],[4.0 17.0 18.0],False,False
[3575.0],[15918.0 19057.0 22397.0],[12.0],[7.0 12.0 27.0],True,False
[3576.0],[19235.0],[12.0],[14.0],True,False
[3577.0],[13022.0 21059.0],[12.0],[11.0 22.0],True,False
[3578.0],[19950.0],[12.0],[17.0],False,False
[3579.0],[12768.0 15773.0 21969.0 22653.0 23405.0 23775.0 24176.0 24546.0 24876.0],[12.0],[1.0 2.0 4.0 10.0 23.0],False,False
[3580.0],[7597.0 21400.0 22518.0],[12.0],[10.0 25.0 49.0],False,False
[3581.0],[21026.0 21066.0 22270.0 22565.0 22580.0 24825.0 25154.0],[12.0],[2.0 4.0 5.0 8.0],False,False
[3582.0],[19674.0 21507.0 22684.0 24521.0 25206.0 25770.0],[12.0],[3.0 4.0 5.0 10.0],False,False
[3583.0],[19620.0 22597.0],[12.0],[12.0 15.0],False,False
[3584.0],[21988.0 22665.0 25552.0],[12.0],[1.0 5.0 18.0],False,False
[3585.0],[19058.0 23869.0 24928.0],[12.0],[5.0 7.0 12.0],True,False
[3586.0],[12721.0 16657.0 21050.0 22594.0 24885.0 25498.0],[12.0],[3.0 5.0 8.0 17.0 27.0 31.0],False,False
[3587.0],[16212.0 20259.0 21056.0 21860.0 22596.0 23059.0],[12.0],[4.0 5.0 7.0 18.0 25.0],False,False
[3588.0],[5290.0 22927.0 22941.0 24448.0 24456.0],[12.0],[3.0 7.0 21.0 54.0],False,False
[3589.0],[14190.0 17693.0 20216.0 21857.0 22937.0 24811.0 25722.0],[12.0],[1.0 2.0 8.0 10.0 15.0 20.0 46.0],False,False
[3590.0],[14912.0 22560.0 25958.0 26369.0],[12.0],[5.0 11.0 13.0 33.0],False,False
[3591.0],[20289.0 21094.0 22631.0 22978.0 23739.0 25517.0 26186.0 26413.0],[12.0],[3.0 5.0 6.0 7.0 8.0 10.0 11.0],False,False
[3592.0],[21108.0 23762.0 23763.0],[12.0],[4.0 10.0 16.0],True,False
[3593.0],[9241.0 24023.0 24034.0 26345.0],[12.0],[13.0 19.0 20.0 54.0],False,False
[3594.0],[14597.0 23429.0 24186.0 25537.0 25773.0 26481.0],[12.0],[2.0 3.0 6.0 20.0 32.0],False,False
[3596.0],[20699.0 24132.0 24467.0 24840.0 26708.0 27392.0],[12.0],[1.0 4.0 5.0 12.0 20.0],False,False
[3597.0],[2619.0 18249.0 26199.0],[12.0],[5.0 15.0 94.0],False,False
[3598.0],[11712.0 20699.0 27388.0],[12.0],[3.0 20.0 46.0],False,False
[3599.0],[23660.0 25112.0 25122.0 25715.0 26675.0 26898.0],[12.0],[1.0 3.0 5.0 13.0],False,False
[3600.0],[23412.0 23765.0 23805.0],[12.0],[6.0 18.0 23.0],False,False
[3601.0],[25089.0],[12.0],[14.0],True,False
[3602.0],[18464.0 24435.0 27616.0],[12.0],[8.0 37.0],False,False
[3603.0],[8167.0 25724.0 26691.0 27361.0 28303.0],[12.0],[1.0 5.0 59.0],False,False
[3604.0],[9612.0 27340.0 28272.0],[12.0],[1.0 7.0 59.0],False,False
[3605.0],[23692.0 25176.0 26163.0 28611.0],[12.0],[3.0 5.0 13.0 18.0],False,False
[3606.0],[19176.0 24729.0 27948.0],[12.0],[4.0 6.0 28.0],False,False
[3607.0],[23474.0 26489.0 26762.0 28387.0],[12.0],[1.0 4.0 10.0 19.0],False,False
[3608.0],[5821.0 26166.0],[12.0],[7.0 73.0],False,False
[3609.0],[21273.0 23868.0 27965.0 28145.0],[12.0],[2.0 8.0 12.0 17.0],True,False
[3610.0],[19691.0 19919.0 24923.0 27032.0],[12.0],[1.0 13.0 20.0 21.0],False,False
[3611.0],[18301.0 24227.0 27689.0 27752.0 28448.0 28470.0 28877.0],[12.0],[1.0 4.0 7.0 10.0 34.0],False,False
[3612.0],[25498.0 27946.0],[12.0],[8.0 17.0],False,False
[3613.0],[24426.0],[12.0],[16.0],True,False
[3614.0],[22985.0 27224.0 27389.0 28344.0 28351.0 28791.0 29114.0],[12.0],[1.0 2.0 3.0 4.0 12.0],False,False
[3615.0],[22665.0 23765.0 23804.0 23805.0 27653.0 28359.0 28791.0 29114.0],[12.0],[1.0 2.0 4.0 6.0 18.0 20.0],False,False
[3616.0],[25601.0 26808.0 26809.0 27997.0],[12.0],[7.0 10.0 11.0],False,False
[3617.0],[26912.0],[12.0],[12.0],True,True
[3618.0],[81.0 13692.0 26869.0 27860.0 28774.0],[12.0],[2.0 3.0 49.0 87.0],False,False
[3619.0],[20604.0 24015.0],[12.0],[16.0 30.0],False,False
[3620.0],[23721.0 27014.0 27226.0 27416.0 28125.0],[12.0],[1.0 2.0 7.0 9.0 10.0],False,False
[3621.0],[26956.0 26974.0 26982.0 26990.0],[12.0],[2.0 3.0 10.0 11.0],False,False
[3622.0],[25815.0 27005.0 27229.0 28394.0 28410.0 28831.0],[12.0],[2.0 3.0 4.0 5.0 7.0],False,False
[3623.0],[13687.0 26873.0 27595.0],[12.0],[10.0 13.0 34.0],False,False
[3624.0],[24769.0],[12.0],[20.0],True,False
[3625.0],[24015.0 24414.0 27870.0 28580.0],[12.0],[2.0 3.0 16.0 22.0],False,False
[3626.0],[24023.0 24034.0],[12.0],[19.0 20.0],False,False
[3627.0],[447.0 27341.0],[12.0],[11.0 99.0],False,False
[3628.0],[582.0 27177.0],[12.0],[11.0 92.0],False,False
[3629.0],[18450.0 27613.0 28278.0],[12.0],[6.0 9.0 25.0],False,False
[3630.0],[6911.0],[12.0],[73.0],True,False
[3631.0],[22249.0 27628.0],[12.0],[10.0 20.0],False,False
[3632.0],[8167.0 25724.0 28606.0 28931.0],[12.0],[3.0 5.0 59.0],False,False
[3633.0],[20245.0 28331.0],[12.0],[7.0 30.0],False,False
[3634.0],[26959.0],[12.0],[13.0],True,False
[3635.0],[21465.0 25979.0],[12.0],[8.0 29.0],True,False
[3636.0],[26478.0 27045.0 27418.0 27942.0 28805.0],[12.0],[5.0 6.0],False,False
[3637.0],[8598.0],[12.0],[59.0],True,False
[3638.0],[27203.0],[12.0],[12.0],True,True
[3639.0],[24155.0 27222.0],[12.0],[11.0 18.0],False,False
[3640.0],[13091.0],[12.0],[53.0],True,False
[3641.0],[24898.0 27244.0 28821.0 29158.0],[12.0],[1.0 4.0 5.0 21.0],False,False
[3642.0],[439.0 27342.0 29273.0],[12.0],[2.0 3.0 99.0],False,False
[3643.0],[19559.0 21420.0 26344.0 27347.0 28276.0 28583.0],[12.0],[4.0 6.0 11.0 20.0 24.0],False,False
[3644.0],[447.0 20619.0 27341.0],[12.0],[11.0 30.0 99.0],False,False
[3645.0],[21049.0 22956.0 25961.0 27193.0],[12.0],[7.0 12.0 23.0 24.0],False,False
[3646.0],[22711.0 24589.0 26264.0],[12.0],[7.0 9.0 18.0],True,False
[3647.0],[5756.0 16045.0 21393.0 28249.0 29071.0],[12.0],[1.0 5.0 20.0 42.0 77.0],False,False
[3648.0],[21410.0 27609.0],[12.0],[10.0 26.0],False,False
[3649.0],[11529.0 22233.0 22538.0 25451.0],[12.0],[9.0 23.0 25.0 44.0],False,False
[3650.0],[10375.0 24023.0 24034.0 27885.0],[12.0],[4.0 19.0 20.0 50.0],False,False
[3651.0],[15362.0 19577.0],[12.0],[33.0 46.0],False,False
[3652.0],[24060.0 27897.0],[12.0],[9.0 12.0],False,False
[3653.0],[27199.0 27918.0 28317.0 28351.0 28791.0 29110.0],[12.0],[2.0 3.0 4.0 6.0],False,False
[3654.0],[26716.0 27929.0 28625.0],[12.0],[3.0 7.0 9.0],False,False
[3655.0],[175.0],[11.0],[11.0],True,True
[3656.0],[267.0],[11.0],[12.0],True,False
[3657.0],[266.0],[11.0],[27.0],True,False
[3658.0],[261.0],[11.0],[11.0],True,True
[3659.0],[299.0 1677.0],[11.0],[1.0 10.0],False,False
[3660.0],[239.0 350.0 387.0 3413.0],[11.0],[6.0 9.0 19.0],False,False
[3661.0],[362.0],[11.0],[12.0],True,False
[3662.0],[376.0 1698.0],[11.0],[9.0 20.0],False,False
[3663.0],[471.0],[11.0],[11.0],True,True
[3664.0],[646.0],[11.0],[11.0],True,True
[3665.0],[598.0 627.0 2172.0],[11.0],[4.0 10.0 14.0],True,False
[3666.0],[831.0 3062.0 3675.0],[11.0],[1.0 21.0 27.0],False,False
[3667.0],[946.0 947.0],[11.0],[8.0 67.0],True,False
[3668.0],[958.0 2007.0 2809.0],[11.0],[7.0 8.0 18.0],False,False
[3669.0],[952.0 3039.0 3060.0],[11.0],[9.0 10.0 11.0],False,False
[3670.0],[1134.0],[11.0],[13.0],True,False
[3671.0],[1193.0],[11.0],[22.0],True,False
[3672.0],[1265.0],[11.0],[45.0],True,False
[3673.0],[1347.0],[11.0],[12.0],True,False
[3674.0],[341.0 369.0],[11.0],[10.0 11.0],False,False
[3675.0],[523.0 2332.0],[11.0],[11.0 68.0],True,False
[3677.0],[637.0 655.0],[11.0],[6.0 52.0],True,False
[3678.0],[1096.0 1238.0 1794.0 2056.0],[11.0],[3.0 5.0 16.0 17.0],False,False
[3679.0],[153.0 244.0 3599.0],[11.0],[6.0 33.0 99.0],False,False
[3680.0],[189.0],[11.0],[12.0],False,False
[3681.0],[1236.0],[11.0],[24.0],True,False
[3682.0],[174.0 1659.0 3204.0],[11.0],[5.0 32.0],False,False
[3683.0],[335.0 342.0],[11.0],[8.0 17.0],False,False
[3684.0],[155.0 308.0 2308.0],[11.0],[4.0 5.0 14.0],False,False
[3685.0],[821.0 1995.0],[11.0],[7.0 9.0],False,False
[3686.0],[1105.0 1764.0 1772.0 3280.0],[11.0],[2.0 5.0 8.0 23.0],False,False
[3687.0],[598.0 638.0 1721.0 2172.0],[11.0],[1.0 6.0 10.0 14.0],False,False
[3688.0],[873.0 915.0 3029.0 3281.0 3650.0],[11.0],[1.0 4.0 6.0 14.0],False,False
[3689.0],[1084.0 1998.0 2368.0 2810.0 3051.0],[11.0],[2.0 3.0 23.0 26.0 27.0],False,False
[3690.0],[1064.0 2597.0 3081.0],[11.0],[2.0 5.0 7.0],False,False
[3691.0],[1104.0 1188.0 2039.0 2421.0 2635.0 2852.0 3086.0 3511.0],[11.0],[1.0 2.0 3.0 4.0 9.0],False,False
[3692.0],[1200.0 1217.0 2631.0 2862.0 3309.0],[11.0],[1.0 9.0 93.0 98.0],False,False
[3693.0],[1243.0 1272.0 1323.0 1411.0],[11.0],[2.0 8.0 17.0 33.0],False,False
[3694.0],[142.0 3598.0],[11.0],[9.0 10.0],False,False
[3695.0],[214.0 1659.0 2719.0],[11.0],[5.0 32.0],False,False
[3696.0],[237.0],[11.0],[21.0],True,False
[3697.0],[831.0 3062.0 3675.0],[11.0],[1.0 21.0 27.0],False,False
[3698.0],[948.0 975.0 994.0 1018.0],[11.0],[5.0 14.0 17.0],False,False
[3699.0],[327.0 1935.0],[11.0],[11.0 38.0],True,False
[3700.0],[685.0 767.0],[11.0],[5.0 11.0],False,False
[3701.0],[941.0 981.0],[11.0],[2.0 14.0],True,False
[3702.0],[316.0 2150.0],[11.0],[8.0 23.0],False,False
[3703.0],[205.0 1926.0 3209.0],[11.0],[3.0 9.0 12.0],True,False
[3704.0],[884.0 1756.0 1764.0 1999.0 2581.0 2784.0 2791.0 3285.0 3849.0],[11.0],[1.0 2.0 3.0 4.0 5.0],False,False
[3705.0],[1953.0],[11.0],[17.0],True,False
[3706.0],[695.0 773.0 2558.0 2785.0 3267.0 3851.0],[11.0],[2.0 4.0 10.0 19.0 44.0 84.0],False,False
[3707.0],[1126.0 2391.0 2627.0 4070.0],[11.0],[1.0 6.0 8.0 13.0],False,False
[3708.0],[1093.0 1160.0 1184.0],[11.0],[4.0 9.0 13.0],True,False
[3709.0],[804.0 837.0 1762.0 3032.0 3654.0],[11.0],[3.0 5.0 6.0 7.0],False,False
[3710.0],[1352.0 1375.0 2214.0 2400.0 2617.0 4093.0],[11.0],[1.0 2.0 4.0 49.0 84.0],False,False
[3711.0],[1230.0 3689.0],[11.0],[6.0 12.0],False,False
[3712.0],[1999.0 2187.0 2359.0 2557.0 2564.0 2790.0 3455.0 3633.0],[11.0],[2.0 3.0 7.0 8.0 13.0],False,False
[3713.0],[789.0 1737.0 3015.0],[11.0],[1.0 12.0 27.0],False,False
[3714.0],[203.0 2523.0],[11.0],[11.0 25.0],False,False
[3715.0],[855.0 975.0 1018.0 1753.0 4305.0],[11.0],[4.0 5.0 10.0 14.0],False,False
[3716.0],[607.0 1960.0 4010.0 4250.0],[11.0],[2.0 3.0 9.0],False,False
[3717.0],[1130.0 3069.0],[11.0],[8.0 10.0],False,False
[3718.0],[692.0 1732.0],[11.0],[6.0 22.0],False,False
[3719.0],[536.0],[11.0],[27.0],True,False
[3720.0],[1133.0 2221.0 3500.0 3506.0],[11.0],[3.0 5.0 9.0 10.0],False,False
[3721.0],[1084.0 1367.0 3519.0 4089.0],[11.0],[5.0 7.0 17.0 27.0],False,False
[3722.0],[439.0 1932.0 3213.0 3610.0],[11.0],[2.0 5.0 6.0 99.0],False,False
[3723.0],[988.0 1032.0 3042.0 3669.0 3671.0 4835.0 5092.0],[11.0],[1.0 4.0 7.0 11.0 12.0],False,False
[3724.0],[1132.0 3680.0],[11.0],[10.0 72.0],False,False
[3725.0],[281.0],[11.0],[44.0],True,False
[3726.0],[869.0 3274.0 3852.0 4505.0],[11.0],[1.0 3.0 14.0],False,False
[3727.0],[974.0 2825.0 4056.0 4535.0 6080.0],[11.0],[1.0 3.0 8.0 21.0 23.0],False,False
[3728.0],[172.0 554.0 3616.0 4461.0 4778.0 5766.0 6251.0],[11.0],[1.0 3.0 4.0 7.0 17.0 22.0],False,False
[3729.0],[1772.0],[11.0],[23.0],False,False
[3730.0],[228.0 4452.0],[11.0],[10.0 56.0],True,False
[3731.0],[4066.0],[11.0],[17.0],True,False
[3732.0],[948.0 1018.0 4305.0 5087.0 5594.0 5839.0 6524.0],[11.0],[1.0 2.0 3.0 4.0 8.0 14.0 17.0],False,False
[3733.0],[1158.0 3901.0],[11.0],[11.0 15.0],False,False
[3734.0],[4478.0],[11.0],[11.0],True,True
[3735.0],[3238.0 4798.0 5781.0 5782.0 5784.0 6703.0],[11.0],[1.0 2.0 5.0 11.0 16.0],False,False
[3736.0],[949.0 1974.0 4519.0 5333.0],[11.0],[2.0 6.0 10.0 26.0],False,False
[3737.0],[4074.0 6314.0 6533.0],[11.0],[1.0 3.0 12.0],False,False
[3738.0],[516.0 6908.0],[11.0],[12.0 22.0],False,False
[3739.0],[1020.0 1800.0 4876.0 5585.0 5591.0 6747.0],[11.0],[4.0 7.0 13.0 21.0 32.0],False,False
[3740.0],[225.0 5031.0],[11.0],[9.0 26.0],True,False
[3741.0],[1288.0 4572.0 5899.0],[11.0],[8.0 16.0 58.0],False,False
[3742.0],[945.0 5086.0 7178.0 7437.0],[11.0],[2.0 11.0 15.0 30.0],False,False
[3743.0],[2641.0 3141.0 7775.0],[11.0],[2.0 19.0 21.0],False,False
[3744.0],[4083.0 4375.0 5635.0 6803.0 7266.0],[11.0],[2.0 5.0 13.0 16.0 21.0],False,False
[3745.0],[1111.0 5625.0 5626.0 5871.0 6769.0 8235.0],[11.0],[1.0 3.0 6.0 15.0 24.0],False,False
[3746.0],[5753.0],[11.0],[32.0],True,False
[3747.0],[5256.0 6888.0 6889.0],[11.0],[6.0 8.0 39.0],False,False
[3748.0],[4254.0 5843.0 6083.0 6737.0 6950.0 7912.0 8156.0],[11.0],[2.0 3.0 4.0 7.0 9.0 10.0 12.0],False,False
[3749.0],[1155.0 5625.0 6769.0 7209.0 8617.0],[11.0],[2.0 3.0 6.0 15.0 37.0],False,False
[3751.0],[3273.0 6041.0 6930.0 6937.0 7156.0 7436.0 7928.0 8539.0],[11.0],[2.0 3.0 5.0 7.0 16.0],False,False
[3752.0],[3002.0 7418.0 7915.0],[11.0],[7.0 20.0 53.0],True,False
[3753.0],[5295.0 5579.0 7123.0 8880.0],[11.0],[1.0 3.0 18.0 27.0],False,False
[3754.0],[4501.0 6035.0 6276.0 7423.0 7645.0 8513.0],[11.0],[3.0 5.0 6.0 10.0 16.0],False,False
[3755.0],[3859.0 6721.0 7194.0 7445.0 7650.0 8547.0],[11.0],[2.0 3.0 4.0 11.0 12.0],False,False
[3756.0],[3107.0 5638.0 6369.0 6966.0 8942.0],[11.0],[1.0 2.0 19.0 22.0 29.0],False,False
[3757.0],[393.0 4754.0 7584.0 9036.0 9603.0],[11.0],[1.0 13.0 15.0 32.0 59.0],False,False
[3758.0],[3841.0 6703.0 9285.0 9636.0],[11.0],[2.0 3.0 16.0 50.0],False,False
[3759.0],[2229.0],[11.0],[34.0],False,False
[3760.0],[7386.0 10067.0],[11.0],[1.0 12.0],False,False
[3761.0],[2974.0 7603.0 8436.0],[11.0],[23.0 35.0 52.0],False,False
[3762.0],[6083.0 6950.0 7912.0 8173.0 8869.0 9871.0 10121.0],[11.0],[2.0 8.0 9.0 10.0 12.0],False,False
[3763.0],[429.0 7596.0 8144.0 8434.0 9245.0],[11.0],[1.0 5.0 7.0 9.0 63.0],False,False
[3764.0],[7191.0 7729.0 7957.0 9692.0],[11.0],[1.0 2.0 25.0],False,False
[3765.0],[698.0 7121.0],[11.0],[9.0 56.0],False,False
[3766.0],[5397.0 6352.0 8671.0 9398.0 10220.0],[11.0],[1.0 2.0 8.0 19.0],False,False
[3767.0],[4036.0 8515.0 8893.0],[11.0],[7.0 12.0 27.0],False,False
[3768.0],[700.0 759.0 8511.0],[11.0],[14.0 36.0 80.0],False,False
[3769.0],[6282.0 9301.0],[11.0],[10.0 14.0],False,False
[3770.0],[7987.0],[11.0],[13.0],True,False
[3772.0],[2974.0 7603.0 9615.0 11247.0],[11.0],[10.0 22.0 35.0 52.0],False,False
[3773.0],[2334.0 8154.0 8871.0 11265.0],[11.0],[5.0 6.0 12.0 29.0],False,False
[3774.0],[3855.0 9640.0 10405.0],[11.0],[1.0 55.0],False,False
[3775.0],[5544.0 9292.0],[11.0],[10.0 45.0],True,False
[3776.0],[6333.0 8600.0 9675.0],[11.0],[3.0 10.0 15.0],False,False
[3777.0],[5550.0 8559.0 10965.0 11288.0],[11.0],[2.0 10.0 19.0],False,False
[3778.0],[192.0 9234.0],[11.0],[13.0 37.0],True,False
[3779.0],[5828.0 7420.0 7659.0],[11.0],[9.0 13.0 14.0],False,False
[3780.0],[9620.0 10722.0],[11.0],[4.0 25.0],True,False
[3781.0],[228.0 8433.0],[11.0],[28.0 56.0],False,False
[3782.0],[3215.0 10094.0],[11.0],[17.0 52.0],False,False
[3783.0],[6617.0 9472.0],[11.0],[15.0 29.0],False,False
[3784.0],[1580.0 9105.0 10204.0 11346.0 12837.0],[11.0],[5.0 9.0 27.0 37.0],False,False
[3785.0],[7964.0 9344.0 10454.0 10464.0 11106.0 11627.0 11663.0],[11.0],[2.0 4.0 6.0 8.0 13.0],False,False
[3786.0],[8571.0 9394.0 9923.0 10491.0 11114.0 11302.0],[11.0],[1.0 3.0 5.0 12.0 58.0 62.0],False,False
[3787.0],[6979.0 9934.0 11330.0 12056.0 12754.0],[11.0],[2.0 4.0 6.0 11.0],False,False
[3788.0],[8843.0 9600.0],[11.0],[13.0 20.0],True,False
[3789.0],[5530.0 7099.0 7100.0 10089.0 11080.0 12978.0],[11.0],[2.0 5.0 6.0 26.0 39.0 54.0],False,False
[3790.0],[6886.0 11494.0],[11.0],[5.0 70.0],False,False
[3791.0],[7399.0 10921.0],[11.0],[2.0 48.0],True,False
[3792.0],[1661.0 10699.0],[11.0],[14.0 47.0],True,False
[3793.0],[10800.0 12739.0 13486.0 13858.0],[11.0],[6.0 8.0],False,False
[3794.0],[8738.0 9483.0 9969.0 10533.0 10569.0 11011.0 11393.0 13157.0],[11.0],[2.0 7.0 8.0 9.0 11.0 17.0 60.0],False,False
[3795.0],[10436.0 11641.0 12335.0 13776.0],[11.0],[2.0 3.0 6.0 8.0],False,False
[3796.0],[6491.0 7602.0],[11.0],[17.0 32.0],False,False
[3797.0],[8531.0 11088.0],[11.0],[9.0 57.0],False,False
[3798.0],[630.0],[11.0],[99.0],False,False
[3799.0],[6688.0 11237.0],[11.0],[9.0 26.0],False,False
[3800.0],[431.0],[11.0],[48.0],True,False
[3801.0],[6267.0 6910.0],[11.0],[29.0 57.0],False,False
[3802.0],[268.0 8436.0],[11.0],[23.0 43.0],False,False
[3803.0],[323.0 7070.0 11236.0 13263.0],[11.0],[3.0 21.0 48.0 52.0],False,False
[3804.0],[6117.0 6976.0 9104.0 11623.0 12725.0 13075.0 13409.0 13811.0 14502.0],[11.0],[1.0 10.0 11.0 14.0 32.0 39.0],False,False
[3805.0],[706.0 6712.0 9315.0 12295.0 13357.0],[11.0],[2.0 4.0 7.0 32.0 97.0],False,False
[3806.0],[11967.0],[11.0],[11.0],True,True
[3807.0],[11620.0 11675.0 12714.0 12716.0 13025.0 13375.0 13396.0 14557.0],[11.0],[1.0 2.0 3.0 4.0 6.0],False,False
[3808.0],[10460.0 11981.0 12717.0],[11.0],[2.0 9.0 19.0],False,False
[3809.0],[9604.0 11920.0],[11.0],[10.0 12.0],True,False
[3810.0],[11295.0 13438.0 14022.0 14224.0 14552.0 15006.0 15441.0],[11.0],[2.0 3.0 5.0 6.0 16.0],True,False
[3811.0],[10259.0 12452.0 13579.0],[11.0],[11.0 12.0],True,False
[3812.0],[9084.0 11126.0 13061.0 13397.0 14018.0 15008.0 15480.0 15785.0],[11.0],[1.0 2.0 5.0 6.0 14.0 16.0],False,False
[3813.0],[10470.0 12722.0 14516.0],[11.0],[6.0 22.0 24.0],False,False
[3814.0],[8662.0],[11.0],[25.0],True,False
[3815.0],[12625.0 14492.0 14921.0 14927.0],[11.0],[9.0 11.0 12.0 35.0],False,False
[3816.0],[8758.0 11160.0 12902.0 13122.0 15884.0],[11.0],[1.0 8.0 11.0 26.0 35.0],False,False
[3817.0],[12350.0 12356.0 12721.0 16995.0],[11.0],[2.0 10.0 16.0 31.0],True,False
[3818.0],[13410.0 13781.0 13786.0 14564.0 15761.0 15793.0],[11.0],[1.0 3.0 4.0 6.0],False,False
[3819.0],[11679.0 12700.0 12712.0 13064.0 15444.0],[11.0],[5.0 8.0],False,False
[3820.0],[9911.0 12016.0 13395.0 13424.0],[11.0],[2.0 3.0 10.0 15.0],False,False
[3821.0],[13689.0],[11.0],[21.0],True,False
[3822.0],[8516.0 12666.0 14472.0],[11.0],[8.0 23.0 43.0],False,False
[3823.0],[11293.0 12668.0 14207.0 16131.0],[11.0],[8.0 12.0 14.0 18.0],False,False
[3824.0],[10082.0 12614.0 14864.0 14874.0 16046.0 17638.0],[11.0],[3.0 8.0 9.0 14.0 15.0 34.0],False,False
[3825.0],[2986.0 14460.0 14465.0 14899.0],[11.0],[1.0 7.0 9.0 72.0],False,False
[3826.0],[11155.0 14255.0 14602.0 15085.0 16989.0 17347.0 18207.0],[11.0],[1.0 2.0 4.0 7.0 17.0],False,False
[3827.0],[4459.0 17241.0],[11.0],[5.0 63.0],True,False
[3828.0],[657.0 2760.0 11264.0 15393.0],[11.0],[19.0 28.0 43.0 99.0],False,False
[3829.0],[12656.0 14496.0 14501.0 14951.0],[11.0],[2.0 9.0 10.0 19.0],True,False
[3830.0],[7703.0 15440.0 15774.0 17785.0],[11.0],[1.0 9.0 16.0 54.0],False,False
[3831.0],[13253.0 14410.0 17626.0 18748.0],[11.0],[7.0 8.0 10.0 14.0],False,False
[3832.0],[11563.0 15394.0],[11.0],[9.0 16.0],False,False
[3833.0],[10178.0 15480.0 16996.0 17814.0],[11.0],[5.0 14.0 15.0],False,False
[3834.0],[8433.0 14437.0],[11.0],[17.0 28.0],True,False
[3835.0],[12398.0 14621.0],[11.0],[7.0 15.0],True,False
[3836.0],[12424.0],[11.0],[16.0],True,False
[3837.0],[14860.0 14874.0 15699.0 17605.0],[11.0],[1.0 3.0 4.0 34.0],False,False
[3838.0],[544.0 16501.0],[11.0],[10.0 75.0],True,False
[3839.0],[571.0 15714.0 15726.0],[11.0],[5.0 7.0 64.0],False,False
[3840.0],[15396.0 16940.0],[11.0],[13.0 19.0],False,False
[3841.0],[14469.0 15386.0],[11.0],[14.0 23.0],False,False
[3842.0],[81.0 14419.0 17602.0],[11.0],[4.0 19.0 87.0],False,False
[3843.0],[16899.0],[11.0],[19.0],True,False
[3844.0],[12757.0 14677.0 17371.0 18210.0 20348.0 21125.0],[11.0],[1.0 4.0 5.0 7.0 11.0 19.0],False,False
[3845.0],[12586.0 12969.0 17621.0 18439.0],[11.0],[7.0 14.0 40.0 54.0],False,False
[3846.0],[14944.0 19294.0 20685.0 21460.0],[11.0],[1.0 6.0 7.0],True,False
[3848.0],[17687.0],[11.0],[13.0],True,False
[3849.0],[9225.0],[11.0],[38.0],True,False
[3850.0],[18442.0],[11.0],[11.0],False,True
[3851.0],[3619.0],[11.0],[60.0],True,False
[3852.0],[15782.0 18170.0 19312.0 20707.0],[11.0],[1.0 5.0 6.0 26.0],False,False
[3853.0],[10811.0 12043.0 16197.0 18198.0 18533.0 18886.0 22301.0 22665.0],[11.0],[4.0 5.0 10.0 16.0 18.0 21.0 53.0],False,False
[3854.0],[13721.0 18804.0 19573.0 20640.0 20996.0 22241.0],[11.0],[1.0 2.0 6.0 8.0 9.0],False,False
[3855.0],[5756.0 14413.0 16458.0 18736.0 20095.0 21393.0 21757.0 21758.0],[11.0],[1.0 2.0 20.0 35.0 42.0 77.0],False,False
[3856.0],[18485.0 18807.0 18859.0 19263.0 19271.0 20186.0 20192.0 22561.0],[11.0],[1.0 3.0 4.0 9.0 27.0],False,False
[3857.0],[18540.0 19333.0 22304.0],[11.0],[4.0 8.0 9.0],False,False
[3858.0],[17848.0 19019.0],[11.0],[11.0 15.0],True,False
[3859.0],[18074.0 18457.0 19847.0 20172.0 20620.0 20985.0 22227.0 22534.0 22912.0],[11.0],[1.0 2.0 3.0 5.0 14.0 16.0],False,False
[3860.0],[9861.0 18837.0 20658.0 21039.0 21443.0 22946.0],[11.0],[1.0 2.0 4.0 6.0 10.0 61.0],False,False
[3861.0],[10281.0 17482.0 18301.0 20400.0 20404.0 21189.0 23114.0],[11.0],[1.0 2.0 3.0 6.0 13.0 28.0 34.0],False,False
[3862.0],[2154.0 18771.0 19850.0],[11.0],[2.0 14.0 96.0],False,False
[3863.0],[19592.0],[11.0],[12.0],True,False
[3864.0],[16940.0],[11.0],[19.0],False,False
[3865.0],[18563.0 19919.0 20352.0 22345.0],[11.0],[2.0 5.0 6.0 20.0],True,False
[3866.0],"[17476.0 18995.0 19501.0 20414.0 21587.0 21994.0 22017.0 22735.0 23870.0
 24251.0]",[11.0],[1.0 2.0 3.0 4.0 8.0 13.0 33.0],False,False
[3867.0],[18603.0 20791.0 22359.0],[11.0],[6.0 8.0],False,False
[3868.0],[17072.0 19095.0 23481.0],[11.0],[3.0 11.0 14.0],False,False
[3869.0],[18457.0 23653.0],[11.0],[7.0 14.0],False,False
[3870.0],[14888.0 20649.0 20658.0 21428.0 23341.0 24441.0],[11.0],[1.0 5.0 7.0 10.0 34.0],False,False
[3871.0],[16537.0 21025.0],[11.0],[10.0 25.0],False,False
[3872.0],[21073.0 21472.0 23790.0],[11.0],[1.0 4.0 10.0],False,False
[3873.0],[18177.0 20268.0 21475.0 22600.0 23705.0],[11.0],[5.0 8.0 30.0 35.0],False,False
[3874.0],[17318.0 22276.0 23376.0 24114.0],[11.0],[2.0 4.0 10.0 17.0],False,False
[3875.0],[6995.0 22035.0],[11.0],[10.0 70.0],False,False
[3876.0],[21159.0 23784.0],[11.0],[8.0 21.0],False,False
[3877.0],[16899.0 23659.0 24049.0],[11.0],[4.0 19.0],False,False
[3878.0],[2346.0 14914.0 18478.0 20193.0],[11.0],[15.0 44.0 65.0],False,False
[3879.0],[11540.0 20631.0 21426.0 21820.0 22918.0 23660.0],[11.0],[1.0 3.0 5.0 7.0 12.0 28.0],False,False
[3880.0],[6814.0],[11.0],[58.0],False,False
[3881.0],[20990.0],[11.0],[14.0],True,False
[3882.0],[20658.0 23341.0 25717.0],[11.0],[7.0 10.0 14.0],False,False
[3883.0],[16601.0 17747.0 22996.0 22999.0 24849.0],[11.0],[3.0 10.0 11.0 15.0 18.0],False,False
[3884.0],"[20344.0 21100.0 21942.0 22845.0 23767.0 24863.0 25204.0 25221.0 25504.0
 25985.0]",[11.0],[1.0 2.0 4.0 5.0 6.0 9.0 16.0],False,False
[3885.0],[11146.0 19019.0 21588.0 23400.0 25298.0],[11.0],[5.0 6.0 10.0 11.0 41.0],False,False
[3886.0],[8167.0 20664.0 21850.0 25724.0],[11.0],[2.0 5.0 12.0 59.0],False,False
[3887.0],[22029.0 23144.0 24307.0],[11.0],[5.0 9.0],False,False
[3888.0],[16658.0 21568.0 22309.0 23060.0 23824.0 25791.0],[11.0],[2.0 6.0 8.0 9.0 14.0 16.0],False,False
[3889.0],[21426.0 22918.0 23660.0 24047.0 25112.0 25715.0],[11.0],[1.0 3.0 5.0 11.0 12.0],False,False
[3890.0],[18618.0 22650.0 23785.0 24871.0 24897.0 25224.0 26025.0 26183.0],[11.0],[1.0 2.0 3.0 4.0 6.0 9.0],False,False
[3891.0],[19661.0 23395.0 24243.0 25220.0 25243.0],[11.0],[3.0 11.0 13.0 14.0],True,False
[3892.0],[17793.0],[11.0],[18.0],False,False
[3893.0],[19298.0 19871.0 20235.0 24464.0 25160.0],[11.0],[7.0 8.0 19.0 25.0],False,False
[3894.0],[21401.0 24414.0],[11.0],[22.0 23.0],False,False
[3895.0],[5821.0 24481.0],[11.0],[10.0 73.0],False,False
[3896.0],[20282.0 20399.0 22983.0 26435.0 26464.0],[11.0],[2.0 7.0 12.0 13.0 33.0],False,False
[3897.0],[23730.0 24132.0 24140.0 24470.0 24840.0 24842.0 26508.0 26708.0 26996.0],[11.0],[1.0 2.0 3.0 4.0 5.0 6.0 12.0],False,False
[3898.0],[11291.0 22258.0 24828.0],[11.0],[7.0 28.0 57.0],False,False
[3899.0],[19383.0 24198.0 24222.0],[11.0],[4.0 14.0 24.0],False,False
[3900.0],[18301.0 24227.0],[11.0],[10.0 34.0],False,False
[3901.0],[18755.0 23628.0 25933.0],[11.0],[1.0 16.0 20.0],False,False
[3902.0],[2670.0 24531.0 25228.0 26460.0 26728.0],[11.0],[3.0 4.0 7.0 8.0 89.0],False,False
[3903.0],[8167.0 21441.0 25724.0],[11.0],[5.0 10.0 59.0],False,False
[3904.0],[24079.0 24132.0 24467.0 24840.0 26495.0 26698.0 26708.0 26937.0 26996.0],[11.0],[1.0 2.0 3.0 4.0 5.0 12.0],False,False
[3905.0],[19941.0 23821.0 27017.0],[11.0],[1.0 13.0],False,False
[3906.0],[17693.0 21857.0 22943.0 25722.0 26163.0 27904.0],[11.0],[5.0 8.0 10.0 15.0 20.0],False,False
[3907.0],[3840.0 24456.0],[11.0],[21.0 80.0],False,False
[3908.0],[11712.0 12383.0 20699.0 27388.0],[11.0],[3.0 20.0 46.0 51.0],False,False
[3909.0],[16114.0 21004.0 25718.0 26909.0 27186.0 27626.0 28105.0],[11.0],[1.0 2.0 8.0 18.0 35.0],False,False
[3910.0],[6995.0 14674.0 25576.0 27723.0],[11.0],[4.0 43.0 70.0],False,False
[3911.0],[16778.0 25556.0 26768.0 27472.0],[11.0],[8.0 10.0 12.0 30.0],False,False
[3912.0],[24417.0 24760.0 26325.0 26659.0 27588.0],[11.0],[2.0 3.0 7.0 14.0 17.0],False,False
[3913.0],[25720.0 26362.0],[11.0],[13.0 15.0],False,False
[3914.0],[25830.0 26521.0 27222.0 28154.0],[11.0],[5.0 9.0 11.0 14.0],False,False
[3915.0],[14674.0 23139.0],[11.0],[26.0 43.0],True,False
[3916.0],[25470.0 26372.0 26694.0 28927.0],[11.0],[4.0 5.0 11.0 14.0],False,False
[3917.0],[25716.0 26153.0 26674.0 28784.0],[11.0],[2.0 10.0 13.0],True,False
[3918.0],[22303.0 25965.0 28341.0],[11.0],[1.0 6.0 21.0],False,False
[3919.0],[26967.0],[11.0],[12.0],False,False
[3920.0],[9107.0 23786.0 25415.0],[11.0],[10.0 21.0 59.0],False,False
[3921.0],[8171.0 22258.0 28103.0 28928.0],[11.0],[2.0 4.0 28.0 64.0],False,False
[3922.0],[1078.0 5359.0],[11.0],[79.0 97.0],False,False
[3923.0],[25970.0 26715.0 26968.0 28793.0],[11.0],[1.0 4.0 9.0 13.0],False,False
[3924.0],[19045.0 25243.0 27688.0 27711.0 27971.0 28376.0],[11.0],[2.0 3.0 5.0 11.0 37.0],False,False
[3925.0],[19546.0 22883.0],[11.0],[26.0 35.0],False,False
[3926.0],[23616.0],[11.0],[22.0],True,False
[3927.0],[27330.0],[11.0],[11.0],True,True
[3928.0],[27169.0],[11.0],[12.0],True,False
[3929.0],[2530.0],[11.0],[90.0],True,False
[3930.0],[24777.0],[11.0],[21.0],True,False
[3931.0],[541.0 22245.0 27185.0],[11.0],[9.0 24.0 99.0],False,False
[3932.0],[9861.0 25717.0 26379.0],[11.0],[7.0 14.0 61.0],False,False
[3933.0],[840.0 26375.0 27363.0 28307.0 29299.0],[11.0],[1.0 7.0 10.0 99.0],False,False
[3934.0],[23702.0 27369.0 27920.0 28314.0 28332.0 29309.0],[11.0],[1.0 2.0 4.0 6.0 14.0],False,False
[3935.0],[25982.0 27401.0 28115.0 28334.0 28634.0 28647.0 29336.0 29580.0],[11.0],[1.0 2.0 4.0 5.0 7.0],False,False
[3936.0],[14523.0 20259.0 28630.0],[11.0],[3.0 25.0 46.0],False,False
[3937.0],[13377.0 27929.0],[11.0],[9.0 51.0],False,False
[3938.0],[26975.0],[11.0],[12.0],True,False
[3939.0],[7687.0 27670.0],[11.0],[10.0 72.0],False,False
[3940.0],[24132.0 27947.0 28655.0],[11.0],[4.0 8.0 12.0],False,False
[3941.0],[27247.0],[11.0],[12.0],True,False
[3942.0],[24186.0 28677.0],[11.0],[1.0 20.0],False,False
[3943.0],[27461.0],[11.0],[11.0],True,True
[3944.0],[27257.0 27463.0],[11.0],[7.0 8.0],True,False
[3946.0],[2619.0 26389.0 26435.0 26452.0 28382.0 29349.0],[11.0],[2.0 5.0 7.0 94.0],False,False
[3947.0],[14448.0 20159.0],[11.0],[30.0 48.0],False,False
[3948.0],[18602.0 25586.0],[11.0],[12.0 37.0],True,False
[3950.0],[26774.0 27454.0],[11.0],[3.0 14.0],False,False
[3951.0],[26900.0],[11.0],[13.0],False,False
[3952.0],[22955.0 26695.0 27191.0],[11.0],[9.0 12.0 14.0],True,False
[3953.0],[18844.0 27911.0],[11.0],[5.0 34.0],True,False
[3954.0],[25982.0 27401.0 27406.0 27905.0 28634.0],[11.0],[1.0 2.0 5.0 7.0 9.0],False,False
[3955.0],[19383.0 25823.0 27970.0 28680.0],[11.0],[2.0 4.0 12.0 24.0],False,False
[3956.0],[76.0 1920.0 3199.0],[10.0],[3.0 7.0],False,False
[3957.0],[146.0],[10.0],[10.0],True,True
[3958.0],[249.0 1660.0 2145.0 2304.0],[10.0],[1.0 3.0 4.0 12.0],False,False
[3959.0],[336.0],[10.0],[11.0],True,False
[3960.0],[401.0 2736.0],[10.0],[8.0 10.0],True,False
[3961.0],[476.0],[10.0],[23.0],True,False
[3962.0],[482.0],[10.0],[10.0],True,True
[3963.0],[488.0 587.0 3431.0],[10.0],[8.0 9.0],True,False
[3964.0],[532.0],[10.0],[10.0],True,True
[3965.0],[472.0 481.0],[10.0],[9.0 15.0],False,False
[3966.0],[534.0],[10.0],[10.0],True,True
[3967.0],[570.0],[10.0],[10.0],True,True
[3968.0],[526.0 1949.0],[10.0],[9.0 14.0],False,False
[3969.0],[572.0],[10.0],[10.0],True,True
[3970.0],[576.0],[10.0],[11.0],True,False
[3971.0],[603.0],[10.0],[11.0],True,False
[3972.0],[695.0],[10.0],[10.0],True,True
[3973.0],[887.0],[10.0],[15.0],True,False
[3974.0],[944.0 1014.0 1772.0],[10.0],[3.0 6.0 23.0],False,False
[3975.0],[1064.0 1146.0 1772.0 3280.0],[10.0],[5.0 7.0 8.0 23.0],False,False
[3976.0],[1064.0 2602.0 3081.0],[10.0],[3.0 5.0 7.0],True,False
[3977.0],[1064.0 1146.0 2597.0 2853.0 3081.0],[10.0],[2.0 3.0 5.0 7.0],False,False
[3978.0],[1159.0 2236.0 3061.0],[10.0],[2.0 16.0 32.0],False,False
[3979.0],[1102.0 1791.0 3074.0],[10.0],[1.0 2.0 16.0],False,False
[3980.0],[1241.0 3343.0],[10.0],[3.0 9.0],False,False
[3981.0],[1256.0],[10.0],[14.0],True,False
[3982.0],[1248.0],[10.0],[13.0],True,False
[3983.0],[192.0 3408.0],[10.0],[1.0 37.0],True,False
[3984.0],[726.0 745.0 1742.0 3265.0],[10.0],[5.0 21.0 22.0 35.0],False,False
[3985.0],[133.0 171.0],[10.0],[9.0 99.0],False,False
[3986.0],[168.0],[10.0],[10.0],True,True
[3987.0],[258.0 2149.0],[10.0],[7.0 14.0],False,False
[3988.0],[1435.0 1847.0 2052.0 2235.0 2252.0 3102.0 3498.0],[10.0],[1.0 3.0 5.0 6.0 30.0],False,False
[3989.0],[1021.0 2818.0],[10.0],[9.0 12.0],False,False
[3990.0],[1198.0 1772.0 1798.0 2621.0 3078.0 3494.0],[10.0],[1.0 6.0 18.0 21.0 23.0],False,False
[3991.0],[182.0 209.0 2140.0],[10.0],[4.0 5.0 94.0],True,False
[3992.0],[450.0 2326.0],[10.0],[4.0 30.0],False,False
[3993.0],[582.0],[10.0],[92.0],True,False
[3994.0],[787.0 3465.0],[10.0],[10.0],False,False
[3995.0],[889.0 924.0 1986.0],[10.0],[5.0 7.0 9.0],False,False
[3996.0],[944.0 1014.0 1772.0],[10.0],[3.0 6.0 23.0],False,False
[3997.0],[1077.0 1107.0 2814.0 3081.0],[10.0],[3.0 4.0 5.0 7.0],False,False
[3998.0],[1220.0 1246.0 2219.0],[10.0],[5.0 11.0 16.0],True,False
[3999.0],[162.0 184.0 276.0 2957.0 3205.0],[10.0],[2.0 7.0 12.0 69.0],False,False
[4000.0],[850.0 1980.0 2353.0 2792.0 3022.0],[10.0],[3.0 11.0 12.0],False,False
[4001.0],[873.0 1991.0 1998.0 2368.0 3059.0 3065.0 3283.0],[10.0],[1.0 2.0 3.0 6.0 26.0],False,False
[4002.0],[1311.0 1464.0 2648.0 3355.0],[10.0],[2.0 4.0 5.0 14.0],False,False
[4003.0],[201.0 1923.0 2517.0],[10.0],[4.0 6.0 46.0],False,False
[4004.0],[881.0 2575.0],[10.0],[7.0 12.0],False,False
[4005.0],[684.0],[10.0],[12.0],True,False
[4006.0],[577.0 661.0 2171.0 2759.0],[10.0],[4.0 5.0 9.0 12.0],False,False
[4007.0],[983.0 1064.0 2597.0 3081.0 3873.0],[10.0],[1.0 2.0 5.0 7.0],False,False
[4008.0],[979.0 1080.0 2009.0 2366.0 2821.0 3513.0],[10.0],[1.0 2.0 4.0 7.0 10.0 11.0],False,False
[4009.0],[2067.0 2430.0 2880.0 3133.0 3334.0 3356.0 3741.0],[10.0],[1.0 2.0 3.0 4.0 6.0 7.0],False,False
[4010.0],[967.0 3044.0 3477.0],[10.0],[6.0 7.0],False,False
[4011.0],[812.0 859.0 3038.0 3852.0],[10.0],[1.0 4.0 8.0 10.0],False,False
[4012.0],[87.0 2513.0],[10.0],[8.0 28.0],False,False
[4013.0],[393.0 2316.0],[10.0],[10.0 59.0],True,False
[4014.0],[831.0 2823.0 3017.0 3677.0],[10.0],[3.0 4.0 21.0 27.0],False,False
[4015.0],[278.0 287.0 1658.0 2962.0],[10.0],[3.0 10.0 11.0 13.0],False,False
[4016.0],[952.0 1098.0 2601.0],[10.0],[5.0 9.0 21.0],False,False
[4017.0],[721.0 2563.0],[10.0],[9.0 33.0],True,False
[4018.0],[790.0 836.0 1769.0 2369.0 3025.0],[10.0],[1.0 5.0 13.0 16.0],False,False
[4019.0],[1261.0 1299.0 1328.0 2641.0],[10.0],[8.0 12.0 21.0],False,False
[4020.0],[2534.0],[10.0],[42.0],True,False
[4021.0],[1080.0 2821.0 3513.0 3676.0 4060.0],[10.0],[2.0 4.0 10.0],False,False
[4022.0],[2433.0 2635.0 3130.0 3334.0 3356.0 3916.0 4126.0],[10.0],[1.0 3.0 4.0 6.0 7.0 9.0],True,False
[4023.0],[1000.0 1115.0 2371.0 4049.0],[10.0],[2.0 6.0 10.0 19.0],False,False
[4024.0],[2743.0],[10.0],[11.0],True,False
[4025.0],[1077.0 2602.0 3081.0 3868.0 4061.0 4308.0 4543.0 4863.0],[10.0],[1.0 2.0 3.0 5.0 6.0 7.0],False,False
[4026.0],[1033.0 1094.0 2769.0],[10.0],[15.0 54.0],False,False
[4027.0],[845.0 905.0 4032.0 4296.0 4510.0 4511.0 4520.0],[10.0],[2.0 7.0 9.0 13.0],False,False
[4028.0],[2823.0 3677.0],[10.0],[3.0 21.0],False,False
[4029.0],[1100.0],[10.0],[20.0],False,False
[4030.0],[1223.0 1880.0 3097.0 3893.0 4123.0 4905.0],[10.0],[1.0 2.0 3.0 8.0 14.0 25.0],False,False
[4031.0],[1078.0 1088.0],[10.0],[9.0 97.0],True,False
[4032.0],[912.0 922.0 3020.0 3461.0 3648.0 4819.0 5308.0],[10.0],[1.0 2.0 3.0 5.0 7.0 8.0 34.0],False,False
[4033.0],[3017.0 3623.0 4253.0 4254.0],[10.0],[4.0 5.0 7.0 29.0],False,False
[4034.0],[912.0 3020.0 3046.0 3468.0 3469.0 5322.0],[10.0],[2.0 6.0 8.0 10.0 34.0],False,False
[4035.0],[2023.0],[10.0],[36.0],True,False
[4036.0],[3418.0 3613.0],[10.0],[8.0 51.0],True,False
[4037.0],[877.0 3467.0 3639.0 4272.0],[10.0],[1.0 3.0 4.0 18.0],False,False
[4038.0],[3608.0],[10.0],[32.0],True,False
[4039.0],[1334.0 2810.0 3283.0 3856.0 3858.0 4533.0],[10.0],[2.0 4.0 10.0 14.0 23.0],False,False
[4040.0],[2377.0 2826.0 3656.0 4290.0 4546.0 4860.0 5100.0],[10.0],[2.0 3.0 4.0 5.0 6.0],False,False
[4041.0],[1732.0 4026.0],[10.0],[9.0 22.0],False,False
[4042.0],[2650.0 3748.0 4353.0],[10.0],[7.0 27.0 28.0],False,False
[4043.0],[3891.0 4067.0 4101.0 4323.0 4884.0 5095.0 5111.0 6105.0],[10.0],[1.0 2.0 3.0 4.0 5.0 6.0],False,False
[4044.0],[1033.0 2769.0],[10.0],[15.0],False,False
[4045.0],[734.0 3863.0 3866.0 4041.0],[10.0],[4.0 14.0 25.0 28.0],False,False
[4046.0],[130.0 2519.0 5025.0],[10.0],[6.0 27.0 92.0],False,False
[4047.0],[831.0 4253.0 4254.0],[10.0],[5.0 7.0 27.0],False,False
[4048.0],[307.0 4450.0 5029.0],[10.0],[6.0 15.0 19.0],False,False
[4049.0],[4070.0 4907.0 5367.0],[10.0],[6.0 8.0 17.0],False,False
[4050.0],[869.0 2779.0 4270.0 4817.0 4824.0],[10.0],[1.0 4.0 5.0 14.0],False,False
[4051.0],[2823.0 3677.0 4544.0 4825.0 5843.0 6083.0],[10.0],[2.0 3.0 5.0 10.0 21.0],False,False
[4052.0],[3311.0 4070.0 4333.0 5115.0 5367.0 5875.0],[10.0],[1.0 2.0 6.0 8.0 17.0],False,False
[4053.0],[719.0 4011.0],[10.0],[7.0 22.0],False,False
[4054.0],[4270.0 4817.0 4824.0 5321.0],[10.0],[1.0 4.0 5.0 8.0],False,False
[4055.0],[3060.0 5337.0 5342.0 6078.0],[10.0],[2.0 3.0 6.0 10.0],False,False
[4056.0],[3113.0 3331.0 6579.0],[10.0],[1.0 8.0 14.0],False,False
[4057.0],[4038.0 4542.0 4556.0],[10.0],[9.0 24.0],True,False
[4058.0],[4083.0 4375.0 5644.0 6594.0 7266.0],[10.0],[2.0 5.0 13.0],False,False
[4059.0],[877.0 938.0 4516.0 5081.0 5835.0 6040.0],[10.0],[1.0 3.0 4.0 18.0 21.0],False,False
[4060.0],[5293.0],[10.0],[10.0],True,True
[4061.0],[2989.0 3625.0 5788.0],[10.0],[9.0 10.0 28.0],False,False
[4062.0],[5566.0 5818.0 6060.0],[10.0],[4.0 7.0],False,False
[4063.0],[2352.0 4030.0 5865.0 6075.0],[10.0],[2.0 11.0 12.0 18.0],False,False
[4064.0],[450.0 6497.0 7408.0],[10.0],[5.0 28.0 30.0],False,False
[4065.0],[987.0 1144.0 6377.0 6587.0 6784.0 7520.0],[10.0],[2.0 14.0 16.0 18.0 20.0],True,False
[4066.0],[5766.0 6251.0 6492.0],[10.0],[1.0 6.0 7.0],True,False
[4067.0],[3720.0 6572.0],[10.0],[5.0 17.0],False,False
[4068.0],[5029.0 6231.0],[10.0],[6.0 9.0],False,False
[4069.0],[2526.0 6003.0 7396.0],[10.0],[10.0 16.0 42.0],True,False
[4070.0],[852.0 6298.0],[10.0],[9.0 38.0],False,False
[4071.0],[1019.0],[10.0],[37.0],True,False
[4072.0],[281.0 2313.0],[10.0],[19.0 44.0],True,False
[4073.0],[2578.0 5393.0 5721.0 6129.0 6796.0 6974.0 7250.0 7526.0 8224.0],[10.0],[1.0 2.0 5.0 8.0 15.0 16.0 38.0],False,False
[4074.0],[794.0],[10.0],[73.0],True,False
[4075.0],[539.0 6263.0 8476.0],[10.0],[3.0 28.0 35.0],True,False
[4076.0],[4325.0 4872.0 6957.0 8212.0 8624.0],[10.0],[1.0 2.0 3.0 11.0 13.0],False,False
[4077.0],[5397.0 5408.0 6808.0 7273.0],[10.0],[1.0 8.0 10.0],False,False
[4078.0],[5499.0 6880.0],[10.0],[6.0 14.0],False,False
[4079.0],[5495.0 6232.0],[10.0],[10.0 23.0],False,False
[4080.0],[5551.0],[10.0],[14.0],True,False
[4081.0],[5833.0 6718.0 7141.0 7649.0 7924.0 8549.0],[10.0],[1.0 2.0 3.0 9.0 12.0 13.0],False,False
[4082.0],[4839.0 5565.0 8185.0 8552.0],[10.0],[2.0 13.0 49.0 68.0],False,False
[4083.0],[4600.0 7508.0 7736.0 9140.0],[10.0],[4.0 7.0 12.0 13.0],True,False
[4084.0],[444.0 7609.0],[10.0],[6.0 46.0],False,False
[4085.0],[5846.0 6959.0 7688.0 8201.0 8615.0],[10.0],[3.0 4.0 10.0 14.0 17.0],False,False
[4086.0],[346.0 6244.0 8431.0],[10.0],[7.0 18.0 41.0],True,False
[4087.0],[5109.0 7693.0 7949.0 9087.0],[10.0],[1.0 2.0 7.0 31.0],False,False
[4088.0],[7176.0 7440.0],[10.0],[16.0 32.0],False,False
[4089.0],[1183.0 6773.0 9351.0],[10.0],[5.0 34.0 41.0],False,False
[4090.0],[6377.0 8751.0],[10.0],[10.0 18.0],True,False
[4091.0],[6306.0 7444.0 7932.0 8197.0 9073.0],[10.0],[2.0 4.0 8.0 11.0 35.0],False,False
[4092.0],[7612.0],[10.0],[12.0],True,False
[4093.0],[6944.0 6946.0 8199.0 9667.0],[10.0],[4.0 7.0 9.0 17.0],False,False
[4094.0],[5374.0 5625.0 8235.0 8617.0 9379.0 9680.0 10175.0],[10.0],[1.0 2.0 3.0 15.0 16.0 20.0],False,False
[4095.0],[7606.0],[10.0],[12.0],True,False
[4096.0],[8509.0],[10.0],[10.0],True,True
[4097.0],[946.0 2574.0 8182.0 9319.0],[10.0],[2.0 29.0 67.0],False,False
[4098.0],[714.0 7676.0 9067.0],[10.0],[6.0 56.0 61.0],False,False
[4099.0],[986.0 7944.0 8918.0 10166.0],[10.0],[8.0 9.0 19.0 42.0],True,False
[4100.0],[6075.0 8575.0 9077.0 9700.0 9916.0],[10.0],[2.0 4.0 11.0 18.0],False,False
[4101.0],[789.0 7132.0 9885.0],[10.0],[5.0 7.0 27.0],False,False
[4102.0],[584.0 2542.0 8464.0 9047.0 9854.0 10101.0],[10.0],[2.0 3.0 4.0 34.0 90.0],False,False
[4103.0],[6059.0 7173.0 8888.0 9339.0],[10.0],[6.0 10.0 12.0 15.0],False,False
[4104.0],[8173.0 8869.0 9871.0],[10.0],[8.0 9.0 10.0],False,False
[4105.0],[927.0 4814.0 9654.0],[10.0],[10.0 15.0 41.0],True,False
[4106.0],[7675.0 8898.0 9650.0 9690.0 10434.0],[10.0],[1.0 2.0 4.0 7.0 9.0],False,False
[4107.0],[429.0 7596.0 8434.0 9245.0 10922.0],[10.0],[2.0 5.0 7.0 9.0 63.0],False,False
[4108.0],[7622.0],[10.0],[14.0],True,False
[4109.0],[7648.0 8604.0],[10.0],[10.0 13.0],False,False
[4110.0],[7259.0],[10.0],[18.0],True,False
[4111.0],[571.0 731.0 9274.0 9620.0 9858.0 10119.0],[10.0],[1.0 4.0 15.0 37.0 64.0],False,False
[4112.0],[9105.0 10204.0],[10.0],[5.0 27.0],False,False
[4113.0],[7099.0 9047.0 10101.0 10717.0 10931.0],[10.0],[2.0 3.0 6.0 39.0],False,False
[4114.0],[2817.0 8656.0],[10.0],[30.0 33.0],True,False
[4115.0],[241.0 9838.0],[10.0],[7.0 69.0],False,False
[4116.0],[7447.0 9338.0 9894.0],[10.0],[4.0 13.0 18.0],False,False
[4117.0],[5593.0 6777.0 9089.0 9361.0 10448.0 10789.0],[10.0],[1.0 3.0 4.0 15.0 17.0],False,False
[4118.0],[8133.0 10077.0 11234.0],[10.0],[2.0 12.0 34.0],False,False
[4120.0],[8502.0 9883.0],[10.0],[8.0 11.0],False,False
[4121.0],[5099.0 8190.0 9909.0 10763.0 11988.0],[10.0],[1.0 12.0 16.0 20.0 34.0],False,False
[4122.0],[8128.0 9261.0],[10.0],[3.0 15.0],False,False
[4123.0],[6749.0 9104.0 10465.0 11306.0 12355.0],[10.0],[1.0 2.0 13.0 14.0],False,False
[4124.0],[6814.0 8937.0 11700.0 12385.0],[10.0],[1.0 5.0 44.0 58.0],False,False
[4125.0],[8898.0 10740.0 11580.0 11995.0 12334.0],[10.0],[1.0 4.0 9.0],False,False
[4126.0],[8189.0 9665.0 10445.0 10475.0 10960.0 11299.0 11639.0 12316.0],[10.0],[1.0 2.0 4.0 6.0 9.0],False,False
[4127.0],[8900.0 9879.0 9896.0 10428.0 10433.0 11578.0 12298.0 12674.0],[10.0],[1.0 2.0 3.0 4.0 6.0],False,False
[4128.0],[10167.0 10964.0],[10.0],[1.0 42.0],False,False
[4129.0],[7194.0 10744.0 11298.0 11591.0 11611.0],[10.0],[2.0 3.0 6.0 11.0],False,False
[4130.0],[474.0 8446.0],[10.0],[47.0 64.0],False,False
[4131.0],[485.0 9616.0],[10.0],[14.0 93.0],False,False
[4132.0],[5518.0 10088.0 10920.0],[10.0],[8.0 14.0 20.0],False,False
[4133.0],[9281.0 9861.0 11254.0],[10.0],[5.0 6.0 61.0],False,False
[4134.0],[6031.0 9325.0 11277.0],[10.0],[7.0 13.0],False,False
[4135.0],[9737.0 10202.0 11373.0 12442.0 12836.0],[10.0],[3.0 4.0 7.0 11.0 15.0],True,False
[4136.0],[8838.0 9829.0 11220.0 11908.0 13253.0],[10.0],[8.0 10.0 17.0 18.0 20.0],False,False
[4137.0],[9117.0 10205.0 11713.0 11759.0 13848.0],[10.0],[1.0 2.0 7.0 32.0 48.0],False,False
[4138.0],[4252.0 11087.0],[10.0],[10.0 38.0],True,False
[4139.0],[10516.0 10786.0 13849.0],[10.0],[2.0 10.0 47.0],False,False
[4140.0],[3624.0 6911.0 12260.0],[10.0],[4.0 47.0 73.0],False,False
[4141.0],[8598.0 8916.0 9674.0 9884.0 11992.0],[10.0],[10.0 14.0 24.0 37.0 59.0],True,False
[4142.0],[320.0 11502.0 13262.0],[10.0],[7.0 19.0 97.0],False,False
[4143.0],[11302.0 11311.0 11639.0 13378.0 13791.0 14219.0],[10.0],[1.0 2.0 3.0 22.0 57.0 58.0],False,False
[4144.0],[11552.0],[10.0],[10.0],True,True
[4145.0],[9383.0 12020.0 13422.0],[10.0],[4.0 28.0],False,False
[4146.0],[10917.0 11503.0],[10.0],[9.0 16.0],False,False
[4147.0],[6777.0 12001.0 13063.0 13376.0 14550.0],[10.0],[2.0 7.0 10.0 15.0],False,False
[4148.0],[9435.0 10837.0 12391.0],[10.0],[11.0 12.0 18.0],False,False
[4149.0],[3600.0 12571.0],[10.0],[23.0 34.0],False,False
[4150.0],[8488.0 12274.0],[10.0],[4.0 55.0],True,False
[4151.0],[9392.0 9662.0 11667.0 13488.0],[10.0],[9.0 15.0 17.0 25.0],False,False
[4153.0],[5795.0 12652.0],[10.0],[39.0 47.0],True,False
[4154.0],[3995.0 12590.0],[10.0],[9.0 54.0],False,False
[4155.0],[7644.0 10394.0 12649.0 14478.0 14922.0],[10.0],[1.0 5.0 12.0 32.0],False,False
[4156.0],[11302.0 13771.0],[10.0],[8.0 58.0],False,False
[4157.0],[7088.0 9610.0 14441.0],[10.0],[5.0 9.0 42.0],False,False
[4158.0],[698.0 14902.0],[10.0],[9.0 56.0],True,False
[4159.0],[12441.0 12528.0 13534.0 15901.0],[10.0],[2.0 5.0 8.0 9.0],False,False
[4160.0],[9861.0],[10.0],[61.0],False,False
[4161.0],[13253.0 16037.0],[10.0],[10.0 15.0],False,False
[4162.0],[13068.0 16643.0],[10.0],[3.0 15.0],False,False
[4163.0],[11293.0 12671.0 12674.0 13738.0 14202.0 14573.0 15401.0 16147.0],[10.0],[1.0 2.0 4.0 6.0 12.0],False,False
[4164.0],[6565.0 12363.0 15094.0],[10.0],[5.0 13.0 24.0],False,False
[4165.0],[323.0 13251.0 13263.0],[10.0],[9.0 48.0 52.0],True,False
[4166.0],[8151.0 14890.0],[10.0],[5.0 42.0],False,False
[4167.0],[1424.0 13614.0 14070.0 16724.0],[10.0],[5.0 29.0 39.0 49.0],False,False
[4168.0],[10460.0 14014.0],[10.0],[13.0 19.0],False,False
[4169.0],[8937.0 15031.0],[10.0],[4.0 44.0],False,False
[4170.0],[14202.0 14207.0 14497.0 14941.0 14977.0 16131.0 16147.0 17287.0],[10.0],[1.0 2.0 8.0 18.0],False,False
[4171.0],[11240.0 15345.0 16048.0],[10.0],[2.0 6.0 18.0],False,False
[4172.0],[738.0 10727.0 15720.0 16518.0],[10.0],[1.0 5.0 9.0 85.0],False,False
[4173.0],[5290.0 14488.0 14495.0 16129.0],[10.0],[5.0 7.0 10.0 54.0],False,False
[4174.0],[8216.0 12363.0],[10.0],[13.0 52.0],False,False
[4175.0],[946.0 15436.0 17318.0],[10.0],[8.0 17.0 67.0],False,False
[4176.0],[6328.0 15028.0 16616.0],[10.0],[1.0 21.0 34.0],False,False
[4177.0],[14165.0 16878.0],[10.0],[23.0 33.0],False,False
[4178.0],[12624.0 13721.0 14913.0 16094.0 16500.0 17272.0],[10.0],[1.0 2.0 8.0 9.0 29.0],False,False
[4179.0],[14921.0],[10.0],[11.0],True,False
[4180.0],[14935.0 14978.0 15412.0 15756.0 18872.0],[10.0],[4.0 5.0 9.0 15.0],False,False
[4181.0],[12803.0 15840.0 16165.0 16668.0 17007.0 17023.0 17882.0],[10.0],[2.0 3.0 4.0 5.0 10.0],False,False
[4182.0],[10527.0 11397.0 14608.0 14638.0 15821.0],[10.0],[8.0 11.0 15.0 17.0 25.0],False,False
[4183.0],[8488.0 11268.0 17269.0],[10.0],[6.0 18.0 55.0],False,False
[4184.0],[9877.0 14537.0 16561.0 18863.0],[10.0],[2.0 7.0 17.0 19.0],False,False
[4185.0],[12350.0 12752.0 16216.0 16979.0 18586.0],[10.0],[6.0 7.0 14.0 16.0 24.0],True,False
[4186.0],[13090.0 14084.0],[10.0],[8.0 21.0],True,False
[4187.0],[10167.0 16188.0 19640.0],[10.0],[1.0 5.0 42.0],False,False
[4188.0],[9938.0 15856.0],[10.0],[17.0 31.0],False,False
[4189.0],[15878.0],[10.0],[44.0],True,False
[4191.0],[13488.0 15581.0 16291.0 18986.0],[10.0],[7.0 9.0 10.0 17.0],True,False
[4192.0],[130.0 139.0 17597.0],[10.0],[35.0 57.0 92.0],False,False
[4193.0],[17050.0 17874.0 20367.0],[10.0],[3.0 4.0 5.0],True,False
[4194.0],[14914.0],[10.0],[44.0],True,False
[4195.0],[10281.0 14083.0 18970.0 19938.0 20404.0],[10.0],[1.0 2.0 13.0 28.0],False,False
[4196.0],[2747.0 12613.0 17255.0 19257.0 20154.0 20631.0],[10.0],[2.0 3.0 7.0 14.0 15.0 52.0],False,False
[4197.0],[15048.0 15773.0 18246.0 18539.0 19328.0],[10.0],[1.0 3.0 4.0 7.0 10.0],False,False
[4198.0],[11511.0 20605.0],[10.0],[2.0 27.0],True,False
[4199.0],[14874.0],[10.0],[34.0],False,False
[4200.0],[439.0 17630.0 18444.0 19243.0 20614.0],[10.0],[3.0 4.0 99.0],False,False
[4201.0],[10722.0 14443.0 19256.0 19569.0 20164.0 20635.0 21421.0],[10.0],[1.0 2.0 3.0 13.0 25.0],False,False
[4202.0],[633.0 16926.0 18823.0 20197.0],[10.0],[3.0 11.0 34.0 69.0],False,False
[4203.0],[18428.0 18748.0 20107.0],[10.0],[7.0 12.0 13.0],False,False
[4204.0],[8185.0 12300.0],[10.0],[54.0 68.0],True,False
[4205.0],[6953.0 14222.0 18155.0 18906.0],[10.0],[5.0 10.0 21.0 27.0],False,False
[4206.0],[9472.0 18956.0 19669.0],[10.0],[6.0 22.0 29.0],False,False
[4207.0],[15756.0 17731.0 18894.0 19878.0 20728.0],[10.0],[4.0 6.0 7.0 15.0],False,False
[4208.0],[14677.0 19065.0],[10.0],[14.0 19.0],True,False
[4209.0],[16629.0],[10.0],[23.0],True,False
[4210.0],[18940.0],[10.0],[10.0],True,True
[4211.0],[16553.0 18858.0 20208.0 21062.0 22267.0],[10.0],[1.0 2.0 6.0 11.0],False,False
[4212.0],[18495.0 19323.0 19598.0 20260.0 20680.0 21865.0 22579.0],[10.0],[1.0 2.0 3.0 4.0],False,False
[4213.0],[16261.0 20325.0 20773.0 21180.0 22673.0],[10.0],[1.0 4.0 6.0 10.0],False,False
[4214.0],[13257.0 20112.0],[10.0],[5.0 30.0],False,False
[4215.0],[18113.0],[10.0],[11.0],True,False
[4216.0],[16198.0 17031.0 18567.0 18976.0 20559.0],[10.0],[8.0 10.0 18.0],False,False
[4217.0],[19585.0 20664.0 21850.0],[10.0],[2.0 7.0 12.0],False,False
[4218.0],[10811.0 17750.0 19643.0 21082.0 21092.0 22306.0 23019.0],[10.0],[1.0 2.0 3.0 8.0 10.0 53.0],False,False
[4219.0],[18820.0 20216.0],[10.0],[8.0],True,False
[4220.0],[18823.0 20198.0],[10.0],[9.0 34.0],False,False
[4221.0],[14965.0 16966.0 19605.0 19624.0 22589.0 23371.0],[10.0],[1.0 3.0 10.0 13.0 18.0],False,False
[4222.0],[16601.0 19630.0 21870.0 22996.0],[10.0],[1.0 7.0 10.0 18.0],False,False
[4223.0],[17724.0 18544.0 18998.0 19869.0 21057.0 23351.0],[10.0],[2.0 6.0 7.0 9.0 10.0],False,False
[4224.0],[445.0 18788.0],[10.0],[18.0 97.0],False,False
[4225.0],[19275.0 19620.0 20665.0],[10.0],[12.0 14.0 26.0],False,False
[4226.0],[14493.0 17693.0 22569.0],[10.0],[2.0 20.0 38.0],False,False
[4227.0],[17040.0],[10.0],[32.0],True,False
[4228.0],[19338.0 19625.0 20261.0],[10.0],[5.0 14.0 17.0],False,False
[4229.0],[10167.0 18886.0],[10.0],[10.0 42.0],False,False
[4230.0],[17286.0 18146.0 21062.0],[10.0],[2.0 17.0],True,False
[4231.0],[17323.0 20699.0],[10.0],[8.0 20.0],False,False
[4232.0],[2530.0],[10.0],[90.0],True,False
[4233.0],[10168.0 11722.0],[10.0],[43.0 44.0],True,False
[4234.0],[17373.0 21312.0 22751.0 24696.0],[10.0],[5.0 9.0 16.0 17.0],False,False
[4235.0],[14312.0 18182.0 19412.0 24140.0 24162.0],[10.0],[3.0 8.0 9.0 13.0],False,False
[4236.0],[320.0 2299.0 24767.0],[10.0],[1.0 89.0 97.0],False,False
[4237.0],[10356.0 22215.0 23305.0],[10.0],[7.0 8.0 42.0],False,False
[4238.0],[22005.0 22035.0],[10.0],[10.0 23.0],True,False
[4239.0],[19609.0 19644.0 20688.0 20694.0 21112.0 25180.0],[10.0],[1.0 8.0 9.0 10.0 12.0],False,False
[4240.0],[21101.0 22604.0 22974.0 23368.0 23695.0 24475.0],[10.0],[1.0 2.0 3.0 6.0],True,False
[4241.0],[22658.0 23042.0],[10.0],[1.0 10.0],True,False
[4242.0],[17883.0],[10.0],[20.0],True,False
[4243.0],[10715.0 22538.0],[10.0],[23.0 53.0],False,False
[4244.0],[17693.0 20216.0 21857.0 25722.0],[10.0],[8.0 10.0 15.0 20.0],False,False
[4245.0],[22264.0 22963.0 24827.0 25164.0],[10.0],[1.0 2.0 13.0],False,False
[4246.0],[22264.0 22574.0 22951.0 24076.0],[10.0],[3.0 4.0 13.0],False,False
[4247.0],[10167.0 22653.0 23039.0 24177.0 25230.0],[10.0],[4.0 5.0 15.0 17.0 42.0],False,False
[4248.0],[18198.0 18886.0 20664.0 21920.0 22301.0 23765.0],[10.0],[4.0 6.0 10.0 12.0 16.0],False,False
[4249.0],[20827.0 22043.0 22754.0 23495.0 24968.0],[10.0],[2.0 3.0 4.0 5.0 10.0],False,False
[4250.0],[15343.0 23307.0 24011.0 25438.0],[10.0],[3.0 5.0 22.0 26.0],False,False
[4251.0],[21018.0],[10.0],[14.0],True,False
[4252.0],[9108.0 22308.0 23786.0],[10.0],[4.0 21.0 38.0],True,False
[4253.0],[21112.0 23058.0 23370.0 24846.0 25180.0],[10.0],[1.0 2.0 5.0 12.0],False,False
[4254.0],[11150.0 20774.0 23101.0 24902.0 25558.0],[10.0],[2.0 7.0 12.0 51.0],False,False
[4255.0],[840.0 19280.0 19860.0 23679.0 24065.0 25145.0],[10.0],[1.0 2.0 3.0 9.0 17.0 99.0],False,False
[4256.0],[1500.0 17548.0 23174.0 24629.0 25400.0],[10.0],[2.0 6.0 10.0 79.0],False,False
[4257.0],[17747.0 22999.0 25479.0],[10.0],[5.0 11.0 15.0],False,False
[4258.0],[23485.0 23866.0 24982.0],[10.0],[1.0 9.0],False,False
[4259.0],[15425.0 16937.0 22989.0 23764.0 24830.0],[10.0],[2.0 13.0 23.0 24.0 27.0],False,False
[4260.0],[23039.0 24177.0 24204.0 24898.0 25230.0],[10.0],[2.0 5.0 15.0 17.0 21.0],False,False
[4261.0],[20107.0 23310.0],[10.0],[12.0 13.0],False,False
[4262.0],[23643.0],[10.0],[14.0],True,False
[4263.0],[20685.0 21048.0 22989.0 24069.0 24464.0 25149.0 25160.0 25727.0 26384.0],[10.0],[1.0 4.0 7.0 8.0 24.0],False,False
[4264.0],[17819.0 22397.0 26817.0 27042.0],[10.0],[1.0 2.0 12.0 21.0],False,False
[4265.0],[16114.0 17667.0 21447.0 25952.0],[10.0],[7.0 18.0 21.0 35.0],False,False
[4266.0],[17286.0 18146.0 22985.0 24116.0 26418.0 27224.0],[10.0],[1.0 2.0 3.0 12.0 17.0],False,False
[4267.0],[22893.0],[10.0],[14.0],True,False
[4268.0],[20699.0 21122.0 24132.0 24840.0 26708.0 27392.0],[10.0],[1.0 4.0 9.0 12.0 20.0],False,False
[4269.0],[22537.0 25114.0],[10.0],[8.0 25.0],False,False
[4270.0],[18605.0 24203.0],[10.0],[5.0 24.0],False,False
[4271.0],[22277.0 25734.0],[10.0],[8.0 27.0],False,False
[4272.0],[15095.0],[10.0],[39.0],True,False
[4273.0],[18516.0 22954.0 24499.0 25737.0 25743.0 27373.0],[10.0],[1.0 2.0 7.0 12.0 29.0],False,False
[4274.0],[20668.0 22665.0 27199.0],[10.0],[6.0 13.0 18.0],False,False
[4275.0],[21776.0 25708.0 25932.0 26340.0],[10.0],[12.0 13.0 18.0],False,False
[4276.0],[18450.0 22905.0],[10.0],[7.0 25.0],True,False
[4277.0],[22230.0 23655.0 24029.0],[10.0],[14.0 16.0 25.0],False,False
[4278.0],[24022.0 24421.0 26336.0],[10.0],[6.0 15.0 18.0],False,False
[4279.0],[24839.0 25493.0 25751.0 26703.0 27418.0],[10.0],[4.0 5.0 9.0 10.0 11.0],False,False
[4280.0],[25968.0 26410.0],[10.0],[3.0 10.0],False,False
[4281.0],[11070.0 26661.0 27600.0],[10.0],[8.0 14.0 52.0],False,False
[4282.0],[14861.0 18068.0 21756.0 23624.0],[10.0],[17.0 30.0 35.0],False,False
[4283.0],[20619.0 26885.0],[10.0],[11.0 30.0],False,False
[4284.0],[26291.0 26294.0 26854.0],[10.0],[1.0 8.0 9.0],True,False
[4285.0],[16907.0 25118.0 26678.0],[10.0],[5.0 19.0 32.0],False,False
[4286.0],[15403.0 23349.0 27908.0 28111.0],[10.0],[2.0 4.0 17.0 36.0],False,False
[4287.0],[26422.0 27935.0],[10.0],[2.0 15.0],False,False
[4288.0],[23046.0 24195.0 26631.0],[10.0],[8.0 16.0],True,False
[4289.0],[25807.0 26717.0 27013.0 27235.0 27412.0 27705.0 28150.0],[10.0],[1.0 2.0 3.0 7.0],False,False
[4290.0],[26691.0 26917.0 26920.0 27188.0 28606.0],[10.0],[1.0 5.0 6.0 8.0 9.0],False,False
[4291.0],[19292.0 19634.0 26918.0 27365.0 27367.0 27914.0],[10.0],[1.0 2.0 4.0 5.0 31.0 32.0],False,False
[4292.0],[14566.0 24107.0 24513.0 28633.0 28800.0],[10.0],[1.0 9.0 11.0 37.0],False,False
[4293.0],[19634.0 24456.0 26918.0 27365.0 27914.0],[10.0],[2.0 4.0 5.0 21.0 32.0],False,False
[4294.0],[9221.0 25932.0],[10.0],[13.0 60.0],False,False
[4295.0],[26694.0],[10.0],[11.0],True,False
[4296.0],[26728.0 27443.0 27450.0 27692.0 28387.0],[10.0],[1.0 3.0 4.0 8.0 9.0],False,False
[4297.0],[12858.0 14597.0 23474.0 27443.0 27741.0 28687.0],[10.0],[1.0 2.0 9.0 19.0 32.0 45.0],False,False
[4298.0],[25706.0 26145.0 27602.0 27867.0],[10.0],[3.0 6.0 10.0 17.0],False,False
[4299.0],[25179.0 27198.0 27667.0 29121.0],[10.0],[3.0 9.0 10.0],False,False
[4300.0],[27266.0 27489.0 28186.0 28457.0 28714.0],[10.0],[1.0 2.0 3.0 5.0],False,False
[4301.0],[20974.0 27873.0],[10.0],[4.0 31.0],False,False
[4302.0],[16404.0 25891.0 26539.0 26607.0 28849.0 29171.0],[10.0],[1.0 2.0 7.0 11.0 25.0],False,False
[4303.0],[9037.0 14834.0],[10.0],[39.0 65.0],False,False
[4304.0],[27358.0],[10.0],[10.0],True,True
[4306.0],[14311.0 21577.0 26267.0 28469.0],[10.0],[3.0 12.0 37.0],False,False
[4307.0],[8167.0 25724.0 28930.0 29293.0],[10.0],[1.0 3.0 5.0 59.0],False,False
[4308.0],[22222.0 28583.0],[10.0],[6.0 23.0],False,False
[4309.0],[24839.0 26416.0 26426.0 27418.0 29315.0],[10.0],[2.0 5.0 7.0 8.0 10.0],False,False
[4310.0],[24417.0],[10.0],[17.0],True,False
[4311.0],[20604.0 25441.0 25935.0],[10.0],[12.0 16.0 30.0],False,False
[4312.0],[27610.0],[10.0],[10.0],True,True
[4313.0],[21813.0 27888.0 29083.0],[10.0],[3.0 8.0 22.0],False,False
[4314.0],[26346.0],[10.0],[12.0],True,False
[4315.0],[15377.0 27891.0 28282.0 29284.0],[10.0],[1.0 2.0 45.0],False,False
[4316.0],[27627.0 27628.0],[10.0],[7.0 10.0],False,False
[4317.0],[657.0 28294.0],[10.0],[1.0 99.0],False,False
[4318.0],[7914.0 27896.0],[10.0],[9.0 69.0],False,False
[4319.0],[26975.0 27930.0],[10.0],[9.0 12.0],False,False
[4320.0],[26958.0 28950.0],[10.0],[2.0 13.0],False,False
[4321.0],[11712.0 26718.0 27388.0 28127.0 28802.0],[10.0],[3.0 5.0 9.0 46.0],False,False
[4322.0],[21898.0 26463.0],[10.0],[3.0 18.0],True,False
[4323.0],[23816.0 27717.0],[10.0],[9.0 20.0],False,False
[4324.0],[26749.0],[10.0],[13.0],True,False
[4325.0],[2670.0 27487.0 27787.0],[10.0],[8.0 9.0 89.0],False,False
[4326.0],[15223.0],[10.0],[43.0],True,False
[4327.0],[27638.0 27920.0 28313.0 28314.0 28934.0 29159.0 29309.0],[10.0],[2.0 3.0 4.0],False,False
[4328.0],[27216.0 28969.0 29390.0],[10.0],[1.0 3.0 9.0],True,False
[4329.0],[23480.0 27419.0 27669.0 28943.0 29369.0],[10.0],[2.0 3.0 4.0 14.0],False,False
[4330.0],[25982.0 27956.0 28115.0 28334.0 28647.0 29324.0 29336.0],[10.0],[1.0 2.0 4.0 7.0],False,False
[4331.0],[2619.0 19634.0 29393.0],[10.0],[1.0 32.0 94.0],False,False
[4332.0],[561.0 28281.0],[10.0],[7.0 98.0],False,False
[4333.0],[18301.0 27689.0 28655.0],[10.0],[4.0 34.0],False,False
[4334.0],[7107.0 28280.0 28923.0],[10.0],[2.0 7.0 71.0],False,False
[4335.0],[26930.0 27377.0 27912.0],[10.0],[1.0 5.0 11.0],False,False
[4336.0],[25434.0 26661.0],[10.0],[13.0 14.0],False,False
[4337.0],[20167.0 27623.0],[10.0],[6.0 32.0],True,False
[4338.0],[22930.0],[10.0],[26.0],True,False
[4339.0],[17905.0 22010.0 24198.0 26197.0 28665.0],[10.0],[1.0 6.0 14.0 17.0 30.0],False,False
[4340.0],[19045.0 25751.0 27971.0 27983.0],[10.0],[3.0 5.0 9.0 37.0],False,False
[4341.0],[25573.0 27472.0 27710.0 29413.0],[10.0],[2.0 4.0 10.0 14.0],True,False
[4342.0],[19383.0 24198.0 27985.0 28681.0 29648.0],[10.0],[1.0 2.0 14.0 24.0],False,False
[4343.0],[27463.0 27470.0 27726.0 27986.0 28406.0 29159.0],[10.0],[1.0 3.0 7.0],False,False
[4344.0],[206.0 233.0],[9.0],[8.0 22.0],False,False
[4345.0],[265.0],[9.0],[23.0],True,False
[4346.0],[377.0],[9.0],[9.0],True,True
[4347.0],[551.0],[9.0],[9.0],True,True
[4348.0],[552.0],[9.0],[9.0],True,True
[4349.0],[767.0 788.0 842.0 873.0 2565.0 3029.0],[9.0],[1.0 3.0 5.0 6.0 25.0],False,False
[4350.0],[961.0 2005.0],[9.0],[3.0 7.0],True,False
[4351.0],[944.0 1014.0 2812.0 3057.0],[9.0],[1.0 3.0 6.0 16.0],False,False
[4352.0],[984.0],[9.0],[9.0],True,True
[4353.0],[1100.0 1118.0 2859.0],[9.0],[5.0 9.0 20.0],False,False
[4354.0],[1192.0 1206.0 2060.0 2853.0],[9.0],[3.0 11.0 12.0 43.0],False,False
[4355.0],[1232.0 1245.0],[9.0],[7.0 29.0],True,False
[4356.0],[1250.0 1290.0 1822.0],[9.0],[3.0 5.0 7.0],True,False
[4357.0],[1305.0 3342.0],[9.0],[3.0 14.0],True,False
[4358.0],[477.0],[9.0],[9.0],True,True
[4359.0],[268.0 291.0],[9.0],[15.0 43.0],True,False
[4360.0],[539.0 562.0],[9.0],[7.0 28.0],True,False
[4361.0],[491.0 2745.0 2987.0],[9.0],[4.0 25.0 48.0],False,False
[4362.0],[564.0 1712.0],[9.0],[8.0 27.0],True,False
[4363.0],[705.0 752.0 2767.0],[9.0],[6.0 17.0 33.0],True,False
[4364.0],[835.0 878.0 1754.0 2186.0 2351.0 2798.0 3028.0 3271.0],[9.0],[1.0 2.0 7.0],False,False
[4365.0],[660.0 1748.0 1963.0 2343.0 3248.0],[9.0],[1.0 5.0 6.0 75.0],False,False
[4367.0],[855.0 975.0 1018.0 1753.0],[9.0],[5.0 10.0 14.0],False,False
[4368.0],[1030.0 1101.0 2841.0],[9.0],[6.0 16.0 21.0],False,False
[4369.0],[578.0 1717.0 3238.0],[9.0],[1.0 7.0 11.0],False,False
[4370.0],[714.0 808.0],[9.0],[45.0 56.0],False,False
[4371.0],[676.0 702.0],[9.0],[3.0 19.0],True,False
[4372.0],[804.0 837.0 884.0 1756.0 1764.0 2791.0 3280.0],[9.0],[1.0 3.0 5.0 6.0 8.0],False,False
[4373.0],[435.0 1941.0],[9.0],[3.0 8.0],False,False
[4374.0],[692.0 1732.0],[9.0],[6.0 22.0],True,False
[4375.0],[1838.0],[9.0],[32.0],True,False
[4376.0],[543.0 1708.0 1946.0 2539.0],[9.0],[4.0 6.0 9.0 61.0],False,False
[4377.0],[824.0 916.0 1987.0],[9.0],[5.0 7.0 13.0],False,False
[4378.0],[944.0 1764.0 1772.0 3280.0],[9.0],[3.0 5.0 8.0 23.0],False,False
[4379.0],[524.0 2988.0],[9.0],[9.0 20.0],False,False
[4380.0],[396.0 2158.0],[9.0],[8.0],False,False
[4381.0],[450.0 1982.0 2166.0 2747.0 3017.0],[9.0],[1.0 4.0 30.0 52.0],False,False
[4382.0],[835.0 2568.0 3028.0 3273.0],[9.0],[1.0 3.0 7.0 16.0],False,False
[4383.0],[1810.0 2062.0 2408.0 2636.0 2865.0 3321.0 3505.0],[9.0],[1.0 2.0 3.0],False,False
[4384.0],[413.0 2533.0],[9.0],[6.0 8.0],True,False
[4385.0],[892.0 998.0 1067.0 1123.0],[9.0],[5.0 7.0 20.0 23.0],True,False
[4386.0],[1084.0 3059.0],[9.0],[3.0 27.0],False,False
[4387.0],[524.0 2988.0],[9.0],[9.0 20.0],True,False
[4388.0],[1764.0 2363.0 2784.0 2791.0 3276.0 3661.0],[9.0],[1.0 3.0 4.0 5.0 8.0 25.0],False,False
[4389.0],[866.0 966.0 1021.0 2001.0 3658.0],[9.0],[1.0 5.0 6.0 12.0],False,False
[4390.0],[1178.0 2859.0],[9.0],[5.0 11.0],False,False
[4391.0],[804.0 1762.0 2795.0 3026.0 3274.0],[9.0],[3.0 5.0 6.0 7.0],False,False
[4392.0],[482.0 522.0 530.0 1696.0 2977.0],[9.0],[2.0 5.0 10.0 16.0 95.0],False,False
[4393.0],[450.0 2166.0 2747.0],[9.0],[4.0 30.0 52.0],False,False
[4394.0],[662.0 2333.0 2744.0],[9.0],[1.0 2.0 70.0],False,False
[4395.0],[283.0 342.0 2966.0],[9.0],[3.0 14.0 17.0],False,False
[4397.0],[1341.0],[9.0],[68.0],True,False
[4398.0],[865.0 2582.0 2805.0 3656.0 3859.0],[9.0],[2.0 4.0 5.0 7.0 12.0],True,False
[4399.0],[831.0 3017.0 3623.0 4254.0],[9.0],[4.0 7.0 27.0 29.0],False,False
[4400.0],[908.0 1011.0 2377.0 2593.0 4290.0],[9.0],[1.0 2.0 6.0 7.0 19.0],False,False
[4401.0],[177.0 235.0 3815.0],[9.0],[11.0 12.0],False,False
[4402.0],[449.0],[9.0],[15.0],True,False
[4403.0],[1254.0 1280.0],[9.0],[9.0 22.0],False,False
[4404.0],[1153.0 1334.0 3745.0 4090.0 4340.0 4579.0],[9.0],[2.0 4.0 5.0 9.0 14.0],False,False
[4405.0],[2198.0],[9.0],[32.0],False,False
[4406.0],[938.0 967.0 3033.0 3044.0 3862.0],[9.0],[3.0 4.0 6.0 21.0],False,False
[4407.0],[3273.0 3455.0],[9.0],[8.0 16.0],False,False
[4408.0],[941.0 3297.0 4073.0],[9.0],[6.0 9.0 14.0],False,False
[4409.0],[497.0 1697.0 3615.0 4003.0],[9.0],[2.0 5.0 8.0 26.0],False,False
[4410.0],[1126.0 3892.0 4070.0],[9.0],[5.0 8.0 13.0],False,False
[4411.0],[1821.0 3716.0],[9.0],[16.0 20.0],True,False
[4412.0],[1904.0 2651.0 3143.0 3358.0 3712.0 4151.0 4622.0 4916.0 5157.0],[9.0],[1.0 3.0 4.0 5.0 12.0],False,False
[4413.0],[3431.0],[9.0],[9.0],True,True
[4414.0],[831.0 3664.0 4253.0 4825.0],[9.0],[3.0 5.0 27.0],False,False
[4415.0],[3100.0 3355.0 3890.0 4083.0],[9.0],[3.0 13.0 14.0],False,False
[4416.0],[516.0],[9.0],[22.0],False,False
[4417.0],[3083.0 3693.0 4330.0],[9.0],[2.0 6.0],False,False
[4418.0],[856.0 948.0 4299.0 5583.0],[9.0],[2.0 3.0 17.0 38.0],False,False
[4419.0],[2391.0 3687.0 3892.0 4070.0 4316.0 4877.0],[9.0],[1.0 5.0 6.0 8.0 10.0],False,False
[4420.0],[675.0 2172.0 5283.0 5540.0],[9.0],[11.0 14.0 18.0 34.0],False,False
[4421.0],[1772.0],[9.0],[23.0],False,False
[4422.0],[1284.0 4125.0],[9.0],[8.0 26.0],False,False
[4423.0],[3470.0 3848.0 4489.0 5329.0],[9.0],[4.0 6.0 12.0],False,False
[4424.0],[1980.0 2564.0 3022.0 3275.0 3474.0 3864.0],[9.0],[8.0 9.0 11.0 12.0 13.0 24.0],False,False
[4425.0],[3638.0 4020.0 5303.0],[9.0],[3.0 6.0 8.0],False,False
[4426.0],[1121.0 2823.0 3677.0 6081.0],[9.0],[1.0 3.0 21.0],False,False
[4427.0],[203.0 2523.0 3997.0],[9.0],[11.0 13.0 25.0],False,False
[4428.0],[3695.0 4572.0],[9.0],[5.0 16.0],True,False
[4429.0],[4128.0 4359.0 4376.0 4935.0 5145.0],[9.0],[1.0 4.0 5.0 6.0 13.0],True,False
[4430.0],[147.0 166.0 288.0],[9.0],[24.0 36.0 73.0],False,False
[4431.0],[3411.0 6243.0],[9.0],[1.0 20.0],True,False
[4432.0],[102.0 4218.0 5028.0],[9.0],[2.0 11.0 28.0],False,False
[4433.0],[4469.0],[9.0],[9.0],False,True
[4434.0],[4119.0 4616.0],[9.0],[9.0 20.0],False,False
[4435.0],[2546.0 2986.0],[9.0],[12.0 72.0],False,False
[4436.0],[4245.0],[9.0],[34.0],True,False
[4437.0],[3472.0 4074.0 5321.0],[9.0],[7.0 8.0 12.0],False,False
[4438.0],[1074.0 4312.0 5587.0 6077.0 6085.0 6098.0],[9.0],[2.0 3.0 5.0 8.0 40.0],False,False
[4439.0],[4089.0 4325.0 5656.0],[9.0],[7.0 11.0 14.0],False,False
[4440.0],[4305.0 5087.0 5106.0 5412.0 5594.0 5616.0 5839.0 6758.0],[9.0],[1.0 2.0 3.0 4.0 5.0],False,False
[4441.0],[5040.0],[9.0],[10.0],True,False
[4442.0],[5067.0],[9.0],[9.0],True,True
[4443.0],[4343.0 5661.0 6806.0],[9.0],[5.0 9.0],True,False
[4444.0],[612.0 5546.0 5792.0 7127.0],[9.0],[2.0 3.0 6.0 19.0],False,False
[4445.0],[3020.0 5562.0 5567.0 6060.0 6066.0],[9.0],[4.0 7.0 8.0 9.0],True,False
[4446.0],[974.0 4535.0],[9.0],[8.0 21.0],False,False
[4447.0],[1121.0 3107.0 5638.0 5882.0 6369.0 7228.0],[9.0],[2.0 3.0 19.0 21.0 22.0 29.0],False,False
[4448.0],[3060.0 5337.0 5342.0 6078.0 6955.0],[9.0],[2.0 3.0 6.0 10.0 11.0],False,False
[4449.0],[510.0 571.0 7604.0],[9.0],[1.0 30.0 64.0],False,False
[4450.0],[6004.0 6488.0],[9.0],[3.0 7.0],True,False
[4451.0],[511.0 5282.0 6694.0 7116.0],[9.0],[4.0 5.0 24.0 28.0],False,False
[4452.0],[1297.0 1423.0 6814.0 6973.0],[9.0],[4.0 21.0 23.0 58.0],False,False
[4453.0],[6027.0 7629.0],[9.0],[3.0 29.0],True,False
[4454.0],[4284.0 5825.0 5852.0 6058.0 6308.0 7653.0 7947.0],[9.0],[1.0 3.0 5.0 7.0 8.0 9.0],False,False
[4455.0],[6071.0 6318.0 6547.0 6557.0 6736.0 7205.0],[9.0],[1.0 2.0 5.0 8.0],False,False
[4456.0],[2621.0 4083.0],[9.0],[13.0 21.0],False,False
[4457.0],[6143.0 6348.0],[9.0],[8.0 17.0],False,False
[4458.0],[6281.0 6298.0 8182.0],[9.0],[1.0 2.0 9.0],False,False
[4459.0],[521.0 6697.0 7095.0 8449.0],[9.0],[1.0 4.0 42.0],False,False
[4460.0],[1794.0 3506.0 4704.0 4706.0 6640.0 7235.0],[9.0],[8.0 9.0 10.0 12.0 17.0],False,False
[4461.0],[1772.0 3057.0 7485.0 7675.0 8564.0],[9.0],[1.0 7.0 16.0 23.0],False,False
[4462.0],[359.0 3997.0 6895.0 7896.0],[9.0],[3.0 13.0 18.0 28.0],False,False
[4463.0],[1712.0 7109.0],[9.0],[27.0 67.0],True,False
[4464.0],[1219.0 6766.0 6976.0],[9.0],[6.0 27.0 32.0],False,False
[4465.0],[2747.0 6737.0 7912.0 8153.0 8156.0],[9.0],[4.0 9.0 12.0 52.0],False,False
[4466.0],[5253.0 7580.0],[9.0],[10.0 13.0],False,False
[4467.0],[2760.0],[9.0],[43.0],False,False
[4468.0],[5550.0 5589.0 6363.0 8548.0],[9.0],[1.0 2.0 12.0 19.0],False,False
[4469.0],[1998.0 6956.0 7202.0 7671.0],[9.0],[1.0 7.0 26.0 28.0],False,False
[4470.0],[2480.0 6324.0 6537.0 7184.0 7466.0],[9.0],[4.0 5.0 9.0 11.0 14.0],False,False
[4471.0],[1016.0 2825.0 6949.0 7461.0],[9.0],[6.0 12.0 23.0 35.0],False,False
[4472.0],[2747.0 3623.0 7912.0 8153.0 8156.0],[9.0],[9.0 12.0 29.0 52.0],False,False
[4473.0],[3095.0],[9.0],[24.0],True,False
[4474.0],[536.0 6906.0],[9.0],[27.0 75.0],False,False
[4475.0],[1232.0 1282.0 8655.0 8677.0],[9.0],[4.0 5.0 21.0 29.0],True,False
[4476.0],[5185.0 6806.0 6824.0 6992.0 7281.0],[9.0],[2.0 5.0 7.0 14.0 19.0],False,False
[4477.0],[737.0 8155.0],[9.0],[1.0 55.0],False,False
[4478.0],[5840.0 7223.0 7941.0],[9.0],[3.0 11.0 15.0],False,False
[4479.0],[7171.0 7458.0 7697.0 8908.0 8920.0 9076.0 9665.0],[9.0],[1.0 2.0 3.0 6.0],False,False
[4480.0],[6340.0 7506.0 7508.0 8013.0 8949.0 9140.0 9151.0 9720.0],[9.0],[1.0 2.0 4.0 7.0 13.0],False,False
[4481.0],[5254.0 7583.0 7889.0 8122.0 8125.0 8425.0],[9.0],[2.0 3.0 4.0 5.0 11.0 13.0],False,False
[4482.0],[7435.0 7441.0],[9.0],[18.0 28.0],False,False
[4483.0],[4616.0],[9.0],[20.0],True,False
[4484.0],[7472.0 8264.0 9098.0 9402.0 9679.0 9937.0],[9.0],[1.0 2.0 4.0 12.0],False,False
[4485.0],[7136.0 8173.0 9871.0],[9.0],[4.0 8.0 9.0],False,False
[4486.0],[6036.0 8495.0 8505.0 9059.0],[9.0],[4.0 9.0 67.0],False,False
[4487.0],[392.0],[9.0],[99.0],True,False
[4488.0],[288.0 358.0 7082.0 7087.0],[9.0],[6.0 7.0 52.0 73.0],False,False
[4489.0],[2980.0 9266.0],[9.0],[5.0 86.0],True,False
[4490.0],[5402.0 6541.0],[9.0],[7.0 18.0],False,False
[4491.0],[6540.0 6948.0 7178.0],[9.0],[3.0 11.0 27.0],False,False
[4492.0],[3114.0 7247.0 8959.0],[9.0],[7.0 9.0 18.0],True,False
[4493.0],[8570.0 8898.0],[9.0],[3.0 9.0],False,False
[4494.0],[7168.0],[9.0],[14.0],True,False
[4495.0],[6763.0 8216.0 9670.0],[9.0],[2.0 38.0 52.0],False,False
[4496.0],[3904.0 4577.0 8674.0 9117.0 9129.0 10205.0],[9.0],[1.0 2.0 7.0 15.0 23.0 32.0],False,False
[4497.0],[3841.0 9636.0 10124.0],[9.0],[3.0 37.0 50.0],False,False
[4498.0],[5635.0 6803.0 8244.0 10552.0 10829.0],[9.0],[1.0 2.0 9.0 16.0 21.0],False,False
[4499.0],[7912.0 8153.0 8156.0 9281.0 9861.0 10121.0],[9.0],[2.0 6.0 9.0 12.0 61.0],False,False
[4500.0],[6109.0 7232.0 8209.0 9104.0 10465.0],[9.0],[1.0 4.0 5.0 14.0 15.0],False,False
[4501.0],[6554.0 6777.0 9089.0 9117.0 10789.0],[9.0],[3.0 4.0 10.0 15.0 32.0],False,False
[4502.0],[3608.0 9244.0],[9.0],[8.0 32.0],False,False
[4503.0],[784.0 9343.0 9890.0],[9.0],[6.0 19.0 35.0],False,False
[4504.0],[8173.0 8869.0 9871.0],[9.0],[8.0 9.0 10.0],False,False
[4505.0],[6979.0 8620.0 9096.0 9681.0 9934.0 10181.0],[9.0],[2.0 3.0 4.0 11.0],False,False
[4506.0],[4063.0 8014.0],[9.0],[15.0 25.0],False,False
[4507.0],[5891.0 9094.0 11727.0],[9.0],[5.0 21.0 23.0],False,False
[4508.0],[9127.0 9498.0 9935.0 10520.0 10774.0 10800.0 11322.0 11677.0],[9.0],[2.0 4.0 5.0 6.0 8.0 16.0 23.0],False,False
[4509.0],[9315.0 9678.0 9935.0 10489.0 10774.0 10979.0 11012.0 11322.0 11677.0],[9.0],[1.0 2.0 4.0 6.0 7.0 10.0 23.0],False,False
[4510.0],[9664.0 10155.0],[9.0],[2.0 16.0],False,False
[4511.0],[8226.0 9100.0],[9.0],[11.0 17.0],True,False
[4512.0],[6548.0 6995.0 8014.0 10799.0 11681.0],[9.0],[1.0 2.0 15.0 70.0],False,False
[4513.0],[5518.0 7600.0 10088.0 11517.0],[9.0],[3.0 14.0 20.0 41.0],False,False
[4514.0],[8886.0 10738.0 10947.0 11098.0],[9.0],[1.0 4.0 6.0 12.0],False,False
[4515.0],[3207.0 9251.0],[9.0],[6.0 53.0],False,False
[4516.0],[8482.0 10102.0],[9.0],[9.0 34.0],False,False
[4517.0],[7919.0 9299.0],[9.0],[8.0 12.0],False,False
[4518.0],[6530.0 9326.0 11099.0],[9.0],[14.0 20.0 56.0],False,False
[4519.0],[5099.0 10763.0],[9.0],[16.0 34.0],True,False
[4520.0],[9646.0 10144.0 11278.0 12294.0 12668.0 13017.0],[9.0],[1.0 3.0 5.0 9.0 14.0 18.0],False,False
[4521.0],[10774.0 10800.0 11322.0 11722.0 12371.0],[9.0],[4.0 6.0 8.0 43.0 50.0],False,False
[4522.0],[6840.0 11035.0 11160.0 11191.0 13148.0],[9.0],[3.0 6.0 9.0 15.0 35.0],False,False
[4523.0],[9240.0 10080.0 12239.0],[9.0],[1.0 26.0 44.0],False,False
[4524.0],[10769.0 12353.0 12360.0],[9.0],[3.0 17.0 20.0],False,False
[4525.0],[8167.0],[9.0],[59.0],True,False
[4526.0],[5757.0 7083.0],[9.0],[30.0 36.0],True,False
[4527.0],[11369.0 13090.0 13564.0 13657.0],[9.0],[2.0 5.0 21.0 22.0],False,False
[4528.0],[6116.0 11651.0],[9.0],[14.0 18.0],False,False
[4529.0],[8662.0 11126.0],[9.0],[6.0 25.0],False,False
[4530.0],[11326.0 12363.0],[9.0],[8.0 13.0],True,False
[4531.0],[8551.0 10408.0 13391.0],[9.0],[1.0 12.0 17.0],False,False
[4532.0],[2897.0 9517.0],[9.0],[17.0 44.0],False,False
[4533.0],[7102.0 10720.0],[9.0],[11.0 16.0],True,False
[4534.0],[11666.0 13776.0],[9.0],[2.0 10.0],False,False
[4535.0],[7100.0 11080.0 11941.0 12978.0],[9.0],[5.0 6.0 11.0 54.0],False,False
[4536.0],[11952.0 12992.0],[9.0],[3.0 10.0],False,False
[4537.0],[12031.0 12085.0 12348.0],[9.0],[4.0 7.0 20.0],True,False
[4538.0],[5099.0 10763.0 11988.0 14996.0],[9.0],[9.0 16.0 20.0 34.0],False,False
[4539.0],[9250.0 11515.0 12593.0 13264.0],[9.0],[1.0 4.0 5.0 20.0],False,False
[4540.0],[10722.0],[9.0],[25.0],True,False
[4541.0],[12712.0 13384.0],[9.0],[6.0 8.0],False,False
[4542.0],[12399.0 12790.0 12819.0 13647.0 14064.0 14363.0 14623.0 15105.0],[9.0],[3.0 5.0 7.0 8.0 9.0 10.0],False,False
[4543.0],[10407.0 14483.0],[9.0],[11.0 12.0],True,False
[4544.0],[2985.0 12982.0],[9.0],[8.0 55.0],False,False
[4545.0],[11106.0 13034.0 14204.0 15407.0 15739.0],[9.0],[1.0 2.0 9.0 13.0],False,False
[4546.0],[571.0 10722.0 13297.0 13721.0 14456.0 14459.0],[9.0],[1.0 7.0 9.0 25.0 64.0],False,False
[4547.0],[13082.0 13486.0 13835.0 13840.0 14025.0 14565.0 15822.0],[9.0],[2.0 3.0 8.0 9.0],False,False
[4548.0],[13509.0],[9.0],[10.0],True,False
[4549.0],[8758.0 12850.0 14737.0 16335.0],[9.0],[2.0 3.0 5.0 26.0],False,False
[4550.0],[11268.0 14487.0],[9.0],[7.0 18.0],False,False
[4551.0],[2897.0 9517.0 11381.0 14697.0 15223.0 16332.0],[9.0],[1.0 2.0 8.0 17.0 43.0 44.0],False,False
[4552.0],[5290.0 11962.0 13341.0 14188.0 14474.0],[9.0],[2.0 9.0 11.0 54.0],False,False
[4553.0],[9939.0 12372.0 13818.0 15455.0],[9.0],[6.0 11.0 19.0 26.0],False,False
[4554.0],[10415.0 15396.0],[9.0],[13.0 21.0],False,False
[4555.0],[12624.0 12993.0 13721.0 16084.0 16094.0 16500.0],[9.0],[2.0 8.0 9.0 13.0 29.0],False,False
[4556.0],[13128.0 15093.0 17070.0 17459.0],[9.0],[7.0 11.0 16.0],True,False
[4557.0],[14421.0],[9.0],[9.0],True,True
[4558.0],[11385.0 13876.0 14582.0 15033.0 15052.0],[9.0],[3.0 7.0 9.0 10.0 17.0],False,False
[4559.0],[10805.0 13535.0 15840.0 16668.0 17007.0 17023.0 17828.0],[9.0],[2.0 3.0 4.0 5.0 11.0 12.0],False,False
[4560.0],[9221.0 14409.0],[9.0],[8.0 60.0],True,False
[4561.0],[14902.0],[9.0],[9.0],True,True
[4562.0],[11240.0 14845.0 16874.0],[9.0],[2.0 18.0 41.0],True,False
[4563.0],[9039.0 14423.0],[9.0],[9.0 28.0],False,False
[4564.0],[15365.0 15377.0],[9.0],[8.0 45.0],False,False
[4565.0],[13690.0 15332.0 18432.0],[9.0],[11.0 29.0 46.0],True,False
[4566.0],[3855.0 14959.0 16129.0],[9.0],[7.0 10.0 55.0],False,False
[4567.0],[12614.0 15379.0 15394.0],[9.0],[4.0 9.0 15.0],False,False
[4568.0],[10722.0],[9.0],[25.0],True,False
[4569.0],[2542.0 16089.0],[9.0],[9.0 90.0],True,False
[4570.0],[8964.0],[9.0],[61.0],False,False
[4571.0],[14581.0 15003.0 15799.0 16430.0 16686.0 17344.0 17811.0 18534.0],[9.0],[3.0 4.0 7.0 8.0 9.0 11.0],False,False
[4572.0],[16082.0],[9.0],[9.0],False,True
[4573.0],[630.0 14483.0 16523.0 16546.0],[9.0],[3.0 9.0 11.0 99.0],False,False
[4574.0],[5795.0 10395.0 12993.0 16512.0 18103.0 18469.0 19266.0],[9.0],[1.0 13.0 24.0 39.0],False,False
[4575.0],[15018.0 16185.0 18199.0 18877.0 18948.0],[9.0],[1.0 5.0 7.0 8.0 10.0],False,False
[4576.0],[12711.0 16646.0 16990.0 18540.0],[9.0],[3.0 4.0 6.0 7.0],False,False
[4577.0],[11459.0 13651.0 15461.0 15477.0 16698.0 17001.0 17348.0 17817.0],[9.0],[3.0 4.0 10.0 11.0 12.0 14.0],False,False
[4578.0],[12085.0 15481.0 16997.0],[9.0],[15.0 16.0 20.0],True,False
[4579.0],[14512.0 18180.0 18498.0 19638.0],[9.0],[1.0 2.0 4.0 19.0],False,False
[4580.0],[15705.0],[9.0],[12.0],True,False
[4581.0],[15018.0 17292.0 18199.0 18877.0 18948.0],[9.0],[1.0 5.0 7.0 8.0 10.0],False,False
[4582.0],[12008.0 12323.0 16954.0 18168.0 19300.0],[9.0],[3.0 9.0 17.0 24.0],False,False
[4583.0],[17021.0 18980.0 19376.0],[9.0],[4.0 7.0 11.0],False,False
[4584.0],[7631.0 10117.0 17678.0],[9.0],[16.0 23.0 46.0],False,False
[4585.0],[13278.0 17242.0 18451.0 18785.0],[9.0],[1.0 4.0 5.0 9.0],False,False
[4586.0],[14597.0 17380.0 17389.0],[9.0],[3.0 15.0 32.0],False,False
[4587.0],[17849.0],[9.0],[9.0],True,True
[4588.0],[6258.0 10714.0 18455.0],[9.0],[5.0 45.0],False,False
[4589.0],[9861.0 20658.0],[9.0],[10.0 61.0],False,False
[4590.0],[16960.0 18134.0],[9.0],[8.0 9.0],False,False
[4591.0],[14965.0 16131.0 17287.0 20224.0],[9.0],[2.0 3.0 18.0],False,False
[4592.0],[18152.0 18509.0 18893.0 18903.0 19626.0],[9.0],[1.0 4.0 5.0],False,False
[4593.0],[12722.0],[9.0],[24.0],True,False
[4594.0],[1288.0 18603.0],[9.0],[8.0 58.0],True,False
[4595.0],[16500.0 19584.0 20183.0],[9.0],[1.0 6.0 8.0],False,False
[4596.0],[8408.0 14821.0 17213.0 18427.0],[9.0],[4.0 5.0 27.0 42.0],False,False
[4597.0],[15368.0 18792.0 19265.0 19572.0],[9.0],[2.0 8.0 26.0],False,False
[4598.0],[5780.0 19582.0],[9.0],[6.0 76.0],False,False
[4599.0],[17373.0],[9.0],[16.0],True,False
[4600.0],[18433.0],[9.0],[14.0],False,False
[4601.0],[11090.0 13743.0 20235.0],[9.0],[7.0 26.0 27.0],True,False
[4602.0],[17375.0 18523.0 18907.0 20279.0 20299.0 21100.0],[9.0],[2.0 3.0 4.0 6.0 7.0],False,False
[4603.0],[17219.0 17608.0 19837.0],[9.0],[5.0 14.0 22.0],False,False
[4604.0],[17675.0 17724.0 17744.0 18477.0 19869.0 20244.0 21446.0],[9.0],[1.0 3.0 4.0 7.0 10.0 37.0],False,False
[4605.0],[14003.0 16947.0 19611.0 19873.0 20247.0 21453.0],[9.0],[1.0 3.0 5.0 11.0 20.0],False,False
[4606.0],[18118.0],[9.0],[20.0],True,False
[4607.0],[18875.0 21876.0],[9.0],[1.0 9.0],True,False
[4608.0],[16470.0 16876.0 19541.0 20599.0 21375.0],[9.0],[4.0 6.0 11.0 16.0],True,False
[4609.0],[17327.0 18923.0 19324.0 20315.0],[9.0],[1.0 3.0 6.0 9.0],False,False
[4610.0],[15717.0 16516.0 16517.0 19581.0 21004.0],[9.0],[4.0 6.0 18.0 20.0 38.0],False,False
[4611.0],[11146.0 21588.0],[9.0],[6.0 41.0],False,False
[4612.0],[10080.0],[9.0],[44.0],True,False
[4613.0],[14965.0 19624.0 21903.0],[9.0],[1.0 10.0 18.0],False,False
[4614.0],[19377.0 19941.0 20315.0],[9.0],[3.0 8.0 13.0],False,False
[4615.0],[14996.0 15766.0 18256.0 19646.0 20279.0 21100.0],[9.0],[3.0 6.0 7.0 9.0 16.0],True,False
[4616.0],[14597.0 17110.0 17937.0 21208.0],[9.0],[4.0 9.0 32.0],False,False
[4617.0],[18753.0],[9.0],[34.0],True,False
[4618.0],[7401.0 20136.0],[9.0],[22.0 43.0],False,False
[4619.0],[12595.0 20148.0],[9.0],[16.0 50.0],False,False
[4620.0],[17348.0 18256.0 18936.0 19007.0 22332.0 22333.0],[9.0],[3.0 6.0 7.0 10.0 16.0],False,False
[4621.0],[14236.0 16624.0 20738.0 21516.0],[9.0],[6.0 8.0 13.0 22.0],False,False
[4622.0],[19853.0 20174.0],[9.0],[8.0 19.0],True,False
[4623.0],[16085.0 21008.0],[9.0],[7.0 37.0],False,False
[4624.0],[18902.0 20686.0],[9.0],[6.0 8.0],True,False
[4625.0],[12383.0 19662.0 21493.0],[9.0],[3.0 32.0 51.0],False,False
[4626.0],[19292.0 20205.0 20223.0],[9.0],[2.0 5.0 31.0],False,False
[4627.0],[16119.0 16131.0 21047.0 21457.0],[9.0],[2.0 8.0 9.0 18.0],False,False
[4628.0],[20113.0],[9.0],[9.0],False,True
[4629.0],[16129.0 18886.0 20664.0 21850.0],[9.0],[2.0 10.0 12.0],False,False
[4630.0],[16601.0 19630.0 21870.0 22996.0],[9.0],[1.0 7.0 10.0 18.0],False,False
[4631.0],[16997.0 19661.0],[9.0],[14.0 15.0],False,False
[4632.0],[19540.0],[9.0],[12.0],True,False
[4633.0],[18749.0 20133.0],[9.0],[11.0 23.0],False,False
[4634.0],[17747.0 19319.0 21914.0 22999.0],[9.0],[11.0 12.0 15.0],False,False
[4635.0],[7703.0 23766.0],[9.0],[1.0 54.0],False,False
[4636.0],[20180.0],[9.0],[12.0],True,False
[4637.0],[18301.0 20400.0 21189.0 23114.0],[9.0],[1.0 3.0 6.0 34.0],False,False
[4638.0],[16132.0 21061.0 21471.0 24112.0],[9.0],[1.0 9.0 13.0 14.0],False,False
[4639.0],[385.0 13281.0 24030.0],[9.0],[7.0 29.0 90.0],False,False
[4640.0],[571.0 21009.0 21432.0 23338.0],[9.0],[4.0 10.0 21.0 64.0],False,False
[4641.0],[19972.0 20344.0 21513.0 21518.0 22332.0 23777.0 24182.0 24207.0],[9.0],[1.0 3.0 5.0 6.0 7.0 9.0],False,False
[4642.0],[17040.0 19966.0 20814.0 22760.0 23158.0 23455.0],[9.0],[1.0 3.0 4.0 7.0 10.0 32.0],False,False
[4643.0],[21866.0],[9.0],[14.0],True,False
[4644.0],[16601.0 22624.0],[9.0],[7.0 18.0],False,False
[4645.0],[19860.0 23678.0 24458.0],[9.0],[1.0 17.0],False,False
[4646.0],[12721.0 19660.0 22594.0],[9.0],[8.0 11.0 31.0],False,False
[4647.0],[15756.0 21056.0 21860.0 22596.0 23059.0],[9.0],[4.0 5.0 7.0 15.0],False,False
[4648.0],[21205.0 21237.0 22732.0 24278.0 24616.0 24937.0],[9.0],[1.0 2.0 3.0 4.0],False,False
[4649.0],[22522.0],[9.0],[27.0],True,False
[4650.0],[21809.0],[9.0],[10.0],True,False
[4651.0],[22587.0],[9.0],[9.0],True,True
[4652.0],[15439.0 17308.0 20686.0 24486.0],[9.0],[8.0 17.0 32.0],False,False
[4653.0],[8531.0 22990.0],[9.0],[7.0 57.0],False,False
[4654.0],[18082.0 24787.0],[9.0],[3.0 21.0],True,False
[4655.0],[11160.0 19065.0],[9.0],[14.0 35.0],True,False
[4656.0],[18301.0 23114.0 23852.0 24227.0 24649.0],[9.0],[1.0 2.0 8.0 10.0 34.0],False,False
[4657.0],[13356.0 16145.0 22256.0 23687.0 25144.0],[9.0],[1.0 18.0 22.0 35.0 51.0],False,False
[4658.0],[22947.0],[9.0],[9.0],True,True
[4659.0],[17621.0 23311.0],[9.0],[24.0 40.0],False,False
[4660.0],[22213.0],[9.0],[12.0],True,False
[4661.0],[9861.0 20658.0 22946.0],[9.0],[4.0 10.0 61.0],False,False
[4662.0],[20610.0],[9.0],[15.0],True,False
[4663.0],[17964.0 20785.0 22738.0 23088.0 23512.0],[9.0],[3.0 6.0 9.0 13.0 17.0],False,False
[4664.0],[21140.0 22030.0 25314.0],[9.0],[2.0 9.0],False,False
[4665.0],[13277.0 14444.0 25447.0],[9.0],[10.0 31.0 41.0],False,False
[4666.0],[13301.0 19252.0 25456.0],[9.0],[5.0 22.0 33.0],False,False
[4667.0],[23414.0 25807.0],[9.0],[3.0 10.0],True,False
[4668.0],[19257.0 23644.0 24038.0],[9.0],[12.0 14.0 23.0],False,False
[4669.0],[9861.0 20658.0 23341.0],[9.0],[7.0 10.0 61.0],False,False
[4670.0],[20974.0 22518.0 22886.0 23623.0 25701.0],[9.0],[1.0 22.0 25.0 31.0],False,False
[4671.0],[14005.0 18966.0 24893.0],[9.0],[10.0 17.0 22.0],True,False
[4672.0],[18468.0 22927.0 24448.0 24456.0],[9.0],[3.0 7.0 21.0 25.0],False,False
[4673.0],[20667.0 24078.0],[9.0],[8.0 18.0],False,False
[4674.0],[18450.0 22905.0 23652.0 24791.0],[9.0],[3.0 7.0 20.0 25.0],False,False
[4675.0],[14885.0 22240.0 25116.0],[9.0],[6.0 18.0 26.0],False,False
[4676.0],[10695.0 20958.0 22207.0 24005.0],[9.0],[8.0 13.0 23.0 43.0],False,False
[4677.0],[23485.0 23817.0 24930.0],[9.0],[5.0 9.0 15.0],False,False
[4678.0],[5026.0 22883.0],[9.0],[26.0 83.0],True,False
[4679.0],[23401.0 25545.0 25989.0],[9.0],[2.0 4.0 13.0],False,False
[4680.0],[22143.0 24223.0 24239.0 25307.0 25827.0],[9.0],[1.0 3.0 4.0 5.0 16.0],False,False
[4681.0],[21432.0 23338.0 24444.0 25114.0],[9.0],[1.0 8.0 10.0 21.0],False,False
[4682.0],[24030.0 24034.0],[9.0],[7.0 19.0],False,False
[4683.0],[18301.0 24227.0 24649.0],[9.0],[8.0 10.0 34.0],False,False
[4684.0],[8937.0 20399.0 21145.0 26483.0],[9.0],[3.0 17.0 33.0 44.0],False,False
[4685.0],[23616.0],[9.0],[22.0],True,False
[4686.0],[9861.0 23341.0 26368.0 26379.0 26921.0],[9.0],[1.0 4.0 7.0 61.0],False,False
[4687.0],[23852.0 24227.0 24968.0 26057.0 26754.0],[9.0],[2.0 4.0 8.0 10.0 14.0],False,False
[4688.0],[18583.0 25584.0 25773.0 26462.0],[9.0],[2.0 3.0 12.0],False,False
[4689.0],[18753.0 24757.0 25069.0 26670.0 26867.0],[9.0],[1.0 8.0 34.0],False,False
[4690.0],[18301.0 24227.0 24649.0],[9.0],[8.0 10.0 34.0],False,False
[4691.0],[8216.0 21145.0 26199.0 26484.0],[9.0],[5.0 15.0 17.0 52.0],False,False
[4692.0],[14597.0 23387.0 25537.0 26740.0],[9.0],[2.0 7.0 20.0 32.0],False,False
[4693.0],[19699.0 25540.0 27018.0],[9.0],[8.0 9.0 12.0],True,False
[4694.0],[19941.0 23028.0 23387.0 25491.0 26458.0 26994.0 27435.0],[9.0],[1.0 2.0 5.0 6.0 13.0 20.0],False,False
[4695.0],[12383.0 20699.0 24132.0],[9.0],[12.0 20.0 51.0],False,False
[4696.0],[21900.0 23584.0],[9.0],[12.0 18.0],True,False
[4697.0],[22956.0 24826.0 25737.0 25956.0],[9.0],[4.0 7.0 23.0],False,False
[4698.0],[22174.0 23077.0 23134.0 25547.0 26200.0 26247.0],[9.0],[6.0 8.0 11.0 13.0 15.0 17.0],True,False
[4699.0],[21420.0 27347.0 27349.0],[9.0],[7.0 11.0 20.0],False,False
[4700.0],[24836.0],[9.0],[13.0],True,False
[4701.0],[25257.0 25287.0 26189.0 28022.0],[9.0],[8.0 9.0 11.0],True,False
[4702.0],[23454.0 25830.0],[9.0],[10.0 14.0],False,False
[4703.0],[25811.0 26237.0 26238.0 26532.0],[9.0],[1.0 3.0 6.0 8.0],True,False
[4704.0],[12606.0 24421.0 26344.0],[9.0],[4.0 18.0 48.0],False,False
[4705.0],[23624.0 26127.0],[9.0],[5.0 17.0],False,False
[4706.0],[18794.0 22915.0],[9.0],[26.0 32.0],False,False
[4707.0],[26359.0],[9.0],[9.0],True,True
[4708.0],[5780.0 26685.0 27892.0],[9.0],[1.0 76.0],False,False
[4709.0],[23866.0 26520.0],[9.0],[9.0],False,False
[4710.0],[1500.0 26791.0 26800.0 27130.0 27470.0 27753.0 28176.0],[9.0],[1.0 2.0 3.0 5.0 79.0],False,False
[4711.0],[3242.0 19588.0],[9.0],[33.0 91.0],False,False
[4712.0],[6814.0 20399.0 28182.0],[9.0],[7.0 33.0 58.0],False,False
[4713.0],[202.0],[9.0],[96.0],True,False
[4714.0],[24227.0 26708.0 26732.0 27392.0 27689.0 27947.0],[9.0],[1.0 4.0 8.0 9.0 10.0],False,False
[4715.0],[25990.0 27232.0 27432.0 27686.0 27957.0 28430.0],[9.0],[2.0 4.0 5.0],False,False
[4716.0],[17216.0 27330.0 27606.0 28266.0],[9.0],[1.0 11.0 32.0],False,False
[4717.0],[26210.0 26474.0 27011.0 27429.0 28141.0],[9.0],[2.0 3.0 6.0],False,False
[4718.0],[26900.0],[9.0],[13.0],True,False
[4719.0],[22398.0 25991.0 26754.0 27426.0 28364.0],[9.0],[3.0 8.0 9.0 17.0],False,False
[4720.0],[17632.0 19568.0],[9.0],[33.0 34.0],False,False
[4721.0],[5526.0 27345.0],[9.0],[6.0 81.0],False,False
[4722.0],[2724.0 19557.0],[9.0],[29.0 87.0],False,False
[4723.0],[16145.0 22256.0],[9.0],[22.0 35.0],True,False
[4724.0],[27096.0 27265.0 27721.0 28178.0],[9.0],[3.0 5.0 6.0 10.0],False,False
[4725.0],[24186.0 26740.0 27973.0 29151.0],[9.0],[2.0 3.0 7.0 20.0],False,False
[4726.0],[26670.0 26671.0 27180.0],[9.0],[5.0 8.0],False,False
[4727.0],[6911.0],[9.0],[73.0],False,False
[4728.0],[6911.0 9861.0 25717.0],[9.0],[14.0 61.0 73.0],False,False
[4730.0],[25835.0 27737.0 28410.0 28831.0 28995.0],[9.0],[1.0 2.0 4.0 9.0],False,False
[4731.0],[23387.0 25982.0 28634.0],[9.0],[5.0 7.0 20.0],False,False
[4732.0],[26023.0 27419.0 27426.0],[9.0],[3.0 9.0 11.0],False,False
[4733.0],[26321.0],[9.0],[14.0],False,False
[4734.0],[27638.0 27913.0 28120.0 28313.0 28934.0],[9.0],[1.0 2.0 3.0 4.0],False,False
[4735.0],[18064.0 29259.0],[9.0],[1.0 37.0],True,False
[4736.0],[12595.0 26325.0 26659.0],[9.0],[7.0 14.0 50.0],False,False
[4737.0],[2980.0 29274.0],[9.0],[1.0 86.0],False,False
[4738.0],[18793.0 28785.0],[9.0],[5.0 33.0],True,False
[4739.0],[23654.0 26674.0],[9.0],[13.0 21.0],True,False
[4740.0],[26676.0 28278.0],[9.0],[6.0 14.0],False,False
[4741.0],[27890.0],[9.0],[9.0],True,True
[4742.0],[27352.0],[9.0],[11.0],True,False
[4744.0],[27626.0 28105.0],[9.0],[2.0 8.0],False,False
[4745.0],[26369.0 28301.0 29095.0],[9.0],[3.0 5.0 11.0],False,False
[4746.0],[26379.0 27905.0 28109.0],[9.0],[1.0 7.0 9.0],False,False
[4747.0],[21049.0 27636.0 28108.0 29300.0],[9.0],[1.0 2.0 24.0],False,False
[4748.0],[7139.0 25728.0 29109.0 29312.0],[9.0],[2.0 3.0 9.0 72.0],False,False
[4749.0],[27188.0 28115.0 28334.0 28602.0 28936.0 29324.0],[9.0],[2.0 3.0 5.0 9.0],False,False
[4750.0],[27650.0],[9.0],[10.0],True,False
[4751.0],[23784.0],[9.0],[21.0],True,False
[4752.0],[23046.0 23584.0 26631.0],[9.0],[8.0 16.0 18.0],True,False
[4753.0],[11856.0 23165.0],[9.0],[22.0 54.0],True,False
[4754.0],[27347.0 27349.0 28917.0],[9.0],[3.0 7.0 11.0],False,False
[4755.0],[21855.0 28305.0],[9.0],[7.0 26.0],False,False
[4756.0],[21475.0 28809.0],[9.0],[5.0 30.0],False,False
[4757.0],[24227.0 27125.0 27752.0 27822.0 28166.0 28877.0],[9.0],[1.0 4.0 5.0 8.0 10.0],False,False
[4758.0],[5526.0],[9.0],[81.0],True,False
[4759.0],[12606.0 18823.0 27879.0 28275.0 29279.0 29571.0],[9.0],[1.0 34.0 48.0],False,False
[4760.0],[27191.0 28339.0 29115.0],[9.0],[1.0 3.0 9.0],False,False
[4761.0],[26115.0 26997.0 27246.0 27967.0 28361.0 28965.0],[9.0],[2.0 3.0 5.0 7.0 9.0 10.0],False,False
[4762.0],[23480.0 23814.0 23824.0 27669.0 28375.0 29386.0],[9.0],[1.0 4.0 12.0 14.0],False,False
[4763.0],[20665.0 28297.0 28924.0],[9.0],[2.0 5.0 26.0],False,False
[4764.0],[27895.0 29095.0],[9.0],[3.0 8.0],False,False
[4765.0],[8185.0 25965.0 27376.0 29323.0],[9.0],[2.0 6.0 11.0 68.0],False,False
[4766.0],[24186.0 26740.0 27973.0 29151.0 29613.0],[9.0],[1.0 2.0 3.0 7.0 20.0],False,False
[4767.0],[26220.0 26485.0 27724.0],[9.0],[8.0 9.0 13.0],False,False
[4768.0],[6995.0 22005.0 27744.0 28180.0 29164.0],[9.0],[2.0 3.0 23.0 70.0],False,False
[4769.0],[13698.0],[9.0],[45.0],False,False
[4770.0],[2980.0 29274.0],[9.0],[1.0 86.0],False,False
[4771.0],[21813.0 27888.0 29083.0 29276.0 29278.0],[9.0],[1.0 2.0 3.0 8.0 22.0],False,False
[4772.0],[15377.0],[9.0],[45.0],False,False
[4773.0],[23344.0 27363.0 28107.0],[9.0],[6.0 10.0 25.0],False,False
[4774.0],[24091.0 27191.0 29115.0],[9.0],[3.0 9.0 18.0],False,False
[4775.0],[27956.0 28115.0 28334.0 28647.0 28936.0 29324.0],[9.0],[2.0 3.0 4.0],False,False
[4776.0],[23077.0 26297.0 27423.0],[9.0],[5.0 11.0 17.0],False,False
[4777.0],[186.0],[8.0],[9.0],True,False
[4778.0],[178.0 188.0],[8.0],[7.0 21.0],False,False
[4779.0],[279.0 1669.0 1670.0],[8.0],[4.0 10.0 12.0],False,False
[4780.0],[274.0 367.0],[8.0],[20.0 58.0],True,False
[4781.0],[287.0 2970.0],[8.0],[1.0 10.0],True,False
[4782.0],[316.0],[8.0],[8.0],True,True
[4783.0],[375.0],[8.0],[8.0],True,True
[4784.0],[388.0 2322.0],[8.0],[4.0 12.0],True,False
[4785.0],[450.0 459.0 493.0 2160.0],[8.0],[1.0 3.0 4.0 30.0],False,False
[4786.0],[586.0],[8.0],[8.0],True,True
[4787.0],[577.0 2171.0],[8.0],[4.0 9.0],False,False
[4788.0],[703.0 2764.0],[8.0],[2.0 7.0],True,False
[4789.0],[750.0],[8.0],[23.0],True,False
[4790.0],[831.0 1982.0 3017.0],[8.0],[1.0 4.0 27.0],False,False
[4791.0],[808.0 818.0],[8.0],[12.0 45.0],False,False
[4792.0],[993.0 1777.0 3049.0],[8.0],[2.0 8.0 27.0],True,False
[4793.0],[963.0],[8.0],[34.0],True,False
[4794.0],[1027.0],[8.0],[17.0],True,False
[4795.0],[1035.0 1051.0],[8.0],[6.0 11.0],False,False
[4796.0],[1016.0 1058.0 1795.0],[8.0],[2.0 6.0 35.0],False,False
[4797.0],[1096.0 1809.0],[8.0],[1.0 16.0],True,False
[4798.0],[1159.0 2650.0],[8.0],[16.0 28.0],False,False
[4799.0],[1261.0],[8.0],[8.0],True,True
[4800.0],[1453.0 1847.0 2094.0 2235.0 2252.0 3102.0],[8.0],[1.0 2.0 3.0 5.0 6.0],False,False
[4801.0],[1369.0],[8.0],[8.0],True,True
[4802.0],[885.0 1058.0 1076.0 1779.0],[8.0],[2.0 6.0 14.0 21.0],False,False
[4803.0],[1056.0],[8.0],[8.0],True,True
[4804.0],[1047.0 2023.0],[8.0],[34.0 36.0],False,False
[4805.0],[248.0],[8.0],[8.0],True,True
[4806.0],[324.0],[8.0],[72.0],False,False
[4807.0],[967.0 999.0],[8.0],[5.0 6.0],False,False
[4808.0],[360.0 1937.0 2322.0],[8.0],[3.0 4.0 16.0],True,False
[4809.0],[1121.0 2823.0],[8.0],[21.0],False,False
[4810.0],[1198.0 1580.0],[8.0],[6.0 37.0],False,False
[4811.0],[166.0 217.0],[8.0],[2.0 36.0],False,False
[4812.0],[877.0 938.0 2002.0 2351.0],[8.0],[2.0 18.0 21.0],False,False
[4813.0],[845.0 956.0],[8.0],[7.0 13.0],False,False
[4814.0],[589.0 664.0],[8.0],[9.0 20.0],True,False
[4815.0],[886.0 1993.0],[8.0],[13.0 24.0],True,False
[4816.0],[1011.0 1042.0],[8.0],[7.0],False,False
[4817.0],[1130.0],[8.0],[8.0],True,True
[4818.0],[1063.0 1133.0 1165.0 2221.0],[8.0],[1.0 5.0 10.0 11.0],False,False
[4819.0],[1152.0 1183.0],[8.0],[6.0 34.0],True,False
[4820.0],[511.0 1704.0],[8.0],[4.0 24.0],False,False
[4821.0],[1042.0 1061.0 2214.0 2384.0],[8.0],[2.0 4.0 7.0 10.0],False,False
[4822.0],[439.0 1932.0 2312.0],[8.0],[2.0 6.0 99.0],False,False
[4823.0],[941.0 1771.0 3284.0],[8.0],[1.0 3.0 14.0],False,False
[4824.0],[1249.0 1349.0 1482.0 1843.0 2470.0 3133.0],[8.0],[1.0 2.0 5.0 6.0 8.0],False,False
[4825.0],[523.0 2332.0],[8.0],[11.0 68.0],False,False
[4826.0],[1348.0 1419.0 2241.0 3381.0],[8.0],[1.0 5.0 10.0],False,False
[4827.0],[1281.0 1364.0],[8.0],[10.0 42.0],False,False
[4828.0],[523.0 2332.0 2748.0],[8.0],[1.0 11.0 68.0],False,False
[4829.0],[1106.0 1289.0 2237.0],[8.0],[4.0 9.0 41.0],True,False
[4830.0],[261.0 2156.0],[8.0],[2.0 11.0],False,False
[4831.0],[644.0 695.0 2558.0 2785.0 3267.0],[8.0],[2.0 10.0 11.0 19.0 84.0],False,False
[4832.0],[1796.0 1999.0 2378.0 2581.0 2790.0 3285.0 3455.0],[8.0],[1.0 2.0 4.0 6.0 8.0],False,False
[4833.0],[1791.0 3062.0],[8.0],[16.0 21.0],False,False
[4834.0],[1810.0 2383.0 2636.0 3087.0 3505.0 3719.0],[8.0],[1.0 2.0 3.0],False,False
[4835.0],[1127.0 1140.0 1230.0 3106.0],[8.0],[6.0 8.0 12.0 27.0],False,False
[4836.0],[983.0 1064.0 2602.0 3081.0],[8.0],[3.0 5.0 7.0],False,False
[4837.0],[2265.0 2429.0 3094.0 3578.0],[8.0],[1.0 2.0 5.0 6.0],False,False
[4838.0],[2409.0],[8.0],[11.0],True,False
[4839.0],[2422.0 3113.0 3724.0],[8.0],[3.0 5.0 14.0],False,False
[4840.0],[2145.0 2524.0 3818.0],[8.0],[1.0 4.0 12.0],False,False
[4841.0],[812.0 835.0 869.0 2570.0 3852.0],[8.0],[1.0 7.0 8.0 14.0],False,False
[4842.0],[814.0 2342.0 2343.0],[8.0],[2.0 6.0 37.0],False,False
[4843.0],[767.0 2565.0 3279.0 3281.0 3650.0 3858.0],[8.0],[1.0 3.0 4.0 5.0 10.0],False,False
[4844.0],[1008.0 1122.0 1140.0 3114.0],[8.0],[6.0 18.0 27.0],False,False
[4845.0],[292.0 2961.0],[8.0],[29.0 48.0],False,False
[4846.0],[702.0 2553.0 2778.0 3004.0],[8.0],[2.0 5.0 19.0],False,False
[4847.0],[2548.0],[8.0],[10.0],False,False
[4848.0],[2586.0 4052.0],[8.0],[1.0 8.0],True,False
[4849.0],[1334.0 2622.0 3715.0 4092.0],[8.0],[4.0 5.0 14.0],False,False
[4850.0],[1091.0 3507.0],[8.0],[8.0 14.0],False,False
[4851.0],[1666.0 2524.0 3411.0 3818.0],[8.0],[1.0 4.0 10.0 20.0],False,False
[4852.0],[261.0 307.0 510.0 2156.0],[8.0],[2.0 11.0 19.0 30.0],False,False
[4853.0],[1124.0 1462.0 1816.0 3384.0 3509.0],[8.0],[2.0 6.0 7.0 9.0],False,False
[4854.0],[963.0 1025.0 3053.0 3665.0],[8.0],[1.0 2.0 16.0 34.0],False,False
[4855.0],[1770.0 2005.0 2588.0],[8.0],[5.0 7.0],False,False
[4856.0],[1162.0 1196.0],[8.0],[25.0 99.0],False,False
[4857.0],[2537.0],[8.0],[10.0],True,False
[4858.0],[1723.0],[8.0],[14.0],True,False
[4859.0],[1167.0 1314.0 2418.0 4099.0 4119.0],[8.0],[4.0 5.0 9.0 12.0 26.0],True,False
[4860.0],[832.0 845.0 905.0 4035.0 4275.0 4507.0],[8.0],[1.0 9.0 13.0],False,False
[4861.0],[2005.0 3288.0 3655.0 4297.0],[8.0],[2.0 5.0 7.0],True,False
[4862.0],[2515.0 3598.0],[8.0],[7.0 9.0],False,False
[4863.0],[718.0 2546.0 3632.0],[8.0],[9.0 10.0 12.0],False,False
[4864.0],[939.0 2794.0 3296.0 4060.0],[8.0],[4.0 7.0 8.0 17.0],False,False
[4865.0],[3202.0],[8.0],[11.0],True,False
[4866.0],[2332.0 3623.0 4799.0],[8.0],[2.0 11.0 29.0],False,False
[4867.0],[1127.0 3083.0 3113.0 3331.0 5105.0],[8.0],[2.0 6.0 8.0 14.0],False,False
[4868.0],[2818.0 4304.0],[8.0],[9.0 11.0],True,False
[4869.0],[1786.0 3095.0],[8.0],[11.0 24.0],True,False
[4870.0],[2436.0],[8.0],[15.0],False,False
[4871.0],[3238.0],[8.0],[11.0],True,False
[4872.0],[2850.0 4894.0],[8.0],[6.0 13.0],False,False
[4873.0],[2773.0 2797.0 4521.0 5083.0],[8.0],[2.0 3.0 4.0 12.0],True,False
[4874.0],[257.0],[8.0],[21.0],True,False
[4875.0],[510.0 571.0 3629.0],[8.0],[1.0 30.0 64.0],False,False
[4876.0],[3842.0 3865.0 4022.0 4268.0 4498.0],[8.0],[2.0 4.0],False,False
[4877.0],[714.0 2578.0 3653.0],[8.0],[34.0 38.0 56.0],False,False
[4878.0],[3876.0 4061.0 4308.0 4543.0 5838.0],[8.0],[1.0 2.0 3.0 6.0],False,False
[4879.0],[1084.0 1334.0 3715.0 4533.0 4855.0],[8.0],[1.0 4.0 14.0 27.0],False,False
[4880.0],[689.0 726.0 2169.0 4251.0 4485.0],[8.0],[2.0 3.0 11.0 26.0 35.0],False,False
[4881.0],[3851.0 4504.0 5316.0 5565.0],[8.0],[4.0 41.0 49.0],False,False
[4882.0],[1400.0 2635.0 3914.0 4606.0 5421.0 5922.0],[8.0],[1.0 2.0 3.0 9.0 13.0],False,False
[4883.0],[1334.0 4602.0 4872.0 5109.0],[8.0],[1.0 13.0 14.0 31.0],False,False
[4884.0],[908.0],[8.0],[19.0],True,False
[4885.0],[3894.0 4076.0 4085.0],[8.0],[2.0 8.0],True,False
[4886.0],[3612.0 5036.0 5261.0],[8.0],[1.0 5.0 24.0],True,False
[4887.0],[3297.0 4073.0 5101.0 5601.0],[8.0],[2.0 6.0 9.0 20.0],True,False
[4888.0],[612.0 5546.0 5792.0],[8.0],[2.0 6.0 19.0],False,False
[4889.0],[3516.0 4563.0 5862.0],[8.0],[7.0 8.0 11.0],False,False
[4890.0],[3332.0 4574.0 5376.0],[8.0],[10.0 13.0 14.0],False,False
[4891.0],[948.0 1018.0],[8.0],[14.0 17.0],False,False
[4892.0],[1026.0 5844.0 6322.0],[8.0],[13.0 20.0 23.0],False,False
[4893.0],[4083.0],[8.0],[13.0],False,False
[4894.0],[3723.0],[8.0],[14.0],True,False
[4895.0],[4224.0 5033.0],[8.0],[2.0 12.0],True,False
[4896.0],[3449.0 5796.0 6513.0],[8.0],[1.0 4.0 13.0],False,False
[4897.0],[951.0],[8.0],[32.0],True,False
[4898.0],[4543.0 5838.0 6107.0 6334.0],[8.0],[1.0 2.0 6.0 7.0],False,False
[4899.0],[987.0 1144.0 1353.0 4596.0 5194.0 6587.0],[8.0],[2.0 3.0 6.0 16.0 17.0 20.0],False,False
[4900.0],[5343.0 6760.0],[8.0],[1.0 15.0],False,False
[4901.0],[4083.0 4375.0],[8.0],[5.0 13.0],False,False
[4902.0],[4274.0 5821.0],[8.0],[9.0 73.0],False,False
[4903.0],[645.0 5543.0],[8.0],[8.0 19.0],True,False
[4904.0],[239.0 340.0 2527.0 4000.0 6237.0],[8.0],[5.0 7.0 9.0 18.0 19.0],True,False
[4905.0],[1030.0 5864.0 6544.0 6755.0 6956.0 7198.0],[8.0],[1.0 2.0 21.0],False,False
[4906.0],[5321.0 7161.0],[8.0],[4.0 8.0],False,False
[4907.0],[750.0],[8.0],[23.0],True,False
[4908.0],[2823.0 6083.0],[8.0],[10.0 21.0],False,False
[4909.0],[1073.0 6085.0 6759.0],[8.0],[3.0 5.0 37.0],False,False
[4910.0],[1164.0 4083.0 4894.0 6090.0 7244.0 7266.0],[8.0],[2.0 4.0 6.0 13.0 25.0],False,False
[4911.0],[6145.0 6591.0 6992.0],[8.0],[2.0 5.0 14.0],False,False
[4912.0],[2973.0 4460.0 6892.0 7079.0],[8.0],[2.0 3.0 22.0 37.0],False,False
[4913.0],[6267.0],[8.0],[29.0],True,False
[4914.0],[4877.0],[8.0],[10.0],True,False
[4915.0],[5281.0 6911.0],[8.0],[8.0 73.0],True,False
[4916.0],[4542.0 4556.0],[8.0],[9.0 24.0],True,False
[4917.0],[3889.0 3896.0 5880.0],[8.0],[7.0 15.0 28.0],True,False
[4918.0],[1748.0 5545.0 7120.0 7913.0],[8.0],[1.0 5.0 75.0],False,False
[4919.0],[5367.0],[8.0],[17.0],True,False
[4920.0],[2956.0 7075.0],[8.0],[21.0 23.0],True,False
[4921.0],[2675.0 3732.0 5707.0 6627.0],[8.0],[5.0 6.0 17.0 40.0],True,False
[4922.0],[83.0],[8.0],[73.0],True,False
[4923.0],[4767.0 7394.0],[8.0],[4.0 15.0],False,False
[4924.0],[516.0 6908.0],[8.0],[12.0 22.0],False,False
[4925.0],[6297.0 7135.0 7174.0 7651.0],[8.0],[1.0 2.0 6.0 11.0],False,False
[4926.0],[2180.0 6279.0],[8.0],[14.0 23.0],True,False
[4927.0],[5003.0 6580.0 6986.0 7243.0 7276.0 8012.0],[8.0],[1.0 2.0 3.0 6.0 7.0 8.0],False,False
[4928.0],[3203.0 6884.0],[8.0],[7.0 83.0],False,False
[4929.0],[702.0 7125.0 7644.0 8499.0],[8.0],[5.0 12.0 19.0 32.0],False,False
[4930.0],[4839.0 7171.0 8189.0],[8.0],[6.0 9.0 13.0],False,False
[4931.0],[4862.0 6540.0],[8.0],[22.0 27.0],True,False
[4932.0],[6947.0],[8.0],[27.0],True,False
[4933.0],[1297.0 6814.0 6973.0 8937.0],[8.0],[4.0 21.0 44.0 58.0],False,False
[4934.0],[6970.0],[8.0],[8.0],True,True
[4935.0],[3062.0 6109.0 7172.0 7181.0 7663.0 7933.0],[8.0],[1.0 4.0 15.0 21.0],False,False
[4936.0],[4542.0 6333.0 6538.0 7675.0 8564.0],[8.0],[1.0 7.0 9.0 15.0 24.0],False,False
[4937.0],[5558.0 6276.0 7165.0 8523.0],[8.0],[1.0 5.0 6.0 21.0],False,False
[4938.0],[6487.0 7089.0 8128.0],[8.0],[5.0 15.0 17.0],False,False
[4939.0],[5117.0 6963.0 7196.0 7478.0 8214.0 8613.0 8618.0],[8.0],[2.0 3.0 4.0 15.0],False,False
[4940.0],[358.0 7897.0],[8.0],[52.0 65.0],False,False
[4941.0],[366.0],[8.0],[33.0],True,False
[4942.0],[7188.0 8570.0 8898.0],[8.0],[3.0 9.0],False,False
[4943.0],[2420.0 6116.0],[8.0],[18.0 21.0],False,False
[4944.0],[348.0],[8.0],[40.0],True,False
[4945.0],[688.0 5295.0],[8.0],[18.0 33.0],False,False
[4946.0],[5593.0 7188.0],[8.0],[9.0 17.0],False,False
[4947.0],[4282.0 7211.0 7951.0 8582.0],[8.0],[4.0 7.0 14.0],False,False
[4948.0],[7912.0 8153.0 8156.0 9861.0 10121.0],[8.0],[2.0 9.0 12.0 61.0],False,False
[4949.0],[571.0 662.0 7616.0 8496.0 8875.0],[8.0],[4.0 7.0 64.0 70.0],False,False
[4950.0],[6035.0 8513.0 9300.0 9881.0],[8.0],[2.0 7.0 10.0 16.0],False,False
[4951.0],[83.0 5501.0 9828.0],[8.0],[3.0 25.0 73.0],True,False
[4952.0],[1192.0 7188.0 9105.0],[8.0],[9.0 27.0 43.0],False,False
[4953.0],[6958.0 9380.0],[8.0],[1.0 14.0],False,False
[4954.0],[6814.0],[8.0],[58.0],False,False
[4955.0],[253.0 8421.0 10071.0],[8.0],[8.0 28.0 29.0],True,False
[4956.0],[5894.0 9506.0 9526.0],[8.0],[6.0 7.0 16.0],False,False
[4957.0],[6059.0 7173.0 8560.0 8888.0],[8.0],[4.0 6.0 10.0 15.0],False,False
[4958.0],[8689.0 9153.0],[8.0],[14.0 18.0],True,False
[4959.0],[6030.0 7630.0 8478.0 9867.0],[8.0],[3.0 5.0 10.0 24.0],False,False
[4960.0],[6751.0 8564.0 8898.0 9650.0 10434.0],[8.0],[1.0 4.0 9.0 18.0],False,False
[4961.0],[7199.0 8203.0 8612.0],[8.0],[10.0 24.0],False,False
[4962.0],[1143.0 3889.0 6539.0 9752.0],[8.0],[10.0 12.0 28.0 38.0],False,False
[4963.0],[8495.0 9059.0],[8.0],[9.0 67.0],False,False
[4964.0],[2796.0 9317.0],[8.0],[7.0 51.0],True,False
[4965.0],[8541.0 8898.0 10740.0],[8.0],[4.0 5.0 9.0],False,False
[4966.0],[4301.0 7943.0 8615.0],[8.0],[3.0 5.0 34.0],False,False
[4967.0],[629.0 5261.0 9267.0 9854.0 10376.0],[8.0],[1.0 4.0 24.0 88.0],False,False
[4968.0],[706.0 6712.0 9315.0],[8.0],[7.0 32.0 97.0],False,False
[4969.0],[1981.0 10119.0],[8.0],[15.0 55.0],False,False
[4970.0],[764.0 10128.0],[8.0],[24.0 34.0],False,False
[4971.0],[7273.0 8743.0],[8.0],[10.0 21.0],False,False
[4972.0],[2023.0 8751.0 8977.0 9770.0],[8.0],[6.0 10.0 20.0 36.0],True,False
[4973.0],[6803.0 8244.0],[8.0],[9.0 16.0],True,False
[4974.0],[953.0 6546.0],[8.0],[37.0 71.0],True,False
[4975.0],[3855.0 8871.0 9640.0 10405.0 10942.0],[8.0],[1.0 12.0 55.0],False,False
[4976.0],[4318.0 5091.0 7520.0 7652.0 7672.0 9388.0 9682.0],[8.0],[3.0 4.0 7.0 11.0 14.0 44.0],False,False
[4977.0],[4597.0 7245.0 8993.0 10995.0],[8.0],[4.0 5.0 14.0 31.0],False,False
[4978.0],[303.0 3998.0 11240.0],[8.0],[18.0 25.0 38.0],True,False
[4979.0],[6044.0 9648.0 10742.0],[8.0],[12.0 17.0 19.0],True,False
[4980.0],[1019.0 8916.0 9407.0 9674.0],[8.0],[6.0 14.0 24.0 37.0],True,False
[4981.0],[3748.0 9517.0],[8.0],[17.0 27.0],True,False
[4982.0],[8898.0 10434.0 10740.0 11580.0 11995.0],[8.0],[1.0 4.0 9.0],False,False
[4983.0],[2334.0 3855.0 8871.0 11265.0],[8.0],[6.0 12.0 29.0 55.0],False,False
[4984.0],[7173.0 8900.0 9339.0 9879.0 10428.0 11105.0 11568.0],[8.0],[1.0 2.0 3.0 4.0 6.0 10.0 12.0],False,False
[4985.0],[10414.0 12289.0],[8.0],[1.0 7.0],False,False
[4986.0],[3653.0 11965.0],[8.0],[9.0 34.0],False,False
[4987.0],[899.0 900.0],[8.0],[43.0 73.0],True,False
[4988.0],[10562.0],[8.0],[14.0],True,False
[4989.0],[9714.0 11018.0 12134.0],[8.0],[3.0 5.0 19.0],False,False
[4990.0],[7621.0 8517.0 8586.0 9318.0 11589.0],[8.0],[3.0 5.0 6.0 10.0 14.0],False,False
[4991.0],[123.0 154.0 9830.0],[8.0],[23.0 37.0 43.0],False,False
[4992.0],[9949.0 10769.0],[8.0],[8.0 20.0],False,False
[4993.0],[10717.0 11085.0],[8.0],[6.0 14.0],False,False
[4994.0],[10716.0 10722.0 11939.0],[8.0],[1.0 25.0],False,False
[4995.0],[2967.0 6490.0],[8.0],[39.0 73.0],False,False
[4996.0],[2346.0 9301.0 11962.0],[8.0],[10.0 11.0 65.0],False,False
[4997.0],[8244.0 9733.0 11421.0 11838.0 12080.0 12416.0],[8.0],[2.0 3.0 5.0 7.0 9.0],False,False
[4998.0],[10443.0 10527.0 11141.0 12018.0 13094.0],[8.0],[2.0 3.0 10.0 17.0],False,False
[4999.0],[6976.0 12355.0 13075.0],[8.0],[1.0 11.0 32.0],False,False
[5000.0],[10735.0 11138.0 11272.0 11600.0 11977.0 12314.0 12682.0],[8.0],[1.0 2.0],False,False
[5001.0],[7679.0 11612.0],[8.0],[5.0 26.0],False,False
[5002.0],[8535.0 9651.0 10740.0 12299.0],[8.0],[2.0 4.0 11.0 12.0],False,False
[5003.0],[3855.0 8895.0 11104.0 11601.0],[8.0],[2.0 3.0 12.0 55.0],False,False
[5004.0],[11093.0],[8.0],[10.0],True,False
[5005.0],[6540.0 13058.0],[8.0],[12.0 27.0],False,False
[5006.0],[10740.0 11580.0 11657.0 11995.0 12334.0 13361.0],[8.0],[1.0 4.0 6.0 9.0],False,False
[5007.0],[5756.0 12235.0],[8.0],[5.0 77.0],False,False
[5008.0],[10963.0 13796.0],[8.0],[3.0 21.0],True,False
[5009.0],[8768.0 11755.0 12090.0 12849.0],[8.0],[5.0 6.0 11.0 15.0],False,False
[5010.0],[8838.0 9219.0],[8.0],[20.0 25.0],False,False
[5011.0],[1748.0 9653.0 12303.0],[8.0],[5.0 9.0 75.0],False,False
[5012.0],[6751.0 11580.0 11995.0 12319.0 13389.0 13799.0],[8.0],[1.0 4.0 6.0 18.0],False,False
[5013.0],[10807.0 14047.0],[8.0],[11.0],True,False
[5014.0],[5261.0 10924.0 11085.0 12255.0 12977.0 13284.0],[8.0],[1.0 2.0 3.0 4.0 14.0 24.0],False,False
[5015.0],[726.0 5540.0 8167.0],[8.0],[34.0 35.0 59.0],False,False
[5016.0],[4301.0 11586.0 11637.0 13071.0],[8.0],[2.0 7.0 8.0 34.0],False,False
[5017.0],[6496.0 12252.0 13716.0],[8.0],[6.0 10.0 21.0],False,False
[5018.0],[358.0 11934.0],[8.0],[4.0 52.0],True,False
[5019.0],[11976.0 12030.0 13360.0 13370.0],[8.0],[1.0 2.0 9.0],False,False
[5020.0],[7957.0 12784.0],[8.0],[2.0 25.0],False,False
[5021.0],[6117.0 10770.0 11718.0 12766.0 12777.0 13804.0],[8.0],[2.0 6.0 7.0 15.0 39.0],False,False
[5022.0],[10794.0 11388.0],[8.0],[9.0 46.0],False,False
[5023.0],[7138.0 11978.0 12307.0 12677.0 13744.0],[8.0],[2.0 4.0 9.0 12.0 17.0],False,False
[5024.0],[11927.0],[8.0],[13.0],False,False
[5025.0],[11531.0],[8.0],[9.0],True,False
[5026.0],[4252.0 11087.0],[8.0],[10.0 38.0],False,False
[5027.0],[7176.0 12010.0 12385.0 13489.0],[8.0],[5.0 8.0 19.0 32.0],False,False
[5028.0],[11293.0 12674.0 13012.0 13017.0 14207.0],[8.0],[1.0 3.0 6.0 8.0 12.0],False,False
[5029.0],[11970.0 13739.0 13751.0],[8.0],[5.0 6.0],False,False
[5030.0],[11350.0 12703.0 13777.0 13803.0 14218.0 14221.0],[8.0],[1.0 2.0 4.0 41.0 43.0],False,False
[5031.0],[10166.0 12372.0 12391.0 13820.0],[8.0],[2.0 11.0 19.0 26.0],False,False
[5032.0],[12099.0],[8.0],[53.0],True,False
[5033.0],[9830.0 10701.0 12601.0 13272.0 15349.0],[8.0],[1.0 10.0 13.0 23.0],False,False
[5034.0],[11302.0 11311.0 13378.0 13784.0 14231.0],[8.0],[1.0 2.0 57.0 58.0],False,False
[5035.0],[3995.0 11232.0 12569.0 14168.0 14403.0 14424.0],[8.0],[1.0 2.0 4.0 5.0 54.0],False,False
[5036.0],[10082.0 13253.0 14864.0],[8.0],[8.0 10.0 14.0],False,False
[5037.0],[9651.0 10769.0 14977.0],[8.0],[2.0 11.0 20.0],False,False
[5038.0],[10562.0 13509.0],[8.0],[10.0 14.0],False,False
[5039.0],[9829.0 10088.0 12240.0 16046.0],[8.0],[3.0 5.0 18.0 20.0],False,False
[5040.0],[2534.0 8433.0 11082.0 14857.0],[8.0],[27.0 28.0 31.0 42.0],False,False
[5041.0],[12836.0],[8.0],[15.0],True,False
[5042.0],[13506.0],[8.0],[28.0],True,False
[5043.0],[10742.0],[8.0],[17.0],True,False
[5044.0],[5290.0 7644.0 14488.0 14495.0 16552.0],[8.0],[1.0 5.0 7.0 32.0 54.0],False,False
[5045.0],[523.0 15708.0],[8.0],[36.0 68.0],False,False
[5046.0],[11685.0 11780.0 12854.0 15130.0 15542.0],[8.0],[2.0 7.0 9.0 17.0],False,False
[5047.0],[14000.0],[8.0],[10.0],True,False
[5048.0],[6814.0 15138.0],[8.0],[6.0 58.0],False,False
[5049.0],[6886.0 13255.0 13698.0 16030.0 17229.0],[8.0],[1.0 13.0 22.0 45.0 70.0],False,False
[5050.0],[6117.0 13502.0 15816.0 15823.0],[8.0],[1.0 2.0 14.0 39.0],False,False
[5051.0],[14558.0 14988.0 16197.0],[8.0],[4.0 5.0 10.0],False,False
[5052.0],[14551.0 16601.0],[8.0],[5.0 18.0],False,False
[5053.0],[4318.0 9884.0 16694.0],[8.0],[5.0 37.0 44.0],True,False
[5054.0],[11305.0 15095.0 15504.0],[8.0],[3.0 7.0 39.0],True,False
[5055.0],[9969.0 12800.0 13647.0 14363.0 14603.0 15105.0 16687.0 17423.0],[8.0],[3.0 4.0 5.0 6.0 9.0 10.0],False,False
[5056.0],[12669.0 12993.0 15384.0 17272.0],[8.0],[1.0 2.0 10.0 13.0],False,False
[5057.0],[13361.0 14955.0 17292.0 17715.0],[8.0],[1.0 2.0 9.0],False,False
[5059.0],[12423.0 14317.0 14368.0 14795.0 17035.0 17443.0],[8.0],[2.0 3.0 6.0 8.0 30.0],False,False
[5060.0],[11099.0 14191.0],[8.0],[20.0 28.0],False,False
[5061.0],[14941.0 14965.0 15737.0 16131.0 16147.0 17287.0],[8.0],[1.0 2.0 18.0],False,False
[5062.0],[9603.0 15692.0],[8.0],[13.0 21.0],False,False
[5063.0],[9861.0 13309.0 16087.0],[8.0],[6.0 9.0 61.0],False,False
[5064.0],[14973.0 17750.0],[8.0],[8.0 9.0],False,False
[5065.0],[7163.0 8024.0 14230.0 15453.0 17097.0 18535.0],[8.0],[1.0 3.0 6.0 19.0 27.0 29.0],False,False
[5066.0],[15007.0 15776.0 16151.0 16595.0 16942.0 18152.0],[8.0],[1.0 2.0 6.0 9.0],False,False
[5067.0],[3525.0 14741.0 15948.0 17889.0],[8.0],[8.0 15.0 16.0 50.0],False,False
[5068.0],[15752.0 16597.0 18522.0],[8.0],[2.0 7.0 15.0],False,False
[5069.0],[13536.0 13866.0],[8.0],[6.0 15.0],True,False
[5070.0],[13721.0 14456.0 18467.0],[8.0],[2.0 7.0 9.0],False,False
[5071.0],[7638.0 8203.0 11629.0 14490.0],[8.0],[8.0 24.0 42.0 62.0],True,False
[5072.0],[16465.0],[8.0],[8.0],True,True
[5073.0],[16259.0],[8.0],[9.0],True,False
[5074.0],[14948.0 16122.0 16945.0],[8.0],[5.0 7.0 9.0],False,False
[5075.0],[15573.0 16290.0 17093.0 17449.0],[8.0],[1.0 2.0 7.0],False,False
[5076.0],[16492.0],[8.0],[16.0],True,False
[5077.0],[14927.0],[8.0],[12.0],True,False
[5078.0],[14934.0 16938.0],[8.0],[7.0 30.0],False,False
[5079.0],[9861.0 16087.0 17255.0 19257.0],[8.0],[3.0 6.0 14.0 61.0],False,False
[5080.0],[15006.0 15441.0 15747.0],[8.0],[6.0 16.0],True,False
[5081.0],[13358.0],[8.0],[19.0],False,False
[5082.0],[5035.0],[8.0],[47.0],False,False
[5083.0],[12854.0 16691.0 16710.0 17408.0],[8.0],[4.0 8.0 11.0 17.0],False,False
[5084.0],[13687.0 17249.0 17250.0 17613.0 18759.0 18763.0 19238.0],[8.0],[1.0 2.0 4.0 6.0 34.0],False,False
[5085.0],[10925.0 18093.0],[8.0],[25.0 35.0],False,False
[5086.0],[17750.0 18847.0],[8.0],[8.0 11.0],False,False
[5087.0],[15774.0 17785.0 20284.0],[8.0],[1.0 9.0 16.0],False,False
[5088.0],[13227.0 16644.0],[8.0],[14.0 28.0],False,False
[5089.0],[14735.0 17495.0 17963.0 19722.0],[8.0],[6.0 8.0 11.0 16.0],False,False
[5090.0],[1132.0 18934.0 18960.0],[8.0],[2.0 7.0 72.0],False,False
[5091.0],[14965.0 15018.0],[8.0],[10.0 18.0],False,False
[5092.0],[523.0 19260.0],[8.0],[11.0 68.0],False,False
[5093.0],[13257.0],[8.0],[30.0],False,False
[5094.0],[12702.0 17703.0 17713.0 19613.0 20238.0],[8.0],[3.0 6.0 9.0 21.0 22.0],False,False
[5095.0],[11396.0 13955.0 14083.0 18970.0 19030.0 20425.0],[8.0],[1.0 3.0 12.0 13.0 15.0],False,False
[5096.0],[5757.0 19227.0],[8.0],[29.0 36.0],True,False
[5097.0],[17722.0 18130.0 19318.0 19867.0 20229.0],[8.0],[1.0 2.0 3.0 4.0],False,False
[5098.0],[8488.0 18812.0],[8.0],[5.0 55.0],False,False
[5099.0],[16293.0 17040.0 20407.0 21592.0],[8.0],[3.0 5.0 9.0 32.0],False,False
[5100.0],[2747.0 12613.0 19257.0 20631.0],[8.0],[7.0 14.0 15.0 52.0],False,False
[5101.0],[13042.0 16197.0 17757.0 18198.0],[8.0],[5.0 7.0 16.0 20.0],False,False
[5102.0],[18888.0],[8.0],[13.0],True,False
[5103.0],[16178.0 16657.0 18548.0 18549.0],[8.0],[12.0 15.0 27.0 31.0],True,False
[5104.0],[18830.0 19862.0 22250.0],[8.0],[2.0 5.0 9.0],False,False
[5105.0],[16946.0 17286.0 18147.0 19879.0 21066.0 22270.0],[8.0],[2.0 5.0 7.0 17.0],False,False
[5106.0],[16159.0 20282.0 20717.0],[8.0],[5.0 13.0 17.0],False,False
[5107.0],[11712.0 12383.0 19897.0 20307.0],[8.0],[4.0 8.0 46.0 51.0],False,False
[5108.0],[18847.0 19872.0 20219.0 20668.0 21448.0],[8.0],[2.0 6.0 11.0 13.0],False,False
[5109.0],[20137.0],[8.0],[9.0],True,False
[5110.0],[20175.0 21003.0 22238.0],[8.0],[2.0 10.0 12.0],False,False
[5111.0],[17739.0 19644.0 20694.0],[8.0],[8.0 9.0],False,False
[5112.0],[16616.0 20304.0],[8.0],[21.0 31.0],False,False
[5113.0],[18676.0 20827.0 22050.0],[8.0],[5.0 10.0 15.0],False,False
[5114.0],[14196.0 21043.0],[8.0],[6.0 34.0],False,False
[5115.0],[20205.0 20223.0 21866.0 21869.0],[8.0],[2.0 4.0 5.0 14.0],False,False
[5116.0],[1679.0 19839.0],[8.0],[9.0 70.0],True,False
[5117.0],[21129.0 21958.0],[8.0],[5.0 18.0],True,False
[5118.0],[17819.0],[8.0],[21.0],True,False
[5119.0],[10781.0 19019.0 21588.0 23830.0],[8.0],[6.0 7.0 11.0 27.0],False,False
[5120.0],[16129.0 18886.0 20664.0 22301.0],[8.0],[4.0 10.0 12.0],False,False
[5121.0],[19557.0 20608.0],[8.0],[3.0 29.0],False,False
[5122.0],[17253.0],[8.0],[21.0],True,False
[5123.0],[19176.0 19632.0 21551.0 22320.0 22697.0],[8.0],[4.0 6.0 9.0 28.0],False,False
[5124.0],[18148.0 18485.0 21857.0 22561.0 22943.0],[8.0],[1.0 8.0 9.0 15.0 17.0],False,False
[5125.0],[18754.0 19542.0 20957.0 21776.0 22513.0],[8.0],[1.0 7.0 8.0 12.0 26.0],False,False
[5126.0],[17734.0],[8.0],[18.0],True,False
[5127.0],[21829.0],[8.0],[9.0],True,False
[5128.0],[19548.0 21766.0],[8.0],[7.0 20.0],False,False
[5129.0],[16305.0 22043.0 22642.0 23070.0 24137.0],[8.0],[1.0 4.0 5.0 7.0 16.0],False,False
[5130.0],[13749.0 14486.0 22969.0],[8.0],[5.0 44.0 46.0],False,False
[5131.0],[19630.0 22996.0],[8.0],[7.0 10.0],False,False
[5132.0],[14451.0 16891.0 20148.0 23644.0 24019.0],[8.0],[1.0 15.0 16.0 21.0 23.0],False,False
[5133.0],[18494.0 21866.0 24083.0],[8.0],[1.0 10.0 14.0],False,False
[5134.0],[18881.0 19641.0 21080.0 22994.0],[8.0],[3.0 4.0 9.0 35.0],False,False
[5135.0],[22517.0],[8.0],[8.0],True,True
[5136.0],[20178.0 22545.0],[8.0],[10.0 23.0],True,False
[5137.0],[20650.0],[8.0],[11.0],True,False
[5138.0],[16131.0 21047.0 22993.0 24840.0],[8.0],[3.0 4.0 8.0 18.0],False,False
[5139.0],[18597.0 21141.0 22377.0],[8.0],[7.0 11.0 22.0],True,False
[5140.0],[19045.0 22359.0 24210.0],[8.0],[6.0 8.0 37.0],True,False
[5141.0],[13020.0 21907.0 22266.0 22979.0 24470.0],[8.0],[2.0 4.0 6.0 8.0 24.0],False,False
[5142.0],[19932.0 22653.0 23775.0 24876.0],[8.0],[2.0 4.0 13.0],True,False
[5143.0],[22043.0 22754.0 23495.0 23852.0 24227.0 24968.0],[8.0],[2.0 3.0 4.0 5.0 10.0],False,False
[5144.0],[17380.0 19411.0 23101.0],[8.0],[7.0 15.0],False,False
[5145.0],[18051.0 22883.0 25432.0],[8.0],[2.0 23.0 26.0],False,False
[5146.0],[12383.0 20699.0],[8.0],[20.0 51.0],False,False
[5147.0],[11655.0 22983.0],[8.0],[12.0 29.0],False,False
[5148.0],[19265.0 22537.0],[8.0],[25.0 26.0],True,False
[5149.0],[23275.0 23891.0],[8.0],[5.0 22.0],True,False
[5150.0],[23654.0],[8.0],[21.0],True,False
[5151.0],[23672.0 24060.0],[8.0],[12.0 23.0],False,False
[5152.0],[16145.0 22256.0],[8.0],[22.0 35.0],True,False
[5153.0],[21881.0],[8.0],[12.0],True,False
[5154.0],[5141.0],[8.0],[59.0],True,False
[5155.0],[20333.0 24242.0 25316.0 25566.0 25583.0 25808.0],[8.0],[2.0 3.0 4.0 20.0],False,False
[5156.0],[18438.0 23619.0 24761.0 25434.0],[8.0],[2.0 13.0 14.0 33.0],False,False
[5157.0],[23663.0],[8.0],[9.0],True,False
[5158.0],[24146.0 24168.0 24898.0],[8.0],[4.0 10.0 21.0],False,False
[5159.0],[20986.0 24780.0],[8.0],[5.0 19.0],False,False
[5160.0],[15717.0 25124.0],[8.0],[6.0 38.0],True,False
[5161.0],[10106.0 25121.0],[8.0],[7.0 60.0],False,False
[5162.0],[19292.0 19634.0 21866.0],[8.0],[14.0 31.0 32.0],False,False
[5163.0],[17286.0 18146.0 22275.0 26425.0],[8.0],[3.0 9.0 17.0],False,False
[5164.0],[5780.0 12277.0 15717.0 21004.0 25124.0 26685.0],[8.0],[1.0 6.0 18.0 36.0 38.0 76.0],False,False
[5165.0],[21898.0 24871.0 25224.0 25523.0 26210.0 26473.0],[8.0],[2.0 3.0 4.0 6.0 18.0],False,False
[5166.0],[16586.0 24855.0 25181.0 26715.0 26968.0],[8.0],[3.0 4.0 6.0 13.0 23.0],False,False
[5167.0],[20506.0 24915.0 25394.0 25835.0],[8.0],[2.0 8.0 9.0 11.0],False,False
[5168.0],[7092.0 20961.0 23622.0 24775.0 24783.0 26330.0],[8.0],[1.0 2.0 9.0 15.0 21.0 74.0],False,False
[5169.0],[18823.0 26374.0],[8.0],[1.0 34.0],False,False
[5170.0],[21047.0 22264.0 24079.0 24467.0 26388.0 26698.0 26937.0],[8.0],[1.0 4.0 5.0 8.0 13.0],False,False
[5171.0],[22845.0 24579.0 25204.0 25515.0 25541.0 25765.0 25987.0],[8.0],[2.0 4.0 5.0 10.0],False,False
[5172.0],[5277.0 21413.0 26350.0],[8.0],[1.0 11.0 82.0],False,False
[5173.0],[14463.0 15377.0 19252.0 25456.0],[8.0],[5.0 22.0 34.0 45.0],False,False
[5174.0],[21857.0 22943.0 23692.0 26158.0 26163.0],[8.0],[5.0 8.0 13.0 15.0],False,False
[5175.0],[17040.0 27257.0],[8.0],[8.0 32.0],True,False
[5176.0],[19292.0 19634.0 21866.0 26918.0],[8.0],[4.0 14.0 31.0 32.0],False,False
[5177.0],[24495.0 25972.0 26706.0],[8.0],[2.0 3.0 17.0],False,False
[5178.0],[17345.0 25506.0 25767.0 26165.0 26953.0 26978.0],[8.0],[1.0 4.0 13.0 15.0 41.0],False,False
[5179.0],[23329.0 25943.0 26148.0 26346.0 26351.0 26672.0 26889.0 27339.0],[8.0],[2.0 3.0 6.0 11.0 12.0],False,False
[5180.0],[14914.0 20193.0],[8.0],[15.0 44.0],False,False
[5181.0],[18301.0 24227.0],[8.0],[10.0 34.0],False,False
[5182.0],[16632.0 23721.0 25774.0 27014.0 27691.0],[8.0],[2.0 4.0 9.0 25.0],False,False
[5183.0],[12624.0 19263.0 22238.0 25953.0 26907.0 27182.0],[8.0],[1.0 11.0 12.0 27.0 29.0],False,False
[5184.0],[8167.0],[8.0],[59.0],False,False
[5185.0],[8167.0 14463.0 21826.0],[8.0],[10.0 34.0 59.0],False,False
[5186.0],[11530.0 13274.0],[8.0],[37.0 55.0],False,False
[5187.0],[12975.0 26150.0],[8.0],[16.0 43.0],False,False
[5188.0],[19265.0 26152.0],[8.0],[2.0 26.0],True,False
[5189.0],[21121.0 22603.0 24887.0],[8.0],[8.0 15.0],False,False
[5190.0],[15462.0 25516.0 26172.0 26972.0 27398.0 27938.0],[8.0],[1.0 2.0 5.0 29.0],False,False
[5191.0],[9221.0 25932.0 27862.0],[8.0],[1.0 13.0 60.0],False,False
[5192.0],[22989.0 24099.0 24830.0 26402.0],[8.0],[4.0 13.0 24.0],False,False
[5193.0],[26226.0 27709.0],[8.0],[8.0 10.0],False,False
[5194.0],[24456.0],[8.0],[21.0],False,False
[5195.0],[18069.0 21784.0 27170.0],[8.0],[2.0 22.0 34.0],True,False
[5196.0],[25815.0 26512.0 26733.0 27005.0 27646.0 27917.0],[8.0],[1.0 2.0 3.0 7.0],False,False
[5197.0],[18605.0 20350.0 26455.0 26459.0 27207.0 27421.0 28126.0],[8.0],[1.0 3.0 5.0 11.0 24.0],False,False
[5198.0],[24432.0 26901.0 27622.0],[8.0],[4.0 5.0 17.0],False,False
[5199.0],[24146.0 24898.0 27663.0 28354.0],[8.0],[1.0 2.0 10.0 21.0],False,False
[5200.0],[22578.0],[8.0],[27.0],False,False
[5201.0],[16586.0 26715.0],[8.0],[13.0 23.0],False,False
[5202.0],[25243.0 26755.0 27711.0 27971.0],[8.0],[1.0 2.0 3.0 11.0],False,False
[5203.0],[26764.0],[8.0],[10.0],True,False
[5204.0],[23702.0 26698.0 27369.0 27920.0 28314.0],[8.0],[1.0 2.0 4.0 14.0],False,False
[5205.0],[12383.0 20699.0 24132.0],[8.0],[12.0 20.0 51.0],False,False
[5206.0],[26952.0],[8.0],[13.0],True,False
[5207.0],[21908.0 24856.0 25976.0 28130.0],[8.0],[2.0 8.0 18.0 22.0],False,False
[5208.0],[23020.0 26996.0 27646.0],[8.0],[2.0 21.0],False,False
[5209.0],[18291.0 26248.0 27718.0],[8.0],[6.0 16.0 23.0],False,False
[5210.0],[20446.0 27487.0 28012.0],[8.0],[8.0 9.0 22.0],False,False
[5211.0],[24777.0 28584.0],[8.0],[2.0 21.0],False,False
[5212.0],[27181.0],[8.0],[9.0],True,False
[5213.0],[16939.0 27192.0],[8.0],[7.0 39.0],True,False
[5214.0],[11712.0 27388.0 28127.0 28802.0],[8.0],[3.0 5.0 46.0],False,False
[5215.0],[17597.0],[8.0],[35.0],False,False
[5216.0],[25752.0],[8.0],[16.0],True,False
[5217.0],[26138.0],[8.0],[14.0],True,False
[5218.0],[13749.0 16939.0],[8.0],[39.0 46.0],False,False
[5219.0],[26558.0 27506.0 27733.0 27995.0 28998.0],[8.0],[1.0 3.0 4.0 6.0 9.0],False,False
[5220.0],[12300.0 22571.0],[8.0],[23.0 54.0],False,False
[5221.0],[26675.0 28100.0],[8.0],[3.0 13.0],False,False
[5222.0],[27630.0],[8.0],[8.0],True,True
[5223.0],[11150.0 27443.0],[8.0],[9.0 51.0],False,False
[5224.0],[16176.0 23702.0 24132.0 28314.0 28332.0],[8.0],[2.0 6.0 12.0 14.0 37.0],False,False
[5225.0],[25850.0 28410.0 28831.0],[8.0],[2.0 4.0 9.0],True,False
[5226.0],[27347.0 27349.0 28917.0],[8.0],[3.0 7.0 11.0],False,False
[5227.0],[81.0 26872.0 27860.0 28774.0],[8.0],[2.0 3.0 12.0 87.0],False,False
[5228.0],[22230.0 27877.0],[8.0],[1.0 25.0],True,False
[5229.0],[23584.0],[8.0],[18.0],True,False
[5230.0],[25598.0],[8.0],[15.0],True,False
[5231.0],[18064.0 26870.0 27325.0 29259.0],[8.0],[1.0 2.0 4.0 37.0],False,False
[5232.0],[27641.0 27650.0],[8.0],[6.0 10.0],False,False
[5233.0],[26158.0 29303.0],[8.0],[2.0 15.0],False,False
[5234.0],[24456.0 29301.0],[8.0],[1.0 21.0],False,False
[5235.0],[27976.0 28175.0],[8.0],[4.0 8.0],False,False
[5236.0],[18482.0 26369.0 29095.0],[8.0],[3.0 11.0 38.0],False,False
[5237.0],[27667.0 27928.0 29121.0 29345.0],[8.0],[1.0 3.0 10.0],False,False
[5238.0],[23358.0 28629.0],[8.0],[4.0 22.0],True,False
[5239.0],[27732.0],[8.0],[10.0],False,False
[5240.0],[11146.0 24112.0 25298.0 25503.0],[8.0],[10.0 13.0 16.0 41.0],False,False
[5241.0],[19557.0 28090.0],[8.0],[7.0 29.0],False,False
[5242.0],[20125.0 21784.0],[8.0],[22.0 29.0],False,False
[5243.0],[27333.0],[8.0],[11.0],True,False
[5244.0],[26358.0 27338.0 27614.0 28259.0],[8.0],[6.0 7.0 10.0],False,False
[5245.0],[19265.0 28916.0],[8.0],[4.0 26.0],True,False
[5246.0],[17658.0 28592.0],[8.0],[6.0 40.0],False,False
[5247.0],[16114.0 28300.0],[8.0],[7.0 35.0],True,False
[5248.0],[27633.0 28602.0 28936.0],[8.0],[3.0 5.0 8.0],False,False
[5249.0],[26161.0 28324.0],[8.0],[7.0 15.0],False,False
[5250.0],[27920.0 28802.0 29322.0],[8.0],[2.0 4.0 5.0],False,False
[5251.0],[28115.0 28334.0 28647.0 29336.0 29580.0],[8.0],[1.0 2.0 4.0],False,False
[5252.0],[25529.0],[8.0],[18.0],True,False
[5253.0],[16992.0],[8.0],[42.0],True,False
[5254.0],[27445.0],[8.0],[11.0],False,False
[5255.0],[2619.0],[8.0],[94.0],True,False
[5256.0],[27448.0 28675.0],[8.0],[6.0 7.0],True,False
[5257.0],[20287.0 25292.0 28820.0 28985.0 29150.0 29651.0],[8.0],[1.0 2.0 3.0 4.0 14.0],True,False
[5258.0],[23805.0 28994.0],[8.0],[4.0 18.0],True,False
[5259.0],[28159.0],[8.0],[8.0],True,True
[5260.0],[10811.0 26518.0],[8.0],[15.0 53.0],False,False
[5261.0],[26520.0 28436.0 29424.0],[8.0],[2.0 6.0 9.0],False,False
[5262.0],[22409.0 27769.0 29169.0],[8.0],[3.0 6.0 22.0],False,False
[5263.0],[24012.0 26665.0 29071.0],[8.0],[1.0 10.0 23.0],False,False
[5264.0],[21407.0 27871.0],[8.0],[5.0 27.0],True,False
[5265.0],[21812.0 29086.0 29556.0],[8.0],[1.0 2.0 23.0],False,False
[5266.0],[9861.0 25717.0],[8.0],[14.0 61.0],False,False
[5267.0],[485.0 28281.0 28922.0],[8.0],[3.0 7.0 93.0],False,False
[5268.0],[25717.0 27633.0],[8.0],[8.0 14.0],False,False
[5269.0],[26964.0],[8.0],[13.0],False,False
[5270.0],[23387.0 24186.0 26740.0 29151.0 29602.0],[8.0],[1.0 3.0 7.0 20.0],False,False
[5271.0],[302.0],[8.0],[94.0],True,False
[5272.0],[25717.0 27633.0],[8.0],[8.0 14.0],False,False
[5273.0],[25176.0 25722.0 27895.0 27904.0],[8.0],[5.0 8.0 10.0 18.0],False,False
[5274.0],[12383.0 27420.0 28345.0 29322.0 29341.0],[8.0],[1.0 2.0 10.0 51.0],False,False
[5275.0],[25982.0 26740.0 27956.0 28647.0],[8.0],[4.0 7.0],False,False
[5276.0],[19662.0 29376.0],[8.0],[1.0 32.0],False,False
[5277.0],[18753.0 28253.0 28573.0],[8.0],[4.0 6.0 34.0],False,False
[5278.0],[27597.0 28913.0 29544.0],[8.0],[1.0 3.0 6.0],False,False
[5279.0],[26333.0 26874.0],[8.0],[9.0 15.0],False,False
[5280.0],[26675.0 28100.0 28921.0],[8.0],[3.0 13.0],False,False
[5281.0],[3840.0 18823.0 28275.0 29279.0],[8.0],[1.0 34.0 80.0],False,False
[5282.0],[535.0 28588.0],[8.0],[2.0 99.0],True,False
[5283.0],[2542.0 28105.0],[8.0],[8.0 90.0],False,False
[5284.0],[19263.0 28107.0 28787.0 29560.0],[8.0],[1.0 4.0 6.0 27.0],False,False
[5285.0],[8167.0 28606.0 28931.0 29293.0],[8.0],[1.0 3.0 5.0 59.0],False,False
[5286.0],[23020.0 29119.0],[8.0],[2.0 21.0],False,False
[5287.0],[27387.0 27667.0 28117.0 29121.0],[8.0],[1.0 3.0 10.0],False,False
[5288.0],[12383.0 27420.0 28345.0 29322.0 29341.0],[8.0],[1.0 2.0 10.0 51.0],False,False
[5289.0],[27226.0 28125.0 28126.0 28129.0 28639.0 28990.0],[8.0],[1.0 2.0 7.0 10.0],False,False
[5290.0],[19383.0 22010.0 24198.0],[8.0],[14.0 17.0 24.0],False,False
[5291.0],[12858.0 27283.0 28687.0 29655.0],[8.0],[1.0 10.0 45.0],False,False
[5292.0],[178.0 1918.0],[7.0],[1.0 21.0],False,False
[5293.0],[190.0 2148.0 2521.0],[7.0],[2.0 6.0 13.0],False,False
[5294.0],[209.0 2140.0],[7.0],[4.0 94.0],True,False
[5295.0],[161.0 1667.0],[7.0],[7.0 16.0],False,False
[5296.0],[221.0],[7.0],[25.0],True,False
[5297.0],[142.0 278.0 2142.0],[7.0],[2.0 10.0 11.0],False,False
[5298.0],[242.0],[7.0],[7.0],True,True
[5299.0],[185.0 1675.0 1922.0],[7.0],[2.0 5.0 32.0],False,False
[5300.0],[203.0 1674.0],[7.0],[11.0 13.0],False,False
[5301.0],[305.0],[7.0],[8.0],True,False
[5302.0],[300.0 1681.0],[7.0],[7.0 70.0],True,False
[5303.0],[322.0],[7.0],[24.0],True,False
[5304.0],[371.0 399.0],[7.0],[7.0 45.0],True,False
[5305.0],[459.0 2160.0],[7.0],[3.0 4.0],False,False
[5306.0],[475.0],[7.0],[7.0],True,True
[5307.0],[536.0],[7.0],[27.0],True,False
[5308.0],[605.0],[7.0],[38.0],False,False
[5309.0],[585.0],[7.0],[8.0],True,False
[5310.0],[583.0 631.0],[7.0],[6.0 20.0],False,False
[5311.0],[756.0 1741.0],[7.0],[3.0 94.0],True,False
[5312.0],[770.0 1740.0],[7.0],[3.0 7.0],False,False
[5313.0],[685.0 725.0 2179.0],[7.0],[3.0 11.0 31.0],False,False
[5314.0],[804.0 837.0 1762.0],[7.0],[5.0 6.0 7.0],False,False
[5315.0],[979.0 2009.0],[7.0],[7.0 11.0],True,False
[5316.0],[968.0 1778.0 2009.0],[7.0],[3.0 4.0 7.0],False,False
[5317.0],[933.0 1050.0],[7.0],[4.0 6.0],False,False
[5318.0],[1025.0 2205.0 2822.0],[7.0],[1.0 16.0 22.0],False,False
[5319.0],[1015.0 1164.0],[7.0],[9.0 25.0],False,False
[5320.0],[1060.0 1112.0 2028.0],[7.0],[3.0 7.0 8.0],True,False
[5321.0],[1378.0 2244.0],[7.0],[4.0 20.0],True,False
[5322.0],[1282.0 1346.0],[7.0],[5.0 21.0],False,False
[5325.0],[450.0 1982.0 2166.0 2747.0],[7.0],[1.0 4.0 30.0 52.0],False,False
[5326.0],[682.0 743.0 1723.0],[7.0],[5.0 6.0 14.0],False,False
[5327.0],[721.0 2563.0],[7.0],[9.0 33.0],True,False
[5328.0],[689.0 745.0 1745.0],[7.0],[5.0 11.0 22.0],False,False
[5329.0],[838.0 860.0 2187.0 2359.0 2557.0],[7.0],[2.0 7.0],False,False
[5330.0],[971.0 1774.0],[7.0],[5.0 12.0],False,False
[5331.0],[1152.0 1158.0],[7.0],[6.0 15.0],False,False
[5332.0],[829.0 1972.0 2337.0 2550.0],[7.0],[1.0 5.0 54.0],False,False
[5333.0],[699.0 706.0 2552.0],[7.0],[3.0 7.0 97.0],False,False
[5334.0],[523.0 1982.0 2166.0 2804.0],[7.0],[1.0 3.0 4.0 68.0],False,False
[5335.0],[768.0 876.0 1970.0],[7.0],[3.0 18.0 43.0],False,False
[5336.0],[906.0 998.0 1808.0 2589.0],[7.0],[1.0 4.0 7.0 20.0],False,False
[5337.0],[971.0 1039.0 1117.0],[7.0],[3.0 10.0 12.0],False,False
[5338.0],[516.0 564.0 1950.0 2333.0 2744.0],[7.0],[1.0 2.0 8.0 22.0],False,False
[5339.0],[523.0 552.0 2546.0 2748.0],[7.0],[1.0 9.0 12.0 68.0],False,False
[5340.0],[606.0 1725.0 1728.0 1968.0 2548.0],[7.0],[1.0 4.0 10.0],False,False
[5341.0],[821.0 1995.0],[7.0],[7.0 9.0],False,False
[5342.0],[840.0],[7.0],[99.0],False,False
[5343.0],[1189.0 2405.0 2852.0],[7.0],[1.0 5.0],False,False
[5344.0],[1100.0 1118.0],[7.0],[9.0 20.0],False,False
[5345.0],[789.0 3015.0],[7.0],[1.0 27.0],True,False
[5346.0],[1237.0 1310.0 3099.0],[7.0],[5.0 8.0 11.0],True,False
[5347.0],[1103.0 1154.0 2409.0 2855.0],[7.0],[4.0 5.0 10.0 11.0],False,False
[5348.0],[838.0 860.0 2187.0 2359.0 2564.0],[7.0],[2.0 7.0 13.0],False,False
[5349.0],[659.0 690.0 746.0 1969.0 1973.0],[7.0],[3.0 4.0 13.0 40.0],False,False
[5350.0],[652.0 730.0 3002.0],[7.0],[10.0 20.0 21.0],False,False
[5351.0],[1204.0 1249.0 1349.0 1401.0 1843.0],[7.0],[2.0 5.0 6.0 8.0],False,False
[5352.0],[308.0 2308.0],[7.0],[5.0 14.0],False,False
[5353.0],[1059.0],[7.0],[9.0],True,False
[5354.0],[355.0 1934.0 3217.0],[7.0],[1.0 7.0],False,False
[5355.0],[523.0 2166.0 2747.0],[7.0],[4.0 52.0 68.0],False,False
[5356.0],[444.0],[7.0],[46.0],True,False
[5357.0],[790.0 2190.0 2763.0 3014.0 3449.0],[7.0],[1.0 3.0 12.0 13.0 16.0],False,False
[5358.0],[405.0 1658.0 2156.0 2539.0 3206.0],[7.0],[1.0 2.0 6.0 13.0],False,False
[5359.0],[1150.0 2389.0],[7.0],[6.0 11.0],False,False
[5360.0],[1152.0 1158.0 2836.0],[7.0],[6.0 9.0 15.0],False,False
[5361.0],[1355.0 1578.0 2657.0 3340.0 3357.0],[7.0],[2.0 5.0 6.0 7.0 23.0],False,False
[5362.0],[552.0 718.0 2546.0 3623.0],[7.0],[9.0 10.0 12.0 29.0],False,False
[5363.0],[1064.0 2597.0 3081.0],[7.0],[2.0 5.0 7.0],False,False
[5364.0],[272.0],[7.0],[48.0],False,False
[5365.0],[649.0 688.0 696.0 2766.0 3252.0],[7.0],[1.0 5.0 8.0 10.0 33.0],False,False
[5366.0],[875.0 907.0 2351.0 3038.0],[7.0],[2.0 3.0 4.0 6.0],False,False
[5367.0],[1027.0],[7.0],[17.0],False,False
[5368.0],[1256.0 2033.0 3092.0 3702.0],[7.0],[2.0 5.0 14.0],False,False
[5369.0],[169.0 2516.0],[7.0],[6.0 60.0],False,False
[5370.0],[401.0 2736.0],[7.0],[8.0 10.0],False,False
[5371.0],[947.0 3039.0],[7.0],[8.0 11.0],False,False
[5372.0],[864.0 915.0 3281.0],[7.0],[4.0 12.0 14.0],False,False
[5373.0],[2597.0 3078.0 3873.0],[7.0],[1.0 2.0 18.0],False,False
[5374.0],[977.0 1032.0 3042.0 3480.0 3671.0],[7.0],[1.0 4.0 5.0 12.0],False,False
[5375.0],[98.0 215.0 248.0 2308.0],[7.0],[5.0 8.0 24.0],False,False
[5376.0],[731.0 3264.0],[7.0],[9.0 37.0],False,False
[5377.0],[804.0 2795.0 3274.0],[7.0],[3.0 5.0 6.0],False,False
[5378.0],[377.0 466.0],[7.0],[9.0 67.0],False,False
[5379.0],[975.0 1018.0 3137.0 3337.0 4360.0],[7.0],[1.0 3.0 5.0 10.0 14.0],False,False
[5380.0],[3220.0],[7.0],[7.0],True,True
[5381.0],[697.0 3444.0 3634.0],[7.0],[9.0 10.0 21.0],False,False
[5382.0],[3034.0 3472.0 3867.0],[7.0],[4.0 6.0 7.0],False,False
[5383.0],[845.0 2010.0 2826.0 4032.0 4296.0],[7.0],[2.0 5.0 7.0 13.0],False,False
[5384.0],[3062.0 3675.0 4314.0],[7.0],[1.0 10.0 21.0],False,False
[5385.0],[156.0 225.0 3987.0],[7.0],[4.0 26.0 31.0],False,False
[5386.0],[3032.0 3654.0 4270.0 4817.0],[7.0],[1.0 3.0 5.0],False,False
[5387.0],[718.0 3623.0 4253.0 4799.0],[7.0],[2.0 5.0 10.0 29.0],False,False
[5388.0],[1000.0 1062.0 4049.0 4870.0],[7.0],[6.0 7.0 10.0 14.0],False,False
[5389.0],[178.0 1666.0 1670.0 4443.0],[7.0],[8.0 10.0 21.0],False,False
[5390.0],[145.0],[7.0],[16.0],True,False
[5392.0],[3661.0 3849.0],[7.0],[5.0 25.0],False,False
[5393.0],[2190.0 3894.0 4045.0 4076.0],[7.0],[2.0 5.0 8.0 12.0],False,False
[5394.0],[886.0 1993.0 2796.0],[7.0],[13.0 24.0 51.0],True,False
[5395.0],[675.0 2172.0],[7.0],[14.0 18.0],False,False
[5396.0],[857.0 4267.0 4280.0],[7.0],[5.0 9.0 21.0],False,False
[5397.0],[3060.0],[7.0],[10.0],True,False
[5398.0],[3935.0 4382.0 4668.0 4907.0],[7.0],[2.0 6.0 20.0 33.0],False,False
[5399.0],[857.0 4492.0 4811.0],[7.0],[1.0 9.0 21.0],False,False
[5400.0],[338.0 3823.0],[7.0],[12.0 80.0],False,False
[5401.0],[3996.0],[7.0],[7.0],True,True
[5402.0],[856.0],[7.0],[38.0],True,False
[5403.0],[3553.0 3723.0],[7.0],[8.0 14.0],False,False
[5404.0],[1962.0 4482.0 5286.0],[7.0],[8.0 21.0 30.0],False,False
[5405.0],[2841.0],[7.0],[16.0],False,False
[5406.0],[1323.0 3694.0 4593.0],[7.0],[4.0 5.0 33.0],False,False
[5407.0],[645.0 4480.0],[7.0],[5.0 19.0],False,False
[5408.0],[1745.0 4256.0 4499.0],[7.0],[4.0 5.0 22.0],False,False
[5409.0],[2344.0 3272.0 3641.0],[7.0],[7.0 9.0 36.0],False,False
[5410.0],[1396.0 1831.0 5137.0],[7.0],[2.0 15.0 99.0],False,False
[5411.0],[4123.0 5003.0 5167.0],[7.0],[2.0 6.0 8.0],False,False
[5412.0],[302.0 3204.0 5249.0],[7.0],[5.0 26.0 94.0],False,False
[5413.0],[4237.0],[7.0],[7.0],False,True
[5414.0],[3295.0 4551.0],[7.0],[6.0 29.0],False,False
[5415.0],[2957.0 3407.0],[7.0],[7.0 28.0],True,False
[5416.0],[3465.0 4825.0 5843.0],[7.0],[3.0 5.0 10.0],False,False
[5417.0],[2773.0 6064.0],[7.0],[1.0 12.0],True,False
[5418.0],[855.0 948.0 5099.0],[7.0],[10.0 17.0 34.0],False,False
[5419.0],[3272.0 3641.0 4548.0 5598.0 5826.0 6054.0],[7.0],[1.0 4.0 5.0 7.0 36.0 38.0],False,False
[5420.0],[1016.0],[7.0],[35.0],False,False
[5421.0],[321.0 4774.0 5530.0],[7.0],[4.0 14.0 26.0],False,False
[5422.0],[912.0 3461.0],[7.0],[5.0 34.0],False,False
[5423.0],[4092.0 4598.0],[7.0],[3.0 14.0],True,False
[5424.0],[4524.0 4839.0 4858.0 5598.0 6320.0],[7.0],[1.0 2.0 5.0 13.0],False,False
[5425.0],[5062.0],[7.0],[7.0],True,True
[5426.0],[831.0],[7.0],[27.0],False,False
[5427.0],[395.0 5044.0],[7.0],[18.0 19.0],False,False
[5428.0],[1732.0],[7.0],[22.0],True,False
[5429.0],[3078.0],[7.0],[18.0],False,False
[5430.0],[2564.0 3275.0 3474.0 6297.0],[7.0],[8.0 11.0 13.0 24.0],False,False
[5431.0],[2195.0 5287.0 5536.0 5788.0 6270.0 6507.0],[7.0],[1.0 2.0 28.0 54.0],False,False
[5432.0],[4097.0 5366.0 5392.0 6367.0],[7.0],[1.0 2.0 4.0 15.0],False,False
[5433.0],[688.0 2766.0 6032.0],[7.0],[2.0 10.0 33.0],False,False
[5434.0],[359.0 450.0 3997.0 6497.0 6895.0],[7.0],[5.0 13.0 18.0 28.0 30.0],False,False
[5435.0],[536.0],[7.0],[27.0],True,False
[5436.0],[4651.0 5367.0 5382.0 5885.0 6394.0 6967.0],[7.0],[1.0 2.0 3.0 6.0 10.0 17.0],False,False
[5437.0],[829.0 5061.0 5784.0 6290.0 6704.0],[7.0],[1.0 4.0 20.0 54.0],False,False
[5438.0],[3462.0],[7.0],[14.0],True,False
[5439.0],[5282.0 6509.0],[7.0],[5.0 22.0],False,False
[5440.0],[5536.0 5788.0 6507.0],[7.0],[1.0 2.0 28.0],False,False
[5441.0],[877.0 938.0],[7.0],[18.0 21.0],False,False
[5442.0],[3820.0 6687.0],[7.0],[15.0 18.0],False,False
[5443.0],[1742.0 3265.0],[7.0],[21.0 22.0],True,False
[5444.0],[4030.0 6070.0 6074.0],[7.0],[2.0 11.0 13.0],False,False
[5445.0],[1355.0 2621.0 6809.0],[7.0],[12.0 21.0 23.0],False,False
[5446.0],[1355.0 6809.0],[7.0],[12.0 23.0],False,False
[5447.0],[4800.0],[7.0],[31.0],False,False
[5448.0],[5877.0 6353.0 6783.0],[7.0],[5.0 6.0 13.0],False,False
[5449.0],[2544.0 5058.0],[7.0],[13.0 22.0],True,False
[5450.0],[764.0 2181.0 6923.0],[7.0],[4.0 34.0 53.0],False,False
[5451.0],[3859.0 6040.0 6721.0 7166.0 7445.0 7654.0],[7.0],[1.0 3.0 4.0 12.0],False,False
[5452.0],[1998.0 2810.0 6079.0 7457.0],[7.0],[1.0 2.0 23.0 26.0],False,False
[5453.0],[5550.0 5563.0 7130.0 7157.0 7639.0],[7.0],[2.0 5.0 10.0 19.0],False,False
[5454.0],[895.0 3863.0 6720.0],[7.0],[4.0 28.0 33.0],True,False
[5455.0],[6106.0 6327.0],[7.0],[2.0 10.0],False,False
[5456.0],[731.0 5298.0],[7.0],[37.0 42.0],False,False
[5457.0],[6289.0 7642.0],[7.0],[7.0 12.0],False,False
[5458.0],[5877.0],[7.0],[13.0],False,False
[5459.0],[829.0 6290.0 6704.0],[7.0],[1.0 20.0 54.0],False,False
[5460.0],[963.0 5562.0 5564.0 6728.0 7162.0 7931.0],[7.0],[1.0 2.0 6.0 7.0 9.0 34.0],False,False
[5461.0],[2578.0 5721.0 6796.0 6974.0 7250.0 7501.0],[7.0],[1.0 2.0 5.0 11.0 15.0 38.0],False,False
[5462.0],[4063.0],[7.0],[25.0],True,False
[5463.0],[6546.0],[7.0],[71.0],True,False
[5464.0],[4616.0 6143.0],[7.0],[17.0 20.0],True,False
[5465.0],[6684.0],[7.0],[23.0],True,False
[5466.0],[5820.0],[7.0],[11.0],True,False
[5467.0],[3062.0 7172.0 8209.0],[7.0],[4.0 21.0],False,False
[5468.0],[1297.0 6814.0],[7.0],[21.0 58.0],False,False
[5469.0],[5312.0 5550.0 7639.0 8184.0],[7.0],[2.0 3.0 14.0 19.0],False,False
[5470.0],[2556.0 3863.0],[7.0],[19.0 28.0],False,False
[5471.0],[143.0 3995.0 7070.0 7393.0],[7.0],[3.0 21.0 32.0 54.0],False,False
[5472.0],[6043.0 6297.0 7135.0 7651.0],[7.0],[1.0 2.0 11.0],False,False
[5473.0],[6340.0 6757.0 6979.0 7216.0 7718.0 7979.0 8225.0],[7.0],[1.0 3.0 4.0 11.0],False,False
[5474.0],[535.0 3236.0],[7.0],[21.0 99.0],False,False
[5475.0],[5756.0 7588.0],[7.0],[5.0 77.0],False,False
[5476.0],[474.0 7090.0 7402.0],[7.0],[2.0 6.0 47.0],False,False
[5477.0],[1314.0 7972.0],[7.0],[13.0 26.0],False,False
[5478.0],[6761.0 7213.0],[7.0],[1.0 11.0],False,False
[5479.0],[3272.0 6278.0 6279.0],[7.0],[5.0 14.0 36.0],False,False
[5480.0],[6933.0 6937.0 7156.0 7930.0],[7.0],[1.0 2.0 5.0 11.0],False,False
[5481.0],[900.0 2587.0 7918.0 8176.0 8887.0],[7.0],[1.0 3.0 43.0 94.0],False,False
[5482.0],[1155.0 7209.0],[7.0],[3.0 37.0],False,False
[5483.0],[2621.0 4083.0 7244.0 7266.0 8244.0 8570.0 8947.0],[7.0],[2.0 3.0 4.0 9.0 13.0 21.0],False,False
[5484.0],[5593.0 6334.0 7476.0],[7.0],[4.0 7.0 17.0],False,False
[5485.0],[618.0 2175.0 7414.0],[7.0],[21.0 31.0 71.0],True,False
[5486.0],[2794.0 6065.0 7151.0 8181.0 8543.0 9068.0],[7.0],[1.0 2.0 5.0 8.0 17.0],False,False
[5487.0],[5914.0 6371.0 7496.0 7718.0 8004.0 8663.0 8946.0],[7.0],[1.0 2.0 4.0 5.0 7.0],False,False
[5488.0],[1323.0 8016.0],[7.0],[7.0 33.0],False,False
[5489.0],[5788.0 7116.0 8866.0],[7.0],[1.0 28.0],False,False
[5490.0],[5117.0 6737.0 8210.0 8569.0 8618.0],[7.0],[3.0 4.0 15.0],False,False
[5491.0],[7620.0],[7.0],[9.0],True,False
[5492.0],[4767.0 5253.0 7580.0 8133.0],[7.0],[10.0 13.0 15.0 34.0],False,False
[5493.0],[6117.0],[7.0],[39.0],False,False
[5494.0],[223.0 6886.0],[7.0],[34.0 70.0],True,False
[5495.0],[523.0 3623.0],[7.0],[29.0 68.0],False,False
[5496.0],[5322.0 8188.0 8891.0 8904.0 9646.0],[7.0],[2.0 5.0 9.0 10.0 23.0],False,False
[5497.0],[7686.0 7956.0],[7.0],[6.0],False,False
[5498.0],[2542.0 8140.0 8464.0 9047.0 9249.0],[7.0],[1.0 2.0 3.0 90.0],False,False
[5499.0],[5117.0 8210.0 8557.0 8613.0 8618.0 9660.0],[7.0],[1.0 2.0 3.0 15.0],False,False
[5500.0],[5186.0 7268.0 7791.0 8694.0],[7.0],[3.0 6.0 22.0 31.0],False,False
[5501.0],[5253.0 5278.0 7580.0 9617.0],[7.0],[5.0 10.0 13.0],False,False
[5502.0],[7952.0 8596.0 9082.0],[7.0],[3.0 6.0],True,False
[5503.0],[5367.0 8303.0 8744.0 8996.0],[7.0],[2.0 4.0 5.0 17.0],False,False
[5504.0],[5495.0 6225.0 8424.0 9233.0 9829.0],[7.0],[1.0 13.0 18.0 23.0],False,False
[5505.0],[8173.0 8869.0],[7.0],[8.0 10.0],False,False
[5506.0],[8499.0 9627.0],[7.0],[3.0 5.0],True,False
[5507.0],[3866.0 9354.0],[7.0],[13.0 14.0],True,False
[5508.0],[1016.0 6763.0 7461.0],[7.0],[6.0 35.0 38.0],False,False
[5509.0],[2675.0 3732.0 7330.0],[7.0],[17.0 30.0 40.0],True,False
[5510.0],[6109.0 6749.0 7663.0 8209.0 9104.0 9366.0],[7.0],[1.0 4.0 13.0 14.0 15.0],False,False
[5511.0],[5894.0 6390.0 6650.0 8091.0 9464.0 9507.0],[7.0],[6.0 8.0 10.0 16.0 33.0],False,False
[5512.0],[4761.0 8847.0],[7.0],[2.0 41.0],False,False
[5513.0],[240.0 9236.0],[7.0],[9.0 38.0],True,False
[5514.0],[678.0 9062.0],[7.0],[7.0 45.0],True,False
[5515.0],[8418.0],[7.0],[9.0],False,False
[5516.0],[7125.0 8872.0],[7.0],[6.0 12.0],False,False
[5517.0],[282.0],[7.0],[39.0],False,False
[5518.0],[7965.0],[7.0],[12.0],False,False
[5519.0],[3122.0 8724.0 9488.0],[7.0],[3.0 10.0 43.0],False,False
[5520.0],[6710.0 9320.0],[7.0],[4.0 76.0],False,False
[5521.0],[2775.0 6703.0 10407.0],[7.0],[12.0 16.0 62.0],False,False
[5522.0],[6135.0 8373.0 9432.0 9957.0 9975.0 10568.0],[7.0],[2.0 3.0 8.0 13.0 38.0],False,False
[5523.0],[8719.0],[7.0],[16.0],False,False
[5524.0],[8904.0 9646.0],[7.0],[9.0 23.0],False,False
[5525.0],[6332.0 9075.0 9081.0 10762.0],[7.0],[5.0 12.0 16.0 28.0],True,False
[5526.0],[688.0 5295.0 10399.0],[7.0],[18.0 20.0 33.0],False,False
[5527.0],[9373.0 11127.0],[7.0],[5.0 7.0],False,False
[5528.0],[6814.0 9393.0],[7.0],[2.0 58.0],False,False
[5529.0],[9370.0],[7.0],[8.0],True,False
[5530.0],[9653.0],[7.0],[9.0],True,False
[5531.0],[6109.0 9104.0],[7.0],[14.0 15.0],False,False
[5532.0],[9105.0 10172.0],[7.0],[21.0 27.0],False,False
[5533.0],[8535.0 9064.0 10423.0 10730.0],[7.0],[2.0 5.0 8.0 12.0],True,False
[5534.0],[7454.0],[7.0],[14.0],True,False
[5535.0],[9080.0 9088.0 9662.0 10140.0],[7.0],[1.0 8.0 10.0 25.0],False,False
[5536.0],[479.0 9269.0 10104.0 10927.0],[7.0],[2.0 4.0 21.0 44.0],False,False
[5537.0],[7202.0 8918.0 10479.0 10755.0 11133.0],[7.0],[1.0 2.0 5.0 9.0 28.0],False,False
[5538.0],[9339.0],[7.0],[12.0],True,False
[5539.0],[4301.0 9371.0 11637.0],[7.0],[8.0 34.0],False,False
[5540.0],[6262.0 10930.0],[7.0],[5.0 45.0],True,False
[5541.0],[2299.0 9223.0],[7.0],[8.0 89.0],True,False
[5542.0],[143.0 3995.0 10697.0 11912.0],[7.0],[2.0 6.0 32.0 54.0],False,False
[5543.0],[10326.0 10838.0],[7.0],[3.0 7.0],False,False
[5544.0],[8898.0 10172.0 11657.0],[7.0],[6.0 9.0 21.0],False,False
[5545.0],[653.0 10718.0 11261.0 11543.0 11947.0],[7.0],[1.0 3.0 7.0 74.0],False,False
[5546.0],[3272.0 6279.0 6505.0],[7.0],[14.0 24.0 36.0],False,False
[5547.0],[912.0 8601.0 8904.0 11278.0],[7.0],[5.0 12.0 23.0 34.0],False,False
[5548.0],[9075.0 10502.0],[7.0],[5.0 10.0],True,False
[5549.0],[10737.0 11100.0 11279.0 12318.0],[7.0],[3.0 4.0 5.0],False,False
[5550.0],[10566.0 10788.0 10805.0 10996.0 12068.0],[7.0],[2.0 3.0 4.0 11.0],False,False
[5551.0],[268.0 9607.0 9833.0],[7.0],[5.0 34.0 43.0],False,False
[5552.0],[10167.0 10964.0],[7.0],[1.0 42.0],False,False
[5553.0],[8898.0 8929.0 9950.0 11109.0 11367.0],[7.0],[3.0 7.0 9.0 15.0 30.0],False,False
[5554.0],[1341.0 6120.0 12408.0],[7.0],[4.0 30.0 68.0],False,False
[5555.0],[2986.0],[7.0],[72.0],False,False
[5556.0],[10740.0 11580.0 11995.0 12299.0],[7.0],[1.0 2.0 4.0],False,False
[5557.0],[9833.0],[7.0],[34.0],True,False
[5558.0],[1394.0 10562.0],[7.0],[14.0 94.0],False,False
[5559.0],[8876.0 10394.0 11265.0 11564.0],[7.0],[1.0 6.0 12.0 21.0],False,False
[5560.0],[7231.0 10503.0],[7.0],[7.0 45.0],False,False
[5561.0],[8597.0 9729.0 12551.0],[7.0],[2.0 9.0 47.0],False,False
[5562.0],[6716.0 12302.0],[7.0],[1.0 27.0],False,False
[5563.0],[11126.0 11305.0],[7.0],[6.0 7.0],True,False
[5564.0],[2973.0 8854.0 12976.0],[7.0],[2.0 27.0 37.0],False,False
[5565.0],[6369.0 11689.0],[7.0],[17.0 22.0],False,False
[5566.0],[9081.0 9420.0 9956.0 10502.0],[7.0],[10.0 13.0 21.0 28.0],False,False
[5567.0],[2181.0 5788.0 12651.0 13329.0],[7.0],[1.0 2.0 28.0 53.0],False,False
[5568.0],[7907.0 10114.0 10399.0],[7.0],[8.0 15.0 20.0],False,False
[5569.0],[8017.0 9097.0 10977.0 11342.0 12724.0 13084.0 13473.0],[7.0],[1.0 2.0 10.0 11.0 13.0 14.0],False,False
[5570.0],[11254.0 11540.0 13309.0],[7.0],[5.0 9.0 28.0],False,False
[5571.0],[10429.0 11331.0 11580.0 12299.0 12671.0 13755.0],[7.0],[1.0 2.0 3.0 4.0],False,False
[5572.0],[5903.0 12045.0 12787.0],[7.0],[2.0 12.0 32.0],False,False
[5573.0],[9570.0 10800.0 13082.0 13486.0 13835.0],[7.0],[2.0 8.0],False,False
[5574.0],[5837.0 9898.0 10731.0 10743.0],[7.0],[8.0 11.0 16.0],False,False
[5575.0],[10449.0 13057.0],[7.0],[4.0 10.0],False,False
[5576.0],[11139.0 11150.0 12362.0 12720.0 13398.0 13792.0],[7.0],[1.0 2.0 14.0 51.0],False,False
[5577.0],[7099.0],[7.0],[39.0],True,False
[5578.0],[2986.0],[7.0],[72.0],False,False
[5579.0],[10400.0],[7.0],[44.0],False,False
[5580.0],[12097.0 12392.0 12790.0 12843.0 13550.0],[7.0],[4.0 5.0 7.0 8.0 9.0],False,False
[5581.0],[6258.0 10095.0],[7.0],[10.0 45.0],False,False
[5582.0],[8521.0 10940.0],[7.0],[26.0 30.0],True,False
[5583.0],[4301.0 11637.0 13071.0],[7.0],[7.0 8.0 34.0],False,False
[5584.0],[8226.0 12047.0],[7.0],[2.0 17.0],True,False
[5585.0],[11396.0 12080.0 12416.0 13951.0 14083.0 14259.0],[7.0],[1.0 3.0 5.0 7.0 13.0 15.0],False,False
[5586.0],[7863.0 12420.0],[7.0],[11.0 29.0],True,False
[5587.0],[8590.0 10769.0 12352.0 12353.0 12360.0 13066.0 14247.0],[7.0],[2.0 3.0 5.0 17.0 18.0 20.0 33.0],False,False
[5588.0],[11982.0 11985.0 12665.0 13759.0],[7.0],[1.0 2.0 3.0 6.0],False,False
[5589.0],[6117.0 12355.0 12725.0 13409.0 13811.0],[7.0],[1.0 11.0 39.0],False,False
[5590.0],[4318.0 8598.0 9884.0 11992.0],[7.0],[10.0 37.0 44.0 59.0],False,False
[5591.0],[9240.0 10701.0 12583.0],[7.0],[3.0 13.0 26.0],False,False
[5592.0],[8581.0 9654.0 12323.0],[7.0],[15.0 17.0 34.0],True,False
[5593.0],[10281.0],[7.0],[28.0],False,False
[5594.0],[3619.0 13276.0],[7.0],[18.0 60.0],False,False
[5595.0],[12703.0 13400.0 13777.0],[7.0],[4.0 9.0 43.0],False,False
[5596.0],[9861.0 13327.0 14487.0],[7.0],[6.0 7.0 61.0],False,False
[5597.0],[8904.0 10253.0 12706.0],[7.0],[1.0 9.0 23.0],False,False
[5598.0],[1341.0 12883.0 13117.0],[7.0],[1.0 2.0 68.0],True,False
[5599.0],[9861.0 13327.0],[7.0],[6.0 61.0],False,False
[5600.0],[3659.0 9354.0 13389.0 13414.0 13799.0],[7.0],[1.0 4.0 6.0 13.0 38.0],False,False
[5601.0],[5628.0 11712.0],[7.0],[31.0 46.0],False,False
[5602.0],[6777.0 9117.0 12001.0 14550.0],[7.0],[2.0 7.0 15.0 32.0],False,False
[5603.0],[12666.0 14492.0],[7.0],[9.0 43.0],False,False
[5604.0],[9091.0],[7.0],[23.0],True,False
[5605.0],[10741.0 14008.0],[7.0],[5.0 20.0],False,False
[5606.0],[10420.0 13020.0],[7.0],[22.0 24.0],False,False
[5607.0],[6931.0 8183.0 14514.0 15414.0],[7.0],[1.0 3.0 20.0 32.0],False,False
[5608.0],[5757.0 8846.0],[7.0],[22.0 36.0],False,False
[5609.0],[9833.0 12584.0],[7.0],[7.0 34.0],False,False
[5610.0],[10520.0 13466.0 14029.0 14613.0],[7.0],[2.0 5.0 7.0 16.0],True,False
[5611.0],[13855.0],[7.0],[16.0],True,False
[5612.0],[8985.0 11459.0 12195.0 12842.0 15173.0],[7.0],[5.0 9.0 10.0 14.0 18.0],True,False
[5613.0],[9105.0 15062.0],[7.0],[11.0 27.0],False,False
[5614.0],[10166.0 13435.0 13778.0 14028.0 15788.0],[7.0],[8.0 16.0 19.0 25.0 27.0],False,False
[5615.0],[6888.0 11920.0 14427.0 14831.0 15336.0],[7.0],[1.0 3.0 10.0 22.0 39.0],False,False
[5616.0],[10722.0 14881.0],[7.0],[6.0 25.0],False,False
[5617.0],[8408.0 14412.0],[7.0],[6.0 42.0],False,False
[5618.0],[10700.0 14415.0],[7.0],[10.0 28.0],False,False
[5619.0],[11722.0 12453.0 14290.0 16205.0],[7.0],[3.0 6.0 7.0 43.0],True,False
[5620.0],[8937.0 15031.0],[7.0],[4.0 44.0],False,False
[5621.0],[794.0],[7.0],[73.0],False,False
[5622.0],[9829.0 13257.0],[7.0],[18.0 30.0],False,False
[5623.0],[14439.0],[7.0],[7.0],True,True
[5624.0],[8488.0 11268.0 14184.0],[7.0],[2.0 18.0 55.0],False,False
[5625.0],[11092.0],[7.0],[17.0],True,False
[5626.0],[13084.0 15884.0],[7.0],[8.0 10.0],False,False
[5627.0],[7709.0 11650.0 16208.0],[7.0],[3.0 10.0 40.0],False,False
[5628.0],[14198.0 14484.0 16125.0 16542.0],[7.0],[2.0 4.0 5.0 39.0],False,False
[5629.0],[13349.0 13381.0 15422.0 15748.0 16133.0 16948.0],[7.0],[1.0 2.0 4.0 6.0],False,False
[5630.0],[10963.0 12030.0 14544.0 15007.0 15776.0],[7.0],[2.0 3.0 9.0 21.0],False,False
[5631.0],[9186.0 15090.0 15104.0 15160.0 15560.0 16731.0],[7.0],[1.0 2.0 4.0 7.0 19.0],False,False
[5632.0],[4455.0 16481.0 17237.0],[7.0],[1.0 40.0],True,False
[5633.0],[6931.0 14491.0 15414.0 16567.0 16584.0 17293.0],[7.0],[1.0 2.0 3.0 4.0 32.0],False,False
[5634.0],[9348.0 10150.0 11986.0 14568.0 15456.0 15803.0],[7.0],[5.0 7.0 11.0 12.0 15.0 34.0],False,False
[5635.0],[11017.0 14684.0 15554.0],[7.0],[3.0 4.0 19.0],True,False
[5636.0],[10963.0],[7.0],[21.0],True,False
[5637.0],[11880.0 13107.0 13187.0 14623.0 15173.0],[7.0],[5.0 6.0 8.0 10.0],False,False
[5638.0],[14906.0],[7.0],[8.0],True,False
[5639.0],[11563.0],[7.0],[16.0],True,False
[5640.0],[7644.0],[7.0],[32.0],False,False
[5641.0],[12998.0 14198.0 15730.0 16566.0 16943.0],[7.0],[2.0 3.0 6.0 7.0 39.0],True,False
[5642.0],[15090.0 15113.0 15166.0 15541.0 15560.0 17882.0],[7.0],[2.0 3.0 4.0 7.0],False,False
[5643.0],[14847.0 17235.0],[7.0],[2.0 9.0],False,False
[5644.0],[14558.0 16197.0],[7.0],[5.0 10.0],False,False
[5645.0],[10356.0 13701.0 16039.0],[7.0],[5.0 33.0 42.0],False,False
[5646.0],[14834.0],[7.0],[39.0],True,False
[5647.0],[7099.0],[7.0],[39.0],True,False
[5648.0],[14965.0 16131.0 16147.0 16567.0 17287.0],[7.0],[1.0 2.0 18.0],False,False
[5649.0],[12777.0 15859.0],[7.0],[8.0 15.0],False,False
[5650.0],[14518.0 14566.0 17319.0],[7.0],[2.0 7.0 37.0],False,False
[5651.0],[11367.0 15821.0],[7.0],[25.0 30.0],False,False
[5652.0],[14469.0 15423.0 17699.0],[7.0],[6.0 9.0 14.0],False,False
[5653.0],[9472.0],[7.0],[29.0],True,False
[5654.0],[416.0 458.0 12589.0],[7.0],[42.0 57.0 79.0],True,False
[5655.0],[5795.0],[7.0],[39.0],True,False
[5656.0],[16118.0 16932.0],[7.0],[4.0 14.0],False,False
[5657.0],[13361.0 16131.0 17287.0],[7.0],[2.0 9.0 18.0],False,False
[5658.0],[7703.0 15423.0 15774.0 16184.0 17699.0],[7.0],[2.0 6.0 9.0 16.0 54.0],False,False
[5659.0],[14207.0 16131.0 16147.0 17700.0],[7.0],[1.0 2.0 8.0 18.0],False,False
[5660.0],[13042.0 14988.0 17757.0],[7.0],[4.0 7.0 20.0],False,False
[5661.0],[16198.0],[7.0],[18.0],False,False
[5662.0],[7703.0 18185.0],[7.0],[2.0 54.0],False,False
[5663.0],[8937.0],[7.0],[44.0],True,False
[5664.0],[13205.0 14332.0 17079.0 17877.0],[7.0],[4.0 7.0 8.0 12.0],True,False
[5665.0],[16270.0 16282.0 17070.0 17459.0],[7.0],[6.0 7.0 9.0],True,False
[5666.0],[16507.0],[7.0],[9.0],True,False
[5667.0],[11160.0 12757.0 13084.0 15884.0],[7.0],[8.0 10.0 11.0 35.0],False,False
[5668.0],[15678.0 17208.0 18058.0 18733.0 19219.0],[7.0],[2.0 3.0 5.0 6.0 16.0],False,False
[5669.0],[17323.0],[7.0],[8.0],True,False
[5670.0],[13068.0 16596.0 18267.0],[7.0],[6.0 15.0],True,False
[5671.0],[12285.0],[7.0],[16.0],True,False
[5672.0],[17733.0],[7.0],[7.0],True,True
[5673.0],[17838.0 18941.0],[7.0],[3.0 8.0],True,False
[5674.0],[13042.0 17757.0],[7.0],[7.0 20.0],False,False
[5675.0],[11949.0 17267.0],[7.0],[7.0 13.0],True,False
[5676.0],[10700.0 12225.0 14415.0 19223.0],[7.0],[1.0 10.0 28.0],False,False
[5677.0],[16590.0 17769.0 18516.0],[7.0],[3.0 11.0 29.0],True,False
[5678.0],[11099.0 14191.0 14196.0],[7.0],[20.0 28.0 34.0],False,False
[5679.0],[13811.0 17747.0 17820.0],[7.0],[11.0 15.0],False,False
[5680.0],[16601.0 16968.0 19319.0],[7.0],[7.0 12.0 18.0],False,False
[5681.0],[10167.0 16129.0 18886.0 19640.0],[7.0],[1.0 10.0 42.0],False,False
[5682.0],[15811.0 15815.0 16599.0 19367.0 19647.0],[7.0],[5.0 8.0 9.0 14.0],False,False
[5683.0],[16261.0 17457.0 19071.0 20325.0],[7.0],[4.0 5.0 10.0 16.0],False,False
[5684.0],[16062.0 18770.0 18774.0],[7.0],[1.0 6.0 17.0],False,False
[5685.0],[12668.0 16119.0 17722.0 18497.0],[7.0],[2.0 4.0 9.0 14.0],False,False
[5686.0],[16165.0 17432.0 19364.0 19953.0 20759.0],[7.0],[3.0 4.0 7.0 9.0 10.0],True,False
[5687.0],[14443.0 19256.0 19569.0 19848.0 20156.0 20625.0 20987.0],[7.0],[2.0 3.0 13.0 30.0],True,False
[5688.0],[13326.0],[7.0],[21.0],True,False
[5689.0],[18814.0],[7.0],[7.0],True,True
[5690.0],[16997.0],[7.0],[15.0],True,False
[5691.0],[16163.0 20726.0],[7.0],[1.0 11.0],True,False
[5692.0],[5795.0 10124.0 10395.0 21021.0],[7.0],[5.0 24.0 37.0 39.0],False,False
[5693.0],[18960.0],[7.0],[7.0],True,True
[5694.0],[14525.0 18877.0 20224.0],[7.0],[3.0 8.0 12.0],False,False
[5695.0],[14978.0 18872.0],[7.0],[5.0 9.0],True,False
[5696.0],[16027.0 18064.0 20122.0],[7.0],[8.0 11.0 37.0],False,False
[5697.0],[12768.0 18934.0],[7.0],[2.0 23.0],False,False
[5698.0],[541.0 2980.0],[7.0],[86.0 99.0],False,False
[5699.0],[12668.0 16119.0 17722.0 19619.0],[7.0],[4.0 7.0 9.0 14.0],False,False
[5700.0],[14608.0 15159.0 15515.0 15821.0 20757.0],[7.0],[5.0 7.0 11.0 12.0 25.0],True,False
[5701.0],[7396.0 20609.0],[7.0],[10.0 42.0],True,False
[5702.0],[15881.0 17460.0 18283.0 18386.0 19696.0],[7.0],[2.0 6.0 14.0 17.0],False,False
[5703.0],[3840.0 14939.0 16116.0 20201.0 20202.0 20678.0],[7.0],[1.0 2.0 3.0 9.0 17.0 80.0],False,False
[5704.0],[19980.0 20807.0],[7.0],[3.0 8.0],True,False
[5705.0],[16966.0 20314.0 20711.0 22297.0],[7.0],[2.0 3.0 4.0 13.0],False,False
[5706.0],[8171.0 17670.0 20662.0 21839.0],[7.0],[1.0 6.0 24.0 64.0],False,False
[5707.0],[14965.0 19412.0 19624.0],[7.0],[8.0 10.0 18.0],False,False
[5708.0],[20097.0 20107.0],[7.0],[5.0 12.0],False,False
[5709.0],[19628.0 21491.0 22617.0],[7.0],[2.0 3.0 14.0],True,False
[5710.0],[13397.0 20368.0],[7.0],[5.0 14.0],False,False
[5711.0],[12666.0 18484.0],[7.0],[7.0 43.0],False,False
[5712.0],[14520.0 17743.0 19619.0],[7.0],[7.0 9.0 11.0],False,False
[5713.0],[20653.0],[7.0],[7.0],True,True
[5714.0],[16559.0 21043.0],[7.0],[6.0 16.0],False,False
[5715.0],[14244.0],[7.0],[22.0],True,False
[5716.0],[19542.0 20957.0],[7.0],[7.0 26.0],False,False
[5717.0],[18887.0 20705.0],[7.0],[10.0 12.0],False,False
[5718.0],[17321.0 19730.0 21509.0 21910.0 22650.0 23041.0],[7.0],[1.0 3.0 4.0 21.0 22.0],False,False
[5719.0],[3855.0 15386.0 18494.0],[7.0],[10.0 23.0 55.0],False,False
[5720.0],[18877.0 20699.0 22591.0 22993.0],[7.0],[1.0 3.0 8.0 20.0],False,False
[5721.0],[16037.0 20107.0 23310.0],[7.0],[12.0 13.0 15.0],False,False
[5722.0],[20399.0],[7.0],[33.0],False,False
[5723.0],[12624.0 19584.0 21436.0 22243.0],[7.0],[1.0 3.0 6.0 29.0],False,False
[5724.0],[16997.0 21951.0 23091.0],[7.0],[2.0 5.0 15.0],True,False
[5725.0],[11856.0 15912.0],[7.0],[18.0 54.0],True,False
[5726.0],[15343.0 18073.0 19559.0 24011.0],[7.0],[8.0 22.0 24.0 26.0],False,False
[5727.0],[17448.0 23083.0],[7.0],[4.0 32.0],False,False
[5728.0],[21766.0 22503.0],[7.0],[6.0 7.0],False,False
[5729.0],[13701.0 22514.0],[7.0],[20.0 33.0],False,False
[5730.0],[19624.0 21122.0 22993.0],[7.0],[3.0 9.0 10.0],False,False
[5731.0],[22304.0],[7.0],[8.0],True,False
[5732.0],[18596.0],[7.0],[14.0],True,False
[5733.0],[16657.0 18548.0 21918.0],[7.0],[7.0 12.0 27.0],True,False
[5734.0],[12230.0 21784.0],[7.0],[22.0 28.0],True,False
[5735.0],[11759.0 12383.0 14304.0 21549.0],[7.0],[6.0 30.0 48.0 51.0],False,False
[5736.0],[16586.0 22274.0],[7.0],[5.0 23.0],False,False
[5737.0],[20827.0 22043.0 22398.0 22754.0 23495.0],[7.0],[2.0 3.0 5.0 10.0 17.0],False,False
[5738.0],[15393.0 23673.0],[7.0],[3.0 28.0],False,False
[5739.0],[21403.0 22887.0 23624.0],[7.0],[5.0 11.0 17.0],False,False
[5740.0],[18301.0 23149.0],[7.0],[6.0 34.0],True,False
[5741.0],[22999.0 25190.0],[7.0],[1.0 11.0],False,False
[5742.0],[14005.0 14208.0 22603.0 23725.0 24887.0],[7.0],[3.0 8.0 15.0 22.0 23.0],False,False
[5743.0],[10969.0 18549.0 18862.0 21121.0 24115.0],[7.0],[7.0 15.0 20.0 51.0],False,False
[5744.0],[22993.0 24132.0 25157.0],[7.0],[3.0 12.0],False,False
[5745.0],[19411.0 23101.0],[7.0],[7.0 15.0],True,False
[5746.0],[18968.0 22727.0 23429.0],[7.0],[4.0 6.0 11.0],False,False
[5747.0],[19662.0 23083.0 25231.0],[7.0],[1.0 4.0 32.0],False,False
[5748.0],[18676.0 23070.0 24217.0 24567.0 24894.0],[7.0],[2.0 4.0 5.0 7.0 15.0],False,False
[5749.0],[23372.0 24095.0 24823.0],[7.0],[2.0 4.0 7.0],False,False
[5750.0],[22274.0 23355.0 24485.0 25478.0],[7.0],[1.0 4.0 5.0 12.0],False,False
[5751.0],[16537.0 24068.0 25728.0],[7.0],[3.0 9.0 25.0],False,False
[5752.0],[15729.0 22630.0 24129.0 24500.0],[7.0],[13.0 15.0 21.0],True,False
[5753.0],[23653.0],[7.0],[7.0],True,True
[5754.0],[23462.0 23815.0 24223.0 24232.0 25553.0],[7.0],[1.0 2.0 3.0 5.0],False,False
[5755.0],[4459.0 24024.0 24427.0 24786.0 25099.0 25449.0 25711.0],[7.0],[2.0 63.0],True,False
[5756.0],[18819.0],[7.0],[19.0],False,False
[5757.0],[19628.0 25501.0],[7.0],[3.0 14.0],False,False
[5758.0],[16586.0 24105.0 26190.0],[7.0],[4.0 7.0 23.0],False,False
[5759.0],[10969.0 21925.0 22728.0 24115.0 25326.0 26016.0],[7.0],[2.0 8.0 10.0 20.0 21.0 51.0],True,False
[5760.0],[16880.0 21388.0],[7.0],[22.0 25.0],False,False
[5761.0],[5290.0 24448.0 24456.0],[7.0],[3.0 21.0 54.0],False,False
[5762.0],[15918.0 22397.0],[7.0],[12.0 27.0],True,False
[5763.0],[18751.0 19557.0 26141.0],[7.0],[3.0 13.0 29.0],False,False
[5764.0],[24777.0 26338.0],[7.0],[1.0 21.0],False,False
[5765.0],[8185.0 22980.0 24493.0 25965.0],[7.0],[3.0 5.0 6.0 68.0],False,False
[5766.0],[21914.0 22996.0 25479.0 26399.0],[7.0],[1.0 5.0 10.0 11.0],False,False
[5767.0],[13356.0 14513.0],[7.0],[28.0 51.0],False,False
[5768.0],[14914.0 20193.0],[7.0],[15.0 44.0],False,False
[5769.0],[22310.0 24855.0 25512.0],[7.0],[6.0 12.0],False,False
[5770.0],[23816.0 24605.0 25252.0 26731.0],[7.0],[1.0 2.0 3.0 20.0],False,False
[5771.0],[14934.0 22955.0 24095.0],[7.0],[7.0 14.0 30.0],False,False
[5772.0],[25230.0 25763.0 27009.0],[7.0],[2.0 4.0 15.0],False,False
[5773.0],[17277.0 26158.0],[7.0],[15.0 27.0],True,False
[5774.0],[19335.0 23031.0 23060.0 26741.0],[7.0],[2.0 8.0 12.0 33.0],False,False
[5775.0],[24778.0],[7.0],[10.0],True,False
[5776.0],[14311.0 21577.0],[7.0],[12.0 37.0],True,False
[5777.0],[24006.0 26127.0],[7.0],[5.0 6.0],False,False
[5778.0],[8598.0 23753.0 25750.0 26175.0 26965.0],[7.0],[2.0 3.0 6.0 11.0 59.0],False,False
[5779.0],[7703.0 19634.0 21866.0 23412.0],[7.0],[14.0 23.0 32.0 54.0],False,False
[5780.0],[20987.0 21813.0],[7.0],[22.0 30.0],False,False
[5781.0],[18482.0 26370.0],[7.0],[1.0 38.0],False,False
[5782.0],[22665.0 25179.0 26420.0 26971.0],[7.0],[3.0 4.0 9.0 18.0],False,False
[5783.0],[24629.0 26065.0 26789.0 27078.0 27274.0 27484.0],[7.0],[1.0 2.0 3.0 6.0],True,False
[5784.0],[23622.0 24764.0 27164.0 27592.0],[7.0],[2.0 7.0 21.0],False,False
[5785.0],[14914.0 25479.0 26399.0 26920.0 27188.0 27379.0],[7.0],[1.0 5.0 6.0 9.0 44.0],False,False
[5786.0],[22719.0 26204.0],[7.0],[6.0 21.0],False,False
[5787.0],[23099.0 26468.0 27140.0 27446.0],[7.0],[3.0 4.0 6.0 10.0],False,False
[5788.0],[17040.0 25815.0 26495.0 26512.0 26996.0],[7.0],[2.0 3.0 7.0 32.0],False,False
[5789.0],[24241.0 26518.0 27031.0 27748.0],[7.0],[1.0 5.0 7.0 15.0],False,False
[5790.0],[16114.0 21447.0 25952.0],[7.0],[7.0 18.0 35.0],False,False
[5791.0],[15403.0 26964.0],[7.0],[13.0 36.0],False,False
[5792.0],[22240.0 25116.0 27338.0],[7.0],[6.0 10.0 18.0],False,False
[5793.0],[15377.0 21826.0 24051.0 25456.0 26897.0 27891.0],[7.0],[2.0 4.0 5.0 6.0 10.0 45.0],False,False
[5794.0],[23367.0 26395.0],[7.0],[2.0 25.0],False,False
[5795.0],[11759.0 27238.0 27452.0],[7.0],[2.0 4.0 48.0],False,False
[5796.0],[18456.0 27621.0],[7.0],[2.0 37.0],False,False
[5797.0],[25528.0 26001.0 26297.0],[7.0],[6.0 11.0 13.0],False,False
[5798.0],[26775.0 27052.0 27253.0 27274.0 27470.0 27742.0 27986.0],[7.0],[1.0 3.0],False,False
[5799.0],[24830.0 26696.0],[7.0],[5.0 13.0],False,False
[5800.0],[23387.0 23821.0 26458.0 27435.0],[7.0],[2.0 5.0 13.0 20.0],False,False
[5801.0],[26924.0],[7.0],[8.0],True,False
[5802.0],[26287.0],[7.0],[16.0],True,False
[5803.0],[26414.0 26945.0 27400.0],[7.0],[1.0 7.0],False,False
[5804.0],[22665.0 23412.0 27189.0 27361.0 28359.0],[7.0],[1.0 18.0 23.0],False,False
[5805.0],[27014.0 27226.0 27414.0 28124.0],[7.0],[1.0 2.0 10.0],False,False
[5806.0],[18068.0 19559.0 27347.0],[7.0],[11.0 24.0 30.0],False,False
[5807.0],[24627.0 26513.0 26632.0 27232.0 27686.0 27957.0 28132.0],[7.0],[2.0 3.0 6.0 11.0],False,False
[5808.0],[27187.0 27359.0],[7.0],[6.0 12.0],False,False
[5809.0],[24456.0 26918.0 27365.0 27914.0],[7.0],[2.0 4.0 5.0 21.0],False,False
[5810.0],[26754.0 27303.0 27462.0 27752.0 28015.0],[7.0],[1.0 3.0 4.0 6.0 8.0],False,False
[5811.0],[27014.0 27414.0 27691.0 28129.0 28639.0],[7.0],[1.0 2.0],False,False
[5812.0],[21462.0 27190.0],[7.0],[3.0 30.0],False,False
[5813.0],[820.0 22646.0],[7.0],[21.0 91.0],True,False
[5814.0],[5277.0 27882.0],[7.0],[4.0 82.0],False,False
[5815.0],[27344.0],[7.0],[7.0],True,True
[5816.0],[9861.0 26379.0 28109.0],[7.0],[1.0 7.0 61.0],False,False
[5817.0],[26494.0 26726.0 27960.0 28139.0],[7.0],[3.0 5.0],True,False
[5818.0],[23412.0 28357.0],[7.0],[2.0 23.0],False,False
[5819.0],[27323.0 27338.0 28259.0],[7.0],[2.0 7.0 10.0],False,False
[5820.0],[27666.0],[7.0],[7.0],True,True
[5821.0],[9861.0 25719.0 28926.0],[7.0],[2.0 10.0 61.0],False,False
[5822.0],[27909.0],[7.0],[9.0],True,False
[5823.0],[27026.0 28169.0 28425.0 28690.0 28845.0 29167.0],[7.0],[1.0 2.0],False,False
[5824.0],[23713.0 24468.0 27191.0 29115.0],[7.0],[3.0 9.0 13.0 14.0],False,False
[5825.0],[24456.0 28296.0],[7.0],[1.0 21.0],False,False
[5826.0],[24777.0 27875.0],[7.0],[8.0 21.0],False,False
[5827.0],[27433.0 27644.0 28310.0],[7.0],[4.0 5.0 7.0],True,False
[5828.0],[27667.0],[7.0],[10.0],False,False
[5829.0],[27347.0 28583.0],[7.0],[6.0 11.0],False,False
[5830.0],[27638.0 28120.0 28607.0 28934.0],[7.0],[1.0 2.0 3.0 4.0],False,False
[5831.0],[27965.0 28145.0 28646.0 28964.0],[7.0],[1.0 2.0 8.0],False,False
[5832.0],[26195.0],[7.0],[13.0],False,False
[5833.0],[22522.0 28088.0],[7.0],[6.0 27.0],False,False
[5834.0],[22409.0 28175.0 29196.0 29478.0],[7.0],[1.0 3.0 4.0 22.0],False,False
[5835.0],[24456.0],[7.0],[21.0],False,False
[5836.0],[18881.0 23367.0 24110.0 29130.0 29335.0],[7.0],[1.0 2.0 19.0 25.0 35.0],False,False
[5837.0],[13698.0 26870.0],[7.0],[4.0 45.0],False,False
[5838.0],[28258.0],[7.0],[7.0],True,True
[5839.0],[24011.0 28253.0],[7.0],[6.0 22.0],False,False
[5840.0],[22883.0 25434.0 28260.0],[7.0],[4.0 13.0 26.0],False,False
[5841.0],[28265.0],[7.0],[7.0],True,True
[5842.0],[25942.0 28581.0],[7.0],[4.0 17.0],False,False
[5843.0],[23654.0 28586.0],[7.0],[6.0 21.0],False,False
[5844.0],[28285.0],[7.0],[7.0],True,True
[5845.0],[27338.0 28920.0],[7.0],[4.0 10.0],False,False
[5846.0],[22537.0 28283.0 29560.0],[7.0],[1.0 25.0],False,False
[5847.0],[7107.0 26686.0 29561.0],[7.0],[1.0 11.0 71.0],False,False
[5848.0],[28291.0],[7.0],[7.0],True,True
[5849.0],[18823.0 27365.0 29103.0 29279.0 29571.0],[7.0],[1.0 3.0 5.0 34.0],False,False
[5850.0],[2542.0 19276.0 28293.0],[7.0],[5.0 36.0 90.0],False,False
[5851.0],[9861.0 25719.0 28926.0 29568.0],[7.0],[1.0 2.0 10.0 61.0],False,False
[5852.0],[23349.0 27895.0 28301.0 29095.0],[7.0],[3.0 5.0 8.0 17.0],False,False
[5853.0],[14190.0 21857.0 27904.0 29304.0],[7.0],[1.0 5.0 15.0 46.0],False,False
[5854.0],[24129.0 27660.0 28609.0 29125.0],[7.0],[2.0 4.0 10.0 15.0],True,False
[5855.0],[27191.0 28111.0 28122.0 29342.0],[7.0],[1.0 4.0 5.0 9.0],False,False
[5856.0],[16176.0 28624.0],[7.0],[6.0 37.0],False,False
[5857.0],[22989.0 24830.0],[7.0],[13.0 24.0],True,False
[5858.0],[25982.0 27956.0 28647.0 29601.0],[7.0],[1.0 4.0 7.0],False,False
[5859.0],[6546.0 28967.0],[7.0],[4.0 71.0],True,False
[5860.0],[22311.0],[7.0],[21.0],True,False
[5861.0],[26991.0 28811.0 29142.0],[7.0],[3.0 4.0 13.0],False,False
[5862.0],[27965.0 28646.0 28990.0 29644.0],[7.0],[1.0 2.0 8.0],False,False
[5863.0],[26248.0],[7.0],[16.0],True,False
[5864.0],[24258.0 28423.0],[7.0],[7.0 23.0],True,False
[5865.0],[27205.0 28811.0],[7.0],[4.0 11.0],False,False
[5866.0],[22545.0 23672.0],[7.0],[23.0],False,False
[5867.0],[18301.0 27689.0 27822.0 28470.0 28877.0],[7.0],[1.0 4.0 5.0 34.0],False,False
[5868.0],[27625.0],[7.0],[9.0],True,False
[5869.0],[12858.0 26740.0 27443.0 29151.0],[7.0],[3.0 7.0 9.0 45.0],False,False
[5870.0],[25654.0 26808.0 28550.0 29166.0],[7.0],[2.0 4.0 11.0 13.0],False,False
[5871.0],[10074.0 25080.0 29254.0],[7.0],[1.0 15.0 60.0],False,False
[5872.0],[28104.0],[7.0],[8.0],True,False
[5873.0],[20665.0 28297.0],[7.0],[5.0 26.0],False,False
[5874.0],[25722.0 26158.0 29303.0],[7.0],[2.0 10.0 15.0],False,False
[5875.0],[26956.0 26990.0 27383.0 27638.0 28607.0],[7.0],[2.0 3.0 4.0 10.0 11.0],False,False
[5876.0],[14413.0 16458.0],[7.0],[35.0 42.0],False,False
[5877.0],[24777.0 28584.0],[7.0],[2.0 21.0],False,False
[5878.0],[25425.0 26675.0 28270.0 28585.0 28921.0],[7.0],[1.0 3.0 11.0 13.0],False,False
[5879.0],[20987.0 27614.0 27895.0 28264.0 29083.0 29276.0],[7.0],[1.0 2.0 3.0 6.0 8.0 30.0],False,False
[5880.0],[27890.0 28786.0],[7.0],[5.0 9.0],False,False
[5881.0],[18823.0 27185.0 28275.0 29279.0],[7.0],[1.0 9.0 34.0],False,False
[5882.0],[25723.0],[7.0],[16.0],True,False
[5883.0],[24062.0 25720.0 26362.0],[7.0],[13.0 15.0 21.0],False,False
[5884.0],[25720.0 26362.0 27633.0],[7.0],[8.0 13.0 15.0],False,False
[5885.0],[21857.0 25722.0 26158.0 29303.0],[7.0],[2.0 10.0 15.0],False,False
[5886.0],[25471.0 28928.0],[7.0],[4.0 12.0],False,False
[5887.0],[25815.0 27737.0 28394.0 28410.0 28831.0],[7.0],[2.0 4.0 5.0 7.0],False,False
[5888.0],[5834.0 28321.0],[7.0],[5.0 80.0],True,False
[5889.0],[26718.0 28127.0 28802.0],[7.0],[5.0 9.0],False,False
[5890.0],[19292.0 19634.0],[7.0],[31.0 32.0],False,False
[5891.0],[27443.0 28354.0 28813.0 29131.0 29355.0],[7.0],[1.0 2.0 9.0],False,False
[5892.0],[26534.0 28454.0 29169.0],[7.0],[3.0 5.0 10.0],False,False
[5893.0],[164.0],[6.0],[19.0],True,False
[5894.0],[137.0],[6.0],[7.0],True,False
[5895.0],[186.0],[6.0],[9.0],False,False
[5896.0],[94.0 169.0],[6.0],[27.0 60.0],False,False
[5897.0],[98.0 1668.0 2308.0],[6.0],[3.0 5.0],False,False
[5898.0],[262.0],[6.0],[8.0],True,False
[5899.0],[359.0 1685.0],[6.0],[7.0 28.0],False,False
[5900.0],[297.0],[6.0],[6.0],True,True
[5901.0],[401.0],[6.0],[8.0],False,False
[5902.0],[277.0 293.0],[6.0],[5.0 18.0],False,False
[5903.0],[353.0],[6.0],[45.0],True,False
[5904.0],[364.0],[6.0],[6.0],True,True
[5905.0],[357.0],[6.0],[46.0],True,False
[5906.0],[395.0],[6.0],[19.0],True,False
[5907.0],[408.0],[6.0],[6.0],True,True
[5908.0],[446.0 455.0],[6.0],[5.0 47.0],False,False
[5909.0],[455.0 492.0],[6.0],[5.0 47.0],False,False
[5910.0],[554.0],[6.0],[22.0],True,False
[5911.0],[593.0],[6.0],[6.0],True,True
[5912.0],[649.0 688.0],[6.0],[8.0 33.0],True,False
[5913.0],[718.0 831.0],[6.0],[10.0 27.0],False,False
[5914.0],[792.0],[6.0],[7.0],True,False
[5915.0],[815.0],[6.0],[6.0],True,True
[5916.0],[810.0 845.0],[6.0],[3.0 13.0],True,False
[5917.0],[845.0 846.0],[6.0],[4.0 13.0],False,False
[5918.0],[831.0 1982.0],[6.0],[1.0 27.0],False,False
[5919.0],[898.0 1993.0 2195.0],[6.0],[13.0 37.0 54.0],False,False
[5920.0],[1014.0],[6.0],[6.0],True,True
[5921.0],[974.0],[6.0],[21.0],True,False
[5922.0],[1098.0 1118.0],[6.0],[9.0 21.0],False,False
[5923.0],[1042.0],[6.0],[7.0],True,False
[5924.0],[1103.0 1265.0],[6.0],[5.0 45.0],False,False
[5925.0],[1211.0],[6.0],[6.0],False,True
[5926.0],[1279.0],[6.0],[11.0],False,False
[5927.0],[1314.0],[6.0],[26.0],True,False
[5928.0],[158.0],[6.0],[6.0],True,True
[5929.0],[798.0 1998.0 2571.0],[6.0],[1.0 4.0 26.0],False,False
[5930.0],[178.0 1918.0],[6.0],[1.0 21.0],False,False
[5931.0],[464.0 2329.0],[6.0],[2.0 6.0],True,False
[5932.0],[919.0 1013.0 2352.0],[6.0],[6.0 12.0 13.0],False,False
[5933.0],[992.0 2371.0],[6.0],[2.0 19.0],True,False
[5934.0],[1161.0],[6.0],[11.0],False,False
[5935.0],[1025.0 1052.0 1797.0],[6.0],[4.0 14.0 16.0],False,False
[5936.0],[1126.0 2627.0],[6.0],[1.0 13.0],False,False
[5937.0],[163.0],[6.0],[11.0],True,False
[5938.0],[166.0 180.0 217.0],[6.0],[2.0 36.0],False,False
[5939.0],[158.0 235.0],[6.0],[6.0 11.0],False,False
[5940.0],[97.0 2147.0],[6.0],[2.0 31.0],False,False
[5941.0],[779.0],[6.0],[12.0],False,False
[5942.0],[835.0],[6.0],[7.0],True,False
[5943.0],[944.0 1014.0 1772.0],[6.0],[3.0 6.0 23.0],False,False
[5944.0],[884.0 1764.0 2205.0],[6.0],[3.0 5.0 22.0],False,False
[5945.0],[1055.0 2013.0 2206.0 2372.0 2594.0],[6.0],[2.0 4.0],False,False
[5946.0],[1311.0 1464.0 2648.0],[6.0],[2.0 4.0 5.0],False,False
[5947.0],[1759.0],[6.0],[14.0],False,False
[5948.0],[1167.0 2418.0],[6.0],[5.0 12.0],True,False
[5949.0],[290.0 298.0 313.0],[6.0],[4.0 14.0 27.0],False,False
[5950.0],[1256.0 1804.0 2033.0],[6.0],[2.0 5.0 14.0],False,False
[5951.0],[1257.0 1841.0 2075.0],[6.0],[2.0 7.0 8.0],False,False
[5952.0],[944.0 1014.0 1772.0],[6.0],[3.0 6.0 23.0],False,False
[5953.0],[1159.0],[6.0],[16.0],False,False
[5954.0],[948.0 975.0 1018.0 2062.0 2415.0],[6.0],[1.0 5.0 14.0 17.0],False,False
[5955.0],[855.0 889.0 924.0 1753.0],[6.0],[5.0 7.0 10.0],False,False
[5956.0],[889.0 1108.0 2222.0 2383.0 2636.0],[6.0],[1.0 2.0 5.0],False,False
[5957.0],[400.0 1692.0 1928.0 2733.0],[6.0],[1.0 2.0 6.0],False,False
[5958.0],[1163.0 2225.0 2628.0],[6.0],[4.0 5.0 9.0],True,False
[5959.0],[1322.0 2422.0],[6.0],[5.0 9.0],False,False
[5960.0],[919.0 939.0 1013.0],[6.0],[6.0 7.0 13.0],False,False
[5961.0],[916.0 1021.0 2196.0],[6.0],[1.0 12.0 13.0],False,False
[5962.0],[321.0 2319.0],[6.0],[4.0 14.0],True,False
[5963.0],[1791.0 3062.0],[6.0],[16.0 21.0],False,False
[5964.0],[1334.0],[6.0],[14.0],True,False
[5965.0],[1652.0 2308.0],[6.0],[5.0 7.0],False,False
[5966.0],[930.0 995.0 1788.0],[6.0],[11.0 14.0 15.0],False,False
[5967.0],[2039.0 2421.0 2635.0 2852.0 3086.0],[6.0],[1.0 2.0 4.0 9.0],False,False
[5968.0],[385.0 393.0 411.0 480.0],[6.0],[4.0 28.0 59.0 90.0],False,False
[5969.0],[2208.0 2428.0 2632.0 2649.0 3144.0 3335.0],[6.0],[2.0 3.0 8.0],False,False
[5970.0],[2450.0],[6.0],[6.0],True,True
[5971.0],[2433.0 2635.0 3116.0 3326.0 3514.0],[6.0],[2.0 3.0 7.0 9.0],False,False
[5972.0],[1778.0 3047.0 3480.0],[6.0],[3.0 4.0 5.0],False,False
[5973.0],[1088.0 1320.0 2036.0 2406.0],[6.0],[3.0 8.0 9.0 12.0],False,False
[5974.0],[1054.0],[6.0],[11.0],True,False
[5975.0],[1237.0 1310.0 3355.0],[6.0],[8.0 11.0 14.0],False,False
[5976.0],[400.0 2738.0 3616.0],[6.0],[2.0 3.0 6.0],True,False
[5977.0],[2636.0 2865.0 3087.0 3505.0 3719.0],[6.0],[1.0 2.0 3.0],False,False
[5978.0],[1355.0 3728.0],[6.0],[5.0 23.0],False,False
[5979.0],[427.0 2739.0],[6.0],[5.0 14.0],False,False
[5980.0],[869.0 2792.0 3022.0 3273.0 3454.0],[6.0],[2.0 11.0 14.0 16.0],False,False
[5981.0],[2567.0 3039.0],[6.0],[4.0 11.0],False,False
[5982.0],[992.0 1000.0 3660.0],[6.0],[10.0 11.0 19.0],False,False
[5983.0],[2832.0 3477.0],[6.0],[4.0 7.0],False,False
[5984.0],[951.0],[6.0],[32.0],True,False
[5985.0],[1651.0 2319.0 3597.0 3812.0 3813.0],[6.0],[1.0 2.0 4.0 15.0],False,False
[5986.0],[567.0 2165.0 3222.0 3621.0],[6.0],[2.0 11.0 88.0],False,False
[5987.0],[2344.0 3641.0],[6.0],[7.0 9.0],False,False
[5988.0],[908.0],[6.0],[19.0],True,False
[5989.0],[1096.0 1794.0],[6.0],[16.0 17.0],False,False
[5990.0],[1305.0 3093.0 3342.0],[6.0],[2.0 3.0 14.0],False,False
[5991.0],[3340.0 3357.0],[6.0],[2.0 6.0],False,False
[5992.0],[1032.0 3304.0],[6.0],[3.0 12.0],True,False
[5993.0],[2564.0 3461.0 3648.0],[6.0],[3.0 5.0 13.0],False,False
[5994.0],[1167.0 2418.0 3697.0 4099.0],[6.0],[3.0 4.0 5.0 12.0],False,False
[5995.0],[321.0 445.0],[6.0],[14.0 97.0],False,False
[5996.0],[1666.0 2145.0 3199.0 4443.0],[6.0],[3.0 8.0 10.0 12.0],False,False
[5997.0],[3032.0 3280.0 3654.0],[6.0],[3.0 5.0 8.0],False,False
[5998.0],[2190.0 3452.0],[6.0],[3.0 12.0],False,False
[5999.0],[1986.0 2469.0 3501.0 3667.0 3719.0 4101.0],[6.0],[1.0 2.0 3.0 5.0 9.0 11.0],False,False
[6000.0],[2607.0 2618.0],[6.0],[7.0 8.0],False,False
[6001.0],[2611.0 4062.0],[6.0],[3.0 6.0],False,False
[6002.0],[1297.0 1423.0 1837.0 3343.0],[6.0],[3.0 12.0 21.0 23.0],False,False
[6003.0],[1777.0 3020.0 3651.0],[6.0],[2.0 8.0 27.0],False,False
[6004.0],[3607.0],[6.0],[7.0],True,False
[6005.0],[938.0 3038.0 3044.0 3056.0 4516.0],[6.0],[4.0 6.0 21.0],False,False
[6006.0],[1772.0],[6.0],[23.0],False,False
[6007.0],[245.0],[6.0],[12.0],True,False
[6008.0],[1013.0 4030.0 4042.0],[6.0],[5.0 11.0 13.0],False,False
[6009.0],[224.0 4447.0],[6.0],[3.0 15.0],False,False
[6010.0],[466.0 556.0],[6.0],[14.0 67.0],False,False
[6011.0],[1737.0 3865.0 4022.0 4268.0],[6.0],[2.0 4.0 12.0],False,False
[6012.0],[1062.0 1096.0],[6.0],[14.0 16.0],True,False
[6013.0],[380.0 2150.0],[6.0],[23.0 99.0],False,False
[6014.0],[829.0 5061.0],[6.0],[4.0 54.0],False,False
[6015.0],[4048.0],[6.0],[6.0],False,True
[6016.0],[1073.0 3878.0],[6.0],[4.0 37.0],False,False
[6017.0],[1256.0 1838.0 3092.0 5408.0],[6.0],[5.0 8.0 14.0 32.0],False,False
[6018.0],[3455.0 5319.0],[6.0],[2.0 8.0],False,False
[6019.0],[1838.0 4122.0],[6.0],[4.0 32.0],False,False
[6020.0],[4324.0 5661.0],[6.0],[5.0],False,False
[6021.0],[3606.0],[6.0],[61.0],True,False
[6022.0],[949.0 4292.0 5330.0],[6.0],[2.0 4.0 26.0],True,False
[6023.0],[359.0 5038.0],[6.0],[4.0 28.0],True,False
[6024.0],[1335.0 3748.0 5414.0],[6.0],[2.0 16.0 27.0],False,False
[6025.0],[3096.0],[6.0],[13.0],False,False
[6026.0],[1435.0],[6.0],[30.0],True,False
[6027.0],[1027.0 2578.0],[6.0],[17.0 38.0],False,False
[6028.0],[2660.0 3355.0 4664.0 5644.0],[6.0],[2.0 5.0 6.0 14.0],False,False
[6029.0],[3634.0 4803.0 6036.0],[6.0],[2.0 9.0],False,False
[6030.0],[4858.0 5084.0 5345.0 5609.0 5870.0 6071.0],[6.0],[1.0 2.0 3.0],False,False
[6031.0],[4070.0 5115.0],[6.0],[1.0 8.0],False,False
[6032.0],[4913.0 5123.0 5641.0 5916.0 6126.0],[6.0],[1.0 2.0 3.0],False,False
[6033.0],[5024.0],[6.0],[6.0],False,True
[6034.0],[3810.0 4450.0 6232.0],[6.0],[10.0 15.0 16.0],False,False
[6035.0],[2621.0 5347.0],[6.0],[1.0 21.0],False,False
[6036.0],[3606.0 4763.0 5257.0],[6.0],[4.0 61.0],False,False
[6037.0],[3449.0 5312.0],[6.0],[13.0 14.0],True,False
[6038.0],[4304.0 5331.0],[6.0],[11.0 21.0],True,False
[6039.0],[201.0 5996.0],[6.0],[5.0 46.0],False,False
[6040.0],[502.0 6010.0],[6.0],[15.0 34.0],False,False
[6041.0],[2769.0 3652.0 4027.0 4260.0 6041.0],[6.0],[2.0 4.0 5.0 8.0 15.0],False,False
[6042.0],[621.0 4267.0 4280.0 5828.0],[6.0],[5.0 9.0 14.0 34.0],False,False
[6043.0],[737.0 5804.0 6515.0],[6.0],[1.0 55.0],False,False
[6044.0],[998.0 2633.0 4558.0],[6.0],[7.0 11.0 20.0],True,False
[6045.0],[1121.0 2823.0 6083.0],[6.0],[10.0 21.0],False,False
[6046.0],[5517.0 6897.0],[6.0],[4.0 7.0],True,False
[6047.0],[5294.0 6273.0],[6.0],[3.0 17.0],False,False
[6048.0],[3837.0 6054.0 6922.0],[6.0],[4.0 7.0 9.0],False,False
[6049.0],[1772.0],[6.0],[23.0],False,False
[6050.0],[5593.0 6734.0],[6.0],[2.0 17.0],False,False
[6051.0],[811.0 2350.0 6715.0],[6.0],[3.0 22.0 37.0],False,False
[6052.0],[1423.0],[6.0],[23.0],True,False
[6053.0],[3937.0 4661.0 6413.0 6830.0 6990.0],[6.0],[1.0 2.0 4.0 6.0],False,False
[6054.0],[4382.0 4668.0 4907.0 6776.0],[6.0],[3.0 6.0 20.0 33.0],False,False
[6055.0],[3273.0 4270.0 4824.0 6924.0 7146.0 7427.0],[6.0],[1.0 3.0 4.0 5.0 16.0],False,False
[6056.0],[4503.0 7126.0],[6.0],[2.0 12.0],False,False
[6057.0],[3273.0 6288.0 6757.0 6924.0 7427.0],[6.0],[1.0 4.0 16.0],False,False
[6058.0],[4267.0 4280.0 4301.0 5082.0 6523.0],[6.0],[3.0 4.0 5.0 9.0 34.0],False,False
[6059.0],[6077.0],[6.0],[8.0],True,False
[6060.0],[1018.0 5839.0 6524.0 7197.0],[6.0],[1.0 3.0 8.0 14.0],False,False
[6061.0],[2756.0 6701.0],[6.0],[1.0 24.0],False,False
[6062.0],[3606.0],[6.0],[61.0],True,False
[6063.0],[5819.0 7440.0],[6.0],[13.0 16.0],True,False
[6064.0],[5507.0 6688.0],[6.0],[26.0 41.0],False,False
[6065.0],[5410.0 6360.0 6580.0 6986.0],[6.0],[2.0 3.0 8.0],False,False
[6066.0],[510.0],[6.0],[30.0],True,False
[6067.0],[6594.0 6803.0 7266.0],[6.0],[2.0 16.0],False,False
[6068.0],[2023.0 3525.0 6583.0],[6.0],[7.0 36.0 50.0],False,False
[6069.0],[1219.0 6575.0 6805.0 7269.0],[6.0],[1.0 4.0 27.0],False,False
[6070.0],[5635.0 6803.0 6965.0],[6.0],[16.0 21.0 27.0],False,False
[6071.0],[789.0 2633.0],[6.0],[11.0 27.0],True,False
[6072.0],[1155.0 5625.0 7209.0],[6.0],[3.0 15.0 37.0],False,False
[6073.0],[1352.0 5614.0 8002.0],[6.0],[2.0 12.0 84.0],False,False
[6074.0],[6332.0 6751.0 7224.0 7460.0],[6.0],[2.0 3.0 12.0 18.0],False,False
[6075.0],[6137.0 6652.0 7044.0 8042.0 8276.0],[6.0],[1.0 2.0 5.0 8.0 14.0],False,False
[6076.0],[5385.0 6372.0 6596.0 6656.0 7756.0 8266.0],[6.0],[1.0 3.0 8.0],False,False
[6077.0],[1140.0 7290.0 7772.0],[6.0],[7.0 10.0 27.0],False,False
[6078.0],[5560.0 6282.0 7663.0 7927.0],[6.0],[3.0 4.0 7.0 14.0],False,False
[6079.0],[6741.0 8599.0],[6.0],[3.0 10.0],True,False
[6080.0],[3273.0 7146.0 7149.0 7928.0 8534.0],[6.0],[1.0 2.0 3.0 16.0],False,False
[6081.0],[654.0 4487.0],[6.0],[27.0 30.0],True,False
[6082.0],[630.0 8556.0],[6.0],[1.0 99.0],False,False
[6083.0],[6524.0 6743.0 8190.0 8658.0],[6.0],[1.0 7.0 8.0 12.0],False,False
[6084.0],[6806.0 6824.0 7707.0 8015.0 8228.0],[6.0],[1.0 2.0 5.0 7.0],False,False
[6085.0],[5635.0 6803.0 7266.0],[6.0],[2.0 16.0 21.0],False,False
[6086.0],[5346.0 6721.0 7664.0 7947.0],[6.0],[4.0 7.0 8.0],False,False
[6087.0],[5622.0],[6.0],[15.0],True,False
[6088.0],[4451.0 7599.0],[6.0],[4.0 23.0],False,False
[6089.0],[6751.0 6775.0 7161.0 8607.0],[6.0],[4.0 6.0 18.0],False,False
[6090.0],[2181.0 8531.0],[6.0],[53.0 57.0],False,False
[6091.0],[6127.0 6572.0 7290.0 7772.0],[6.0],[5.0 7.0 9.0 10.0],False,False
[6092.0],[5656.0 8017.0 8624.0 9097.0],[6.0],[3.0 11.0 13.0 14.0],False,False
[6093.0],[5635.0 6803.0],[6.0],[16.0 21.0],True,False
[6094.0],[670.0 4805.0 8489.0],[6.0],[4.0 35.0 38.0],False,False
[6095.0],[5596.0 7949.0 8911.0 9353.0],[6.0],[1.0 3.0 12.0],False,False
[6096.0],[5273.0 8461.0],[6.0],[5.0 20.0],False,False
[6097.0],[8132.0 8135.0],[6.0],[6.0 49.0],False,False
[6098.0],[7924.0 8179.0],[6.0],[13.0 15.0],False,False
[6099.0],[5625.0 8617.0 9363.0 9680.0],[6.0],[1.0 2.0 15.0],False,False
[6100.0],[7274.0 8262.0 8947.0 9092.0 9429.0],[6.0],[2.0 3.0 4.0],False,False
[6101.0],[4920.0 9121.0],[6.0],[3.0 15.0],False,False
[6102.0],[7391.0],[6.0],[8.0],True,False
[6103.0],[6332.0],[6.0],[12.0],False,False
[6104.0],[5649.0 7727.0 7863.0 8036.0 8241.0],[6.0],[3.0 4.0 7.0 11.0],True,False
[6105.0],[3716.0 6763.0 8216.0 9386.0],[6.0],[1.0 16.0 38.0 52.0],False,False
[6106.0],[8471.0],[6.0],[6.0],True,True
[6107.0],[6117.0 6761.0 8221.0],[6.0],[3.0 11.0 39.0],False,False
[6108.0],[7440.0],[6.0],[16.0],False,False
[6109.0],[6225.0 7580.0 8424.0 9829.0],[6.0],[1.0 10.0 13.0 18.0],False,False
[6110.0],[899.0 8555.0],[6.0],[1.0 73.0],False,False
[6111.0],[3866.0 6538.0 7675.0],[6.0],[7.0 9.0 14.0],False,False
[6112.0],[8249.0 8597.0],[6.0],[14.0 47.0],False,False
[6113.0],[8128.0 9607.0],[6.0],[5.0 15.0],True,False
[6114.0],[4245.0],[6.0],[34.0],True,False
[6115.0],[6109.0 8209.0 9104.0 9366.0],[6.0],[1.0 4.0 14.0 15.0],False,False
[6116.0],[6143.0],[6.0],[17.0],True,False
[6117.0],[5397.0 6352.0 8671.0 9398.0 10220.0],[6.0],[1.0 2.0 8.0 19.0],False,False
[6118.0],[7694.0 8213.0],[6.0],[8.0 13.0],True,False
[6119.0],[8535.0 8541.0 9064.0 9296.0 10131.0],[6.0],[1.0 5.0 12.0],False,False
[6120.0],[284.0 7076.0],[6.0],[22.0 30.0],False,False
[6121.0],[1119.0 7712.0 7972.0],[6.0],[11.0 13.0 29.0],False,False
[6122.0],[7253.0 7498.0 8101.0 8282.0 8953.0 9470.0],[6.0],[2.0 3.0 4.0 7.0 17.0],False,False
[6123.0],[3407.0],[6.0],[28.0],True,False
[6124.0],[571.0 722.0],[6.0],[58.0 64.0],False,False
[6125.0],[746.0 8892.0 9321.0],[6.0],[9.0 11.0 40.0],True,False
[6126.0],[6373.0 9387.0 9968.0],[6.0],[1.0 4.0 11.0],False,False
[6127.0],[7291.0 8973.0 10582.0],[6.0],[3.0 8.0 9.0],True,False
[6128.0],[8015.0 8016.0 10271.0],[6.0],[2.0 5.0 7.0],False,False
[6129.0],[99.0 9235.0],[6.0],[1.0 42.0],False,False
[6130.0],[7586.0 9226.0],[6.0],[31.0 62.0],True,False
[6131.0],[3207.0 9251.0],[6.0],[6.0 53.0],False,False
[6132.0],[6996.0],[6.0],[16.0],False,False
[6133.0],[7451.0 7955.0],[6.0],[10.0 24.0],True,False
[6134.0],[3886.0 7967.0],[6.0],[29.0 56.0],False,False
[6135.0],[1265.0 6976.0],[6.0],[32.0 45.0],False,False
[6136.0],[8632.0 8947.0 9109.0 9429.0 9690.0 10829.0],[6.0],[1.0 2.0 3.0 4.0 10.0],False,False
[6137.0],[9323.0 10438.0],[6.0],[3.0 5.0],True,False
[6138.0],[3939.0 8597.0 9709.0],[6.0],[7.0 19.0 47.0],False,False
[6139.0],[240.0 8436.0 9236.0],[6.0],[9.0 23.0 38.0],False,False
[6140.0],[9073.0 9314.0],[6.0],[6.0 11.0],True,False
[6141.0],[1938.0 2155.0],[6.0],[37.0 73.0],True,False
[6142.0],[6840.0],[6.0],[15.0],True,False
[6143.0],[3840.0 9627.0 10394.0],[6.0],[3.0 12.0 80.0],False,False
[6144.0],[6751.0 9650.0 10740.0],[6.0],[4.0 18.0],False,False
[6145.0],[6116.0 9116.0 10457.0],[6.0],[3.0 18.0 32.0],False,False
[6146.0],[10155.0 10445.0 10472.0 10961.0 11309.0],[6.0],[1.0 2.0 16.0 61.0],False,False
[6147.0],[9075.0 9357.0 10143.0],[6.0],[5.0 14.0],False,False
[6148.0],[7454.0 8201.0 10449.0],[6.0],[10.0 14.0],False,False
[6149.0],[9410.0 9973.0 10189.0],[6.0],[4.0 7.0 8.0],False,False
[6150.0],[9104.0 10465.0 11306.0],[6.0],[1.0 2.0 14.0],False,False
[6151.0],[5316.0],[6.0],[41.0],False,False
[6152.0],[9915.0],[6.0],[20.0],False,False
[6153.0],[8408.0 11498.0],[6.0],[5.0 42.0],False,False
[6154.0],[1106.0 10470.0 11124.0],[6.0],[1.0 22.0 41.0],False,False
[6155.0],[10817.0 10992.0 11153.0],[6.0],[1.0 10.0],False,False
[6156.0],[8514.0 10429.0 10739.0 11630.0],[6.0],[1.0 4.0 9.0],False,False
[6157.0],[9392.0 10460.0],[6.0],[15.0 19.0],False,False
[6158.0],[4752.0 11499.0 11914.0 12236.0],[6.0],[1.0 9.0 10.0 25.0],False,False
[6159.0],[7435.0 10959.0],[6.0],[18.0],True,False
[6160.0],[8632.0 8898.0 10172.0 11657.0 12080.0 12416.0],[6.0],[3.0 5.0 6.0 9.0 10.0 21.0],False,False
[6161.0],[9517.0],[6.0],[17.0],False,False
[6162.0],[5995.0 7577.0 7886.0],[6.0],[15.0 17.0 51.0],False,False
[6163.0],[571.0 1981.0],[6.0],[55.0 64.0],False,False
[6164.0],[10167.0],[6.0],[42.0],False,False
[6165.0],[6751.0 6931.0],[6.0],[18.0 32.0],False,False
[6166.0],[10955.0 11666.0 12013.0 12344.0],[6.0],[2.0 4.0 10.0],False,False
[6167.0],[10530.0 10770.0],[6.0],[7.0 10.0],False,False
[6168.0],[8964.0 10974.0 11139.0 12362.0 12735.0],[6.0],[2.0 3.0 28.0 61.0],False,False
[6169.0],[10638.0 11398.0 11762.0 12430.0],[6.0],[2.0 4.0 12.0],False,False
[6170.0],[7038.0],[6.0],[21.0],True,False
[6171.0],[9845.0],[6.0],[13.0],True,False
[6172.0],[11328.0 11689.0],[6.0],[2.0 17.0],False,False
[6173.0],[829.0 11261.0 11555.0 12272.0 12994.0],[6.0],[1.0 2.0 3.0 54.0],False,False
[6174.0],[9662.0 10768.0 11981.0 12689.0],[6.0],[2.0 5.0 9.0 25.0],False,False
[6175.0],[6222.0 12231.0],[6.0],[6.0 44.0],False,False
[6176.0],[11679.0 11686.0 13442.0],[6.0],[1.0 5.0 8.0],False,False
[6177.0],[2747.0 10374.0 11540.0 13309.0],[6.0],[9.0 18.0 28.0 52.0],False,False
[6178.0],[11926.0],[6.0],[22.0],True,False
[6179.0],[11563.0],[6.0],[16.0],True,False
[6180.0],[11581.0],[6.0],[7.0],True,False
[6181.0],[5828.0 7644.0 11265.0 11601.0 12657.0 13335.0],[6.0],[1.0 3.0 6.0 14.0 32.0],False,False
[6182.0],[11959.0],[6.0],[7.0],True,False
[6183.0],[11153.0],[6.0],[10.0],True,False
[6184.0],[4371.0 11024.0 13614.0],[6.0],[9.0 39.0 57.0],False,False
[6185.0],[8286.0 12415.0 12778.0],[6.0],[5.0 14.0],False,False
[6186.0],[10529.0 11724.0 13879.0],[6.0],[1.0 7.0 14.0],False,False
[6187.0],[11656.0 12022.0 12320.0],[6.0],[6.0 24.0 41.0],False,False
[6188.0],[10584.0 12439.0 13143.0 13573.0],[6.0],[2.0 6.0 32.0],False,False
[6189.0],[12561.0 12573.0 13694.0],[6.0],[3.0 4.0 6.0],False,False
[6190.0],[8667.0 10806.0],[6.0],[12.0 36.0],True,False
[6191.0],[12053.0],[6.0],[11.0],True,False
[6192.0],[9153.0],[6.0],[18.0],True,False
[6193.0],[12821.0],[6.0],[6.0],True,True
[6194.0],[11023.0 12460.0 12924.0],[6.0],[5.0 9.0 18.0],True,False
[6195.0],[12030.0],[6.0],[9.0],True,False
[6196.0],[11637.0 12043.0 12716.0 13375.0],[6.0],[2.0 3.0 8.0 21.0],False,False
[6197.0],[6965.0 11734.0 12788.0 13094.0],[6.0],[3.0 5.0 6.0 27.0],False,False
[6198.0],[10407.0],[6.0],[12.0],False,False
[6199.0],[13053.0],[6.0],[6.0],True,True
[6200.0],[1265.0 6976.0 13075.0],[6.0],[11.0 32.0 45.0],False,False
[6201.0],[6773.0 9435.0],[6.0],[18.0 41.0],False,False
[6202.0],[10399.0 14198.0],[6.0],[20.0 39.0],True,False
[6203.0],[8526.0],[6.0],[20.0],True,False
[6204.0],[2619.0 13459.0 15074.0],[6.0],[1.0 7.0 94.0],False,False
[6205.0],[10520.0 13466.0 13876.0 14029.0 14254.0],[6.0],[2.0 5.0 9.0 16.0],False,False
[6206.0],[10954.0],[6.0],[16.0],True,False
[6207.0],[13071.0 14553.0],[6.0],[2.0 7.0],False,False
[6208.0],[10104.0 15352.0],[6.0],[1.0 21.0],False,False
[6209.0],[12250.0 13708.0 14428.0],[6.0],[3.0 16.0],False,False
[6210.0],[9894.0 13020.0 13759.0 13787.0 14975.0],[6.0],[1.0 3.0 7.0 13.0 24.0],False,False
[6211.0],[9596.0 13702.0],[6.0],[1.0 29.0],False,False
[6212.0],[11637.0 13042.0 13071.0 14553.0],[6.0],[2.0 7.0 8.0 20.0],False,False
[6213.0],[10859.0 13850.0 14283.0],[6.0],[6.0 8.0],False,False
[6214.0],[8133.0 10082.0 14860.0],[6.0],[4.0 14.0 34.0],False,False
[6215.0],[11855.0],[6.0],[10.0],True,False
[6216.0],[6976.0 12777.0],[6.0],[15.0 32.0],False,False
[6217.0],[11396.0 12416.0 14083.0],[6.0],[5.0 13.0 15.0],False,False
[6218.0],[10723.0 14181.0],[6.0],[17.0 29.0],True,False
[6219.0],[12008.0 13051.0],[6.0],[7.0 9.0],True,False
[6220.0],[14235.0],[6.0],[6.0],True,True
[6221.0],[6965.0 10527.0 13094.0],[6.0],[3.0 17.0 27.0],False,False
[6222.0],[8852.0 8853.0 13709.0 16062.0],[6.0],[6.0 17.0 24.0 27.0],False,False
[6223.0],[6491.0 11512.0 15698.0],[6.0],[5.0 12.0 32.0],False,False
[6224.0],[3855.0 14469.0 15386.0],[6.0],[14.0 23.0 55.0],False,False
[6225.0],[8133.0 14860.0],[6.0],[4.0 34.0],False,False
[6226.0],[14553.0 15446.0],[6.0],[2.0 4.0],True,False
[6227.0],[5035.0 14850.0 16889.0],[6.0],[1.0 2.0 47.0],False,False
[6228.0],[6763.0 16184.0],[6.0],[2.0 38.0],False,False
[6229.0],[7408.0 15708.0],[6.0],[28.0 36.0],False,False
[6230.0],[12364.0 15478.0],[6.0],[17.0 22.0],True,False
[6231.0],[12085.0 15481.0 15781.0 16626.0],[6.0],[3.0 10.0 16.0 20.0],True,False
[6232.0],[10117.0],[6.0],[23.0],True,False
[6233.0],[14944.0 15407.0 15739.0],[6.0],[1.0 7.0 9.0],False,False
[6234.0],[9829.0 16046.0 17218.0],[6.0],[3.0 6.0 18.0],False,False
[6235.0],[14492.0 14511.0],[6.0],[9.0 24.0],True,False
[6236.0],[15018.0 16185.0 17292.0],[6.0],[1.0 10.0],False,False
[6237.0],[12420.0],[6.0],[29.0],True,False
[6238.0],[706.0 13054.0 15413.0 16167.0 17705.0],[6.0],[2.0 8.0 13.0 97.0],False,False
[6239.0],[10420.0 15406.0 16604.0 17004.0 17293.0 17719.0],[6.0],[1.0 2.0 4.0 22.0],False,False
[6240.0],[15099.0 16663.0],[6.0],[1.0 8.0],False,False
[6241.0],[5757.0],[6.0],[36.0],True,False
[6242.0],[12097.0 15881.0 16713.0 17185.0],[6.0],[5.0 7.0 17.0 20.0],False,False
[6243.0],[13484.0 16584.0 16966.0 17762.0],[6.0],[2.0 8.0 13.0],False,False
[6244.0],[3855.0 17699.0 18158.0 18511.0],[6.0],[1.0 4.0 6.0 55.0],False,False
[6245.0],[7176.0 12707.0 16159.0],[6.0],[14.0 17.0 32.0],False,False
[6246.0],[9105.0 15062.0 18199.0],[6.0],[7.0 11.0 27.0],False,False
[6247.0],[16601.0],[6.0],[18.0],False,False
[6248.0],[16160.0 16181.0 18157.0],[6.0],[2.0 4.0 5.0],False,False
[6249.0],[12768.0 12801.0 15048.0 15773.0 16994.0 18543.0],[6.0],[1.0 3.0 10.0 16.0 23.0],False,False
[6250.0],[13561.0 16722.0 17076.0 17094.0 17412.0 18608.0],[6.0],[1.0 4.0 7.0 9.0],False,False
[6251.0],[12350.0 16607.0 16979.0 16980.0],[6.0],[6.0 16.0 20.0],True,False
[6252.0],[10425.0 16163.0 16170.0],[6.0],[4.0 11.0 17.0],True,False
[6253.0],[16961.0 17753.0 18177.0],[6.0],[4.0 35.0 40.0],False,False
[6254.0],[13855.0],[6.0],[16.0],True,False
[6255.0],[15729.0 16928.0 17698.0],[6.0],[9.0 18.0 21.0],False,False
[6256.0],[2331.0 16912.0],[6.0],[8.0 58.0],True,False
[6257.0],[139.0 10695.0 18749.0],[6.0],[11.0 43.0 57.0],False,False
[6258.0],[16496.0 16914.0 18471.0 18802.0 19271.0],[6.0],[1.0 2.0 20.0],False,False
[6259.0],[14965.0 16131.0 17287.0],[6.0],[2.0 18.0],False,False
[6260.0],[15533.0 17899.0 17901.0],[6.0],[3.0 4.0 6.0],False,False
[6261.0],[16891.0 17628.0],[6.0],[9.0 15.0],False,False
[6262.0],[10460.0 14014.0 18898.0],[6.0],[3.0 13.0 19.0],True,False
[6263.0],[16965.0 17325.0],[6.0],[2.0 6.0],True,False
[6264.0],[17069.0 19076.0],[6.0],[6.0 7.0],False,False
[6265.0],[12666.0 19603.0],[6.0],[2.0 43.0],True,False
[6266.0],[15423.0 17699.0],[6.0],[6.0 9.0],False,False
[6267.0],[7088.0 18767.0 19842.0],[6.0],[3.0 4.0 42.0],False,False
[6268.0],[18156.0],[6.0],[7.0],True,False
[6269.0],[15781.0 18887.0],[6.0],[10.0],True,False
[6270.0],[16669.0],[6.0],[27.0],True,False
[6271.0],[9472.0 20349.0],[6.0],[1.0 29.0],False,False
[6272.0],[12777.0],[6.0],[15.0],True,False
[6273.0],[13930.0 17924.0],[6.0],[9.0 23.0],False,False
[6274.0],[15082.0 17448.0 19402.0],[6.0],[2.0 18.0 32.0],True,False
[6275.0],[11540.0 20154.0],[6.0],[2.0 28.0],False,False
[6276.0],[14934.0 18479.0],[6.0],[4.0 30.0],False,False
[6277.0],[3855.0],[6.0],[55.0],False,False
[6278.0],[15082.0 17448.0],[6.0],[18.0 32.0],True,False
[6279.0],[18829.0],[6.0],[6.0],True,True
[6280.0],[276.0],[6.0],[69.0],True,False
[6281.0],[14407.0 14839.0 19546.0],[6.0],[12.0 13.0 35.0],True,False
[6282.0],[10741.0 19296.0],[6.0],[8.0 20.0],False,False
[6283.0],[19379.0 19929.0],[6.0],[2.0 7.0],True,False
[6284.0],[13992.0 19248.0],[6.0],[6.0 48.0],True,False
[6285.0],[12752.0 15857.0 16979.0 19350.0],[6.0],[5.0 6.0 20.0 24.0],True,False
[6286.0],[15479.0 18514.0 20280.0 20681.0],[6.0],[1.0 4.0 11.0 17.0],False,False
[6287.0],[18173.0 19638.0 20701.0],[6.0],[1.0 2.0 13.0],False,False
[6288.0],[17482.0 18301.0 20404.0],[6.0],[2.0 13.0 34.0],False,False
[6289.0],[11259.0 19279.0],[6.0],[5.0 30.0],False,False
[6290.0],[19867.0 20212.0],[6.0],[3.0 6.0],False,False
[6291.0],[16724.0 17895.0],[6.0],[11.0 29.0],False,False
[6292.0],[18597.0 20757.0],[6.0],[5.0 11.0],True,False
[6293.0],[17814.0 18198.0 18533.0 18886.0],[6.0],[5.0 10.0 14.0 16.0],False,False
[6294.0],[15006.0 19896.0],[6.0],[4.0 16.0],False,False
[6295.0],[14437.0 20135.0],[6.0],[7.0 17.0],True,False
[6296.0],[19257.0 20154.0 20631.0],[6.0],[2.0 7.0 14.0],False,False
[6297.0],[17675.0 19869.0 20244.0 21446.0],[6.0],[1.0 4.0 10.0 37.0],False,False
[6298.0],[20108.0],[6.0],[7.0],True,False
[6299.0],[17603.0 17609.0 18057.0 21389.0],[6.0],[5.0 8.0 9.0 38.0],False,False
[6300.0],[10069.0 18755.0],[6.0],[20.0 39.0],False,False
[6301.0],[20622.0],[6.0],[8.0],True,False
[6302.0],[20630.0],[6.0],[9.0],False,False
[6303.0],[16104.0],[6.0],[18.0],True,False
[6304.0],[16669.0],[6.0],[27.0],True,False
[6305.0],[12785.0],[6.0],[25.0],True,False
[6306.0],[20664.0 21441.0 21850.0],[6.0],[2.0 10.0 12.0],False,False
[6307.0],[15403.0 22577.0],[6.0],[1.0 36.0],False,False
[6308.0],[20404.0 20751.0 21189.0],[6.0],[2.0 3.0 9.0],False,False
[6309.0],[5141.0 18602.0],[6.0],[37.0 59.0],True,False
[6310.0],[21025.0 21027.0],[6.0],[5.0 10.0],False,False
[6311.0],[18847.0 20668.0 21055.0],[6.0],[2.0 11.0 13.0],False,False
[6312.0],[9730.0 19505.0],[6.0],[18.0 51.0],False,False
[6313.0],[16481.0 20610.0],[6.0],[15.0 40.0],False,False
[6314.0],[16131.0 20224.0 22591.0],[6.0],[1.0 3.0 18.0],False,False
[6315.0],[16477.0 17628.0 21781.0],[6.0],[4.0 9.0 24.0],False,False
[6316.0],[10150.0 16233.0 22728.0],[6.0],[17.0 21.0 34.0],True,False
[6317.0],[19376.0 22327.0],[6.0],[6.0 11.0],True,False
[6318.0],[18286.0],[6.0],[12.0],True,False
[6319.0],[8167.0 20664.0 21850.0],[6.0],[2.0 12.0 59.0],False,False
[6320.0],[14874.0 14885.0 21796.0],[6.0],[3.0 26.0 34.0],False,False
[6321.0],[17253.0 20985.0 22227.0 22534.0 22910.0],[6.0],[1.0 2.0 3.0 21.0],False,False
[6322.0],[7100.0 22236.0],[6.0],[17.0 54.0],False,False
[6323.0],[794.0 22578.0],[6.0],[27.0 73.0],False,False
[6324.0],[20626.0],[6.0],[13.0],False,False
[6325.0],[18499.0 21055.0 21477.0],[6.0],[2.0 5.0 9.0],True,False
[6326.0],[21094.0 21500.0 22290.0],[6.0],[4.0 6.0 11.0],True,False
[6327.0],[20987.0 21813.0],[6.0],[22.0 30.0],False,False
[6328.0],[13274.0 18761.0 18770.0 22898.0],[6.0],[1.0 6.0 13.0 37.0],False,False
[6329.0],[21529.0 21531.0 21576.0],[6.0],[5.0 7.0 8.0],False,False
[6330.0],[20282.0 21930.0 23376.0],[6.0],[4.0 10.0 13.0],False,False
[6331.0],[22212.0],[6.0],[6.0],True,True
[6332.0],[21432.0],[6.0],[10.0],True,False
[6333.0],[18085.0 20145.0],[6.0],[12.0],False,False
[6334.0],[840.0 10124.0],[6.0],[37.0 99.0],False,False
[6335.0],[15774.0 19634.0],[6.0],[16.0 32.0],False,False
[6336.0],[17678.0],[6.0],[16.0],True,False
[6337.0],[9861.0 21443.0 22946.0],[6.0],[4.0 6.0 61.0],False,False
[6338.0],[706.0 9302.0 20241.0],[6.0],[25.0 40.0 97.0],True,False
[6339.0],[320.0 16047.0 24416.0],[6.0],[1.0 36.0 97.0],False,False
[6340.0],[16669.0],[6.0],[27.0],True,False
[6341.0],[17339.0 21558.0 22845.0 24863.0],[6.0],[5.0 13.0 16.0],False,False
[6342.0],[20751.0 21122.0 23114.0 23852.0 24227.0],[6.0],[1.0 2.0 9.0 10.0],False,False
[6343.0],[22653.0 23775.0],[6.0],[4.0],False,False
[6344.0],[19661.0 23012.0 23395.0 24243.0],[6.0],[1.0 3.0 13.0 14.0],True,False
[6345.0],[13257.0 21775.0],[6.0],[6.0 30.0],False,False
[6346.0],[16174.0 20758.0 24518.0],[6.0],[4.0 7.0 24.0],True,False
[6347.0],[20751.0 21122.0],[6.0],[9.0],False,False
[6348.0],[23459.0],[6.0],[9.0],False,False
[6349.0],[19613.0],[6.0],[22.0],True,False
[6350.0],[20506.0 23468.0 24233.0 24609.0 24915.0],[6.0],[1.0 2.0 4.0 11.0],False,False
[6351.0],[17072.0 23481.0 23493.0],[6.0],[3.0 11.0 19.0],False,False
[6352.0],[17548.0 23174.0 24629.0],[6.0],[2.0 6.0 10.0],False,False
[6353.0],[11070.0],[6.0],[52.0],True,False
[6354.0],[17615.0 18750.0],[6.0],[15.0 22.0],True,False
[6355.0],[23631.0],[6.0],[7.0],False,False
[6356.0],[23357.0],[6.0],[7.0],True,False
[6357.0],[20891.0 24261.0],[6.0],[7.0 14.0],False,False
[6358.0],[13692.0],[6.0],[49.0],True,False
[6359.0],[20365.0 23751.0 23785.0 24537.0 24557.0],[6.0],[2.0 3.0 4.0 7.0 14.0],False,False
[6360.0],[19250.0 20989.0],[6.0],[11.0 27.0],True,False
[6361.0],[22900.0],[6.0],[8.0],True,False
[6362.0],[23792.0 24535.0 24870.0 25763.0],[6.0],[1.0 3.0 4.0 6.0],False,False
[6363.0],[23377.0],[6.0],[7.0],False,False
[6364.0],[8937.0 11655.0 22983.0],[6.0],[12.0 29.0 44.0],False,False
[6365.0],[24789.0],[6.0],[7.0],True,False
[6366.0],[14463.0 21826.0],[6.0],[10.0 34.0],False,False
[6367.0],[22996.0 25479.0],[6.0],[5.0 10.0],False,False
[6368.0],[15692.0 19541.0 21375.0],[6.0],[11.0 16.0 21.0],False,False
[6369.0],[22953.0 22999.0 25479.0],[6.0],[4.0 5.0 11.0],False,False
[6370.0],[3432.0 10400.0],[6.0],[44.0 88.0],False,False
[6371.0],[17693.0 22943.0 24811.0 26163.0],[6.0],[1.0 5.0 8.0 20.0],False,False
[6372.0],[21047.0 22264.0 24079.0],[6.0],[5.0 8.0 13.0],False,False
[6373.0],[19634.0 21866.0 24848.0],[6.0],[1.0 14.0 32.0],False,False
[6374.0],[23635.0],[6.0],[11.0],False,False
[6375.0],[447.0 24037.0],[6.0],[6.0 99.0],False,False
[6376.0],[19045.0 24210.0],[6.0],[8.0 37.0],True,False
[6377.0],[16778.0 25573.0],[6.0],[14.0 30.0],True,False
[6378.0],[14597.0 19411.0 23101.0 25558.0],[6.0],[2.0 7.0 15.0 32.0],False,False
[6379.0],[738.0 18116.0],[6.0],[21.0 85.0],False,False
[6380.0],[22996.0 23747.0 25479.0 25982.0],[6.0],[5.0 7.0 10.0],False,False
[6381.0],[22893.0 24422.0],[6.0],[14.0 19.0],True,False
[6382.0],[22912.0 24435.0 25945.0 26348.0],[6.0],[1.0 2.0 5.0 8.0],False,False
[6383.0],[21465.0 25191.0 25214.0 25987.0 26438.0],[6.0],[1.0 2.0 3.0 10.0 29.0],False,False
[6384.0],[18966.0 21121.0 24856.0 25192.0],[6.0],[3.0 15.0 17.0 18.0],False,False
[6385.0],[22219.0 25443.0],[6.0],[5.0 13.0],False,False
[6386.0],[24931.0 25550.0],[6.0],[1.0 13.0],False,False
[6387.0],[14463.0 21826.0],[6.0],[10.0 34.0],False,False
[6388.0],[20506.0 25394.0 25835.0 26782.0],[6.0],[2.0 8.0 9.0 11.0],False,False
[6389.0],[19505.0 21598.0 23866.0 25601.0],[6.0],[7.0 9.0 13.0 18.0],False,False
[6390.0],[23349.0],[6.0],[17.0],False,False
[6391.0],[25179.0 25230.0 25763.0],[6.0],[4.0 9.0 15.0],False,False
[6392.0],[22311.0],[6.0],[21.0],True,False
[6393.0],[18823.0 26374.0],[6.0],[1.0 34.0],False,False
[6394.0],[19292.0 19634.0],[6.0],[31.0 32.0],False,False
[6395.0],[24839.0 26388.0 26698.0 26928.0],[6.0],[1.0 4.0 10.0],False,False
[6396.0],[18468.0 24456.0 25954.0 26918.0],[6.0],[1.0 4.0 21.0 25.0],False,False
[6397.0],[18146.0 20668.0 26933.0],[6.0],[1.0 13.0 17.0],False,False
[6398.0],[18549.0 22285.0 24888.0 26193.0],[6.0],[4.0 11.0 15.0 24.0],False,False
[6399.0],[2619.0 26199.0 26745.0],[6.0],[3.0 5.0 94.0],False,False
[6400.0],[21420.0 24800.0],[6.0],[7.0 20.0],False,False
[6401.0],[20233.0 23686.0],[6.0],[17.0 20.0],False,False
[6402.0],[24777.0],[6.0],[21.0],False,False
[6403.0],[352.0 25940.0],[6.0],[2.0 94.0],False,False
[6404.0],[22278.0 26171.0],[6.0],[13.0 15.0],False,False
[6405.0],[25527.0 25798.0 26503.0],[6.0],[6.0 8.0 15.0],False,False
[6406.0],[15095.0 23805.0],[6.0],[18.0 39.0],False,False
[6407.0],[23338.0 25114.0 25460.0 27351.0],[6.0],[1.0 5.0 8.0 21.0],False,False
[6408.0],[5290.0 24456.0],[6.0],[21.0 54.0],False,False
[6409.0],[14493.0],[6.0],[38.0],True,False
[6410.0],[17310.0 20699.0 27369.0],[6.0],[1.0 20.0 23.0],False,False
[6411.0],[23100.0],[6.0],[13.0],True,False
[6412.0],[24310.0 25322.0 26274.0],[6.0],[5.0 6.0 17.0],False,False
[6413.0],[18956.0 23868.0 24203.0 27207.0],[6.0],[3.0 5.0 12.0 22.0],False,False
[6414.0],[24525.0 25780.0 26210.0 26467.0],[6.0],[3.0 6.0 8.0 11.0],False,False
[6415.0],[17040.0 25815.0 25835.0 26512.0 27044.0],[6.0],[1.0 2.0 7.0 9.0 32.0],False,False
[6416.0],[24629.0 26776.0 27077.0 27470.0],[6.0],[1.0 2.0 3.0 6.0],False,False
[6417.0],[15223.0 23088.0],[6.0],[13.0 43.0],False,False
[6418.0],[7109.0 26906.0],[6.0],[5.0 67.0],False,False
[6419.0],[6911.0 25717.0],[6.0],[14.0 73.0],False,False
[6420.0],[20699.0 24132.0 26708.0 27392.0],[6.0],[1.0 12.0 20.0],False,False
[6421.0],[26495.0 26539.0 27276.0 27459.0],[6.0],[1.0 3.0 7.0],False,False
[6422.0],[18064.0 19549.0 27325.0],[6.0],[2.0 20.0 37.0],False,False
[6423.0],[24012.0 26665.0],[6.0],[10.0 23.0],False,False
[6424.0],[18605.0],[6.0],[24.0],True,False
[6425.0],[24777.0 27332.0 27874.0],[6.0],[1.0 9.0 21.0],False,False
[6426.0],[8964.0 24146.0 26711.0 27663.0],[6.0],[2.0 10.0 61.0],False,False
[6427.0],[26137.0 26658.0],[6.0],[6.0 8.0],True,False
[6428.0],[26379.0 26921.0 27366.0 28109.0],[6.0],[1.0 2.0 4.0 7.0],False,False
[6429.0],[14493.0 26390.0 26927.0],[6.0],[2.0 12.0 38.0],False,False
[6430.0],[16632.0 27014.0 27414.0 27691.0 28129.0],[6.0],[1.0 2.0 25.0],False,False
[6431.0],[27173.0],[6.0],[12.0],True,False
[6432.0],[20699.0 24132.0 27392.0 27947.0],[6.0],[1.0 8.0 12.0 20.0],False,False
[6433.0],[17905.0 26197.0 26506.0 27004.0 27985.0],[6.0],[2.0 3.0 6.0 30.0],False,False
[6434.0],[12666.0 23349.0 24468.0 27895.0],[6.0],[8.0 13.0 17.0 43.0],False,False
[6435.0],[19045.0 25751.0],[6.0],[9.0 37.0],False,False
[6436.0],[26548.0 26577.0 27043.0],[6.0],[5.0 9.0],False,False
[6437.0],[26968.0 27375.0 27378.0],[6.0],[1.0 4.0 5.0],False,False
[6438.0],[19730.0 28148.0 28380.0],[6.0],[2.0 22.0],False,False
[6439.0],[26873.0 28084.0],[6.0],[2.0 13.0],False,False
[6440.0],[9861.0 25717.0],[6.0],[14.0 61.0],False,False
[6441.0],[26982.0 27687.0],[6.0],[3.0 6.0],False,False
[6442.0],[24015.0 27870.0 28580.0],[6.0],[2.0 3.0 16.0],False,False
[6443.0],[22985.0 27389.0 28337.0 28344.0],[6.0],[1.0 2.0 3.0 12.0],False,False
[6444.0],[24155.0 27222.0 27404.0],[6.0],[1.0 11.0 18.0],False,False
[6445.0],[14566.0 27222.0],[6.0],[11.0 37.0],False,False
[6446.0],[24893.0 26726.0 27960.0],[6.0],[5.0 10.0],True,False
[6447.0],[25815.0 27229.0 27961.0 28394.0],[6.0],[1.0 4.0 5.0 7.0],False,False
[6448.0],[11856.0 27479.0],[6.0],[10.0 54.0],True,False
[6449.0],[27607.0],[6.0],[6.0],True,True
[6450.0],[22537.0 28279.0 28589.0 28787.0],[6.0],[1.0 4.0 25.0],False,False
[6451.0],[244.0 28262.0],[6.0],[1.0 99.0],False,False
[6452.0],[8964.0 23479.0 24146.0 27663.0],[6.0],[2.0 10.0 25.0 61.0],False,False
[6453.0],[14175.0 25716.0 26153.0],[6.0],[10.0 13.0 48.0],False,False
[6454.0],[27638.0 27913.0 28120.0 28313.0],[6.0],[1.0 2.0 4.0],False,False
[6455.0],[27422.0 27673.0],[6.0],[3.0 7.0],False,False
[6456.0],[22141.0 27303.0],[6.0],[6.0 15.0],False,False
[6457.0],[24132.0 27947.0 28314.0 28406.0],[6.0],[2.0 3.0 8.0 12.0],False,False
[6458.0],[20058.0 28157.0 28970.0],[6.0],[1.0 6.0 20.0],False,False
[6459.0],[27866.0],[6.0],[7.0],True,False
[6460.0],[27597.0 28913.0],[6.0],[3.0 6.0],False,False
[6461.0],[18068.0 26878.0],[6.0],[10.0 30.0],False,False
[6462.0],[27265.0 28178.0],[6.0],[6.0 10.0],False,False
[6463.0],[26997.0 28767.0 28965.0],[6.0],[3.0 10.0],False,False
[6464.0],[244.0 21383.0 27873.0],[6.0],[4.0 22.0 99.0],False,False
[6465.0],[28115.0 28334.0 28647.0 28936.0],[6.0],[2.0 3.0 4.0],False,False
[6466.0],[23412.0 28357.0 28359.0 28994.0 29114.0],[6.0],[1.0 2.0 4.0 23.0],False,False
[6467.0],[28154.0 28177.0 28807.0],[6.0],[1.0 5.0 6.0],False,False
[6468.0],[11530.0 18823.0 24022.0 28275.0 29279.0],[6.0],[1.0 15.0 34.0 55.0],False,False
[6469.0],[25168.0 26385.0 28328.0],[6.0],[6.0 12.0 13.0],True,False
[6470.0],[16992.0 28816.0],[6.0],[4.0 42.0],True,False
[6471.0],[27387.0 27667.0 29121.0 29301.0],[6.0],[1.0 3.0 10.0],False,False
[6472.0],[9059.0 25952.0 28101.0 28308.0],[6.0],[1.0 7.0 8.0 67.0],False,False
[6473.0],[27193.0 29305.0],[6.0],[1.0 12.0],True,False
[6474.0],[26435.0 26484.0 28382.0],[6.0],[5.0 7.0 15.0],False,False
[6475.0],[26878.0 27162.0 29242.0],[6.0],[1.0 9.0 10.0],False,False
[6476.0],[26324.0],[6.0],[14.0],False,False
[6477.0],[28579.0],[6.0],[6.0],True,True
[6478.0],[407.0 25105.0],[6.0],[20.0 98.0],False,False
[6479.0],[20987.0 29557.0],[6.0],[1.0 30.0],False,False
[6480.0],[27615.0],[6.0],[8.0],True,False
[6481.0],[18464.0 27616.0],[6.0],[8.0 37.0],False,False
[6482.0],[26675.0 28921.0],[6.0],[3.0 13.0],False,False
[6483.0],[22930.0 28595.0],[6.0],[3.0 26.0],False,False
[6484.0],[28606.0 28930.0 29293.0],[6.0],[1.0 3.0 5.0],False,False
[6485.0],[28606.0 28931.0 29301.0],[6.0],[1.0 3.0 5.0],False,False
[6486.0],[11954.0],[6.0],[53.0],True,False
[6487.0],[28606.0 28930.0],[6.0],[3.0 5.0],False,False
[6488.0],[22258.0 27358.0 29098.0],[6.0],[3.0 10.0 28.0],False,False
[6489.0],[19276.0 27357.0 27904.0 29304.0],[6.0],[1.0 5.0 8.0 36.0],False,False
[6490.0],[23702.0 28314.0 28332.0 29309.0],[6.0],[2.0 6.0 14.0],False,False
[6491.0],[22277.0 22578.0 29316.0],[6.0],[1.0 27.0],False,False
[6492.0],[19292.0 24091.0 28302.0],[6.0],[3.0 18.0 31.0],False,False
[6493.0],[27947.0 28314.0 29309.0],[6.0],[2.0 8.0],False,False
[6494.0],[26952.0],[6.0],[13.0],True,False
[6495.0],[22277.0],[6.0],[27.0],True,False
[6496.0],[28615.0],[6.0],[6.0],True,True
[6497.0],[28118.0],[6.0],[8.0],True,False
[6498.0],[28334.0 28647.0 29336.0 29580.0],[6.0],[1.0 2.0 4.0],False,False
[6499.0],[27652.0],[6.0],[10.0],True,False
[6500.0],[27396.0],[6.0],[11.0],True,False
[6501.0],[27946.0 29351.0],[6.0],[2.0 8.0],True,False
[6502.0],[28634.0 28647.0],[6.0],[4.0 5.0],False,False
[6503.0],[26715.0],[6.0],[13.0],True,False
[6504.0],[11629.0],[6.0],[42.0],True,False
[6505.0],[21109.0 28811.0 29142.0],[6.0],[3.0 4.0 27.0],False,False
[6506.0],[27690.0 27976.0 28978.0],[6.0],[3.0 5.0 8.0],False,False
[6507.0],[28673.0],[6.0],[6.0],False,True
[6508.0],[23039.0 27487.0],[6.0],[9.0 17.0],False,False
[6509.0],[27284.0],[6.0],[12.0],True,False
[6510.0],[28483.0 28529.0],[6.0],[5.0 6.0],True,False
[6511.0],[28589.0 28787.0 28916.0 29563.0],[6.0],[1.0 4.0],False,False
[6512.0],[23480.0 28483.0 28529.0 28672.0],[6.0],[4.0 5.0 6.0 14.0],False,False
[6513.0],[28589.0 28787.0 28916.0 29563.0],[6.0],[1.0 4.0],False,False
[6514.0],[27370.0 28304.0],[6.0],[5.0 11.0],False,False
[6515.0],[27947.0 28314.0 29322.0],[6.0],[2.0 8.0],False,False
[6516.0],[27226.0 28125.0 28370.0],[6.0],[2.0 7.0 10.0],False,False
[6517.0],[25850.0 28410.0 28831.0],[6.0],[2.0 4.0 9.0],True,False
[6518.0],[27601.0 28093.0],[6.0],[5.0 8.0],False,False
[6519.0],[22526.0 26667.0 29553.0],[6.0],[1.0 8.0 26.0],False,False
[6520.0],[22223.0 26331.0],[6.0],[14.0 28.0],False,False
[6521.0],[16053.0 28906.0],[6.0],[3.0 40.0],True,False
[6522.0],[27625.0 29090.0],[6.0],[3.0 9.0],True,False
[6523.0],[22249.0 28597.0],[6.0],[5.0 20.0],True,False
[6524.0],[8171.0 13328.0],[6.0],[50.0 64.0],False,False
[6525.0],[22956.0 26385.0 28605.0],[6.0],[4.0 12.0 23.0],False,False
[6526.0],[28118.0],[6.0],[8.0],False,False
[6527.0],[27426.0 28121.0 28943.0 29369.0],[6.0],[2.0 3.0 9.0],False,False
[6528.0],[27705.0 28342.0 28972.0 29133.0],[6.0],[2.0 3.0 4.0 7.0],False,False
[6529.0],[22472.0 24875.0 28162.0],[6.0],[5.0 12.0 17.0],True,False
[6530.0],[131.0],[5.0],[6.0],True,False
[6531.0],[209.0 2140.0],[5.0],[4.0 94.0],True,False
[6532.0],[214.0],[5.0],[5.0],True,True
[6533.0],[320.0 390.0 1676.0 2143.0],[5.0],[1.0 13.0 20.0 97.0],False,False
[6534.0],[232.0],[5.0],[5.0],True,True
[6535.0],[218.0],[5.0],[32.0],True,False
[6536.0],[304.0],[5.0],[5.0],True,True
[6537.0],[293.0],[5.0],[5.0],True,True
[6538.0],[333.0 2154.0],[5.0],[4.0 96.0],True,False
[6539.0],[394.0],[5.0],[6.0],True,False
[6540.0],[396.0],[5.0],[8.0],True,False
[6541.0],[473.0],[5.0],[5.0],True,True
[6542.0],[574.0 579.0],[5.0],[2.0 19.0],False,False
[6543.0],[616.0],[5.0],[5.0],True,True
[6544.0],[606.0 648.0],[5.0],[4.0 8.0],False,False
[6545.0],[651.0],[5.0],[5.0],True,True
[6546.0],[725.0],[5.0],[31.0],True,False
[6547.0],[884.0 1756.0 1764.0],[5.0],[1.0 3.0 5.0],False,False
[6548.0],[837.0 1762.0],[5.0],[5.0 7.0],False,False
[6549.0],[824.0],[5.0],[5.0],True,True
[6550.0],[868.0],[5.0],[5.0],True,True
[6551.0],[992.0 1769.0 2369.0],[5.0],[1.0 13.0 19.0],False,False
[6552.0],[818.0 1027.0],[5.0],[12.0 17.0],False,False
[6553.0],[1061.0 1155.0 1785.0],[5.0],[2.0 10.0 37.0],False,False
[6554.0],[1025.0 1790.0],[5.0],[8.0 16.0],True,False
[6555.0],[944.0 1036.0 1105.0 1772.0],[5.0],[2.0 3.0 5.0 23.0],False,False
[6556.0],[1146.0],[5.0],[5.0],True,True
[6557.0],[1150.0 2389.0],[5.0],[6.0 11.0],True,False
[6558.0],[1140.0],[5.0],[27.0],True,False
[6559.0],[1153.0],[5.0],[9.0],True,False
[6560.0],[1187.0],[5.0],[22.0],True,False
[6561.0],[1234.0 1274.0],[5.0],[5.0 18.0],True,False
[6562.0],[1209.0],[5.0],[62.0],True,False
[6563.0],[1214.0 1816.0],[5.0],[7.0 15.0],True,False
[6564.0],[1307.0],[5.0],[6.0],True,False
[6565.0],[1335.0 1413.0],[5.0],[9.0 16.0],False,False
[6566.0],[1341.0],[5.0],[68.0],True,False
[6567.0],[1435.0 1840.0 2052.0],[5.0],[4.0 5.0 30.0],False,False
[6568.0],[205.0 302.0],[5.0],[12.0 94.0],False,False
[6569.0],[523.0 1982.0 2166.0],[5.0],[1.0 4.0 68.0],False,False
[6570.0],[76.0 1920.0],[5.0],[3.0 7.0],False,False
[6571.0],[830.0 886.0],[5.0],[1.0 24.0],False,False
[6572.0],[877.0 938.0 1747.0],[5.0],[3.0 18.0 21.0],False,False
[6573.0],[987.0],[5.0],[20.0],True,False
[6574.0],[966.0 1021.0],[5.0],[5.0 12.0],True,False
[6575.0],[1009.0 2202.0 2376.0],[5.0],[2.0 5.0],False,False
[6576.0],[1037.0 1062.0 1096.0 2382.0],[5.0],[1.0 2.0 14.0 16.0],False,False
[6577.0],[1165.0 1238.0 1794.0 1803.0],[5.0],[1.0 2.0 5.0 17.0],False,False
[6579.0],[786.0 1983.0 2340.0],[5.0],[1.0 2.0 22.0],False,False
[6580.0],[618.0 2175.0],[5.0],[31.0 71.0],True,False
[6581.0],[762.0 1743.0],[5.0],[5.0 7.0],False,False
[6582.0],[1006.0 1026.0 1040.0],[5.0],[3.0 20.0 26.0],False,False
[6583.0],[1241.0],[5.0],[9.0],False,False
[6584.0],[1178.0],[5.0],[11.0],False,False
[6585.0],[1743.0],[5.0],[7.0],True,False
[6586.0],[1080.0 2620.0],[5.0],[3.0 10.0],True,False
[6587.0],[1363.0 1810.0 2636.0],[5.0],[2.0 3.0 95.0],False,False
[6588.0],[1219.0 1335.0 2650.0],[5.0],[16.0 27.0 28.0],False,False
[6589.0],[1191.0 1289.0 2634.0],[5.0],[1.0 4.0],False,False
[6590.0],[1008.0 1101.0 1122.0 1244.0 2411.0],[5.0],[1.0 4.0 6.0],True,False
[6591.0],[850.0 1796.0 1999.0 2378.0 2581.0],[5.0],[1.0 2.0 3.0 6.0],False,False
[6592.0],[1099.0 1167.0 2418.0],[5.0],[3.0 5.0 12.0],False,False
[6593.0],[145.0],[5.0],[16.0],False,False
[6594.0],[1721.0 2172.0],[5.0],[6.0 14.0],False,False
[6595.0],[922.0 923.0 1999.0 2359.0 2581.0],[5.0],[1.0 2.0 7.0],False,False
[6596.0],[1036.0 2598.0],[5.0],[5.0 11.0],True,False
[6597.0],[718.0 757.0 787.0],[5.0],[4.0 10.0],False,False
[6598.0],[647.0 1966.0 2182.0],[5.0],[1.0 15.0],False,False
[6599.0],[773.0],[5.0],[44.0],False,False
[6600.0],[784.0 1759.0],[5.0],[14.0 35.0],False,False
[6601.0],[1068.0 2201.0 2210.0 2815.0],[5.0],[2.0 3.0 4.0 5.0],False,False
[6602.0],[1114.0],[5.0],[10.0],True,False
[6603.0],[1580.0 2456.0],[5.0],[14.0 37.0],False,False
[6604.0],[773.0],[5.0],[44.0],False,False
[6605.0],[407.0 502.0],[5.0],[34.0 98.0],False,False
[6606.0],[779.0 829.0 2339.0 2550.0],[5.0],[1.0 12.0 54.0],False,False
[6607.0],[377.0 411.0 466.0],[5.0],[4.0 9.0 67.0],False,False
[6608.0],[571.0],[5.0],[64.0],False,False
[6609.0],[794.0 1717.0 2341.0],[5.0],[1.0 7.0 73.0],False,False
[6610.0],[1845.0 2446.0],[5.0],[1.0 7.0],False,False
[6611.0],[602.0 653.0],[5.0],[28.0 74.0],False,False
[6612.0],[2012.0 3035.0],[5.0],[6.0 11.0],True,False
[6613.0],[919.0 942.0],[5.0],[6.0 7.0],True,False
[6614.0],[1063.0 1133.0],[5.0],[5.0 11.0],False,False
[6615.0],[1995.0 2180.0],[5.0],[9.0 23.0],False,False
[6616.0],[721.0 2356.0 2580.0],[5.0],[3.0 9.0 21.0],False,False
[6617.0],[1014.0 1772.0],[5.0],[6.0 23.0],False,False
[6618.0],[1029.0 2200.0],[5.0],[13.0 53.0],False,False
[6619.0],[651.0 2567.0],[5.0],[4.0 5.0],False,False
[6620.0],[1794.0 2629.0],[5.0],[7.0 17.0],False,False
[6621.0],[2149.0],[5.0],[14.0],False,False
[6622.0],[1764.0 2581.0 2784.0 2791.0 3276.0],[5.0],[1.0 3.0 4.0 5.0],False,False
[6623.0],[1772.0],[5.0],[23.0],False,False
[6624.0],[1397.0 1845.0],[5.0],[6.0 7.0],True,False
[6625.0],[406.0 2530.0],[5.0],[48.0 90.0],True,False
[6626.0],[516.0 572.0 1946.0],[5.0],[9.0 10.0 22.0],False,False
[6627.0],[831.0],[5.0],[27.0],False,False
[6628.0],[725.0 1961.0],[5.0],[23.0 31.0],True,False
[6629.0],[433.0 2317.0 2726.0 3415.0],[5.0],[1.0 2.0 21.0],False,False
[6630.0],[491.0 2987.0],[5.0],[4.0 48.0],False,False
[6631.0],[822.0 907.0 3038.0 3277.0],[5.0],[1.0 4.0 6.0 8.0],False,False
[6632.0],[812.0 2570.0 3027.0],[5.0],[1.0 2.0 8.0],False,False
[6633.0],[1770.0 2600.0],[5.0],[5.0],True,False
[6634.0],[1241.0 2859.0],[5.0],[5.0 9.0],False,False
[6635.0],[1124.0 1816.0 3384.0],[5.0],[2.0 6.0 7.0],False,False
[6636.0],[2426.0 2878.0],[5.0],[3.0 5.0],False,False
[6637.0],[1245.0],[5.0],[7.0],True,False
[6638.0],[271.0 315.0],[5.0],[27.0 37.0],True,False
[6639.0],[804.0 2791.0 3280.0 3654.0],[5.0],[1.0 3.0 6.0 8.0],False,False
[6640.0],[2389.0 2598.0],[5.0],[6.0 11.0],True,False
[6641.0],[2023.0],[5.0],[36.0],True,False
[6642.0],[2629.0],[5.0],[7.0],False,False
[6643.0],[245.0 2964.0],[5.0],[12.0],False,False
[6644.0],[516.0],[5.0],[22.0],True,False
[6645.0],[2648.0 3340.0 3357.0 3890.0],[5.0],[2.0 3.0 4.0 6.0],False,False
[6646.0],[1013.0 2009.0 3033.0],[5.0],[4.0 7.0 13.0],False,False
[6647.0],[602.0 653.0 662.0 3622.0],[5.0],[7.0 28.0 70.0 74.0],False,False
[6648.0],[1033.0 2579.0 3663.0],[5.0],[3.0 8.0 15.0],False,False
[6649.0],[166.0 3409.0],[5.0],[4.0 36.0],True,False
[6650.0],[1013.0 2787.0 3033.0],[5.0],[4.0 13.0],False,False
[6651.0],[277.0],[5.0],[18.0],False,False
[6652.0],[3518.0],[5.0],[5.0],True,True
[6653.0],[3135.0 3335.0 3540.0 3940.0 3941.0],[5.0],[1.0 3.0 4.0 9.0],False,False
[6654.0],[3467.0 3639.0 4272.0],[5.0],[1.0 3.0 4.0],False,False
[6655.0],[2832.0 3669.0 3670.0 4293.0],[5.0],[2.0 4.0 7.0],False,False
[6656.0],[1061.0 4069.0 4317.0],[5.0],[1.0 10.0],False,False
[6657.0],[1334.0 3484.0 4050.0],[5.0],[1.0 3.0 14.0],False,False
[6658.0],[2792.0 3633.0 4034.0],[5.0],[2.0 3.0 11.0],False,False
[6659.0],[1334.0 3682.0 3715.0 4602.0],[5.0],[1.0 4.0 14.0],False,False
[6660.0],[2456.0 4609.0],[5.0],[1.0 14.0],False,False
[6661.0],[1401.0 3923.0 4606.0],[5.0],[1.0 6.0 8.0],False,False
[6662.0],[466.0],[5.0],[67.0],False,False
[6663.0],[571.0 3629.0],[5.0],[1.0 64.0],False,False
[6664.0],[3287.0 3333.0 3723.0],[5.0],[2.0 5.0 14.0],False,False
[6665.0],[3102.0 3935.0 4382.0 4668.0],[5.0],[2.0 5.0 20.0 33.0],False,False
[6666.0],[3200.0],[5.0],[7.0],True,False
[6667.0],[3617.0 4784.0],[5.0],[4.0 6.0],True,False
[6668.0],[1745.0 3265.0 4029.0],[5.0],[3.0 22.0],False,False
[6669.0],[1117.0 3066.0],[5.0],[10.0 14.0],True,False
[6670.0],[2657.0],[5.0],[7.0],False,False
[6671.0],[3259.0 3842.0 4498.0],[5.0],[2.0 4.0 5.0],False,False
[6672.0],[1091.0 1155.0],[5.0],[14.0 37.0],False,False
[6673.0],[3669.0],[5.0],[7.0],True,False
[6674.0],[3886.0 4329.0 4892.0],[5.0],[5.0 7.0 29.0],False,False
[6675.0],[1093.0 3325.0],[5.0],[12.0 13.0],True,False
[6676.0],[2743.0 3994.0],[5.0],[7.0 11.0],False,False
[6677.0],[748.0 2759.0],[5.0],[5.0 30.0],False,False
[6678.0],[3020.0 3849.0],[5.0],[5.0 8.0],False,False
[6679.0],[1772.0 3280.0 3654.0],[5.0],[3.0 8.0 23.0],False,False
[6680.0],[963.0 2363.0 3020.0 3040.0],[5.0],[5.0 8.0 34.0],False,False
[6681.0],[1090.0 2213.0 3889.0],[5.0],[12.0 15.0 28.0],True,False
[6682.0],[3921.0 4343.0 5186.0],[5.0],[9.0 31.0],False,False
[6683.0],[945.0 2588.0 4547.0],[5.0],[2.0 7.0 30.0],False,False
[6684.0],[746.0 3438.0],[5.0],[10.0 40.0],False,False
[6685.0],[4312.0],[5.0],[5.0],True,True
[6686.0],[1216.0 3337.0 4305.0 4360.0],[5.0],[1.0 4.0 10.0 11.0],False,False
[6687.0],[4119.0],[5.0],[9.0],True,False
[6688.0],[1742.0 4492.0 4811.0],[5.0],[1.0 9.0 21.0],False,False
[6689.0],[3448.0 3464.0 5078.0],[5.0],[4.0 5.0 7.0],False,False
[6690.0],[1219.0 4326.0 4912.0],[5.0],[1.0 6.0 27.0],False,False
[6691.0],[3117.0],[5.0],[18.0],True,False
[6692.0],[621.0 4492.0 5290.0],[5.0],[9.0 34.0 54.0],False,False
[6693.0],[3337.0],[5.0],[10.0],True,False
[6694.0],[3652.0 3854.0 4829.0],[5.0],[2.0 5.0 8.0],False,False
[6695.0],[1772.0 5321.0],[5.0],[8.0 23.0],False,False
[6696.0],[2823.0 4544.0],[5.0],[2.0 21.0],False,False
[6697.0],[3272.0 3641.0],[5.0],[7.0 36.0],False,False
[6698.0],[820.0 887.0 4526.0],[5.0],[11.0 15.0 91.0],True,False
[6699.0],[3677.0 4314.0 4864.0],[5.0],[3.0 10.0],False,False
[6700.0],[4536.0 4866.0 5343.0],[5.0],[3.0 7.0 15.0],False,False
[6701.0],[4470.0],[5.0],[6.0],False,False
[6702.0],[3435.0 5282.0],[5.0],[5.0 7.0],False,False
[6703.0],[3039.0],[5.0],[11.0],True,False
[6704.0],[1314.0 3302.0],[5.0],[15.0 26.0],False,False
[6705.0],[4055.0 4075.0],[5.0],[5.0 18.0],False,False
[6706.0],[3858.0 4501.0 4826.0 5303.0],[5.0],[1.0 3.0 5.0 10.0],False,False
[6707.0],[466.0 503.0],[5.0],[67.0 85.0],False,False
[6708.0],[3503.0 5604.0],[5.0],[3.0 9.0],False,False
[6709.0],[3020.0 5313.0 5319.0 6043.0],[5.0],[2.0 3.0 8.0],False,False
[6710.0],[3507.0 5625.0 5867.0],[5.0],[1.0 8.0 15.0],False,False
[6711.0],[4607.0 5121.0 5146.0],[5.0],[4.0 12.0 19.0],False,False
[6712.0],[4083.0],[5.0],[13.0],False,False
[6713.0],[543.0 584.0 1946.0 5769.0],[5.0],[2.0 9.0 34.0 61.0],False,False
[6714.0],[2785.0],[5.0],[19.0],False,False
[6715.0],[3334.0 3514.0 5395.0 5664.0],[5.0],[1.0 3.0 6.0 7.0],False,False
[6716.0],[1288.0 1402.0 3727.0],[5.0],[4.0 41.0 58.0],False,False
[6717.0],[1951.0 1953.0],[5.0],[17.0 82.0],False,False
[6718.0],[869.0 4828.0 5318.0],[5.0],[2.0 4.0 14.0],False,False
[6719.0],[5282.0],[5.0],[5.0],True,True
[6720.0],[3275.0 4513.0 5299.0 5802.0],[5.0],[1.0 2.0 3.0 8.0],False,False
[6721.0],[4026.0 5819.0],[5.0],[9.0 13.0],False,False
[6722.0],[5323.0 6288.0],[5.0],[1.0 11.0],False,False
[6723.0],[2823.0],[5.0],[21.0],False,False
[6724.0],[3031.0],[5.0],[14.0],True,False
[6725.0],[4119.0 4616.0 6143.0],[5.0],[9.0 17.0 20.0],False,False
[6726.0],[3273.0 5313.0 6043.0 6288.0],[5.0],[1.0 2.0 3.0 16.0],False,False
[6727.0],[4077.0 6117.0],[5.0],[16.0 39.0],False,False
[6728.0],[178.0 5998.0],[5.0],[5.0 21.0],False,False
[6729.0],[5562.0 5567.0 6066.0],[5.0],[4.0 9.0],True,False
[6730.0],[2207.0 3037.0],[5.0],[8.0 27.0],False,False
[6731.0],[789.0 895.0],[5.0],[27.0 33.0],False,False
[6732.0],[4083.0],[5.0],[13.0],False,False
[6733.0],[2825.0 6087.0],[5.0],[3.0 23.0],False,False
[6734.0],[2841.0],[5.0],[16.0],True,False
[6735.0],[5368.0 6756.0],[5.0],[2.0 6.0],False,False
[6736.0],[5652.0],[5.0],[6.0],True,False
[6737.0],[1265.0 5910.0],[5.0],[1.0 45.0],False,False
[6738.0],[5319.0 5323.0 6057.0 6288.0],[5.0],[1.0 2.0 5.0 11.0],False,False
[6739.0],[2809.0 3855.0 6527.0],[5.0],[3.0 18.0 55.0],False,False
[6740.0],[3095.0],[5.0],[24.0],False,False
[6741.0],[3355.0 5635.0 5644.0 6594.0 6803.0],[5.0],[2.0 14.0 16.0 21.0],False,False
[6742.0],[2546.0 2986.0 3623.0],[5.0],[12.0 29.0 72.0],False,False
[6743.0],[5623.0 5866.0],[5.0],[5.0],True,False
[6744.0],[92.0],[5.0],[30.0],True,False
[6745.0],[5998.0],[5.0],[5.0],True,True
[6746.0],[4443.0 5254.0 5748.0 6881.0],[5.0],[4.0 8.0 13.0 15.0],False,False
[6747.0],[3444.0 6023.0],[5.0],[2.0 21.0],False,False
[6748.0],[4839.0],[5.0],[13.0],False,False
[6749.0],[6094.0 6756.0],[5.0],[2.0 9.0],True,False
[6750.0],[1155.0 5128.0],[5.0],[26.0 37.0],False,False
[6751.0],[501.0 2986.0],[5.0],[43.0 72.0],False,False
[6752.0],[948.0 5839.0 6743.0],[5.0],[3.0 7.0 17.0],False,False
[6753.0],[3302.0],[5.0],[15.0],False,False
[6754.0],[4481.0 6266.0],[5.0],[4.0 59.0],True,False
[6755.0],[4839.0 6320.0 7171.0],[5.0],[1.0 6.0 13.0],False,False
[6756.0],[5218.0 5721.0 6796.0 7250.0],[5.0],[1.0 3.0 5.0 15.0],False,False
[6757.0],[83.0 7389.0],[5.0],[52.0 73.0],True,False
[6758.0],[4572.0 7234.0],[5.0],[16.0 22.0],True,False
[6759.0],[1236.0 4369.0],[5.0],[11.0 24.0],True,False
[6760.0],[1962.0 4482.0 5286.0],[5.0],[8.0 21.0 30.0],False,False
[6761.0],[325.0 348.0 5511.0],[5.0],[27.0 29.0 40.0],False,False
[6762.0],[3207.0 6691.0],[5.0],[3.0 53.0],False,False
[6763.0],[6861.0 7037.0 7357.0],[5.0],[1.0 3.0],False,False
[6764.0],[505.0 2985.0 6692.0 7091.0],[5.0],[1.0 2.0 55.0 99.0],False,False
[6765.0],[5598.0 6954.0 7163.0 7665.0],[5.0],[3.0 5.0 29.0],False,False
[6766.0],[1794.0 6964.0 6996.0 7245.0 7480.0],[5.0],[9.0 14.0 16.0 17.0],False,False
[6767.0],[1164.0 7274.0],[5.0],[3.0 25.0],True,False
[6768.0],[6383.0 6996.0],[5.0],[5.0 16.0],True,False
[6769.0],[192.0 7585.0],[5.0],[37.0 56.0],False,False
[6770.0],[6933.0 6935.0 7177.0],[5.0],[1.0 11.0],False,False
[6771.0],[1016.0 6565.0],[5.0],[24.0 35.0],False,False
[6772.0],[5806.0 6031.0 7641.0],[5.0],[3.0 6.0 13.0],False,False
[6773.0],[7145.0],[5.0],[5.0],True,True
[6774.0],[7172.0 7181.0 7663.0],[5.0],[1.0 4.0],False,False
[6775.0],[4502.0 7125.0],[5.0],[12.0 17.0],False,False
[6776.0],[5364.0 6106.0 7968.0],[5.0],[7.0 10.0 18.0],False,False
[6777.0],[7235.0 7245.0],[5.0],[8.0 14.0],False,False
[6778.0],[7284.0],[5.0],[5.0],False,True
[6779.0],[3295.0],[5.0],[29.0],False,False
[6780.0],[7452.0],[5.0],[6.0],False,False
[6781.0],[901.0 7424.0 7426.0 7640.0],[5.0],[1.0 2.0 41.0],False,False
[6782.0],[1712.0 6908.0 7099.0],[5.0],[12.0 27.0 39.0],False,False
[6783.0],[7172.0 8209.0 8602.0],[5.0],[1.0 4.0],False,False
[6784.0],[7525.0 8716.0],[5.0],[4.0 9.0],False,False
[6785.0],[5819.0],[5.0],[13.0],True,False
[6786.0],[6334.0 7214.0],[5.0],[6.0 7.0],False,False
[6787.0],[6897.0 7399.0],[5.0],[4.0 48.0],True,False
[6788.0],[7650.0 7664.0 8547.0],[5.0],[2.0 3.0 4.0],False,False
[6789.0],[3661.0 3870.0],[5.0],[25.0 29.0],False,False
[6790.0],[6936.0 7182.0 7452.0 7678.0 8913.0],[5.0],[1.0 3.0 5.0 6.0],False,False
[6791.0],[5346.0 7192.0 7664.0],[5.0],[4.0 7.0],True,False
[6792.0],[6330.0 6744.0 7954.0],[5.0],[2.0 4.0 11.0],False,False
[6793.0],[6334.0 7214.0],[5.0],[6.0 7.0],False,False
[6794.0],[2023.0 6583.0],[5.0],[7.0 36.0],True,False
[6795.0],[4008.0 6700.0],[5.0],[12.0 39.0],False,False
[6796.0],[773.0 2544.0],[5.0],[22.0 44.0],False,False
[6797.0],[7132.0 8168.0 8174.0],[5.0],[3.0 7.0],False,False
[6798.0],[6959.0 6969.0 8615.0],[5.0],[3.0 4.0 22.0],False,False
[6799.0],[4899.0 8235.0 8617.0 9379.0],[5.0],[2.0 3.0 20.0 22.0],False,False
[6800.0],[6814.0],[5.0],[58.0],False,False
[6801.0],[6888.0 7090.0 8446.0],[5.0],[6.0 39.0 64.0],False,False
[6802.0],[7910.0 8870.0 9054.0],[5.0],[3.0],False,False
[6803.0],[7125.0],[5.0],[12.0],True,False
[6804.0],[938.0 6031.0 7668.0 8882.0],[5.0],[2.0 3.0 13.0 21.0],False,False
[6805.0],[6969.0 8615.0],[5.0],[3.0 22.0],False,False
[6806.0],[8270.0 8963.0],[5.0],[3.0 8.0],True,False
[6807.0],[2523.0 6233.0 9598.0],[5.0],[3.0 11.0 25.0],False,False
[6808.0],[6322.0],[5.0],[13.0],True,False
[6809.0],[2825.0],[5.0],[23.0],True,False
[6810.0],[5367.0],[5.0],[17.0],True,False
[6811.0],[6964.0 7235.0 9408.0],[5.0],[2.0 8.0 9.0],False,False
[6812.0],[1610.0 5225.0 8252.0 8833.0 9448.0],[5.0],[6.0 8.0 13.0 23.0],True,False
[6813.0],[8173.0],[5.0],[8.0],False,False
[6814.0],[7912.0 8153.0],[5.0],[9.0 12.0],False,False
[6815.0],[4994.0 5965.0 7008.0],[5.0],[8.0 10.0 16.0],True,False
[6816.0],[2986.0 8467.0],[5.0],[4.0 72.0],True,False
[6817.0],[7436.0 8539.0],[5.0],[3.0 7.0],False,False
[6818.0],[7947.0],[5.0],[8.0],True,False
[6819.0],[8933.0],[5.0],[5.0],True,True
[6820.0],[6407.0 6617.0 9472.0 9990.0],[5.0],[1.0 11.0 15.0 29.0],False,False
[6821.0],[6390.0 8091.0 9507.0 9793.0],[5.0],[6.0 8.0 13.0 33.0],True,False
[6822.0],[5753.0 7391.0],[5.0],[8.0 32.0],True,False
[6823.0],[731.0 852.0 1981.0 5298.0],[5.0],[37.0 38.0 42.0 55.0],False,False
[6824.0],[7503.0 8938.0 9417.0],[5.0],[1.0 4.0 11.0],False,False
[6825.0],[7503.0 8744.0],[5.0],[4.0 11.0],False,False
[6826.0],[7194.0 9322.0],[5.0],[5.0 11.0],True,False
[6827.0],[8898.0],[5.0],[9.0],False,False
[6828.0],[2334.0 8154.0],[5.0],[5.0 29.0],True,False
[6829.0],[8582.0],[5.0],[7.0],True,False
[6830.0],[6933.0],[5.0],[11.0],True,False
[6831.0],[6749.0 6761.0 9418.0],[5.0],[5.0 11.0 13.0],False,False
[6832.0],[9622.0],[5.0],[5.0],True,True
[6833.0],[9649.0],[5.0],[5.0],True,True
[6834.0],[4597.0],[5.0],[31.0],False,False
[6835.0],[9857.0],[5.0],[5.0],True,True
[6836.0],[9617.0 10117.0],[5.0],[5.0 23.0],False,False
[6837.0],[8526.0],[5.0],[20.0],False,False
[6838.0],[6329.0 8927.0],[5.0],[13.0 18.0],False,False
[6839.0],[6824.0 6992.0 8312.0],[5.0],[7.0 14.0 15.0],False,False
[6840.0],[6328.0 8208.0],[5.0],[10.0 34.0],True,False
[6841.0],[8196.0 8216.0 9327.0],[5.0],[14.0 17.0 52.0],False,False
[6842.0],[181.0 4444.0 10065.0],[5.0],[13.0 17.0 69.0],False,False
[6843.0],[738.0 10390.0 10727.0],[5.0],[1.0 9.0 85.0],False,False
[6844.0],[6547.0 8571.0 9394.0 10491.0],[5.0],[1.0 5.0 8.0 62.0],False,False
[6845.0],[6369.0 10780.0],[5.0],[1.0 22.0],False,False
[6846.0],[5284.0],[5.0],[32.0],False,False
[6847.0],[9423.0 10781.0 11146.0],[5.0],[3.0 27.0 41.0],False,False
[6848.0],[1454.0],[5.0],[40.0],False,False
[6849.0],[756.0 7909.0 8147.0],[5.0],[11.0 39.0 94.0],False,False
[6850.0],[6741.0 9348.0 10764.0 10969.0],[5.0],[1.0 10.0 15.0 51.0],False,False
[6851.0],[6407.0 6617.0 9472.0 10990.0],[5.0],[3.0 11.0 15.0 29.0],False,False
[6852.0],[10475.0],[5.0],[6.0],False,False
[6853.0],[2587.0],[5.0],[94.0],False,False
[6854.0],[9077.0 10436.0],[5.0],[8.0 11.0],False,False
[6855.0],[8156.0 9861.0 11270.0],[5.0],[1.0 9.0 61.0],False,False
[6856.0],[9379.0 10212.0 11770.0],[5.0],[1.0 3.0 20.0],False,False
[6857.0],[2747.0 10374.0 11252.0],[5.0],[2.0 18.0 52.0],False,False
[6858.0],[6796.0 10535.0 10979.0 11322.0 11677.0],[5.0],[2.0 4.0 15.0 23.0],False,False
[6859.0],[1424.0 8018.0 11024.0],[5.0],[9.0 12.0 49.0],False,False
[6860.0],[10475.0 10960.0 11639.0],[5.0],[2.0 6.0],False,False
[6861.0],[8656.0 8683.0 10537.0],[5.0],[5.0 22.0 30.0],False,False
[6862.0],[9830.0 10701.0 11500.0],[5.0],[2.0 13.0 23.0],False,False
[6863.0],[9733.0 10281.0],[5.0],[7.0 28.0],False,False
[6865.0],[9072.0 10746.0 10763.0],[5.0],[6.0 8.0 16.0],False,False
[6866.0],[3623.0 11254.0],[5.0],[5.0 29.0],False,False
[6867.0],[8194.0 8535.0 11103.0],[5.0],[6.0 12.0 18.0],False,False
[6868.0],[10954.0],[5.0],[16.0],True,False
[6869.0],[1074.0 10178.0 11135.0],[5.0],[4.0 15.0 40.0],False,False
[6870.0],[9106.0 10539.0 10991.0 11174.0 11385.0],[5.0],[4.0 7.0 10.0],False,False
[6871.0],[10529.0 10973.0 11705.0],[5.0],[2.0 3.0 14.0],False,False
[6872.0],[3828.0 8853.0 11521.0],[5.0],[3.0 27.0 36.0],False,False
[6873.0],[10406.0 11556.0],[5.0],[1.0 8.0],False,False
[6874.0],[11157.0],[5.0],[6.0],True,False
[6875.0],[10781.0],[5.0],[27.0],True,False
[6876.0],[406.0 6493.0],[5.0],[27.0 48.0],True,False
[6877.0],[9879.0 11105.0 11568.0 12298.0],[5.0],[1.0 2.0 4.0],False,False
[6878.0],[8215.0 11101.0 11295.0],[5.0],[3.0 5.0 9.0],True,False
[6879.0],[11107.0 11310.0 11635.0],[5.0],[1.0 3.0],False,False
[6880.0],[10800.0 11322.0 11722.0 12028.0 12371.0],[5.0],[4.0 8.0 43.0 50.0],False,False
[6881.0],[10173.0 11116.0 11638.0 11981.0 11997.0],[5.0],[1.0 5.0 9.0 19.0],False,False
[6882.0],[9104.0],[5.0],[14.0],True,False
[6883.0],[6965.0 11149.0],[5.0],[11.0 27.0],True,False
[6884.0],[7245.0 11193.0 12441.0],[5.0],[5.0 10.0 14.0],True,False
[6885.0],[11024.0],[5.0],[9.0],False,False
[6886.0],[324.0 11515.0 12593.0],[5.0],[1.0 4.0 72.0],False,False
[6887.0],[6777.0 10448.0 10789.0 12001.0],[5.0],[3.0 4.0 7.0 15.0],False,False
[6888.0],[11578.0 12293.0 13013.0],[5.0],[1.0 3.0],False,False
[6889.0],[11307.0 11308.0],[5.0],[3.0 5.0],False,False
[6890.0],[11299.0 11639.0 12316.0],[5.0],[2.0 4.0],False,False
[6891.0],[7968.0 11675.0],[5.0],[3.0 18.0],True,False
[6892.0],[9105.0],[5.0],[27.0],False,False
[6893.0],[9871.0 11268.0],[5.0],[9.0 18.0],False,False
[6894.0],[1662.0 12585.0],[5.0],[2.0 47.0],False,False
[6895.0],[10423.0 11575.0 12673.0 13012.0],[5.0],[1.0 2.0 3.0 8.0],False,False
[6896.0],[11744.0 11756.0 11757.0],[5.0],[2.0 3.0 5.0],True,False
[6897.0],[11603.0],[5.0],[10.0],True,False
[6898.0],[11620.0 12043.0 12716.0],[5.0],[2.0 3.0 21.0],False,False
[6899.0],[11139.0 12020.0 12720.0 13398.0],[5.0],[1.0 2.0 4.0],False,False
[6900.0],[11578.0 12674.0 13013.0 13355.0],[5.0],[1.0 3.0 6.0],False,False
[6901.0],[6976.0],[5.0],[32.0],True,False
[6902.0],[12056.0 12382.0 12754.0 13086.0],[5.0],[2.0 6.0],False,False
[6903.0],[6528.0 12631.0 13345.0],[5.0],[1.0 2.0 57.0],False,False
[6904.0],[3855.0],[5.0],[55.0],True,False
[6905.0],[10281.0 12416.0 13087.0],[5.0],[2.0 5.0 28.0],False,False
[6906.0],[11046.0 12436.0 12814.0 13149.0 13542.0],[5.0],[1.0 2.0 3.0 6.0 16.0],True,False
[6907.0],[11498.0 12576.0],[5.0],[3.0 5.0],False,False
[6908.0],[10762.0 11662.0],[5.0],[8.0 16.0],False,False
[6909.0],[11155.0],[5.0],[17.0],True,False
[6910.0],[1375.0],[5.0],[49.0],True,False
[6911.0],[10281.0 12080.0 13104.0 13525.0],[5.0],[1.0 3.0 28.0],False,False
[6912.0],[8179.0 10425.0 12312.0],[5.0],[7.0 15.0 17.0],True,False
[6913.0],[10167.0],[5.0],[42.0],False,False
[6914.0],[706.0 12295.0 12305.0],[5.0],[2.0 97.0],False,False
[6915.0],[9325.0 11277.0],[5.0],[7.0 13.0],False,False
[6916.0],[10180.0 10969.0],[5.0],[17.0 51.0],False,False
[6917.0],[8203.0],[5.0],[24.0],False,False
[6918.0],[11010.0 12423.0 12833.0],[5.0],[8.0 14.0 30.0],False,False
[6919.0],[7886.0 12582.0 12584.0],[5.0],[7.0 11.0 17.0],False,False
[6920.0],[9221.0 12575.0],[5.0],[4.0 60.0],False,False
[6921.0],[9299.0 12643.0 13728.0],[5.0],[2.0 11.0 12.0],False,False
[6922.0],[10223.0],[5.0],[23.0],True,False
[6923.0],[9861.0 11254.0 13309.0],[5.0],[5.0 9.0 61.0],False,False
[6924.0],[11663.0 12691.0 12724.0 13807.0],[5.0],[1.0 2.0 4.0 5.0],False,False
[6925.0],[11146.0],[5.0],[41.0],True,False
[6926.0],[5511.0],[5.0],[29.0],True,False
[6927.0],[6953.0 11305.0 13397.0 14018.0],[5.0],[1.0 7.0 14.0 27.0],False,False
[6928.0],[7116.0 12642.0 13324.0],[5.0],[2.0 3.0 28.0],False,False
[6929.0],[12691.0 13808.0 13809.0],[5.0],[2.0 3.0 5.0],True,False
[6930.0],[12426.0 13458.0 13504.0 13865.0],[5.0],[2.0 3.0 9.0],True,False
[6931.0],[11647.0 12711.0 13051.0],[5.0],[6.0 7.0],False,False
[6932.0],[1265.0 6976.0 13075.0],[5.0],[11.0 32.0 45.0],False,False
[6933.0],[11828.0 13137.0],[5.0],[1.0 27.0],False,False
[6934.0],[12650.0 13346.0 14487.0],[5.0],[1.0 7.0 10.0],False,False
[6935.0],[12017.0 12714.0 13375.0 14558.0],[5.0],[2.0 6.0 9.0 10.0],False,False
[6936.0],[12812.0 13089.0 13456.0],[5.0],[2.0 9.0 12.0],False,False
[6937.0],[10172.0 12001.0 15002.0],[5.0],[1.0 7.0 21.0],False,False
[6938.0],[6976.0 12777.0 14563.0],[5.0],[2.0 15.0 32.0],False,False
[6939.0],[12056.0 12754.0 15098.0],[5.0],[4.0 6.0],True,False
[6940.0],[11518.0 14174.0],[5.0],[24.0 35.0],False,False
[6941.0],[12752.0],[5.0],[24.0],True,False
[6942.0],[10940.0],[5.0],[26.0],True,False
[6943.0],[13767.0 14012.0 14532.0 14987.0],[5.0],[2.0 4.0],False,False
[6944.0],[14188.0 14488.0 14495.0],[5.0],[5.0 7.0 9.0],False,False
[6945.0],[11285.0],[5.0],[17.0],False,False
[6946.0],[11023.0],[5.0],[18.0],True,False
[6947.0],[737.0 2775.0 14471.0 14901.0],[5.0],[1.0 7.0 55.0 62.0],False,False
[6948.0],[11629.0 12338.0],[5.0],[21.0 42.0],True,False
[6949.0],[2619.0 13459.0],[5.0],[7.0 94.0],False,False
[6950.0],[407.0 7605.0 16059.0],[5.0],[13.0 57.0 98.0],False,False
[6951.0],[10769.0 14516.0],[5.0],[6.0 20.0],True,False
[6952.0],[14471.0 14483.0 14901.0],[5.0],[1.0 7.0 11.0],False,False
[6953.0],[13049.0 13376.0 16169.0],[5.0],[7.0 10.0],False,False
[6954.0],[9240.0 15338.0],[5.0],[3.0 26.0],False,False
[6955.0],[14465.0],[5.0],[9.0],False,False
[6956.0],[14478.0 14922.0],[5.0],[1.0 5.0],False,False
[6957.0],[8526.0 14500.0 14961.0],[5.0],[1.0 4.0 20.0],True,False
[6958.0],[10937.0 14483.0 14901.0],[5.0],[7.0 11.0 13.0],False,False
[6959.0],[13020.0],[5.0],[24.0],False,False
[6960.0],[14443.0],[5.0],[13.0],True,False
[6961.0],[13276.0],[5.0],[18.0],True,False
[6962.0],[12453.0 15022.0 15786.0],[5.0],[3.0 6.0 7.0],True,False
[6963.0],[14965.0 15002.0],[5.0],[1.0 18.0],False,False
[6964.0],[13998.0],[5.0],[10.0],True,False
[6965.0],[8598.0 9770.0 15102.0 15503.0],[5.0],[1.0 7.0 20.0 59.0],False,False
[6966.0],[13614.0 16724.0],[5.0],[29.0 39.0],False,False
[6967.0],[10124.0 10395.0],[5.0],[24.0 37.0],False,False
[6968.0],[12674.0 14207.0 16119.0],[5.0],[6.0 8.0 9.0],False,False
[6969.0],[13531.0 15127.0],[5.0],[5.0 6.0],False,False
[6970.0],[15381.0],[5.0],[5.0],True,True
[6971.0],[15399.0],[5.0],[7.0],False,False
[6972.0],[14995.0 15437.0],[5.0],[4.0 19.0],False,False
[6973.0],[15217.0 15543.0],[5.0],[2.0 9.0],True,False
[6974.0],[7703.0],[5.0],[54.0],False,False
[6975.0],[14480.0 15722.0 16099.0 16539.0 16919.0],[5.0],[1.0 2.0 4.0 39.0],False,False
[6976.0],[14161.0],[5.0],[10.0],True,False
[6977.0],[13695.0],[5.0],[31.0],True,False
[6978.0],[14965.0],[5.0],[18.0],False,False
[6979.0],[13376.0 16169.0],[5.0],[7.0 10.0],False,False
[6980.0],[14551.0 16601.0],[5.0],[5.0 18.0],False,False
[6981.0],[6976.0 13523.0 16262.0],[5.0],[3.0 13.0 32.0],False,False
[6982.0],[8854.0 14837.0 15344.0],[5.0],[8.0 26.0 27.0],False,False
[6983.0],[14969.0 15422.0 15748.0],[5.0],[2.0 6.0],True,False
[6984.0],[15386.0 16077.0],[5.0],[2.0 23.0],False,False
[6985.0],[653.0 14915.0],[5.0],[9.0 74.0],True,False
[6986.0],[14188.0 16129.0],[5.0],[9.0 10.0],False,False
[6987.0],[10128.0 17284.0],[5.0],[2.0 24.0],False,False
[6988.0],[14596.0 15839.0 16630.0 17021.0],[5.0],[2.0 7.0 8.0],False,False
[6989.0],[16635.0],[5.0],[6.0],True,False
[6990.0],[16435.0 16664.0],[5.0],[4.0 8.0],True,False
[6991.0],[16092.0 16511.0 17268.0],[5.0],[2.0 4.0],False,False
[6992.0],[12668.0 14207.0 16136.0 17290.0],[5.0],[4.0 5.0 8.0 14.0],False,False
[6993.0],[16037.0],[5.0],[15.0],False,False
[6994.0],[16966.0 17762.0],[5.0],[2.0 13.0],True,False
[6995.0],[13088.0 17071.0],[5.0],[1.0 13.0],False,False
[6996.0],[10420.0 15734.0 18145.0 18503.0],[5.0],[2.0 3.0 12.0 22.0],False,False
[6997.0],[14518.0 17319.0 18520.0],[5.0],[2.0 7.0],False,False
[6998.0],[10754.0 18200.0],[5.0],[3.0 22.0],True,False
[6999.0],[15831.0 16430.0 17388.0 18256.0],[5.0],[8.0 12.0 14.0 16.0],False,False
[7000.0],[16942.0 18896.0],[5.0],[1.0 6.0],False,False
[7001.0],[14083.0 17481.0],[5.0],[3.0 13.0],False,False
[7002.0],[9785.0 14311.0 16679.0 17543.0 19081.0],[5.0],[3.0 14.0 16.0 24.0 37.0],False,False
[7003.0],[13593.0 13604.0 16682.0 18609.0],[5.0],[2.0 11.0 12.0 21.0],False,False
[7004.0],[10695.0],[5.0],[43.0],False,False
[7005.0],[1981.0 18485.0],[5.0],[9.0 55.0],False,False
[7006.0],[16261.0 17457.0 19390.0],[5.0],[1.0 5.0 10.0],False,False
[7007.0],[14427.0],[5.0],[22.0],False,False
[7008.0],[15752.0 16597.0 18161.0],[5.0],[2.0 7.0 15.0],False,False
[7009.0],[2619.0 17785.0],[5.0],[9.0 94.0],False,False
[7010.0],[6995.0 17906.0],[5.0],[4.0 70.0],False,False
[7011.0],[15462.0 18209.0 18979.0],[5.0],[2.0 29.0],False,False
[7012.0],[17362.0 17963.0 18243.0 19722.0],[5.0],[2.0 6.0 9.0 16.0],False,False
[7013.0],[15515.0 16291.0],[5.0],[7.0 9.0],False,False
[7014.0],[13690.0 15332.0],[5.0],[11.0 46.0],True,False
[7015.0],[8482.0 18811.0],[5.0],[1.0 34.0],True,False
[7016.0],[16632.0 17329.0],[5.0],[5.0 25.0],False,False
[7017.0],[16601.0 18143.0 19630.0],[5.0],[4.0 7.0 18.0],False,False
[7018.0],[12721.0 16942.0 18896.0],[5.0],[1.0 6.0 31.0],False,False
[7019.0],[11160.0 15884.0],[5.0],[8.0 35.0],False,False
[7020.0],[18788.0],[5.0],[18.0],True,False
[7021.0],[18108.0],[5.0],[6.0],True,False
[7022.0],[14003.0 19873.0],[5.0],[11.0 20.0],True,False
[7023.0],[18536.0],[5.0],[6.0],True,False
[7024.0],[15095.0 19011.0],[5.0],[4.0 39.0],False,False
[7025.0],[18529.0 19295.0 19884.0],[5.0],[2.0 3.0 9.0],False,False
[7026.0],[18440.0 18743.0],[5.0],[4.0 7.0],False,False
[7027.0],[6814.0 20399.0],[5.0],[33.0 58.0],False,False
[7028.0],[19234.0],[5.0],[34.0],True,False
[7029.0],[15405.0 15756.0],[5.0],[15.0 16.0],False,False
[7030.0],[11759.0 18588.0],[5.0],[9.0 48.0],True,False
[7031.0],[16724.0 17895.0 20005.0 20435.0],[5.0],[1.0 4.0 11.0 29.0],False,False
[7032.0],[18074.0 18457.0 20149.0 20620.0],[5.0],[1.0 3.0 14.0],False,False
[7033.0],[11291.0 19595.0 20674.0],[5.0],[1.0 57.0],False,False
[7034.0],[16675.0 19420.0 19676.0 19966.0],[5.0],[1.0 4.0 18.0],False,False
[7035.0],[19219.0 20110.0],[5.0],[4.0 6.0],False,False
[7036.0],[3995.0 16458.0 18443.0 19568.0],[5.0],[5.0 33.0 35.0 54.0],False,False
[7037.0],[17699.0 19292.0],[5.0],[6.0 31.0],False,False
[7038.0],[14996.0 15766.0 20279.0],[5.0],[3.0 9.0],False,False
[7039.0],[18761.0 19842.0],[5.0],[3.0 13.0],False,False
[7040.0],[2509.0 19543.0],[5.0],[35.0 76.0],False,False
[7041.0],[7687.0],[5.0],[72.0],False,False
[7042.0],[16261.0 20325.0 21140.0],[5.0],[4.0 9.0 10.0],False,False
[7043.0],[2775.0 19590.0],[5.0],[5.0 62.0],False,False
[7044.0],[18140.0],[5.0],[11.0],True,False
[7045.0],[10754.0 19648.0 20728.0 21485.0],[5.0],[2.0 7.0 17.0 22.0],False,False
[7046.0],[18954.0 18966.0],[5.0],[6.0 17.0],True,False
[7047.0],[11858.0 15882.0 18260.0],[5.0],[9.0 21.0 22.0],False,False
[7048.0],[13717.0],[5.0],[42.0],False,False
[7049.0],[11247.0 15708.0],[5.0],[22.0 36.0],True,False
[7050.0],[15479.0 18514.0 20280.0],[5.0],[4.0 11.0 17.0],False,False
[7051.0],[19690.0 19947.0 21555.0],[5.0],[2.0 4.0 5.0],True,False
[7052.0],[3203.0],[5.0],[83.0],True,False
[7053.0],[9861.0 21007.0 21820.0],[5.0],[3.0 61.0],False,False
[7054.0],[16295.0 20415.0],[5.0],[5.0 14.0],True,False
[7055.0],[18832.0 19630.0 21870.0],[5.0],[1.0 7.0 13.0],False,False
[7056.0],[7703.0 17814.0],[5.0],[14.0 54.0],False,False
[7057.0],[13020.0 20246.0 21068.0],[5.0],[3.0 24.0],False,False
[7058.0],[11712.0 20307.0],[5.0],[8.0 46.0],False,False
[7059.0],[17177.0 19176.0 19632.0],[5.0],[9.0 10.0 28.0],True,False
[7060.0],[17186.0],[5.0],[13.0],True,False
[7061.0],[10167.0],[5.0],[42.0],False,False
[7062.0],[15773.0 17312.0 21969.0],[5.0],[4.0 9.0 10.0],False,False
[7063.0],[19415.0 19699.0 21506.0 21928.0],[5.0],[1.0 5.0 9.0 12.0],False,False
[7064.0],[15386.0],[5.0],[23.0],False,False
[7065.0],[3825.0],[5.0],[61.0],True,False
[7066.0],[18092.0],[5.0],[13.0],True,False
[7067.0],[18464.0],[5.0],[37.0],True,False
[7068.0],[20664.0 21850.0],[5.0],[2.0 12.0],False,False
[7069.0],[18059.0 20959.0 22505.0],[5.0],[1.0 22.0 23.0],False,False
[7070.0],[13257.0],[5.0],[30.0],False,False
[7071.0],[20652.0 22248.0],[5.0],[10.0 32.0],False,False
[7072.0],[17626.0 21796.0 22891.0],[5.0],[1.0 3.0 14.0],False,False
[7073.0],[20172.0],[5.0],[16.0],True,False
[7074.0],[20631.0 21820.0],[5.0],[3.0 7.0],False,False
[7075.0],[17448.0 21571.0],[5.0],[1.0 32.0],True,False
[7076.0],[14934.0],[5.0],[30.0],False,False
[7077.0],[20277.0 20310.0 22303.0],[5.0],[5.0 21.0],False,False
[7078.0],[21507.0 22684.0],[5.0],[4.0 5.0],True,False
[7079.0],[11029.0 17883.0 22371.0],[5.0],[8.0 20.0 56.0],False,False
[7080.0],[19613.0],[5.0],[22.0],True,False
[7081.0],[20206.0 21856.0 22583.0],[5.0],[1.0 4.0 6.0],False,False
[7082.0],[18537.0 20666.0],[5.0],[6.0 12.0],True,False
[7083.0],[1132.0 22305.0 23019.0],[5.0],[3.0 72.0],False,False
[7084.0],[17675.0 18998.0 19869.0 21446.0],[5.0],[4.0 9.0 10.0 37.0],False,False
[7085.0],[7092.0 15334.0 18747.0 21762.0],[5.0],[4.0 9.0 18.0 74.0],False,False
[7086.0],[17747.0 19319.0 21914.0],[5.0],[11.0 12.0 15.0],False,False
[7087.0],[20780.0 21967.0 22323.0],[5.0],[2.0 5.0],False,False
[7088.0],[16403.0 19780.0 22448.0],[5.0],[5.0 17.0 25.0],False,False
[7089.0],[7399.0 22897.0 23320.0],[5.0],[18.0 22.0 48.0],False,False
[7090.0],[15386.0],[5.0],[23.0],True,False
[7091.0],[6814.0 21930.0],[5.0],[4.0 58.0],False,False
[7092.0],[17814.0 21953.0 23412.0],[5.0],[6.0 14.0 23.0],False,False
[7093.0],[21908.0 21925.0],[5.0],[8.0 22.0],True,False
[7094.0],[10150.0 16233.0 21968.0],[5.0],[11.0 17.0 34.0],True,False
[7095.0],[20225.0 20685.0 22265.0 22971.0],[5.0],[1.0 5.0 7.0],False,False
[7096.0],[18148.0 23692.0],[5.0],[13.0 17.0],False,False
[7097.0],[22589.0 22979.0 23371.0 24470.0],[5.0],[1.0 3.0 4.0 6.0],False,False
[7098.0],[22620.0 22629.0 23737.0 24508.0],[5.0],[1.0 2.0 3.0 4.0],True,False
[7099.0],[22927.0],[5.0],[7.0],True,False
[7100.0],[22983.0 23008.0 23372.0 24091.0 24114.0],[5.0],[1.0 4.0 12.0 18.0],False,False
[7101.0],[14176.0],[5.0],[47.0],False,False
[7102.0],[21426.0 22918.0 23660.0 24040.0],[5.0],[1.0 2.0 5.0 12.0],False,False
[7103.0],[9884.0],[5.0],[37.0],True,False
[7104.0],[8883.0 22973.0],[5.0],[5.0 68.0],False,False
[7105.0],[22910.0 22912.0 23653.0],[5.0],[3.0 5.0 7.0],False,False
[7106.0],[9050.0 24433.0],[5.0],[21.0 39.0],True,False
[7107.0],[20666.0],[5.0],[12.0],True,False
[7108.0],[22584.0 23691.0 25162.0],[5.0],[1.0 5.0],True,False
[7109.0],[23019.0 24127.0 24535.0 24870.0],[5.0],[1.0 3.0],False,False
[7110.0],[16591.0 22718.0],[5.0],[8.0 18.0],True,False
[7111.0],[17675.0 18998.0 24067.0 24822.0],[5.0],[2.0 5.0 9.0 37.0],False,False
[7112.0],[13777.0 23038.0],[5.0],[23.0 43.0],True,False
[7113.0],[14914.0 20193.0],[5.0],[15.0 44.0],False,False
[7114.0],[21914.0 22999.0],[5.0],[11.0],False,False
[7115.0],[23372.0 24095.0 24131.0],[5.0],[4.0 7.0],False,False
[7116.0],[20399.0],[5.0],[33.0],False,False
[7117.0],[15149.0],[5.0],[27.0],True,False
[7118.0],[11146.0 23829.0 24581.0 24958.0],[5.0],[1.0 3.0 4.0 41.0],True,False
[7119.0],[22590.0],[5.0],[7.0],True,False
[7120.0],[18998.0 24088.0 24089.0 24838.0 25481.0],[5.0],[1.0 2.0 3.0 9.0],False,False
[7121.0],[22979.0 23730.0 24470.0],[5.0],[4.0 5.0 6.0],False,False
[7122.0],[19950.0],[5.0],[17.0],True,False
[7123.0],[22903.0],[5.0],[10.0],False,False
[7124.0],[22956.0 24826.0],[5.0],[4.0 23.0],False,False
[7125.0],[19604.0 22984.0 23355.0 24485.0],[5.0],[1.0 4.0 19.0],False,False
[7126.0],[22650.0 23785.0 24897.0 25224.0],[5.0],[1.0 3.0 6.0],False,False
[7127.0],[23791.0 24186.0],[5.0],[4.0 20.0],True,False
[7128.0],[18468.0 24795.0],[5.0],[2.0 25.0],False,False
[7129.0],[21137.0 22692.0 22751.0 24581.0 24958.0],[5.0],[1.0 3.0 7.0 13.0 17.0],False,False
[7130.0],[20986.0 24780.0 25088.0],[5.0],[1.0 5.0 19.0],False,False
[7131.0],[21431.0],[5.0],[25.0],True,False
[7132.0],[24923.0],[5.0],[13.0],True,False
[7133.0],[18605.0 23203.0],[5.0],[4.0 24.0],False,False
[7134.0],[16021.0 24754.0],[5.0],[4.0 28.0],False,False
[7135.0],[447.0 24037.0],[5.0],[6.0 99.0],False,False
[7136.0],[15462.0 16591.0 22718.0 25757.0],[5.0],[1.0 8.0 18.0 29.0],False,False
[7137.0],[24005.0],[5.0],[23.0],False,False
[7138.0],[22310.0 22677.0 24855.0],[5.0],[6.0 7.0 12.0],False,False
[7139.0],[21898.0 23834.0 25523.0],[5.0],[2.0 4.0 18.0],False,False
[7140.0],[21141.0 22377.0 25845.0],[5.0],[6.0 7.0 22.0],False,False
[7141.0],[10080.0 22222.0 25934.0],[5.0],[5.0 23.0 44.0],False,False
[7142.0],[17621.0 23311.0],[5.0],[24.0 40.0],False,False
[7143.0],[20157.0 25111.0],[5.0],[16.0 22.0],False,False
[7144.0],[23642.0 25095.0],[5.0],[3.0 9.0],True,False
[7145.0],[22987.0 24850.0 25966.0 26423.0],[5.0],[1.0 2.0 4.0 5.0],False,False
[7146.0],[14597.0 23885.0 25584.0 26534.0],[5.0],[2.0 6.0 10.0 32.0],False,False
[7147.0],[25598.0],[5.0],[15.0],True,False
[7148.0],[23721.0 25774.0],[5.0],[4.0 9.0],False,False
[7149.0],[18441.0 23633.0],[5.0],[9.0 34.0],False,False
[7150.0],[935.0 19263.0 24065.0],[5.0],[3.0 27.0 81.0],False,False
[7151.0],[20233.0 21049.0],[5.0],[17.0 24.0],True,False
[7152.0],[23853.0],[5.0],[10.0],True,False
[7153.0],[21518.0 24537.0 26210.0],[5.0],[3.0 7.0 9.0],False,False
[7154.0],[19604.0 20667.0 25478.0],[5.0],[12.0 18.0 19.0],False,False
[7155.0],[20350.0 24203.0],[5.0],[5.0 11.0],False,False
[7156.0],[21004.0 25718.0],[5.0],[2.0 18.0],True,False
[7157.0],[22989.0 24830.0 26402.0],[5.0],[4.0 13.0 24.0],False,False
[7158.0],[11150.0 24146.0 24168.0 24898.0],[5.0],[4.0 10.0 21.0 51.0],False,False
[7159.0],[25841.0 26282.0 26613.0],[5.0],[2.0 3.0 7.0],False,False
[7160.0],[22264.0],[5.0],[13.0],False,False
[7161.0],[23804.0 25763.0],[5.0],[4.0 20.0],False,False
[7162.0],[12666.0 21018.0],[5.0],[14.0 43.0],False,False
[7163.0],[20976.0 23313.0 24011.0],[5.0],[18.0 22.0],False,False
[7164.0],[24216.0 25790.0 26034.0 26498.0],[5.0],[1.0 4.0 12.0],False,False
[7165.0],[11527.0 26341.0],[5.0],[9.0 57.0],False,False
[7166.0],[840.0 935.0 23697.0],[5.0],[19.0 81.0 99.0],False,False
[7167.0],[18919.0 19898.0],[5.0],[22.0 23.0],False,False
[7168.0],[20133.0 26659.0],[5.0],[14.0 23.0],False,False
[7169.0],[21273.0 23886.0 24932.0 27057.0],[5.0],[2.0 4.0 7.0 17.0],True,False
[7170.0],[21756.0 22230.0 24029.0 24749.0 27162.0],[5.0],[6.0 9.0 14.0 17.0 25.0],False,False
[7171.0],[15478.0 18176.0 24884.0 25784.0 26724.0],[5.0],[1.0 3.0 4.0 18.0 22.0],False,False
[7172.0],[22160.0 26201.0 26496.0],[5.0],[7.0 10.0 16.0],True,False
[7173.0],[19263.0],[5.0],[27.0],False,False
[7174.0],[26427.0 26707.0],[5.0],[1.0 9.0],True,False
[7175.0],[19263.0 26370.0],[5.0],[1.0 27.0],False,False
[7176.0],[25835.0 26512.0],[5.0],[2.0 9.0],False,False
[7177.0],[26348.0 26670.0 26671.0],[5.0],[1.0 5.0 8.0],False,False
[7178.0],[20259.0 26169.0 26970.0],[5.0],[3.0 5.0 25.0],False,False
[7179.0],[23020.0 24500.0],[5.0],[15.0 21.0],False,False
[7180.0],[25165.0 26186.0 26413.0],[5.0],[3.0 7.0 11.0],True,False
[7181.0],[26666.0],[5.0],[5.0],True,True
[7182.0],[24791.0 26892.0],[5.0],[4.0 20.0],False,False
[7183.0],[26673.0],[5.0],[5.0],True,True
[7184.0],[26676.0],[5.0],[14.0],True,False
[7185.0],[23784.0],[5.0],[21.0],True,False
[7186.0],[26165.0 26404.0 26953.0 27645.0],[5.0],[1.0 4.0 5.0 13.0],False,False
[7187.0],[23311.0],[5.0],[24.0],False,False
[7188.0],[20548.0 25820.0],[5.0],[11.0 21.0],False,False
[7189.0],[22240.0 27338.0],[5.0],[10.0 18.0],False,False
[7190.0],[22303.0 25965.0 27376.0],[5.0],[6.0 11.0 21.0],False,False
[7191.0],[24186.0 26740.0 27461.0],[5.0],[7.0 11.0 20.0],False,False
[7192.0],[22160.0 25317.0 26200.0 27024.0],[5.0],[6.0 8.0 9.0 16.0],False,False
[7193.0],[12606.0 24421.0 27879.0],[5.0],[1.0 18.0 48.0],False,False
[7194.0],[8883.0 26913.0],[5.0],[3.0 68.0],False,False
[7195.0],[840.0 26938.0],[5.0],[4.0 99.0],False,False
[7196.0],[26049.0 27237.0 27448.0],[5.0],[1.0 4.0 7.0],False,False
[7197.0],[2670.0 27450.0 27787.0],[5.0],[1.0 8.0 89.0],False,False
[7198.0],[23349.0 24468.0 27895.0],[5.0],[8.0 13.0 17.0],False,False
[7199.0],[23474.0 27283.0 28005.0],[5.0],[1.0 10.0 19.0],False,False
[7200.0],[15439.0 16176.0 23702.0 24486.0],[5.0],[8.0 14.0 32.0 37.0],False,False
[7201.0],[26966.0 27385.0 27668.0],[5.0],[3.0 4.0],False,False
[7202.0],[21465.0 27940.0],[5.0],[1.0 29.0],False,False
[7203.0],[23804.0 27031.0],[5.0],[5.0 20.0],True,False
[7204.0],[14493.0 24468.0 26695.0 27904.0 28308.0],[5.0],[1.0 5.0 12.0 13.0 38.0],False,False
[7205.0],[25497.0 28323.0],[5.0],[3.0 15.0],False,False
[7206.0],[18177.0 27652.0],[5.0],[10.0 35.0],False,False
[7207.0],[27396.0],[5.0],[11.0],True,False
[7208.0],[27467.0],[5.0],[6.0],True,False
[7209.0],[26341.0],[5.0],[9.0],True,False
[7210.0],[24777.0 27874.0 27875.0],[5.0],[1.0 8.0 21.0],False,False
[7211.0],[26734.0 27693.0 28430.0],[5.0],[4.0 6.0 8.0],True,False
[7212.0],[26974.0 26990.0 28118.0],[5.0],[2.0 8.0 10.0],False,False
[7213.0],[11150.0 27244.0],[5.0],[5.0 51.0],False,False
[7214.0],[27494.0 27774.0 27994.0 28170.0 28412.0],[5.0],[1.0 3.0 4.0 6.0],False,False
[7215.0],[26534.0 27415.0 27461.0 28678.0],[5.0],[1.0 3.0 10.0 11.0],False,False
[7216.0],[18602.0 25243.0 27234.0],[5.0],[5.0 11.0 37.0],False,False
[7217.0],[561.0 27618.0 27889.0],[5.0],[1.0 9.0 98.0],False,False
[7218.0],[25230.0 27387.0 27440.0],[5.0],[3.0 7.0 15.0],False,False
[7219.0],[13340.0 25129.0],[5.0],[10.0 52.0],False,False
[7220.0],[27638.0 27913.0 28120.0 28309.0 28313.0],[5.0],[1.0 2.0 4.0],False,False
[7221.0],[20667.0 27374.0 28328.0],[5.0],[6.0 10.0 18.0],False,False
[7222.0],[25932.0],[5.0],[13.0],True,False
[7223.0],[22518.0 28091.0],[5.0],[4.0 25.0],False,False
[7224.0],[15223.0 25830.0],[5.0],[14.0 43.0],False,False
[7225.0],[28101.0],[5.0],[8.0],True,False
[7226.0],[9059.0 16114.0 25952.0 28101.0],[5.0],[7.0 8.0 35.0 67.0],False,False
[7227.0],[26426.0 26703.0 27662.0],[5.0],[4.0 8.0 11.0],False,False
[7228.0],[23412.0 28357.0 28791.0],[5.0],[2.0 4.0 23.0],False,False
[7229.0],[25970.0 26715.0 26968.0 28793.0],[5.0],[1.0 4.0 9.0 13.0],False,False
[7230.0],[23412.0 28359.0 28791.0],[5.0],[1.0 4.0 23.0],False,False
[7231.0],[27021.0 28656.0 28680.0],[5.0],[2.0 3.0 4.0],False,False
[7232.0],[23628.0 28778.0 28902.0 29074.0],[5.0],[1.0 2.0 16.0],True,False
[7233.0],[27173.0],[5.0],[12.0],True,False
[7234.0],[20166.0 28097.0],[5.0],[3.0 31.0],True,False
[7235.0],[27965.0 28964.0],[5.0],[2.0 8.0],False,False
[7236.0],[20245.0 28331.0],[5.0],[7.0 30.0],False,False
[7237.0],[27376.0 28615.0],[5.0],[6.0 11.0],False,False
[7238.0],[27690.0 27976.0],[5.0],[5.0 8.0],False,False
[7239.0],[24723.0 28016.0 28841.0 29003.0],[5.0],[2.0 5.0 20.0],False,False
[7240.0],[24766.0 25707.0],[5.0],[18.0 19.0],False,False
[7241.0],[24421.0 29076.0],[5.0],[1.0 18.0],False,False
[7242.0],[12595.0 26659.0],[5.0],[14.0 50.0],False,False
[7243.0],[28780.0],[5.0],[5.0],False,True
[7244.0],[28784.0 28918.0],[5.0],[2.0 4.0],False,False
[7245.0],[26679.0],[5.0],[11.0],False,False
[7246.0],[21427.0 28788.0],[5.0],[4.0 24.0],False,False
[7247.0],[9861.0 25717.0],[5.0],[14.0 61.0],False,False
[7248.0],[25717.0 27633.0],[5.0],[8.0 14.0],False,False
[7249.0],[27909.0 28932.0],[5.0],[4.0 9.0],False,False
[7250.0],[28789.0],[5.0],[5.0],True,True
[7251.0],[27649.0 29326.0],[5.0],[2.0 7.0],True,False
[7252.0],[26944.0 29109.0],[5.0],[3.0 13.0],False,False
[7253.0],[23367.0 27376.0 28941.0],[5.0],[2.0 11.0 25.0],False,False
[7254.0],[28329.0 29113.0],[5.0],[3.0 6.0],False,False
[7255.0],[27191.0 29115.0],[5.0],[3.0 9.0],False,False
[7256.0],[27647.0 28793.0],[5.0],[1.0 6.0],False,False
[7257.0],[28818.0 29145.0 29615.0],[5.0],[1.0 3.0 5.0],False,False
[7258.0],[24164.0],[5.0],[19.0],True,False
[7259.0],[2619.0 29393.0],[5.0],[1.0 94.0],False,False
[7260.0],[27231.0 29620.0],[5.0],[1.0 11.0],False,False
[7261.0],[27733.0 27995.0],[5.0],[6.0 9.0],False,False
[7262.0],[27487.0 28012.0],[5.0],[8.0 9.0],False,False
[7263.0],[16315.0 28710.0],[5.0],[5.0 34.0],True,False
[7264.0],[26209.0],[5.0],[12.0],True,False
[7265.0],[26920.0 27188.0],[5.0],[6.0 9.0],False,False
[7266.0],[244.0 26316.0],[5.0],[12.0 99.0],False,False
[7267.0],[20955.0 24012.0],[5.0],[20.0 23.0],True,False
[7268.0],[24034.0 27885.0 28280.0],[5.0],[4.0 7.0 19.0],False,False
[7269.0],[24495.0],[5.0],[17.0],False,False
[7270.0],[22719.0 23875.0 27960.0 29382.0 29385.0],[5.0],[1.0 2.0 5.0 16.0 21.0],False,False
[7271.0],[25451.0 28268.0],[5.0],[6.0 9.0],False,False
[7272.0],[27875.0 29270.0],[5.0],[1.0 8.0],False,False
[7273.0],[20167.0 27623.0],[5.0],[6.0 32.0],True,False
[7274.0],[2542.0 27180.0 28101.0 28293.0 29085.0],[5.0],[3.0 5.0 8.0 90.0],False,False
[7275.0],[26153.0],[5.0],[13.0],True,False
[7276.0],[18482.0 26952.0],[5.0],[13.0 38.0],False,False
[7277.0],[840.0],[5.0],[99.0],False,False
[7278.0],[27667.0 29121.0 29338.0],[5.0],[1.0 3.0 10.0],False,False
[7279.0],[24898.0 27443.0 29158.0 29377.0],[5.0],[1.0 9.0 21.0],False,False
[7280.0],[26484.0],[5.0],[15.0],False,False
[7281.0],[27750.0 28696.0],[5.0],[5.0],False,False
[7282.0],[28839.0 28842.0 29159.0 29440.0],[5.0],[2.0 3.0],False,False
[7283.0],[9483.0],[5.0],[60.0],False,False
[7284.0],[142.0],[4.0],[10.0],True,False
[7285.0],[226.0],[4.0],[4.0],True,True
[7286.0],[259.0],[4.0],[13.0],True,False
[7287.0],[212.0],[4.0],[81.0],True,False
[7288.0],[229.0],[4.0],[6.0],False,False
[7289.0],[249.0],[4.0],[4.0],True,True
[7290.0],[390.0 1676.0 2143.0],[4.0],[1.0 13.0 20.0],False,False
[7291.0],[289.0],[4.0],[4.0],True,True
[7292.0],[369.0],[4.0],[10.0],False,False
[7293.0],[277.0 319.0 337.0],[4.0],[2.0 8.0 18.0],False,False
[7294.0],[372.0],[4.0],[4.0],True,True
[7295.0],[351.0 379.0],[4.0],[3.0 26.0],False,False
[7296.0],[411.0],[4.0],[4.0],True,True
[7297.0],[422.0 438.0],[4.0],[2.0 27.0],False,False
[7298.0],[459.0 523.0],[4.0],[3.0 68.0],False,False
[7299.0],[478.0],[4.0],[4.0],True,True
[7300.0],[516.0 564.0 1950.0],[4.0],[1.0 8.0 22.0],False,False
[7301.0],[498.0],[4.0],[4.0],True,True
[7302.0],[662.0],[4.0],[70.0],False,False
[7303.0],[497.0],[4.0],[26.0],True,False
[7304.0],[518.0 597.0],[4.0],[3.0 40.0],False,False
[7305.0],[537.0 581.0],[4.0],[2.0 4.0],True,False
[7306.0],[540.0],[4.0],[4.0],True,True
[7307.0],[587.0],[4.0],[8.0],True,False
[7308.0],[672.0 674.0],[4.0],[3.0 12.0],False,False
[7309.0],[691.0],[4.0],[40.0],True,False
[7310.0],[757.0],[4.0],[4.0],True,True
[7311.0],[758.0],[4.0],[4.0],True,True
[7312.0],[701.0 857.0 2185.0],[4.0],[2.0 21.0],False,False
[7313.0],[816.0 852.0],[4.0],[3.0 38.0],False,False
[7314.0],[812.0],[4.0],[8.0],True,False
[7315.0],[799.0],[4.0],[4.0],True,True
[7316.0],[836.0 1769.0 1992.0],[4.0],[1.0 5.0 13.0],False,False
[7317.0],[831.0],[4.0],[27.0],False,False
[7318.0],[883.0],[4.0],[4.0],True,True
[7319.0],[831.0],[4.0],[27.0],False,False
[7320.0],[823.0 875.0],[4.0],[3.0],True,False
[7321.0],[872.0],[4.0],[22.0],False,False
[7322.0],[944.0 1014.0],[4.0],[3.0 6.0],False,False
[7323.0],[938.0 2002.0],[4.0],[2.0 21.0],True,False
[7324.0],[870.0],[4.0],[4.0],True,True
[7325.0],[921.0 961.0 2005.0],[4.0],[3.0 7.0 9.0],True,False
[7326.0],[957.0],[4.0],[19.0],True,False
[7327.0],[944.0 1014.0],[4.0],[3.0 6.0],False,False
[7328.0],[948.0 975.0],[4.0],[5.0 17.0],False,False
[7329.0],[948.0 994.0],[4.0],[17.0],True,False
[7330.0],[983.0],[4.0],[5.0],True,False
[7331.0],[1000.0 1037.0 1062.0],[4.0],[2.0 10.0 14.0],False,False
[7332.0],[952.0],[4.0],[9.0],False,False
[7333.0],[1016.0 1058.0 1779.0],[4.0],[2.0 6.0 35.0],False,False
[7334.0],[1043.0],[4.0],[4.0],True,True
[7335.0],[1198.0 1798.0],[4.0],[1.0 6.0],False,False
[7336.0],[1102.0 1121.0],[4.0],[2.0 21.0],False,False
[7337.0],[1105.0 1164.0],[4.0],[2.0 25.0],False,False
[7338.0],[1102.0 1159.0],[4.0],[2.0 16.0],False,False
[7339.0],[1136.0 2039.0],[4.0],[2.0],True,False
[7340.0],[1154.0],[4.0],[4.0],True,True
[7341.0],[1128.0 1158.0],[4.0],[1.0 15.0],True,False
[7342.0],[1199.0],[4.0],[9.0],True,False
[7343.0],[1207.0 1588.0 2061.0],[4.0],[2.0 4.0],False,False
[7344.0],[1268.0],[4.0],[4.0],True,True
[7345.0],[1105.0 1464.0 1826.0],[4.0],[2.0 5.0],False,False
[7346.0],[1260.0 1418.0],[4.0],[4.0 22.0],False,False
[7347.0],[1383.0 1402.0 2237.0],[4.0],[1.0 9.0 41.0],False,False
[7348.0],[1324.0],[4.0],[10.0],True,False
[7349.0],[1374.0],[4.0],[5.0],True,False
[7350.0],[737.0],[4.0],[55.0],True,False
[7351.0],[149.0 208.0],[4.0],[6.0 13.0],True,False
[7352.0],[781.0 1725.0 1758.0 1968.0],[4.0],[1.0 2.0 4.0],False,False
[7353.0],[835.0 878.0 1754.0 2186.0],[4.0],[1.0 2.0 7.0],False,False
[7354.0],[831.0],[4.0],[27.0],False,False
[7355.0],[1102.0 1121.0],[4.0],[2.0 21.0],False,False
[7356.0],[1061.0 1155.0 1785.0],[4.0],[2.0 10.0 37.0],False,False
[7357.0],[1036.0 1164.0],[4.0],[5.0 25.0],False,False
[7358.0],[1108.0 1363.0 1810.0],[4.0],[2.0 3.0 95.0],False,False
[7359.0],[159.0 250.0],[4.0],[2.0 24.0],False,False
[7360.0],[617.0 713.0],[4.0],[1.0 25.0],False,False
[7361.0],[755.0 1977.0 2184.0],[4.0],[2.0 3.0 48.0],True,False
[7362.0],[917.0 967.0 1994.0],[4.0],[1.0 2.0 6.0],False,False
[7363.0],[932.0 988.0],[4.0],[3.0 11.0],False,False
[7364.0],[959.0 1015.0],[4.0],[1.0 9.0],False,False
[7365.0],[1121.0],[4.0],[21.0],False,False
[7366.0],[1022.0 1771.0],[4.0],[2.0 3.0],False,False
[7367.0],[1048.0],[4.0],[8.0],True,False
[7368.0],[1256.0 1804.0],[4.0],[2.0 14.0],False,False
[7369.0],[1215.0 1820.0 1821.0],[4.0],[2.0 3.0 20.0],False,False
[7370.0],[1127.0 1244.0 2053.0 2234.0],[4.0],[1.0 4.0 8.0],False,False
[7371.0],[1243.0 1272.0 1323.0],[4.0],[2.0 8.0 33.0],False,False
[7372.0],[69.0],[4.0],[69.0],True,False
[7373.0],[1669.0],[4.0],[4.0],True,True
[7374.0],[703.0],[4.0],[7.0],False,False
[7375.0],[1032.0],[4.0],[12.0],False,False
[7376.0],[1784.0 2025.0],[4.0],[1.0 7.0],False,False
[7377.0],[1126.0 2209.0],[4.0],[2.0 13.0],False,False
[7378.0],[1262.0 2050.0],[4.0],[10.0 39.0],False,False
[7379.0],[468.0 1947.0],[4.0],[3.0 4.0],True,False
[7380.0],[944.0 1014.0],[4.0],[3.0 6.0],False,False
[7381.0],[80.0 178.0],[4.0],[21.0 36.0],False,False
[7382.0],[466.0 556.0],[4.0],[14.0 67.0],False,False
[7383.0],[718.0 757.0],[4.0],[4.0 10.0],False,False
[7384.0],[663.0 779.0 1717.0 2339.0],[4.0],[1.0 2.0 7.0 12.0],False,False
[7385.0],[714.0],[4.0],[56.0],False,False
[7386.0],[828.0 1971.0],[4.0],[1.0 35.0],False,False
[7387.0],[898.0],[4.0],[37.0],False,False
[7388.0],[1781.0 2017.0 2200.0],[4.0],[1.0 13.0 88.0],False,False
[7389.0],[1529.0 1535.0 2100.0],[4.0],[18.0 99.0],False,False
[7390.0],[1565.0 1828.0 2265.0 2429.0],[4.0],[1.0 5.0],False,False
[7391.0],[1758.0 1807.0],[4.0],[3.0 4.0],False,False
[7392.0],[1027.0],[4.0],[17.0],False,False
[7393.0],[1250.0 2233.0],[4.0],[3.0 26.0],True,False
[7394.0],[2058.0],[4.0],[4.0],False,True
[7395.0],[523.0 2332.0 2546.0],[4.0],[11.0 12.0 68.0],False,False
[7396.0],[680.0 1986.0 2177.0],[4.0],[4.0 9.0 46.0],False,False
[7397.0],[849.0 934.0 951.0],[4.0],[6.0 7.0 32.0],False,False
[7398.0],[1117.0 2021.0],[4.0],[3.0 10.0],False,False
[7399.0],[1071.0 2211.0],[4.0],[4.0 9.0],True,False
[7400.0],[1243.0 1323.0],[4.0],[8.0 33.0],False,False
[7401.0],[1312.0 1570.0 2065.0 2405.0],[4.0],[5.0 8.0 25.0 74.0],False,False
[7402.0],[821.0 2180.0],[4.0],[7.0 23.0],False,False
[7403.0],[857.0 2185.0 2189.0],[4.0],[1.0 2.0 21.0],False,False
[7404.0],[1980.0],[4.0],[12.0],True,False
[7405.0],[2187.0 2359.0 2564.0],[4.0],[2.0 7.0 13.0],False,False
[7406.0],[798.0 1998.0 2565.0 2571.0],[4.0],[1.0 3.0 4.0 26.0],False,False
[7407.0],[804.0 835.0 2795.0],[4.0],[5.0 6.0 7.0],False,False
[7408.0],[1061.0 1155.0 2607.0 2828.0],[4.0],[1.0 8.0 10.0 37.0],False,False
[7409.0],[2334.0],[4.0],[29.0],False,False
[7410.0],[998.0],[4.0],[20.0],True,False
[7411.0],[983.0 2205.0 2822.0],[4.0],[1.0 5.0 22.0],False,False
[7412.0],[2400.0 2617.0],[4.0],[1.0 4.0],False,False
[7413.0],[1298.0 2644.0],[4.0],[4.0 14.0],False,False
[7414.0],[1223.0 1844.0],[4.0],[12.0 25.0],False,False
[7415.0],[630.0 3008.0],[4.0],[1.0 99.0],False,False
[7416.0],[935.0 3008.0],[4.0],[1.0 81.0],False,False
[7417.0],[835.0 3028.0],[4.0],[1.0 7.0],False,False
[7418.0],[1121.0 2823.0],[4.0],[21.0],False,False
[7419.0],[1288.0 1384.0],[4.0],[7.0 58.0],False,False
[7420.0],[1199.0],[4.0],[9.0],False,False
[7421.0],[89.0 142.0],[4.0],[10.0 28.0],False,False
[7422.0],[840.0 1972.0 2550.0],[4.0],[1.0 5.0 99.0],False,False
[7423.0],[864.0 1767.0 2614.0],[4.0],[4.0 6.0 12.0],False,False
[7424.0],[1153.0],[4.0],[9.0],True,False
[7425.0],[869.0],[4.0],[14.0],True,False
[7426.0],[1772.0],[4.0],[23.0],False,False
[7427.0],[980.0],[4.0],[20.0],True,False
[7428.0],[2886.0],[4.0],[11.0],True,False
[7429.0],[856.0 3054.0],[4.0],[2.0 38.0],False,False
[7430.0],[1091.0],[4.0],[14.0],False,False
[7431.0],[898.0 2340.0],[4.0],[2.0 37.0],False,False
[7432.0],[1149.0],[4.0],[10.0],True,False
[7433.0],[2042.0 2656.0 2856.0],[4.0],[1.0 5.0],False,False
[7434.0],[1961.0 3005.0],[4.0],[4.0 23.0],False,False
[7435.0],[1745.0 3265.0],[4.0],[22.0],False,False
[7436.0],[857.0],[4.0],[21.0],False,False
[7437.0],[3100.0 3355.0],[4.0],[3.0 14.0],False,False
[7438.0],[1737.0 3259.0],[4.0],[5.0 12.0],False,False
[7439.0],[786.0 2340.0],[4.0],[2.0 22.0],False,False
[7440.0],[3026.0 3273.0],[4.0],[3.0 16.0],False,False
[7441.0],[1181.0 2595.0 3478.0 3489.0],[4.0],[2.0 3.0 5.0 52.0],False,False
[7442.0],[1027.0],[4.0],[17.0],False,False
[7443.0],[2469.0 3137.0 3533.0],[4.0],[2.0 3.0],False,False
[7444.0],[1670.0],[4.0],[10.0],True,False
[7445.0],[2334.0 2543.0],[4.0],[5.0 29.0],False,False
[7446.0],[3022.0 3454.0 3631.0 3633.0],[4.0],[1.0 2.0 3.0 11.0],False,False
[7447.0],[867.0],[4.0],[15.0],False,False
[7448.0],[3035.0],[4.0],[11.0],True,False
[7449.0],[1020.0 1092.0 3076.0 3884.0],[4.0],[4.0 7.0 11.0 21.0],False,False
[7450.0],[1282.0 1335.0 3520.0],[4.0],[2.0 16.0 21.0],False,False
[7451.0],[795.0 808.0 2578.0],[4.0],[38.0 45.0 46.0],False,False
[7452.0],[3137.0 3533.0 3926.0],[4.0],[1.0 2.0 3.0],False,False
[7453.0],[694.0 708.0 772.0],[4.0],[5.0 16.0 32.0],False,False
[7454.0],[1181.0 3478.0 3489.0 3882.0],[4.0],[2.0 3.0 5.0 52.0],False,False
[7455.0],[1026.0 3672.0],[4.0],[1.0 20.0],False,False
[7456.0],[2206.0 3056.0],[4.0],[4.0 6.0],False,False
[7457.0],[2469.0 3501.0 3699.0 3880.0],[4.0],[1.0 3.0],False,False
[7458.0],[3438.0],[4.0],[10.0],False,False
[7459.0],[907.0 2801.0 3056.0],[4.0],[6.0 11.0],False,False
[7460.0],[1206.0 1898.0 2233.0],[4.0],[11.0 23.0 26.0],False,False
[7461.0],[1192.0 2853.0],[4.0],[3.0 43.0],False,False
[7462.0],[779.0 3238.0],[4.0],[11.0 12.0],False,False
[7463.0],[2009.0],[4.0],[7.0],True,False
[7464.0],[1060.0 2610.0 4106.0],[4.0],[1.0 7.0 8.0],False,False
[7465.0],[2405.0 3711.0],[4.0],[3.0 5.0],True,False
[7466.0],[3612.0 3811.0],[4.0],[1.0 5.0],False,False
[7467.0],[592.0],[4.0],[22.0],False,False
[7468.0],[3434.0 4013.0],[4.0],[2.0 27.0],False,False
[7469.0],[1150.0 3894.0 4076.0 4082.0],[4.0],[1.0 2.0 8.0 11.0],True,False
[7470.0],[277.0 336.0 376.0],[4.0],[11.0 18.0 20.0],False,False
[7471.0],[777.0 1963.0],[4.0],[5.0 15.0],False,False
[7472.0],[3246.0 4014.0],[4.0],[3.0 5.0],False,False
[7473.0],[939.0 1013.0 3670.0],[4.0],[2.0 7.0 13.0],False,False
[7474.0],[2862.0 3891.0 4323.0],[4.0],[1.0 2.0 93.0],False,False
[7475.0],[1121.0],[4.0],[21.0],False,False
[7476.0],[3096.0],[4.0],[13.0],True,False
[7477.0],[3337.0 3926.0 4360.0 4641.0],[4.0],[1.0 2.0 10.0],False,False
[7478.0],[3309.0 3690.0],[4.0],[6.0 9.0],False,False
[7479.0],[3272.0 3851.0],[4.0],[4.0 36.0],False,False
[7480.0],[1298.0],[4.0],[14.0],False,False
[7481.0],[2632.0 3515.0 4661.0],[4.0],[3.0 4.0 8.0],False,False
[7482.0],[521.0 3618.0 4002.0 4453.0],[4.0],[1.0 2.0 42.0],False,False
[7483.0],[992.0 3294.0 3660.0],[4.0],[9.0 11.0 19.0],False,False
[7484.0],[988.0 2229.0 3042.0],[4.0],[4.0 11.0 34.0],False,False
[7485.0],[3086.0 3104.0 3511.0 4561.0],[4.0],[1.0 4.0 6.0],False,False
[7486.0],[3711.0 3930.0 4098.0],[4.0],[2.0 3.0],False,False
[7487.0],[3989.0],[4.0],[20.0],True,False
[7488.0],[2850.0 4085.0 4894.0],[4.0],[2.0 6.0 13.0],False,False
[7489.0],[1323.0],[4.0],[33.0],False,False
[7490.0],[3455.0],[4.0],[8.0],False,False
[7491.0],[857.0 4280.0 4302.0 4823.0],[4.0],[1.0 2.0 9.0 21.0],False,False
[7492.0],[2377.0 4311.0 4546.0 4860.0],[4.0],[1.0 3.0 5.0 6.0],False,False
[7493.0],[2165.0 4241.0 4248.0],[4.0],[2.0 4.0 11.0],False,False
[7494.0],[2563.0 4522.0],[4.0],[3.0 33.0],False,False
[7495.0],[943.0 4542.0],[4.0],[14.0 24.0],True,False
[7496.0],[4314.0 4864.0],[4.0],[3.0 10.0],True,False
[7497.0],[4352.0 4579.0 4602.0 5127.0],[4.0],[1.0 2.0 5.0],True,False
[7498.0],[4246.0],[4.0],[4.0],True,True
[7499.0],[2473.0],[4.0],[12.0],True,False
[7500.0],[385.0 503.0 4780.0],[4.0],[8.0 85.0 90.0],False,False
[7501.0],[2755.0 4256.0],[4.0],[4.0 12.0],False,False
[7502.0],[1027.0 2578.0],[4.0],[17.0 38.0],False,False
[7503.0],[2200.0 4893.0],[4.0],[13.0 23.0],False,False
[7504.0],[1216.0 4360.0 4641.0],[4.0],[1.0 2.0 11.0],False,False
[7505.0],[4238.0],[4.0],[5.0],True,False
[7506.0],[1739.0 3641.0],[4.0],[7.0 25.0],False,False
[7507.0],[3661.0 3849.0 5323.0],[4.0],[5.0 11.0 25.0],False,False
[7508.0],[3857.0 4813.0],[4.0],[3.0 4.0],False,False
[7509.0],[4048.0],[4.0],[6.0],True,False
[7510.0],[385.0 4780.0],[4.0],[8.0 90.0],False,False
[7511.0],[3250.0 3435.0],[4.0],[7.0],False,False
[7512.0],[3853.0 3859.0 4516.0 4818.0],[4.0],[1.0 3.0 4.0 12.0],False,False
[7513.0],[4548.0 4858.0 5084.0],[4.0],[1.0 3.0],False,False
[7514.0],[915.0 3668.0],[4.0],[14.0 21.0],True,False
[7515.0],[2042.0 4889.0],[4.0],[4.0 5.0],False,False
[7516.0],[3325.0],[4.0],[12.0],True,False
[7517.0],[3509.0 4088.0 4597.0],[4.0],[4.0 9.0 31.0],False,False
[7518.0],[4615.0 5161.0],[4.0],[1.0 3.0],False,False
[7519.0],[2660.0 4415.0 4664.0],[4.0],[5.0 6.0 28.0],False,False
[7520.0],[1772.0],[4.0],[23.0],False,False
[7521.0],[3465.0 4048.0],[4.0],[6.0 10.0],False,False
[7522.0],[4596.0],[4.0],[6.0],True,False
[7523.0],[4913.0 5143.0 5401.0],[4.0],[3.0],False,False
[7524.0],[2165.0 4248.0],[4.0],[4.0 11.0],True,False
[7525.0],[2207.0 3037.0],[4.0],[8.0 27.0],False,False
[7526.0],[992.0],[4.0],[19.0],False,False
[7527.0],[4309.0 5097.0 5117.0 5855.0],[4.0],[1.0 2.0 3.0 15.0],False,False
[7528.0],[1753.0 3470.0 5087.0],[4.0],[2.0 10.0 12.0],False,False
[7529.0],[3031.0 5318.0 6049.0],[4.0],[1.0 2.0 14.0],False,False
[7530.0],[4572.0 5623.0 5866.0],[4.0],[5.0 16.0],False,False
[7531.0],[1400.0 4970.0 5388.0 5913.0],[4.0],[1.0 6.0 12.0 13.0],False,False
[7532.0],[330.0 3221.0 5759.0],[4.0],[1.0 10.0 44.0],False,False
[7533.0],[4800.0],[4.0],[31.0],False,False
[7534.0],[3273.0 4828.0 5801.0],[4.0],[2.0 4.0 16.0],False,False
[7535.0],[4499.0 4502.0 5809.0],[4.0],[3.0 5.0 17.0],False,False
[7536.0],[1098.0],[4.0],[21.0],True,False
[7537.0],[1121.0 2823.0 5638.0 6081.0],[4.0],[1.0 19.0 21.0],False,False
[7538.0],[1590.0 4624.0 6137.0],[4.0],[4.0 5.0 22.0],False,False
[7539.0],[5535.0],[4.0],[15.0],True,False
[7540.0],[4239.0 6019.0],[4.0],[1.0 8.0],False,False
[7541.0],[4036.0 5790.0 6274.0],[4.0],[1.0 27.0],False,False
[7542.0],[2578.0],[4.0],[38.0],False,False
[7543.0],[4572.0 5632.0 5891.0],[4.0],[1.0 16.0 23.0],False,False
[7544.0],[1584.0 3904.0 6141.0],[4.0],[3.0 14.0 23.0],False,False
[7545.0],[5820.0],[4.0],[11.0],True,False
[7546.0],[4049.0 4321.0 6086.0 6556.0],[4.0],[1.0 2.0 6.0],False,False
[7547.0],[1187.0 6358.0],[4.0],[2.0 22.0],False,False
[7548.0],[1219.0 1265.0 5901.0 5910.0],[4.0],[1.0 3.0 27.0 45.0],False,False
[7549.0],[3623.0 4254.0],[4.0],[7.0 29.0],False,False
[7550.0],[5792.0 6504.0],[4.0],[2.0 6.0],False,False
[7551.0],[1739.0 6030.0],[4.0],[10.0 25.0],False,False
[7552.0],[3886.0 5135.0],[4.0],[6.0 29.0],False,False
[7553.0],[1183.0],[4.0],[34.0],True,False
[7554.0],[5562.0 6057.0 6288.0],[4.0],[1.0 5.0 9.0],False,False
[7555.0],[5261.0 6689.0],[4.0],[1.0 24.0],False,False
[7556.0],[1962.0 5541.0],[4.0],[3.0 21.0],False,False
[7557.0],[877.0 6031.0],[4.0],[13.0 18.0],False,False
[7558.0],[5323.0 6057.0 6288.0],[4.0],[1.0 5.0 11.0],False,False
[7559.0],[6113.0],[4.0],[4.0],True,True
[7560.0],[4600.0 6118.0],[4.0],[1.0 12.0],False,False
[7561.0],[359.0 3997.0],[4.0],[13.0 28.0],False,False
[7562.0],[3107.0 3122.0 6966.0],[4.0],[1.0 29.0 43.0],False,False
[7563.0],[3896.0 5880.0],[4.0],[7.0 15.0],True,False
[7564.0],[2879.0 5460.0 6367.0],[4.0],[1.0 9.0 28.0],False,False
[7565.0],[1236.0 4369.0 6991.0],[4.0],[2.0 11.0 24.0],False,False
[7566.0],[5417.0 6604.0],[4.0],[3.0 42.0],True,False
[7567.0],[221.0],[4.0],[25.0],False,False
[7568.0],[510.0],[4.0],[30.0],False,False
[7569.0],[2775.0],[4.0],[62.0],False,False
[7570.0],[1772.0 5321.0],[4.0],[8.0 23.0],False,False
[7571.0],[5825.0 6525.0 6721.0 6937.0],[4.0],[1.0 4.0 5.0],False,False
[7572.0],[4568.0 6749.0],[4.0],[13.0],False,False
[7573.0],[4719.0 6861.0 7037.0 7357.0],[4.0],[1.0 3.0 5.0],False,False
[7574.0],[6686.0],[4.0],[4.0],True,True
[7575.0],[963.0 6057.0 7162.0],[4.0],[1.0 5.0 34.0],False,False
[7576.0],[2843.0 6788.0 6972.0],[4.0],[2.0 4.0 12.0],True,False
[7577.0],[662.0 6908.0],[4.0],[12.0 70.0],False,False
[7578.0],[793.0 1732.0],[4.0],[22.0 51.0],False,False
[7579.0],[6757.0 6979.0 7216.0],[4.0],[1.0 4.0 11.0],False,False
[7580.0],[702.0 7125.0],[4.0],[12.0 19.0],True,False
[7581.0],[3007.0 6030.0],[4.0],[10.0 36.0],True,False
[7582.0],[6930.0 7159.0 7436.0],[4.0],[2.0 7.0],True,False
[7583.0],[784.0 7176.0],[4.0],[32.0 35.0],False,False
[7584.0],[5587.0 6085.0 6759.0],[4.0],[3.0 5.0],False,False
[7585.0],[5343.0],[4.0],[15.0],False,False
[7586.0],[6958.0],[4.0],[14.0],True,False
[7587.0],[6369.0 7228.0],[4.0],[3.0 22.0],False,False
[7588.0],[6784.0],[4.0],[20.0],True,False
[7589.0],[6937.0 7156.0],[4.0],[2.0 5.0],False,False
[7590.0],[6988.0],[4.0],[7.0],True,False
[7591.0],[1423.0 6814.0],[4.0],[23.0 58.0],False,False
[7592.0],[510.0 7604.0],[4.0],[1.0 30.0],False,False
[7593.0],[949.0 4318.0 6934.0 7451.0],[4.0],[1.0 10.0 26.0 44.0],False,False
[7594.0],[6371.0 6609.0 7496.0 7762.0],[4.0],[1.0 4.0 5.0],False,False
[7595.0],[5635.0 6803.0],[4.0],[16.0 21.0],False,False
[7596.0],[3273.0 7146.0],[4.0],[3.0 16.0],False,False
[7597.0],[3668.0],[4.0],[21.0],True,False
[7598.0],[7250.0 7501.0],[4.0],[1.0 11.0],False,False
[7599.0],[338.0 3823.0],[4.0],[12.0 80.0],False,False
[7600.0],[2725.0 6007.0 7891.0],[4.0],[7.0 24.0 40.0],False,False
[7601.0],[6492.0],[4.0],[6.0],True,False
[7602.0],[550.0],[4.0],[99.0],False,False
[7603.0],[738.0 7417.0],[4.0],[1.0 85.0],False,False
[7604.0],[737.0],[4.0],[55.0],False,False
[7605.0],[6336.0 6962.0 7963.0],[4.0],[2.0 5.0 14.0],False,False
[7606.0],[6330.0 6744.0],[4.0],[4.0 11.0],True,False
[7607.0],[7249.0 7291.0 7762.0],[4.0],[2.0 4.0 9.0],False,False
[7608.0],[2297.0 7883.0],[4.0],[2.0 22.0],False,False
[7609.0],[169.0],[4.0],[60.0],True,False
[7610.0],[5254.0 7889.0],[4.0],[2.0 13.0],False,False
[7611.0],[7397.0],[4.0],[5.0],True,False
[7612.0],[706.0],[4.0],[97.0],True,False
[7613.0],[7491.0 7503.0 7794.0],[4.0],[2.0 3.0 11.0],False,False
[7614.0],[510.0 4450.0 7600.0 8141.0],[4.0],[1.0 15.0 30.0 41.0],False,False
[7615.0],[1752.0],[4.0],[41.0],False,False
[7616.0],[6969.0 6988.0 8238.0],[4.0],[6.0 7.0 22.0],False,False
[7617.0],[5261.0 8140.0],[4.0],[1.0 24.0],False,False
[7618.0],[828.0 7632.0 8160.0],[4.0],[1.0 35.0],False,False
[7619.0],[1024.0 7703.0],[4.0],[33.0 54.0],False,False
[7620.0],[1073.0 7717.0],[4.0],[3.0 37.0],False,False
[7621.0],[1898.0 3904.0 7271.0],[4.0],[6.0 23.0],False,False
[7622.0],[5638.0 6369.0],[4.0],[19.0 22.0],False,False
[7623.0],[4814.0 7920.0 8174.0],[4.0],[1.0 3.0 10.0],False,False
[7624.0],[5822.0 7165.0 8554.0],[4.0],[2.0 5.0 13.0],False,False
[7625.0],[6803.0 7266.0 8244.0],[4.0],[2.0 9.0 16.0],False,False
[7626.0],[1183.0 6373.0 7738.0 8242.0],[4.0],[2.0 4.0 11.0 34.0],True,False
[7627.0],[668.0 8491.0],[4.0],[1.0 39.0],True,False
[7628.0],[3855.0],[4.0],[55.0],False,False
[7629.0],[7440.0],[4.0],[16.0],False,False
[7630.0],[5891.0 7721.0 8665.0],[4.0],[1.0 3.0 23.0],False,False
[7631.0],[1232.0 4964.0],[4.0],[12.0 29.0],False,False
[7632.0],[6487.0 7886.0],[4.0],[17.0],False,False
[7633.0],[5499.0 8127.0 8444.0],[4.0],[1.0 2.0 14.0],False,False
[7634.0],[5323.0 7188.0 8570.0 8898.0],[4.0],[3.0 9.0 11.0],False,False
[7635.0],[5888.0],[4.0],[34.0],True,False
[7636.0],[725.0 8164.0 8168.0],[4.0],[1.0 3.0 31.0],False,False
[7637.0],[5323.0 7188.0 8570.0 8898.0],[4.0],[3.0 9.0 11.0],False,False
[7638.0],[7385.0],[4.0],[20.0],False,False
[7639.0],[5261.0 8140.0],[4.0],[1.0 24.0],False,False
[7640.0],[636.0],[4.0],[33.0],False,False
[7641.0],[6915.0 8161.0 8877.0],[4.0],[1.0 2.0 7.0],False,False
[7642.0],[2207.0 7659.0 8897.0],[4.0],[4.0 9.0 27.0],False,False
[7643.0],[5846.0 6959.0 8201.0],[4.0],[4.0 10.0 14.0],False,False
[7644.0],[7440.0 8937.0],[4.0],[16.0 44.0],False,False
[7645.0],[7188.0 8570.0],[4.0],[3.0 9.0],False,False
[7646.0],[1412.0 6840.0],[4.0],[15.0 32.0],False,False
[7647.0],[8143.0],[4.0],[5.0],True,False
[7648.0],[457.0 8145.0],[4.0],[33.0 48.0],True,False
[7649.0],[510.0 8472.0],[4.0],[4.0 30.0],True,False
[7650.0],[2334.0 8154.0],[4.0],[5.0 29.0],True,False
[7651.0],[3062.0 7136.0 8173.0],[4.0],[4.0 8.0 21.0],False,False
[7652.0],[7447.0 7680.0],[4.0],[4.0 18.0],True,False
[7653.0],[8212.0 8616.0],[4.0],[2.0 4.0],True,False
[7654.0],[6457.0 8283.0 8664.0],[4.0],[1.0 4.0 9.0],False,False
[7655.0],[8297.0],[4.0],[5.0],True,False
[7656.0],[510.0 8472.0],[4.0],[4.0 30.0],False,False
[7657.0],[680.0 3667.0 8517.0],[4.0],[5.0 11.0 46.0],False,False
[7658.0],[7498.0 7727.0 8241.0 8284.0],[4.0],[3.0 4.0 8.0],False,False
[7659.0],[8437.0],[4.0],[4.0],True,True
[7660.0],[7188.0],[4.0],[9.0],False,False
[7661.0],[5891.0 8943.0 9413.0],[4.0],[2.0 10.0 23.0],False,False
[7662.0],[8638.0 8648.0 9112.0],[4.0],[2.0 5.0 8.0],False,False
[7663.0],[3295.0],[4.0],[29.0],False,False
[7664.0],[8224.0],[4.0],[16.0],False,False
[7665.0],[8620.0 8636.0 9096.0],[4.0],[2.0 3.0],False,False
[7666.0],[5813.0],[4.0],[22.0],False,False
[7667.0],[879.0 5284.0],[4.0],[32.0 37.0],False,False
[7668.0],[7343.0 7977.0 8079.0 9399.0],[4.0],[1.0 2.0 5.0 6.0],False,False
[7669.0],[5635.0],[4.0],[21.0],False,False
[7670.0],[6487.0 9232.0],[4.0],[1.0 17.0],False,False
[7671.0],[7890.0],[4.0],[7.0],True,False
[7672.0],[8903.0 9080.0 9662.0],[4.0],[3.0 8.0 25.0],False,False
[7673.0],[8635.0 9100.0],[4.0],[7.0 11.0],True,False
[7674.0],[8262.0 8947.0 9109.0 9688.0],[4.0],[1.0 3.0 4.0],True,False
[7675.0],[1838.0 5638.0 8942.0],[4.0],[2.0 19.0 32.0],False,False
[7676.0],[1998.0 7165.0 9352.0],[4.0],[1.0 5.0 26.0],False,False
[7677.0],[4282.0 8902.0],[4.0],[3.0 14.0],False,False
[7678.0],[5846.0 8201.0],[4.0],[10.0 14.0],True,False
[7679.0],[7273.0 8955.0],[4.0],[3.0 10.0],False,False
[7680.0],[444.0 8456.0 8859.0],[4.0],[2.0 7.0 46.0],False,False
[7681.0],[2747.0 9281.0],[4.0],[6.0 52.0],False,False
[7682.0],[8883.0],[4.0],[68.0],False,False
[7683.0],[8181.0 8902.0 9068.0 9311.0],[4.0],[1.0 3.0 8.0],False,False
[7684.0],[6109.0 9363.0 9668.0],[4.0],[1.0 15.0],False,False
[7685.0],[8732.0 9126.0 9401.0],[4.0],[1.0 9.0 53.0],False,False
[7686.0],[7581.0 7583.0 8125.0],[4.0],[4.0 5.0 17.0],False,False
[7687.0],[6752.0 9089.0],[4.0],[4.0 12.0],False,False
[7688.0],[7686.0 7956.0 7968.0],[4.0],[6.0 18.0],False,False
[7689.0],[6746.0 8601.0],[4.0],[12.0 13.0],True,False
[7690.0],[1944.0 9043.0],[4.0],[1.0 46.0],False,False
[7691.0],[315.0 9252.0],[4.0],[2.0 37.0],False,False
[7692.0],[1981.0 9274.0 9620.0 9858.0],[4.0],[1.0 4.0 55.0],False,False
[7693.0],[7194.0 9322.0],[4.0],[5.0 11.0],False,False
[7694.0],[4899.0 9379.0 9687.0],[4.0],[1.0 20.0 22.0],False,False
[7695.0],[8014.0],[4.0],[15.0],False,False
[7696.0],[7291.0 8973.0],[4.0],[3.0 9.0],False,False
[7697.0],[7083.0 8432.0 9239.0],[4.0],[5.0 30.0 48.0],False,False
[7698.0],[9069.0 9312.0],[4.0],[2.0 5.0],False,False
[7699.0],[6933.0 9346.0],[4.0],[5.0 11.0],False,False
[7700.0],[7974.0 8568.0],[4.0],[12.0 26.0],True,False
[7701.0],[9410.0],[4.0],[8.0],True,False
[7702.0],[5220.0 8638.0 9971.0],[4.0],[4.0 8.0 13.0],False,False
[7703.0],[7173.0 8560.0 8900.0],[4.0],[4.0 6.0 10.0],False,False
[7704.0],[1155.0 5128.0],[4.0],[26.0 37.0],False,False
[7705.0],[9269.0],[4.0],[4.0],True,True
[7706.0],[5795.0],[4.0],[39.0],False,False
[7707.0],[6528.0],[4.0],[57.0],False,False
[7708.0],[8517.0 9072.0 9318.0],[4.0],[5.0 6.0 8.0],False,False
[7709.0],[5638.0 6083.0 6761.0],[4.0],[10.0 11.0 19.0],False,False
[7710.0],[7243.0 7279.0 9455.0],[4.0],[5.0 7.0 9.0],False,False
[7711.0],[6824.0 6992.0 8694.0 9968.0],[4.0],[1.0 3.0 7.0 14.0],False,False
[7712.0],[8898.0],[4.0],[9.0],False,False
[7713.0],[8551.0 9653.0 9657.0],[4.0],[4.0 9.0 12.0],True,False
[7714.0],[8569.0 9660.0 10179.0 10452.0],[4.0],[1.0 2.0 4.0],False,False
[7715.0],[8923.0],[4.0],[8.0],True,False
[7716.0],[1094.0],[4.0],[54.0],True,False
[7717.0],[7855.0 9147.0 9710.0],[4.0],[2.0 7.0 12.0],False,False
[7718.0],[2530.0],[4.0],[90.0],False,False
[7719.0],[7902.0 9263.0],[4.0],[3.0 10.0],False,False
[7720.0],[7454.0],[4.0],[14.0],False,False
[7721.0],[6741.0 8192.0 8612.0],[4.0],[7.0 10.0],False,False
[7722.0],[8286.0 9731.0],[4.0],[1.0 14.0],True,False
[7723.0],[6395.0 8793.0 9773.0 10591.0],[4.0],[2.0 4.0 6.0 22.0],False,False
[7724.0],[9847.0],[4.0],[8.0],True,False
[7725.0],[7902.0 9263.0],[4.0],[3.0 10.0],False,False
[7726.0],[6109.0 9104.0 9301.0 10465.0],[4.0],[1.0 10.0 14.0 15.0],False,False
[7727.0],[382.0],[4.0],[75.0],False,False
[7728.0],[9075.0 9357.0],[4.0],[5.0 14.0],False,False
[7729.0],[9140.0 9933.0 10548.0 10776.0],[4.0],[1.0 7.0],False,False
[7730.0],[6752.0 7712.0 10448.0],[4.0],[4.0 11.0 12.0],False,False
[7731.0],[9413.0],[4.0],[10.0],True,False
[7732.0],[302.0 3414.0],[4.0],[29.0 94.0],True,False
[7733.0],[6031.0 9325.0 10944.0],[4.0],[1.0 13.0],False,False
[7734.0],[9498.0 10525.0 10774.0],[4.0],[1.0 5.0 6.0],False,False
[7735.0],[8514.0 10420.0 10735.0],[4.0],[2.0 9.0 22.0],False,False
[7736.0],[10236.0 10620.0 10869.0],[4.0],[1.0 2.0 8.0],False,False
[7737.0],[7836.0 10259.0 11050.0],[4.0],[1.0 12.0 15.0],True,False
[7738.0],[9045.0 9841.0 10090.0],[4.0],[2.0 3.0 43.0],False,False
[7739.0],[4245.0 10117.0],[4.0],[23.0 34.0],False,False
[7740.0],[7648.0 10410.0 10741.0],[4.0],[1.0 13.0 20.0],False,False
[7741.0],[6945.0 9651.0 10950.0],[4.0],[1.0 11.0 15.0],False,False
[7742.0],[9871.0 10121.0],[4.0],[2.0 9.0],False,False
[7743.0],[6773.0 6992.0 9387.0],[4.0],[4.0 14.0 41.0],False,False
[7744.0],[571.0 9620.0 10722.0],[4.0],[4.0 25.0 64.0],False,False
[7745.0],[7451.0 7955.0],[4.0],[10.0 24.0],False,False
[7746.0],[7008.0 10573.0],[4.0],[10.0 17.0],False,False
[7747.0],[10807.0],[4.0],[11.0],True,False
[7748.0],[10061.0],[4.0],[8.0],False,False
[7749.0],[7405.0],[4.0],[14.0],False,False
[7750.0],[8577.0 11099.0 11302.0],[4.0],[13.0 20.0 58.0],False,False
[7751.0],[9333.0 10756.0],[4.0],[1.0 13.0],True,False
[7752.0],[10472.0 10961.0 11309.0],[4.0],[1.0 2.0 61.0],False,False
[7753.0],[6773.0 6992.0],[4.0],[14.0 41.0],False,False
[7754.0],[7194.0 10745.0 11107.0 11282.0],[4.0],[1.0 2.0 4.0 11.0],False,False
[7755.0],[796.0],[4.0],[44.0],True,False
[7756.0],[9105.0 11131.0 11290.0 11657.0],[4.0],[2.0 6.0 27.0],False,False
[7757.0],[8898.0 10740.0 11580.0],[4.0],[1.0 4.0 9.0],False,False
[7758.0],[5206.0 8029.0],[4.0],[14.0 22.0],False,False
[7759.0],[9883.0 11594.0],[4.0],[3.0 11.0],False,False
[7760.0],[535.0],[4.0],[99.0],False,False
[7761.0],[1752.0 10415.0],[4.0],[21.0 41.0],False,False
[7762.0],[8194.0],[4.0],[18.0],False,False
[7763.0],[9373.0 11127.0],[4.0],[5.0 7.0],False,False
[7764.0],[10357.0],[4.0],[7.0],True,False
[7765.0],[8601.0 9413.0 10196.0],[4.0],[3.0 10.0 12.0],True,False
[7766.0],[7405.0 7886.0],[4.0],[14.0 17.0],False,False
[7767.0],[458.0 10369.0],[4.0],[7.0 79.0],False,False
[7768.0],[9743.0 11174.0 11779.0],[4.0],[5.0 10.0],True,False
[7769.0],[4761.0 11071.0],[4.0],[7.0 41.0],False,False
[7770.0],[10104.0 10927.0],[4.0],[2.0 21.0],False,False
[7771.0],[6491.0 10722.0 11939.0],[4.0],[1.0 25.0 32.0],False,False
[7772.0],[809.0],[4.0],[45.0],False,False
[7773.0],[8535.0 10740.0],[4.0],[4.0 12.0],False,False
[7774.0],[10740.0 11109.0 11580.0],[4.0],[1.0 3.0 4.0],False,False
[7775.0],[8686.0 8974.0 10232.0 12125.0],[4.0],[6.0 7.0 8.0 10.0],True,False
[7776.0],[11057.0 11378.0 11737.0],[4.0],[2.0 3.0 7.0],False,False
[7777.0],[11297.0],[4.0],[4.0],True,True
[7778.0],[9720.0 10261.0 10582.0 11787.0],[4.0],[5.0 6.0 7.0 8.0],True,False
[7779.0],[8838.0 11908.0],[4.0],[8.0 20.0],False,False
[7780.0],[348.0 11245.0 11928.0],[4.0],[2.0 40.0],False,False
[7781.0],[9299.0 11560.0],[4.0],[3.0 12.0],False,False
[7782.0],[11268.0 11270.0 11968.0],[4.0],[1.0 2.0 18.0],False,False
[7783.0],[6814.0],[4.0],[58.0],False,False
[7784.0],[4890.0 9464.0 9482.0 11883.0],[4.0],[5.0 10.0 17.0 19.0],False,False
[7785.0],[11244.0 12254.0],[4.0],[2.0 5.0],False,False
[7786.0],[7099.0 10717.0 11541.0],[4.0],[6.0 13.0 39.0],False,False
[7787.0],[8405.0],[4.0],[29.0],False,False
[7788.0],[10527.0 12018.0],[4.0],[3.0 17.0],True,False
[7789.0],[10172.0 11657.0],[4.0],[6.0 21.0],False,False
[7790.0],[10811.0 12053.0],[4.0],[11.0 53.0],False,False
[7791.0],[9033.0],[4.0],[14.0],True,False
[7792.0],[8194.0 12676.0],[4.0],[2.0 18.0],False,False
[7793.0],[9116.0 12034.0],[4.0],[2.0 32.0],True,False
[7794.0],[10821.0 11159.0 12201.0],[4.0],[2.0 3.0 11.0],True,False
[7795.0],[8535.0 12299.0 12671.0 13016.0],[4.0],[1.0 2.0 12.0],False,False
[7796.0],[714.0 11608.0 12308.0],[4.0],[1.0 20.0 56.0],False,False
[7797.0],[12043.0 13065.0],[4.0],[1.0 21.0],True,False
[7798.0],[11167.0 13152.0],[4.0],[1.0 5.0],False,False
[7799.0],[7886.0 12582.0],[4.0],[11.0 17.0],False,False
[7800.0],[11508.0],[4.0],[9.0],True,False
[7801.0],[6481.0 7099.0 12581.0],[4.0],[1.0 20.0 39.0],False,False
[7802.0],[2195.0 12272.0 12631.0],[4.0],[2.0 54.0],False,False
[7803.0],[11989.0 11990.0 12685.0],[4.0],[4.0 6.0 17.0],False,False
[7804.0],[12134.0 12841.0],[4.0],[3.0 6.0],True,False
[7805.0],[281.0 7590.0 9842.0],[4.0],[10.0 28.0 44.0],False,False
[7806.0],[3855.0 8871.0],[4.0],[12.0 55.0],False,False
[7807.0],[10117.0],[4.0],[23.0],True,False
[7808.0],[6120.0],[4.0],[30.0],True,False
[7809.0],[9938.0 10536.0 11688.0 13451.0],[4.0],[1.0 2.0 8.0 31.0],False,False
[7810.0],[6719.0 7932.0 11273.0],[4.0],[15.0 26.0 35.0],False,False
[7811.0],[11665.0 11666.0],[4.0],[4.0 10.0],False,False
[7812.0],[12653.0],[4.0],[4.0],True,True
[7813.0],[9654.0 11596.0 12323.0],[4.0],[6.0 15.0 17.0],True,False
[7814.0],[12332.0 13040.0 13766.0],[4.0],[1.0 2.0 6.0],False,False
[7815.0],[8167.0],[4.0],[59.0],False,False
[7816.0],[10436.0 11641.0 12335.0],[4.0],[3.0 6.0 8.0],False,False
[7817.0],[9883.0 10128.0 13741.0],[4.0],[1.0 11.0 24.0],False,False
[7818.0],[11396.0 12080.0 12416.0 13951.0],[4.0],[3.0 5.0 7.0 15.0],False,False
[7819.0],[12415.0 12820.0 12836.0],[4.0],[3.0 5.0 15.0],False,False
[7820.0],[9894.0],[4.0],[13.0],True,False
[7821.0],[11150.0 13075.0],[4.0],[11.0 51.0],False,False
[7822.0],[2619.0 13459.0],[4.0],[7.0 94.0],False,False
[7823.0],[12678.0 13767.0 14012.0],[4.0],[3.0 4.0],False,False
[7824.0],[9333.0],[4.0],[13.0],True,False
[7825.0],[1132.0 7688.0 13395.0 13424.0],[4.0],[2.0 3.0 17.0 72.0],False,False
[7826.0],[13082.0 13461.0 13794.0 13801.0],[4.0],[2.0 3.0 15.0],False,False
[7827.0],[571.0 11085.0 12265.0],[4.0],[3.0 14.0 64.0],False,False
[7828.0],[10727.0 11263.0],[4.0],[9.0 42.0],False,False
[7829.0],[8203.0 10967.0],[4.0],[10.0 24.0],False,False
[7830.0],[12714.0],[4.0],[6.0],True,False
[7831.0],[7234.0 10523.0 13088.0],[4.0],[13.0 15.0 22.0],True,False
[7832.0],[8017.0 11731.0],[4.0],[13.0],False,False
[7833.0],[11508.0 12967.0],[4.0],[6.0 9.0],False,False
[7834.0],[12768.0],[4.0],[23.0],False,False
[7835.0],[11302.0 13378.0 13784.0 14203.0],[4.0],[1.0 2.0 8.0 58.0],False,False
[7836.0],[6117.0 13392.0 13804.0],[4.0],[2.0 39.0],False,False
[7837.0],[10155.0 14229.0],[4.0],[4.0 16.0],False,False
[7838.0],[9354.0 13484.0],[4.0],[8.0 13.0],True,False
[7839.0],[9925.0 13099.0 13819.0],[4.0],[1.0 2.0 11.0],False,False
[7840.0],[1679.0 14167.0],[4.0],[6.0 70.0],True,False
[7841.0],[7703.0 10408.0 14515.0],[4.0],[1.0 17.0 54.0],False,False
[7842.0],[4761.0 14414.0],[4.0],[5.0 41.0],False,False
[7843.0],[13393.0 13439.0 13781.0 14212.0],[4.0],[2.0 3.0 4.0],False,False
[7844.0],[5507.0 6688.0],[4.0],[26.0 41.0],False,False
[7845.0],[11293.0 13737.0 14202.0],[4.0],[2.0 12.0],False,False
[7846.0],[10472.0 12336.0 13789.0],[4.0],[4.0 5.0 61.0],False,False
[7847.0],[9606.0 13987.0 14170.0],[4.0],[1.0 3.0 28.0],False,False
[7848.0],[7585.0 7891.0],[4.0],[24.0 56.0],True,False
[7849.0],[13783.0],[4.0],[6.0],False,False
[7850.0],[11155.0 12398.0],[4.0],[7.0 17.0],True,False
[7851.0],[8133.0 14848.0],[4.0],[2.0 34.0],False,False
[7852.0],[10128.0 14937.0],[4.0],[4.0 24.0],False,False
[7853.0],[5756.0 12569.0 14168.0],[4.0],[1.0 5.0 77.0],False,False
[7854.0],[9036.0 13280.0 14424.0],[4.0],[4.0 25.0 32.0],False,False
[7855.0],[11943.0 13278.0 13991.0],[4.0],[2.0 9.0 56.0],False,False
[7856.0],[14037.0 14255.0 14602.0 15085.0],[4.0],[1.0 2.0 4.0],False,False
[7857.0],[13535.0 14081.0],[4.0],[3.0 5.0],True,False
[7858.0],[7099.0],[4.0],[39.0],True,False
[7859.0],[13376.0 14525.0 14955.0],[4.0],[2.0 10.0 12.0],False,False
[7860.0],[8536.0],[4.0],[24.0],True,False
[7861.0],[13025.0 14521.0 14557.0],[4.0],[1.0 3.0 4.0],False,False
[7862.0],[6716.0 11655.0],[4.0],[27.0 29.0],False,False
[7863.0],[12582.0 14824.0],[4.0],[4.0 11.0],False,False
[7864.0],[13892.0 14094.0 15162.0],[4.0],[4.0 5.0 7.0],False,False
[7865.0],[14443.0 15340.0],[4.0],[4.0 13.0],False,False
[7866.0],[12420.0],[4.0],[29.0],True,False
[7867.0],[6965.0 11397.0 13094.0],[4.0],[3.0 15.0 27.0],False,False
[7868.0],[1679.0 14167.0],[4.0],[6.0 70.0],True,False
[7869.0],[14891.0 15716.0 16117.0],[4.0],[2.0 6.0 23.0],False,False
[7870.0],[13432.0 15438.0 15454.0],[4.0],[2.0 4.0 5.0],False,False
[7871.0],[11824.0 15443.0 15458.0],[4.0],[6.0 8.0 16.0],True,False
[7872.0],[14491.0 15401.0 15406.0],[4.0],[2.0 4.0],False,False
[7873.0],[14824.0],[4.0],[4.0],False,True
[7874.0],[4481.0 5779.0],[4.0],[28.0 59.0],False,False
[7875.0],[15079.0 15484.0],[4.0],[3.0 7.0],False,False
[7876.0],[10374.0 15705.0],[4.0],[12.0 18.0],False,False
[7877.0],[6263.0 14461.0 16088.0],[4.0],[2.0 3.0 35.0],False,False
[7878.0],[14207.0],[4.0],[8.0],True,False
[7879.0],[15007.0],[4.0],[9.0],True,False
[7880.0],[9105.0 15062.0 16185.0],[4.0],[1.0 11.0 27.0],False,False
[7881.0],[5888.0],[4.0],[34.0],True,False
[7882.0],[15112.0 15533.0],[4.0],[4.0 6.0],True,False
[7883.0],[15581.0 16291.0],[4.0],[9.0 10.0],True,False
[7884.0],[10395.0 16526.0],[4.0],[1.0 24.0],False,False
[7885.0],[11291.0],[4.0],[57.0],False,False
[7886.0],[14965.0 16584.0],[4.0],[2.0 18.0],False,False
[7887.0],[13799.0 15879.0],[4.0],[2.0 6.0],False,False
[7888.0],[14602.0 15085.0 15096.0 16652.0],[4.0],[2.0 4.0],False,False
[7889.0],[14558.0],[4.0],[10.0],False,False
[7890.0],[13561.0 15535.0 16269.0 16722.0],[4.0],[2.0 4.0 7.0 9.0],False,False
[7891.0],[15794.0],[4.0],[4.0],True,True
[7892.0],[13579.0],[4.0],[12.0],True,False
[7893.0],[15432.0 16623.0],[4.0],[1.0 5.0],False,False
[7894.0],[14050.0 15516.0],[4.0],[7.0 12.0],False,False
[7895.0],[15445.0 16972.0],[4.0],[4.0 5.0],True,False
[7896.0],[1132.0 11345.0 15065.0],[4.0],[5.0 20.0 72.0],False,False
[7897.0],[15337.0 16051.0 16885.0 17231.0],[4.0],[1.0 2.0 9.0],False,False
[7898.0],[946.0],[4.0],[67.0],False,False
[7899.0],[13075.0],[4.0],[11.0],False,False
[7900.0],[15787.0 16236.0 16268.0 17012.0],[4.0],[2.0 3.0],False,False
[7901.0],[14663.0 16261.0 16711.0],[4.0],[2.0 6.0 10.0],False,False
[7902.0],[14716.0 15138.0 17072.0],[4.0],[6.0 11.0 12.0],False,False
[7903.0],[15559.0 16699.0 16844.0 17566.0],[4.0],[4.0 5.0 12.0],False,False
[7904.0],[15899.0 16321.0 16769.0 17142.0],[4.0],[1.0 2.0],False,False
[7905.0],[16020.0],[4.0],[5.0],True,False
[7906.0],[14853.0 16477.0],[4.0],[15.0 24.0],False,False
[7907.0],[12424.0 15032.0],[4.0],[9.0 16.0],False,False
[7908.0],[70.0 8408.0 16020.0 16455.0],[4.0],[2.0 5.0 42.0 58.0],False,False
[7909.0],[16946.0],[4.0],[7.0],True,False
[7910.0],[13054.0 16167.0],[4.0],[8.0 13.0],False,False
[7911.0],[6763.0],[4.0],[38.0],False,False
[7912.0],[13088.0],[4.0],[13.0],True,False
[7913.0],[5290.0 14188.0 14474.0],[4.0],[9.0 11.0 54.0],False,False
[7914.0],[8904.0],[4.0],[23.0],True,False
[7915.0],[14966.0 15782.0 16938.0 18170.0],[4.0],[4.0 6.0 7.0 26.0],False,False
[7916.0],[12768.0 18247.0],[4.0],[6.0 23.0],False,False
[7917.0],[15048.0 15773.0 15818.0 18221.0],[4.0],[1.0 2.0 3.0 10.0],False,False
[7918.0],[13855.0 18317.0],[4.0],[1.0 16.0],False,False
[7919.0],[13561.0 16269.0 17076.0 17412.0],[4.0],[1.0 2.0 7.0],False,False
[7920.0],[15134.0 17085.0 17464.0 17922.0],[4.0],[1.0 2.0 6.0],False,False
[7921.0],[16037.0 17605.0],[4.0],[1.0 15.0],False,False
[7922.0],[16947.0],[4.0],[5.0],True,False
[7923.0],[14525.0 16169.0],[4.0],[7.0 12.0],False,False
[7924.0],[16582.0 18163.0],[4.0],[2.0 5.0],True,False
[7925.0],[10470.0],[4.0],[22.0],True,False
[7926.0],[17228.0 17619.0],[4.0],[10.0 25.0],False,False
[7927.0],[7631.0 8883.0],[4.0],[46.0 68.0],False,False
[7928.0],[12721.0 16148.0 17776.0],[4.0],[4.0 31.0],False,False
[7929.0],[16966.0 17762.0],[4.0],[2.0 13.0],False,False
[7930.0],[13799.0 17431.0 18536.0],[4.0],[3.0 6.0],False,False
[7931.0],[17050.0 17874.0],[4.0],[4.0 5.0],False,False
[7932.0],[3855.0 18886.0],[4.0],[10.0 55.0],False,False
[7933.0],[17784.0 18188.0 18213.0],[4.0],[1.0 3.0 4.0],False,False
[7934.0],[17230.0 18435.0],[4.0],[3.0 14.0],False,False
[7935.0],[12614.0 15394.0 18814.0],[4.0],[7.0 9.0 15.0],False,False
[7936.0],[15386.0 18468.0],[4.0],[23.0 25.0],False,False
[7937.0],[17735.0 17766.0 18514.0],[4.0],[2.0 3.0 4.0],False,False
[7938.0],[17293.0 17306.0],[4.0],[4.0 10.0],False,False
[7939.0],[16955.0],[4.0],[7.0],True,False
[7940.0],[5613.0 9383.0],[4.0],[28.0 39.0],False,False
[7941.0],[7330.0 16707.0 17455.0 19418.0],[4.0],[2.0 4.0 7.0 30.0],False,False
[7942.0],[7399.0 18447.0],[4.0],[2.0 48.0],False,False
[7943.0],[6528.0 18127.0 19281.0],[4.0],[2.0 57.0],False,False
[7944.0],[14511.0 19291.0],[4.0],[7.0 24.0],True,False
[7945.0],[18157.0 18510.0 18893.0],[4.0],[1.0 2.0],False,False
[7946.0],[9674.0 16964.0],[4.0],[8.0 24.0],False,False
[7947.0],[16236.0 17408.0 18242.0],[4.0],[3.0 7.0 11.0],False,False
[7948.0],[10080.0 18753.0],[4.0],[34.0 44.0],True,False
[7949.0],[14974.0 18139.0 19622.0],[4.0],[1.0 3.0 9.0],False,False
[7950.0],[18163.0 18879.0 19650.0],[4.0],[2.0 5.0],False,False
[7951.0],[15062.0 18199.0],[4.0],[7.0 11.0],False,False
[7952.0],[15423.0 17699.0],[4.0],[6.0 9.0],False,False
[7953.0],[14863.0 16493.0 19247.0],[4.0],[9.0 14.0 22.0],False,False
[7954.0],[18601.0 19040.0 19431.0 19703.0],[4.0],[1.0 3.0 5.0],False,False
[7955.0],[14474.0 16129.0],[4.0],[10.0 11.0],False,False
[7956.0],[8120.0 15687.0],[4.0],[9.0 40.0],False,False
[7957.0],[18536.0 19316.0],[4.0],[1.0 6.0],False,False
[7958.0],[12436.0 19058.0],[4.0],[12.0 16.0],True,False
[7959.0],[17889.0 19476.0],[4.0],[8.0 10.0],True,False
[7960.0],[3995.0 16458.0 17632.0 18443.0],[4.0],[5.0 34.0 35.0 54.0],False,False
[7961.0],[14474.0 19585.0],[4.0],[7.0 11.0],False,False
[7962.0],[16612.0 18532.0 18916.0],[4.0],[2.0 3.0 7.0],False,False
[7963.0],[18527.0],[4.0],[6.0],True,False
[7964.0],[17347.0 18182.0 18207.0],[4.0],[4.0 7.0 9.0],False,False
[7965.0],[17779.0 18006.0 18169.0],[4.0],[3.0 4.0 8.0],False,False
[7966.0],[13205.0 19163.0 19742.0 19787.0],[4.0],[2.0 5.0 7.0 12.0],False,False
[7967.0],[13695.0],[4.0],[31.0],False,False
[7968.0],[18150.0 18514.0 19297.0],[4.0],[1.0 4.0 7.0],False,False
[7969.0],[18199.0 19662.0],[4.0],[7.0 32.0],False,False
[7970.0],[18301.0 19938.0],[4.0],[2.0 34.0],False,False
[7971.0],[5290.0],[4.0],[54.0],False,False
[7972.0],[8581.0 18166.0 19314.0],[4.0],[1.0 6.0 34.0],False,False
[7973.0],[16059.0],[4.0],[13.0],True,False
[7974.0],[544.0 20184.0],[4.0],[29.0 75.0],False,False
[7975.0],[635.0 20181.0],[4.0],[3.0 86.0],False,False
[7976.0],[16917.0 18478.0],[4.0],[7.0 15.0],False,False
[7977.0],[18545.0 18552.0 18965.0 20274.0],[4.0],[1.0 6.0 8.0],False,False
[7978.0],[16165.0 19100.0 19715.0],[4.0],[3.0 9.0 10.0],True,False
[7979.0],[18468.0],[4.0],[25.0],False,False
[7980.0],[8151.0 19585.0],[4.0],[7.0 42.0],False,False
[7981.0],[18539.0 19328.0],[4.0],[4.0 7.0],True,False
[7982.0],[14741.0],[4.0],[15.0],True,False
[7983.0],[17743.0],[4.0],[9.0],True,False
[7984.0],[18288.0 19036.0 19658.0 19698.0],[4.0],[4.0 5.0 6.0 8.0],False,False
[7985.0],[3855.0],[4.0],[55.0],False,False
[7986.0],[13020.0 19598.0 19602.0],[4.0],[1.0 4.0 24.0],False,False
[7987.0],[11367.0 16305.0],[4.0],[16.0 30.0],True,False
[7988.0],[14096.0 19978.0 20391.0],[4.0],[2.0 5.0 9.0],False,False
[7989.0],[13930.0 17924.0],[4.0],[9.0 23.0],False,False
[7990.0],[17253.0],[4.0],[21.0],True,False
[7991.0],[15423.0 17699.0 19634.0],[4.0],[6.0 9.0 32.0],False,False
[7992.0],[17883.0],[4.0],[20.0],False,False
[7993.0],[17446.0 20472.0 20812.0],[4.0],[2.0 11.0],True,False
[7994.0],[19938.0 20404.0 21189.0],[4.0],[2.0 3.0],False,False
[7995.0],[18995.0 19711.0 20009.0 20813.0],[4.0],[2.0 33.0],True,False
[7996.0],[17678.0 18120.0 21019.0],[4.0],[2.0 13.0 16.0],False,False
[7997.0],[18191.0 19896.0],[4.0],[4.0 8.0],False,False
[7998.0],[12768.0 18247.0 18934.0 21133.0],[4.0],[2.0 6.0 23.0],False,False
[7999.0],[18804.0 19573.0],[4.0],[6.0 8.0],False,False
[8000.0],[19280.0],[4.0],[9.0],True,False
[8001.0],[19651.0 20751.0 21122.0],[4.0],[7.0 9.0],False,False
[8002.0],[20441.0],[4.0],[5.0],True,False
[8003.0],[17010.0 17557.0 20270.0 20742.0],[4.0],[1.0 4.0 5.0 8.0],False,False
[8004.0],[14965.0 19938.0 20751.0 21189.0],[4.0],[2.0 3.0 9.0 18.0],False,False
[8005.0],[20595.0],[4.0],[5.0],True,False
[8006.0],[18056.0],[4.0],[8.0],True,False
[8007.0],[19853.0 20638.0],[4.0],[3.0 19.0],False,False
[8008.0],[16978.0 20733.0],[4.0],[13.0 24.0],False,False
[8009.0],[20714.0],[4.0],[4.0],True,True
[8010.0],[17072.0 19095.0],[4.0],[11.0 14.0],False,False
[8011.0],[14965.0 18587.0 21903.0],[4.0],[1.0 11.0 18.0],False,False
[8012.0],[19884.0 21060.0],[4.0],[3.0 5.0],False,False
[8013.0],[20668.0 21448.0],[4.0],[2.0 13.0],False,False
[8014.0],[3855.0 18494.0 18886.0],[4.0],[10.0 55.0],False,False
[8015.0],[18618.0 19733.0 20371.0 20810.0],[4.0],[6.0 9.0 13.0],False,False
[8016.0],[21019.0 21841.0],[4.0],[2.0 3.0],False,False
[8017.0],[3855.0 14939.0 15386.0],[4.0],[17.0 23.0 55.0],False,False
[8018.0],[15756.0 21056.0],[4.0],[7.0 15.0],False,False
[8019.0],[7703.0 21897.0],[4.0],[1.0 54.0],False,False
[8020.0],[18464.0 20999.0],[4.0],[3.0 37.0],False,False
[8021.0],[14223.0 17723.0 21461.0],[4.0],[1.0 13.0 28.0],False,False
[8022.0],[20209.0 21443.0 21849.0],[4.0],[1.0 6.0 7.0],False,False
[8023.0],[11311.0],[4.0],[57.0],True,False
[8024.0],[21414.0 21796.0],[4.0],[3.0 4.0],False,False
[8025.0],[20625.0 20987.0 21813.0],[4.0],[3.0 22.0 30.0],True,False
[8026.0],[19263.0 21834.0],[4.0],[1.0 27.0],False,False
[8027.0],[17312.0 22620.0],[4.0],[2.0 9.0],True,False
[8028.0],[20331.0 21531.0],[4.0],[4.0 8.0],False,False
[8029.0],[20788.0 20790.0 21191.0],[4.0],[4.0 5.0 12.0],False,False
[8030.0],[10120.0],[4.0],[63.0],True,False
[8031.0],[12722.0],[4.0],[24.0],True,False
[8032.0],[8488.0 18478.0],[4.0],[15.0 55.0],False,False
[8033.0],[18173.0 20709.0 21873.0 22980.0],[4.0],[1.0 5.0 6.0 13.0],False,False
[8034.0],[16553.0 18146.0 18155.0],[4.0],[10.0 11.0 17.0],True,False
[8035.0],[19412.0 21592.0],[4.0],[3.0 8.0],False,False
[8036.0],[14677.0 21125.0],[4.0],[4.0 19.0],False,False
[8037.0],[16041.0],[4.0],[28.0],True,False
[8038.0],[935.0 19280.0],[4.0],[9.0 81.0],False,False
[8039.0],[19869.0 21861.0 23351.0],[4.0],[2.0 4.0 10.0],False,False
[8040.0],[15871.0 21964.0 21992.0 23410.0],[4.0],[1.0 2.0 3.0 32.0],True,False
[8041.0],[18583.0 22727.0],[4.0],[4.0 12.0],False,False
[8042.0],[15821.0 18597.0 20757.0],[4.0],[5.0 11.0 25.0],True,False
[8043.0],[22406.0 22809.0],[4.0],[9.0 11.0],True,False
[8044.0],[12589.0 22893.0],[4.0],[14.0 42.0],False,False
[8045.0],[17820.0 20280.0 23028.0],[4.0],[6.0 11.0],False,False
[8046.0],[9861.0],[4.0],[61.0],False,False
[8047.0],[18889.0 22608.0],[4.0],[3.0 36.0],False,False
[8048.0],[22398.0 23114.0 23495.0 23852.0],[4.0],[1.0 2.0 17.0],False,False
[8049.0],[21414.0 22531.0 22928.0 23659.0],[4.0],[1.0 4.0],False,False
[8050.0],[571.0 19573.0 21432.0],[4.0],[8.0 10.0 64.0],False,False
[8051.0],[535.0],[4.0],[99.0],False,False
[8052.0],[458.0],[4.0],[79.0],True,False
[8053.0],[22043.0 22754.0 23495.0 23852.0],[4.0],[2.0 3.0 5.0],False,False
[8054.0],[20632.0 22890.0 23317.0],[4.0],[1.0 2.0 9.0],False,False
[8055.0],[18886.0 20664.0],[4.0],[10.0 12.0],False,False
[8056.0],[6860.0 20807.0 23152.0],[4.0],[1.0 8.0 53.0],False,False
[8057.0],[14463.0 21826.0],[4.0],[10.0 34.0],False,False
[8058.0],[19624.0 22993.0 24079.0],[4.0],[3.0 5.0 10.0],False,False
[8059.0],[23492.0 24648.0],[4.0],[3.0 4.0],False,False
[8060.0],[17339.0 20778.0 23006.0],[4.0],[3.0 4.0 13.0],False,False
[8061.0],[23028.0 23387.0 23769.0 24534.0],[4.0],[2.0 3.0 6.0 20.0],False,False
[8062.0],[23484.0 23853.0],[4.0],[4.0 10.0],False,False
[8063.0],[6528.0 10124.0 12624.0],[4.0],[29.0 37.0 57.0],False,False
[8064.0],[22615.0 23025.0],[4.0],[3.0 5.0],False,False
[8065.0],[11712.0 20307.0],[4.0],[8.0 46.0],False,False
[8066.0],[17548.0 23174.0],[4.0],[2.0 10.0],False,False
[8067.0],[10695.0 20958.0],[4.0],[13.0 43.0],False,False
[8068.0],[447.0 24037.0],[4.0],[6.0 99.0],True,False
[8069.0],[19283.0 24083.0 24463.0],[4.0],[1.0 2.0 12.0],False,False
[8070.0],[19648.0],[4.0],[17.0],False,False
[8071.0],[19176.0],[4.0],[28.0],True,False
[8072.0],[22996.0 24849.0],[4.0],[3.0 10.0],False,False
[8073.0],[21108.0 23762.0 23763.0],[4.0],[4.0 10.0 16.0],True,False
[8074.0],[17601.0 21776.0 23626.0],[4.0],[2.0 12.0 37.0],False,False
[8075.0],[5277.0 19262.0],[4.0],[22.0 82.0],False,False
[8076.0],[17667.0 18834.0 23340.0],[4.0],[6.0 18.0 21.0],False,False
[8077.0],[23685.0 23688.0],[4.0],[4.0 8.0],False,False
[8078.0],[12372.0 16211.0 22010.0 23089.0],[4.0],[5.0 17.0 24.0 26.0],False,False
[8079.0],[6886.0 22879.0],[4.0],[6.0 70.0],False,False
[8080.0],[13301.0],[4.0],[33.0],False,False
[8081.0],[22566.0],[4.0],[8.0],True,False
[8082.0],[23513.0 23827.0],[4.0],[3.0 6.0],False,False
[8083.0],[23358.0],[4.0],[22.0],False,False
[8084.0],[21776.0 23626.0],[4.0],[2.0 12.0],False,False
[8085.0],[22897.0 23320.0],[4.0],[18.0 22.0],False,False
[8086.0],[21407.0],[4.0],[27.0],False,False
[8087.0],[6490.0],[4.0],[73.0],False,False
[8088.0],[19860.0 24446.0 25129.0],[4.0],[1.0 10.0 17.0],False,False
[8089.0],[23752.0 23769.0 24534.0],[4.0],[2.0 3.0],False,False
[8090.0],[18198.0 23776.0],[4.0],[4.0 16.0],False,False
[8091.0],[22265.0 25159.0],[4.0],[1.0 7.0],False,False
[8092.0],[20668.0 24127.0 24857.0],[4.0],[1.0 3.0 13.0],False,False
[8093.0],[18054.0 21389.0],[4.0],[8.0 22.0],False,False
[8094.0],[23314.0],[4.0],[7.0],False,False
[8095.0],[19634.0 24131.0],[4.0],[4.0 32.0],False,False
[8096.0],[23761.0 24471.0 25492.0],[4.0],[1.0 3.0 7.0],True,False
[8097.0],[23445.0 24144.0],[4.0],[3.0 5.0],False,False
[8098.0],[24146.0 24168.0],[4.0],[4.0 10.0],False,False
[8099.0],[23876.0 24609.0 24946.0],[4.0],[3.0 4.0],True,False
[8100.0],[12595.0],[4.0],[50.0],True,False
[8101.0],[22996.0 25479.0],[4.0],[5.0 10.0],False,False
[8102.0],[24079.0 24467.0 24840.0],[4.0],[4.0 5.0],False,False
[8103.0],[20148.0 25706.0],[4.0],[16.0 17.0],True,False
[8104.0],[21203.0 23088.0 23454.0 24901.0],[4.0],[1.0 10.0 12.0 13.0],False,False
[8105.0],[3840.0 24448.0 24463.0],[4.0],[2.0 3.0 80.0],False,False
[8106.0],[19292.0],[4.0],[31.0],False,False
[8107.0],[22590.0 24082.0 24835.0],[4.0],[2.0 3.0 7.0],False,False
[8108.0],[22230.0],[4.0],[25.0],True,False
[8109.0],[19252.0 25457.0],[4.0],[1.0 22.0],False,False
[8110.0],[23869.0 24160.0 25995.0],[4.0],[1.0 5.0 7.0],False,False
[8111.0],[24216.0],[4.0],[12.0],True,False
[8112.0],[24928.0 24932.0],[4.0],[4.0 5.0],True,False
[8113.0],[20399.0 22075.0],[4.0],[29.0 33.0],False,False
[8114.0],[24930.0],[4.0],[15.0],False,False
[8115.0],[20986.0 24780.0 25088.0],[4.0],[1.0 5.0 19.0],False,False
[8116.0],[14912.0 19852.0 20986.0],[4.0],[15.0 19.0 33.0],False,False
[8117.0],[16212.0 22596.0],[4.0],[4.0 18.0],False,False
[8118.0],[24839.0 24852.0 25493.0],[4.0],[3.0 4.0 10.0],False,False
[8119.0],[19634.0],[4.0],[32.0],False,False
[8120.0],[23017.0 25208.0],[4.0],[3.0 6.0],True,False
[8121.0],[24498.0 24533.0 25047.0 25255.0],[4.0],[1.0 3.0 6.0 14.0],True,False
[8122.0],[19265.0 24006.0 25115.0 26127.0],[4.0],[3.0 5.0 6.0 26.0],False,False
[8123.0],[7605.0 19841.0 25446.0],[4.0],[14.0 31.0 57.0],False,False
[8124.0],[21881.0 25482.0],[4.0],[3.0 12.0],False,False
[8125.0],[19648.0 24855.0 25963.0],[4.0],[1.0 6.0 17.0],False,False
[8126.0],[25206.0 25770.0],[4.0],[3.0 4.0],True,False
[8127.0],[23459.0 25322.0],[4.0],[6.0 9.0],True,False
[8128.0],[24278.0 24981.0 25849.0 26049.0],[4.0],[1.0 4.0 7.0],False,False
[8129.0],[22245.0],[4.0],[24.0],True,False
[8130.0],[23468.0 25394.0 25835.0 25838.0],[4.0],[2.0 4.0 8.0 9.0],False,False
[8131.0],[9221.0 25932.0],[4.0],[13.0 60.0],False,False
[8132.0],[561.0 24438.0],[4.0],[3.0 98.0],False,False
[8133.0],[9861.0 26368.0],[4.0],[1.0 61.0],False,False
[8134.0],[12624.0 19263.0 25953.0],[4.0],[11.0 27.0 29.0],False,False
[8135.0],[18823.0 26374.0],[4.0],[1.0 34.0],True,False
[8136.0],[14493.0 26159.0],[4.0],[2.0 38.0],True,False
[8137.0],[19298.0],[4.0],[25.0],False,False
[8138.0],[5290.0 24456.0],[4.0],[21.0 54.0],False,False
[8139.0],[17040.0 24609.0 25778.0],[4.0],[1.0 4.0 32.0],False,False
[8140.0],[25488.0],[4.0],[8.0],True,False
[8141.0],[320.0 2299.0],[4.0],[89.0 97.0],False,False
[8142.0],[19263.0],[4.0],[27.0],False,False
[8143.0],[23120.0 23396.0 24475.0],[4.0],[6.0 13.0 15.0],False,False
[8144.0],[23412.0 23765.0 23804.0],[4.0],[6.0 20.0 23.0],False,False
[8145.0],[11656.0 16669.0],[4.0],[27.0 41.0],False,False
[8146.0],[17179.0 23092.0 24256.0],[4.0],[8.0 16.0 22.0],True,False
[8147.0],[15439.0 24486.0],[4.0],[8.0 32.0],False,False
[8148.0],[26055.0 27040.0],[4.0],[1.0 13.0],False,False
[8149.0],[21243.0 22409.0],[4.0],[15.0 22.0],False,False
[8150.0],[18583.0 25584.0 26481.0],[4.0],[2.0 12.0],False,False
[8151.0],[157.0 19542.0 25442.0],[4.0],[4.0 26.0 81.0],False,False
[8152.0],[24898.0 26412.0 26711.0 26945.0],[4.0],[1.0 2.0 21.0],False,False
[8153.0],[6546.0 21475.0],[4.0],[30.0 71.0],False,False
[8154.0],[7543.0 23931.0 26788.0],[4.0],[2.0 9.0 58.0],False,False
[8155.0],[17310.0 20699.0],[4.0],[20.0 23.0],False,False
[8156.0],[25522.0 26210.0 26467.0],[4.0],[3.0 7.0 11.0],False,False
[8157.0],[22193.0 22347.0 25524.0 27239.0],[4.0],[3.0 6.0 11.0 23.0],False,False
[8158.0],[26356.0 27179.0],[4.0],[1.0 3.0],False,False
[8159.0],[25228.0 26451.0 26945.0 27218.0],[4.0],[1.0 7.0],False,False
[8160.0],[26542.0],[4.0],[5.0],False,False
[8161.0],[25168.0 25739.0 26692.0],[4.0],[4.0 8.0 13.0],False,False
[8162.0],[23761.0 26414.0 26711.0 26945.0],[4.0],[1.0 2.0 7.0],False,False
[8163.0],[24132.0 25787.0 26708.0 26996.0],[4.0],[1.0 2.0 12.0],False,False
[8164.0],[11150.0 24146.0],[4.0],[10.0 51.0],False,False
[8165.0],[22699.0 25547.0 26200.0 26247.0],[4.0],[6.0 8.0 11.0],True,False
[8166.0],[19917.0 23031.0 26741.0],[4.0],[2.0 12.0 13.0],False,False
[8167.0],[20133.0 25706.0 26659.0],[4.0],[14.0 17.0 23.0],False,False
[8168.0],[26722.0 26732.0],[4.0],[4.0 9.0],True,False
[8169.0],[18301.0],[4.0],[34.0],False,False
[8170.0],[26138.0 27331.0],[4.0],[1.0 14.0],True,False
[8171.0],[26246.0 26806.0 27134.0 27437.0],[4.0],[1.0 2.0 9.0],False,False
[8172.0],[15871.0 21103.0],[4.0],[16.0 32.0],True,False
[8173.0],[26675.0 26898.0 27173.0],[4.0],[1.0 12.0 13.0],False,False
[8174.0],[26684.0 26913.0],[4.0],[3.0],False,False
[8175.0],[17675.0],[4.0],[37.0],False,False
[8176.0],[21941.0 25780.0 26467.0],[4.0],[8.0 11.0 15.0],False,False
[8177.0],[24223.0 25992.0 27229.0],[4.0],[3.0 4.0 5.0],False,False
[8178.0],[18301.0 24227.0 24649.0],[4.0],[8.0 10.0 34.0],False,False
[8179.0],[22440.0 26542.0 26782.0],[4.0],[2.0 5.0 8.0],False,False
[8180.0],[302.0 27325.0],[4.0],[2.0 94.0],False,False
[8181.0],[414.0 27183.0],[4.0],[5.0 82.0],True,False
[8182.0],[26930.0 27197.0 27377.0],[4.0],[1.0 5.0 11.0],False,False
[8183.0],[26939.0],[4.0],[4.0],True,True
[8184.0],[23702.0 26698.0 27369.0],[4.0],[1.0 4.0 14.0],False,False
[8185.0],[26509.0],[4.0],[11.0],True,False
[8186.0],[26712.0],[4.0],[6.0],True,False
[8187.0],[25089.0 26879.0],[4.0],[2.0 14.0],False,False
[8188.0],[6490.0 27340.0],[4.0],[1.0 73.0],False,False
[8189.0],[20987.0 21813.0],[4.0],[22.0 30.0],False,False
[8190.0],[26909.0 27186.0 27626.0],[4.0],[1.0 2.0],False,False
[8191.0],[24454.0 25129.0],[4.0],[10.0 22.0],False,False
[8192.0],[26379.0 26921.0 27366.0],[4.0],[2.0 4.0 7.0],False,False
[8193.0],[22989.0 26402.0 27643.0],[4.0],[1.0 4.0 24.0],False,False
[8194.0],[26460.0 26728.0 27218.0 27399.0],[4.0],[1.0 3.0 8.0],False,False
[8195.0],[18605.0],[4.0],[24.0],False,False
[8196.0],[12372.0 17905.0 27004.0],[4.0],[3.0 26.0 30.0],False,False
[8197.0],[26754.0 27462.0],[4.0],[3.0 8.0],False,False
[8198.0],[25367.0 26274.0 27497.0 27740.0],[4.0],[1.0 5.0 8.0 13.0],False,False
[8199.0],[26366.0 27354.0],[4.0],[3.0],True,False
[8200.0],[17448.0],[4.0],[32.0],True,False
[8201.0],[19045.0],[4.0],[37.0],True,False
[8202.0],[24227.0],[4.0],[10.0],True,False
[8203.0],[25404.0],[4.0],[12.0],False,False
[8204.0],[20675.0],[4.0],[31.0],True,False
[8205.0],[27185.0 27631.0],[4.0],[2.0 9.0],False,False
[8206.0],[24456.0 26918.0],[4.0],[4.0 21.0],False,False
[8207.0],[25982.0 26740.0 27680.0],[4.0],[1.0 7.0],False,False
[8208.0],[24243.0],[4.0],[13.0],False,False
[8209.0],[22665.0 23804.0],[4.0],[18.0 20.0],True,False
[8210.0],[23821.0 26458.0 27435.0],[4.0],[2.0 5.0 13.0],False,False
[8211.0],[14190.0 25722.0],[4.0],[10.0 46.0],False,False
[8212.0],[21857.0 25722.0 27898.0],[4.0],[2.0 10.0 15.0],False,False
[8213.0],[27475.0 27769.0],[4.0],[2.0 6.0],True,False
[8214.0],[27481.0],[4.0],[4.0],True,True
[8215.0],[19230.0 27168.0],[4.0],[8.0 30.0],False,False
[8216.0],[26956.0 26990.0 27383.0],[4.0],[3.0 10.0 11.0],False,False
[8217.0],[26534.0 27415.0],[4.0],[3.0 10.0],False,False
[8218.0],[25722.0 26163.0 27898.0],[4.0],[2.0 5.0 10.0],False,False
[8219.0],[26414.0],[4.0],[7.0],False,False
[8220.0],[27229.0 27738.0],[4.0],[3.0 4.0],False,False
[8221.0],[423.0 26149.0],[4.0],[7.0 95.0],True,False
[8222.0],[19265.0 25460.0 28279.0],[4.0],[1.0 5.0 26.0],False,False
[8223.0],[27622.0],[4.0],[4.0],True,True
[8224.0],[24456.0 26917.0 27428.0 28303.0],[4.0],[1.0 2.0 8.0 21.0],False,False
[8225.0],[11629.0],[4.0],[42.0],False,False
[8226.0],[26023.0 27458.0 28483.0],[4.0],[4.0 6.0 11.0],True,False
[8227.0],[27773.0],[4.0],[10.0],True,False
[8228.0],[22719.0 24167.0],[4.0],[18.0 21.0],False,False
[8229.0],[13692.0 15689.0],[4.0],[42.0 49.0],False,False
[8230.0],[26020.0 26189.0 28168.0],[4.0],[5.0 8.0 9.0],False,False
[8231.0],[27229.0 27749.0 28394.0],[4.0],[3.0 4.0 5.0],False,False
[8232.0],[26771.0 28420.0],[4.0],[2.0 11.0],False,False
[8233.0],[24421.0],[4.0],[18.0],False,False
[8234.0],[26663.0],[4.0],[7.0],True,False
[8235.0],[24841.0 28147.0],[4.0],[4.0 14.0],True,False
[8236.0],[20399.0],[4.0],[33.0],False,False
[8237.0],[26771.0],[4.0],[11.0],True,False
[8238.0],[25723.0],[4.0],[16.0],True,False
[8239.0],[27162.0],[4.0],[9.0],False,False
[8240.0],[26956.0 27383.0],[4.0],[3.0 11.0],False,False
[8241.0],[26410.0 27675.0],[4.0],[4.0 10.0],False,False
[8242.0],[22526.0],[4.0],[26.0],False,False
[8243.0],[9861.0 26379.0 27905.0 28109.0],[4.0],[1.0 7.0 9.0 61.0],False,False
[8244.0],[27199.0 28317.0 28791.0],[4.0],[2.0 4.0 6.0],False,False
[8245.0],[27420.0 28133.0],[4.0],[6.0 10.0],False,False
[8246.0],[23358.0 28621.0],[4.0],[1.0 22.0],False,False
[8247.0],[27706.0],[4.0],[8.0],True,False
[8248.0],[18301.0 28470.0],[4.0],[1.0 34.0],False,False
[8249.0],[26369.0],[4.0],[11.0],False,False
[8250.0],[23412.0 28357.0 28359.0],[4.0],[1.0 2.0 23.0],False,False
[8251.0],[19662.0],[4.0],[32.0],False,False
[8252.0],[27749.0 28394.0],[4.0],[3.0 5.0],False,False
[8253.0],[26732.0],[4.0],[9.0],False,False
[8254.0],[26325.0],[4.0],[7.0],False,False
[8255.0],[9861.0 25719.0 28593.0 28925.0],[4.0],[1.0 10.0 61.0],False,False
[8256.0],[26969.0],[4.0],[6.0],True,False
[8257.0],[28325.0],[4.0],[4.0],True,True
[8258.0],[16047.0],[4.0],[36.0],False,False
[8259.0],[26670.0],[4.0],[8.0],True,False
[8260.0],[8171.0 13328.0],[4.0],[50.0 64.0],False,False
[8261.0],[26754.0 28448.0],[4.0],[7.0 8.0],False,False
[8262.0],[27667.0 28959.0],[4.0],[1.0 10.0],False,False
[8263.0],[19577.0],[4.0],[33.0],False,False
[8264.0],[23020.0 24500.0 27664.0],[4.0],[3.0 15.0 21.0],False,False
[8265.0],[28361.0 28671.0],[4.0],[4.0 7.0],False,False
[8266.0],[22719.0 23875.0 29163.0],[4.0],[3.0 16.0 21.0],False,False
[8267.0],[17905.0 26197.0 27750.0],[4.0],[5.0 6.0 30.0],False,False
[8268.0],[22223.0],[4.0],[28.0],False,False
[8269.0],[27664.0 27947.0],[4.0],[3.0 8.0],False,False
[8270.0],[23493.0 27724.0 27996.0],[4.0],[4.0 8.0 19.0],False,False
[8271.0],[24015.0 29081.0],[4.0],[1.0 16.0],False,False
[8272.0],[28591.0],[4.0],[6.0],False,False
[8273.0],[9059.0 26927.0],[4.0],[12.0 67.0],False,False
[8274.0],[24500.0 24841.0 27215.0 28798.0],[4.0],[1.0 12.0 14.0 15.0],False,False
[8275.0],[26665.0 29071.0],[4.0],[1.0 10.0],False,False
[8276.0],[12589.0 24422.0],[4.0],[19.0 42.0],False,False
[8277.0],[25944.0 29080.0],[4.0],[2.0 17.0],False,False
[8278.0],[27875.0 29270.0],[4.0],[1.0 8.0],False,False
[8279.0],[20665.0 28297.0 28924.0],[4.0],[2.0 5.0 26.0],False,False
[8280.0],[28182.0 29157.0],[4.0],[2.0 7.0],False,False
[8281.0],[23134.0 26771.0],[4.0],[11.0 13.0],True,False
[8282.0],[25708.0 29265.0],[4.0],[1.0 18.0],False,False
[8283.0],[28808.0],[4.0],[5.0],True,False
[8284.0],[27689.0 27947.0],[4.0],[4.0 8.0],False,False
[8285.0],[22751.0 28426.0 28982.0],[4.0],[3.0 17.0],False,False
[8286.0],[28457.0 28839.0 28842.0 29412.0],[4.0],[2.0 3.0],False,False
[8287.0],[24422.0 29084.0],[4.0],[3.0 19.0],False,False
[8288.0],[26369.0 27614.0],[4.0],[6.0 11.0],False,False
[8289.0],[28101.0],[4.0],[8.0],True,False
[8290.0],[25717.0 27633.0],[4.0],[8.0 14.0],False,False
[8291.0],[28602.0 28936.0 29324.0],[4.0],[2.0 3.0 5.0],False,False
[8292.0],[16577.0 25489.0 27641.0],[4.0],[6.0 18.0 42.0],False,False
[8293.0],[26975.0 28803.0 29370.0],[4.0],[1.0 12.0],False,False
[8294.0],[22719.0 23875.0 29385.0],[4.0],[1.0 16.0 21.0],False,False
[8295.0],[20604.0 24774.0],[4.0],[18.0 30.0],False,False
[8296.0],[18068.0 28583.0 29253.0],[4.0],[2.0 6.0 30.0],False,False
[8297.0],[25448.0 29256.0],[4.0],[2.0 18.0],False,False
[8298.0],[22526.0 29260.0],[4.0],[2.0 26.0],False,False
[8299.0],[24769.0 29263.0],[4.0],[2.0 20.0],False,False
[8300.0],[25706.0],[4.0],[17.0],False,False
[8301.0],[7897.0 22522.0],[4.0],[27.0 65.0],False,False
[8302.0],[27338.0 27875.0],[4.0],[8.0 10.0],False,False
[8303.0],[10928.0 29084.0 29268.0],[4.0],[2.0 3.0 56.0],False,False
[8304.0],[27614.0 29276.0],[4.0],[2.0 6.0],False,False
[8305.0],[28278.0],[4.0],[6.0],False,False
[8306.0],[24426.0],[4.0],[16.0],True,False
[8307.0],[24023.0 27885.0],[4.0],[4.0 20.0],False,False
[8308.0],[11529.0 15377.0 19577.0],[4.0],[33.0 44.0 45.0],False,False
[8309.0],[27347.0 28276.0],[4.0],[4.0 11.0],True,False
[8310.0],[22915.0],[4.0],[26.0],False,False
[8311.0],[26900.0],[4.0],[13.0],True,False
[8312.0],[5277.0],[4.0],[82.0],False,False
[8313.0],[28787.0 28916.0],[4.0],[4.0],False,False
[8314.0],[28321.0 29092.0],[4.0],[3.0 5.0],False,False
[8315.0],[16909.0 29564.0],[4.0],[1.0 33.0],False,False
[8316.0],[20656.0 29093.0],[4.0],[2.0 32.0],False,False
[8317.0],[28929.0],[4.0],[4.0],True,True
[8318.0],[9861.0 27905.0],[4.0],[9.0 61.0],False,False
[8319.0],[19292.0],[4.0],[31.0],False,False
[8320.0],[24074.0 29312.0 29313.0],[4.0],[1.0 2.0 23.0],False,False
[8321.0],[27947.0],[4.0],[8.0],False,False
[8322.0],[13749.0 29101.0 29320.0],[4.0],[2.0 3.0 46.0],False,False
[8323.0],[25176.0 28611.0],[4.0],[3.0 18.0],False,False
[8324.0],[28329.0 29109.0],[4.0],[3.0 6.0],False,False
[8325.0],[24099.0 29112.0],[4.0],[3.0 13.0],False,False
[8326.0],[24110.0 27376.0],[4.0],[11.0 19.0],False,False
[8327.0],[12383.0 29341.0],[4.0],[1.0 51.0],False,False
[8328.0],[28958.0],[4.0],[4.0],True,True
[8329.0],[23111.0 28365.0 28968.0],[4.0],[1.0 3.0 18.0],False,False
[8330.0],[27219.0 29000.0],[4.0],[2.0 8.0],True,False
[8331.0],[28817.0],[4.0],[5.0],True,False
[8332.0],[27689.0 28655.0],[4.0],[4.0],False,False
[8333.0],[23805.0 28994.0],[4.0],[4.0 18.0],False,False
[8334.0],[27754.0 28440.0],[4.0],[5.0 8.0],False,False
[8335.0],[20399.0],[4.0],[33.0],False,False
[8336.0],[27773.0],[4.0],[10.0],True,False
[8337.0],[13692.0 28901.0],[4.0],[3.0 49.0],False,False
[8338.0],[24011.0 29545.0],[4.0],[1.0 22.0],False,False
[8339.0],[2530.0 29251.0],[4.0],[2.0 90.0],False,False
[8340.0],[18069.0 28578.0 29078.0],[4.0],[1.0 6.0 34.0],True,False
[8341.0],[28907.0 29262.0],[4.0],[2.0 3.0],True,False
[8342.0],[28910.0],[4.0],[4.0],False,True
[8343.0],[26754.0 27822.0],[4.0],[5.0 8.0],False,False
[8344.0],[27265.0 28178.0 29640.0],[4.0],[1.0 6.0 10.0],False,False
[8345.0],[18753.0 27162.0],[4.0],[9.0 34.0],False,False
[8346.0],[28259.0],[4.0],[7.0],False,False
[8347.0],[27334.0],[4.0],[9.0],True,False
[8348.0],[26878.0 29083.0 29276.0],[4.0],[2.0 3.0 10.0],False,False
[8349.0],[24791.0],[4.0],[20.0],True,False
[8350.0],[26956.0 27638.0 28118.0 28945.0],[4.0],[3.0 4.0 8.0 11.0],False,False
[8351.0],[19176.0 28144.0 28652.0 28822.0],[4.0],[3.0 6.0 28.0],False,False
[8352.0],[19919.0 24923.0 29365.0],[4.0],[2.0 13.0 20.0],False,False
[8353.0],[26201.0 26734.0 27962.0],[4.0],[4.0 8.0 10.0],False,False
[8354.0],[27257.0 28532.0 29001.0],[4.0],[1.0 4.0 8.0],False,False
[8355.0],[27265.0 28178.0 29640.0],[4.0],[1.0 6.0 10.0],False,False
[8356.0],[148.0],[3.0],[52.0],True,False
[8357.0],[204.0],[3.0],[3.0],True,True
[8358.0],[245.0],[3.0],[12.0],True,False
[8359.0],[295.0],[3.0],[3.0],True,True
[8360.0],[313.0 325.0],[3.0],[27.0],True,False
[8361.0],[306.0],[3.0],[3.0],True,True
[8362.0],[321.0],[3.0],[14.0],True,False
[8363.0],[371.0 1688.0],[3.0],[2.0 7.0],False,False
[8364.0],[383.0],[3.0],[25.0],True,False
[8365.0],[390.0 1936.0],[3.0],[1.0 13.0],False,False
[8366.0],[405.0],[3.0],[6.0],True,False
[8367.0],[435.0],[3.0],[3.0],True,True
[8368.0],[533.0 1698.0 1945.0],[3.0],[1.0 9.0 15.0],False,False
[8369.0],[468.0],[3.0],[4.0],True,False
[8370.0],[436.0 463.0],[3.0],[2.0 21.0],False,False
[8371.0],[511.0 573.0],[3.0],[24.0 28.0],False,False
[8372.0],[450.0],[3.0],[30.0],False,False
[8373.0],[594.0],[3.0],[3.0],True,True
[8374.0],[610.0 700.0],[3.0],[2.0 80.0],False,False
[8375.0],[619.0 644.0],[3.0],[1.0 11.0],True,False
[8376.0],[646.0 1727.0 1966.0],[3.0],[1.0 11.0],False,False
[8377.0],[670.0],[3.0],[38.0],True,False
[8378.0],[692.0 1732.0],[3.0],[6.0 22.0],True,False
[8379.0],[683.0 773.0],[3.0],[2.0 44.0],False,False
[8380.0],[709.0],[3.0],[14.0],True,False
[8381.0],[718.0],[3.0],[10.0],False,False
[8382.0],[699.0 706.0],[3.0],[3.0 97.0],False,False
[8383.0],[759.0],[3.0],[36.0],True,False
[8384.0],[712.0],[3.0],[3.0],True,True
[8385.0],[770.0],[3.0],[3.0],True,True
[8386.0],[765.0],[3.0],[4.0],True,False
[8387.0],[675.0 701.0 1742.0],[3.0],[2.0 18.0 21.0],False,False
[8388.0],[938.0 1747.0],[3.0],[3.0 21.0],False,False
[8389.0],[834.0 1747.0],[3.0],[2.0 3.0],False,False
[8390.0],[812.0 859.0],[3.0],[8.0 10.0],False,False
[8391.0],[701.0 857.0],[3.0],[2.0 21.0],False,False
[8392.0],[832.0],[3.0],[9.0],True,False
[8393.0],[833.0 1765.0],[3.0],[2.0 3.0],True,False
[8394.0],[834.0 1747.0],[3.0],[2.0 3.0],False,False
[8395.0],[859.0],[3.0],[10.0],True,False
[8396.0],[892.0],[3.0],[7.0],True,False
[8397.0],[983.0 1764.0],[3.0],[5.0],False,False
[8398.0],[937.0],[3.0],[3.0],True,True
[8399.0],[939.0],[3.0],[7.0],True,False
[8400.0],[925.0 965.0],[3.0],[2.0 3.0],True,False
[8401.0],[1111.0 1791.0],[3.0],[16.0 24.0],False,False
[8402.0],[950.0 2007.0],[3.0],[2.0 8.0],False,False
[8403.0],[969.0],[3.0],[3.0],True,True
[8404.0],[1004.0],[3.0],[3.0],True,True
[8405.0],[953.0],[3.0],[37.0],False,False
[8406.0],[977.0],[3.0],[5.0],True,False
[8407.0],[986.0],[3.0],[42.0],True,False
[8408.0],[1024.0],[3.0],[33.0],False,False
[8409.0],[1050.0],[3.0],[4.0],True,False
[8410.0],[1045.0],[3.0],[3.0],True,True
[8411.0],[1068.0],[3.0],[5.0],False,False
[8412.0],[1085.0 1093.0 2023.0],[3.0],[2.0 13.0 36.0],True,False
[8413.0],[1164.0],[3.0],[25.0],False,False
[8414.0],[1063.0 1133.0],[3.0],[5.0 11.0],True,False
[8415.0],[1219.0],[3.0],[27.0],False,False
[8416.0],[1191.0],[3.0],[4.0],True,False
[8417.0],[1280.0],[3.0],[9.0],True,False
[8418.0],[1261.0],[3.0],[8.0],False,False
[8419.0],[1301.0],[3.0],[4.0],False,False
[8420.0],[1328.0],[3.0],[21.0],False,False
[8421.0],[357.0],[3.0],[46.0],False,False
[8422.0],[400.0 1689.0 1934.0],[3.0],[1.0 6.0],False,False
[8423.0],[444.0 1943.0],[3.0],[1.0 46.0],True,False
[8424.0],[464.0],[3.0],[6.0],False,False
[8425.0],[549.0 555.0],[3.0],[2.0 11.0],False,False
[8426.0],[671.0],[3.0],[4.0],False,False
[8427.0],[812.0 824.0],[3.0],[5.0 8.0],False,False
[8428.0],[676.0],[3.0],[3.0],False,True
[8429.0],[694.0 708.0],[3.0],[5.0 16.0],True,False
[8430.0],[783.0 791.0 1746.0],[3.0],[2.0 6.0 12.0],False,False
[8431.0],[805.0 1752.0],[3.0],[2.0 41.0],False,False
[8432.0],[854.0],[3.0],[18.0],False,False
[8433.0],[1027.0],[3.0],[17.0],False,False
[8434.0],[1091.0 1785.0],[3.0],[2.0 14.0],False,False
[8435.0],[1000.0 1062.0],[3.0],[10.0 14.0],False,False
[8436.0],[1076.0],[3.0],[21.0],True,False
[8437.0],[1238.0 1794.0],[3.0],[5.0 17.0],False,False
[8438.0],[1276.0 1880.0],[3.0],[5.0 14.0],False,False
[8439.0],[1273.0 1859.0],[3.0],[3.0 6.0],False,False
[8440.0],[1472.0 2064.0],[3.0],[1.0 6.0],False,False
[8441.0],[1660.0 1920.0],[3.0],[1.0 7.0],False,False
[8442.0],[360.0 1937.0 2152.0],[3.0],[1.0 3.0 16.0],True,False
[8443.0],[571.0],[3.0],[64.0],False,False
[8444.0],[726.0],[3.0],[35.0],False,False
[8445.0],[875.0 917.0 1994.0],[3.0],[1.0 2.0 3.0],False,False
[8446.0],[1006.0 1040.0],[3.0],[3.0 26.0],False,False
[8447.0],[1211.0 2064.0 2092.0],[3.0],[1.0 6.0 44.0],False,False
[8448.0],[975.0 1018.0 1485.0],[3.0],[2.0 5.0 14.0],False,False
[8449.0],[1500.0 2059.0],[3.0],[2.0 79.0],False,False
[8450.0],[1355.0 1826.0 2268.0],[3.0],[1.0 2.0 23.0],False,False
[8451.0],[220.0],[3.0],[11.0],False,False
[8452.0],[131.0 192.0],[3.0],[6.0 37.0],True,False
[8453.0],[249.0 1660.0 1684.0],[3.0],[1.0 4.0 17.0],False,False
[8454.0],[287.0 1658.0],[3.0],[10.0 13.0],False,False
[8455.0],[468.0],[3.0],[4.0],True,False
[8456.0],[671.0 2176.0],[3.0],[4.0],True,False
[8457.0],[1773.0 2014.0 2192.0],[3.0],[1.0 4.0],False,False
[8458.0],[821.0],[3.0],[7.0],False,False
[8459.0],[831.0],[3.0],[27.0],False,False
[8460.0],[1048.0],[3.0],[8.0],False,False
[8461.0],[1121.0],[3.0],[21.0],False,False
[8462.0],[1845.0],[3.0],[7.0],False,False
[8463.0],[1393.0],[3.0],[4.0],True,False
[8464.0],[668.0],[3.0],[39.0],True,False
[8465.0],[919.0 942.0 2352.0],[3.0],[6.0 7.0 12.0],False,False
[8466.0],[1769.0 2369.0],[3.0],[1.0 13.0],False,False
[8467.0],[1054.0 2015.0],[3.0],[4.0 11.0],False,False
[8468.0],[1124.0],[3.0],[6.0],False,False
[8469.0],[1311.0 1464.0],[3.0],[2.0 5.0],True,False
[8470.0],[840.0 1972.0],[3.0],[5.0 99.0],False,False
[8471.0],[846.0 956.0],[3.0],[4.0 7.0],True,False
[8472.0],[1084.0],[3.0],[27.0],False,False
[8473.0],[1101.0 2411.0],[3.0],[1.0 6.0],True,False
[8474.0],[948.0 975.0 2415.0],[3.0],[1.0 5.0 17.0],False,False
[8475.0],[464.0 2329.0],[3.0],[2.0 6.0],True,False
[8476.0],[699.0 706.0 2184.0],[3.0],[3.0 48.0 97.0],False,False
[8477.0],[877.0 938.0 2562.0],[3.0],[3.0 18.0 21.0],False,False
[8478.0],[877.0 2351.0],[3.0],[2.0 18.0],False,False
[8479.0],[1071.0 2211.0],[3.0],[4.0 9.0],True,False
[8480.0],[1036.0 1772.0],[3.0],[5.0 23.0],False,False
[8481.0],[637.0 1952.0 2165.0],[3.0],[3.0 11.0 52.0],False,False
[8482.0],[1169.0 1331.0],[3.0],[12.0 90.0],False,False
[8483.0],[361.0],[3.0],[27.0],True,False
[8484.0],[2344.0],[3.0],[9.0],False,False
[8485.0],[1786.0 2591.0],[3.0],[2.0 11.0],True,False
[8486.0],[1122.0 2411.0],[3.0],[1.0 6.0],True,False
[8487.0],[2399.0],[3.0],[32.0],True,False
[8488.0],[1211.0 2854.0],[3.0],[1.0 6.0],False,False
[8489.0],[1172.0],[3.0],[13.0],True,False
[8490.0],[1324.0],[3.0],[10.0],True,False
[8491.0],[1190.0 1797.0 2837.0],[3.0],[3.0 11.0 14.0],False,False
[8492.0],[1398.0],[3.0],[50.0],True,False
[8493.0],[644.0 2336.0],[3.0],[6.0 11.0],False,False
[8494.0],[2558.0],[3.0],[84.0],True,False
[8495.0],[2207.0 3048.0],[3.0],[2.0 27.0],False,False
[8496.0],[1173.0],[3.0],[11.0],True,False
[8497.0],[2384.0],[3.0],[4.0],False,False
[8498.0],[2317.0 2726.0],[3.0],[2.0],False,False
[8499.0],[566.0],[3.0],[16.0],True,False
[8500.0],[678.0],[3.0],[45.0],False,False
[8501.0],[901.0 3009.0],[3.0],[1.0 41.0],False,False
[8502.0],[2569.0 2785.0],[3.0],[19.0 25.0],False,False
[8503.0],[1091.0],[3.0],[14.0],False,False
[8504.0],[1796.0 3080.0],[3.0],[3.0 6.0],False,False
[8505.0],[1018.0 2877.0 3137.0],[3.0],[3.0 14.0],False,False
[8506.0],[1418.0],[3.0],[22.0],False,False
[8507.0],[1999.0 2784.0],[3.0],[2.0 3.0],True,False
[8508.0],[2565.0 3279.0],[3.0],[1.0 3.0],False,False
[8509.0],[2582.0],[3.0],[7.0],True,False
[8510.0],[926.0 1800.0],[3.0],[12.0 32.0],False,False
[8511.0],[939.0 3296.0],[3.0],[7.0 8.0],True,False
[8512.0],[1060.0 2028.0],[3.0],[7.0 8.0],True,False
[8513.0],[2877.0 3137.0],[3.0],[3.0],False,False
[8514.0],[272.0],[3.0],[48.0],False,False
[8515.0],[1974.0],[3.0],[10.0],False,False
[8516.0],[203.0 1674.0 2523.0],[3.0],[11.0 13.0 25.0],False,False
[8517.0],[2976.0],[3.0],[22.0],True,False
[8518.0],[3026.0 3273.0],[3.0],[3.0 16.0],False,False
[8519.0],[3026.0 3273.0 3455.0],[3.0],[3.0 8.0 16.0],False,False
[8520.0],[822.0],[3.0],[8.0],False,False
[8521.0],[789.0 895.0],[3.0],[27.0 33.0],True,False
[8522.0],[1772.0 3494.0],[3.0],[1.0 23.0],False,False
[8523.0],[3096.0],[3.0],[13.0],True,False
[8524.0],[2513.0 3206.0],[3.0],[1.0 28.0],False,False
[8525.0],[555.0 3008.0 3255.0],[3.0],[1.0 2.0 11.0],False,False
[8526.0],[1129.0 1218.0],[3.0],[8.0 16.0],True,False
[8527.0],[1394.0 1831.0 3323.0],[3.0],[1.0 15.0 94.0],False,False
[8528.0],[134.0 3200.0],[3.0],[7.0 33.0],False,False
[8529.0],[359.0 3420.0],[3.0],[3.0 28.0],False,False
[8530.0],[571.0 3629.0],[3.0],[1.0 64.0],False,False
[8531.0],[571.0 3629.0],[3.0],[1.0 64.0],False,False
[8532.0],[828.0 3249.0],[3.0],[2.0 35.0],False,False
[8533.0],[1772.0],[3.0],[23.0],False,False
[8534.0],[1095.0 3503.0],[3.0],[9.0 12.0],False,False
[8535.0],[2644.0 3141.0],[3.0],[4.0 19.0],False,False
[8536.0],[1920.0 3199.0],[3.0],[3.0 7.0],False,False
[8537.0],[2332.0 3623.0],[3.0],[11.0 29.0],False,False
[8538.0],[679.0],[3.0],[15.0],False,False
[8539.0],[2762.0],[3.0],[9.0],False,False
[8540.0],[2762.0],[3.0],[9.0],False,False
[8541.0],[975.0 1018.0 3667.0],[3.0],[5.0 11.0 14.0],False,False
[8542.0],[3464.0],[3.0],[4.0],True,False
[8543.0],[3288.0 3655.0],[3.0],[2.0 5.0],True,False
[8544.0],[3342.0 3938.0],[3.0],[1.0 3.0],False,False
[8545.0],[3541.0 3752.0],[3.0],[2.0],True,False
[8546.0],[3410.0],[3.0],[13.0],True,False
[8547.0],[233.0 3820.0],[3.0],[15.0 22.0],False,False
[8548.0],[3218.0],[3.0],[19.0],False,False
[8549.0],[3254.0],[3.0],[7.0],False,False
[8550.0],[3652.0],[3.0],[8.0],False,False
[8551.0],[1772.0],[3.0],[23.0],False,False
[8552.0],[2611.0 4062.0],[3.0],[3.0 6.0],True,False
[8553.0],[3303.0 3502.0],[3.0],[3.0 8.0],True,False
[8554.0],[1256.0 1838.0],[3.0],[14.0 32.0],False,False
[8555.0],[1401.0 3914.0 4176.0],[3.0],[1.0 3.0 6.0],False,False
[8556.0],[317.0 3611.0],[3.0],[6.0 18.0],True,False
[8557.0],[3489.0 3882.0],[3.0],[2.0 3.0],False,False
[8558.0],[178.0 1670.0],[3.0],[10.0 21.0],False,False
[8559.0],[3810.0],[3.0],[16.0],True,False
[8560.0],[3654.0 3849.0],[3.0],[3.0 5.0],False,False
[8561.0],[957.0 4302.0],[3.0],[2.0 19.0],False,False
[8562.0],[1418.0 2629.0],[3.0],[7.0 22.0],False,False
[8563.0],[938.0 3639.0],[3.0],[4.0 21.0],False,False
[8564.0],[4045.0],[3.0],[5.0],True,False
[8565.0],[1026.0],[3.0],[20.0],False,False
[8566.0],[3298.0],[3.0],[7.0],True,False
[8567.0],[1706.0],[3.0],[24.0],True,False
[8568.0],[3006.0 3016.0 3840.0],[3.0],[11.0 49.0 80.0],False,False
[8569.0],[808.0],[3.0],[45.0],False,False
[8570.0],[3107.0],[3.0],[29.0],False,False
[8571.0],[1223.0 2109.0 2260.0],[3.0],[8.0 11.0 25.0],False,False
[8572.0],[543.0 1946.0],[3.0],[9.0 61.0],False,False
[8573.0],[525.0],[3.0],[33.0],False,False
[8574.0],[3259.0 4498.0],[3.0],[4.0 5.0],False,False
[8575.0],[3272.0 3641.0],[3.0],[7.0 36.0],False,False
[8576.0],[3455.0],[3.0],[8.0],False,False
[8577.0],[1192.0 4557.0],[3.0],[2.0 43.0],False,False
[8578.0],[1305.0 4343.0],[3.0],[9.0 14.0],False,False
[8579.0],[3641.0],[3.0],[7.0],False,False
[8580.0],[988.0 1032.0],[3.0],[11.0 12.0],False,False
[8581.0],[3295.0 4551.0],[3.0],[6.0 29.0],False,False
[8582.0],[4084.0 4101.0 4884.0],[3.0],[4.0 5.0 7.0],False,False
[8583.0],[3890.0 4083.0 4375.0],[3.0],[3.0 5.0 13.0],False,False
[8584.0],[3405.0 4446.0],[3.0],[12.0 25.0],False,False
[8585.0],[571.0],[3.0],[64.0],False,False
[8586.0],[1772.0 3280.0],[3.0],[8.0 23.0],False,False
[8587.0],[4079.0 4862.0],[3.0],[2.0 22.0],True,False
[8588.0],[1027.0 3905.0 4924.0],[3.0],[2.0 3.0 17.0],False,False
[8589.0],[4447.0 4765.0],[3.0],[3.0],True,False
[8590.0],[4253.0 4254.0],[3.0],[5.0 7.0],False,False
[8591.0],[3638.0 5303.0],[3.0],[3.0 6.0],False,False
[8592.0],[4841.0],[3.0],[6.0],True,False
[8593.0],[3890.0 4083.0],[3.0],[3.0 13.0],False,False
[8594.0],[3922.0 4883.0 4889.0],[3.0],[2.0 4.0 5.0],True,False
[8595.0],[1145.0 5152.0],[3.0],[7.0 25.0],False,False
[8596.0],[1748.0 4810.0 5063.0],[3.0],[1.0 2.0 75.0],False,False
[8597.0],[1752.0 5071.0],[3.0],[1.0 41.0],False,False
[8598.0],[3020.0 4819.0 5308.0],[3.0],[1.0 2.0 8.0],False,False
[8599.0],[808.0],[3.0],[45.0],False,False
[8600.0],[3989.0],[3.0],[20.0],True,False
[8601.0],[4784.0],[3.0],[4.0],True,False
[8602.0],[4017.0 5295.0],[3.0],[6.0 18.0],True,False
[8603.0],[3644.0 4284.0],[3.0],[7.0 9.0],False,False
[8604.0],[789.0 3663.0],[3.0],[8.0 27.0],False,False
[8605.0],[3296.0],[3.0],[8.0],True,False
[8606.0],[3732.0],[3.0],[17.0],True,False
[8607.0],[550.0],[3.0],[99.0],False,False
[8608.0],[3235.0],[3.0],[45.0],False,False
[8609.0],[4312.0 5587.0],[3.0],[5.0],False,False
[8610.0],[3107.0 5397.0 5630.0],[3.0],[1.0 8.0 29.0],False,False
[8611.0],[3337.0 5106.0 5594.0],[3.0],[1.0 2.0 10.0],False,False
[8612.0],[1367.0 4114.0],[3.0],[5.0 17.0],False,False
[8613.0],[536.0],[3.0],[27.0],False,False
[8614.0],[3062.0 5843.0],[3.0],[3.0 21.0],False,False
[8615.0],[4314.0 4864.0 5882.0],[3.0],[2.0 3.0 10.0],False,False
[8616.0],[1219.0 4077.0 4326.0],[3.0],[6.0 16.0 27.0],False,False
[8617.0],[5157.0 5163.0],[3.0],[3.0 5.0],True,False
[8618.0],[1953.0],[3.0],[17.0],False,False
[8619.0],[3238.0 5061.0 5784.0],[3.0],[1.0 4.0 11.0],False,False
[8620.0],[4262.0 5547.0 5549.0],[3.0],[1.0 2.0 3.0],False,False
[8621.0],[5084.0 5598.0 5600.0],[3.0],[3.0 5.0],False,False
[8622.0],[2823.0 4544.0],[3.0],[2.0 21.0],False,False
[8623.0],[1414.0],[3.0],[57.0],False,False
[8624.0],[5516.0],[3.0],[3.0],True,True
[8625.0],[2157.0],[3.0],[17.0],True,False
[8626.0],[5550.0],[3.0],[19.0],False,False
[8627.0],[5570.0],[3.0],[3.0],True,True
[8628.0],[2823.0 6083.0],[3.0],[10.0 21.0],False,False
[8629.0],[5385.0],[3.0],[8.0],False,False
[8630.0],[1391.0 4369.0],[3.0],[11.0 18.0],True,False
[8631.0],[4270.0 4824.0 6288.0],[3.0],[1.0 4.0 5.0],False,False
[8632.0],[5092.0 5840.0 6073.0],[3.0],[1.0 4.0 11.0],False,False
[8633.0],[1098.0],[3.0],[21.0],True,False
[8634.0],[1541.0 6395.0],[3.0],[18.0 22.0],True,False
[8635.0],[4722.0 5169.0 5393.0],[3.0],[2.0 6.0],False,False
[8636.0],[3921.0 5924.0],[3.0],[3.0 9.0],False,False
[8637.0],[4443.0 5748.0],[3.0],[8.0 15.0],False,False
[8638.0],[4224.0 5250.0],[3.0],[5.0 12.0],False,False
[8639.0],[4831.0 5089.0 6311.0],[3.0],[1.0 3.0 5.0],False,False
[8640.0],[2578.0],[3.0],[38.0],False,False
[8641.0],[1030.0 5103.0],[3.0],[4.0 21.0],False,False
[8642.0],[4600.0],[3.0],[12.0],True,False
[8643.0],[809.0],[3.0],[45.0],False,False
[8644.0],[898.0 2195.0],[3.0],[37.0 54.0],False,False
[8645.0],[5354.0 5624.0 6108.0],[3.0],[1.0 5.0 8.0],False,False
[8646.0],[3902.0 5112.0 5610.0],[3.0],[4.0 7.0 13.0],False,False
[8647.0],[6163.0],[3.0],[4.0],False,False
[8648.0],[1962.0 5541.0],[3.0],[3.0 21.0],False,False
[8649.0],[750.0],[3.0],[23.0],False,False
[8650.0],[1961.0],[3.0],[23.0],True,False
[8651.0],[6296.0],[3.0],[4.0],False,False
[8652.0],[6308.0],[3.0],[3.0],False,True
[8653.0],[301.0 5508.0],[3.0],[26.0 35.0],False,False
[8654.0],[4450.0 5518.0],[3.0],[14.0 15.0],False,False
[8655.0],[2769.0 6041.0 6751.0],[3.0],[2.0 15.0 18.0],False,False
[8656.0],[3022.0 5574.0],[3.0],[10.0 11.0],False,False
[8657.0],[5888.0],[3.0],[34.0],True,False
[8658.0],[4600.0 6365.0 6588.0],[3.0],[1.0 12.0],False,False
[8659.0],[5511.0],[3.0],[29.0],True,False
[8660.0],[501.0 6257.0],[3.0],[3.0 43.0],False,False
[8661.0],[5302.0 6519.0],[3.0],[2.0 8.0],True,False
[8662.0],[5323.0],[3.0],[11.0],False,False
[8663.0],[963.0 5564.0],[3.0],[6.0 34.0],False,False
[8664.0],[6328.0],[3.0],[34.0],False,False
[8665.0],[5464.0 5914.0 6609.0],[3.0],[5.0 7.0 9.0],False,False
[8666.0],[89.0 5495.0],[3.0],[23.0 28.0],False,False
[8667.0],[303.0],[3.0],[38.0],False,False
[8668.0],[6240.0],[3.0],[4.0],True,False
[8669.0],[6252.0],[3.0],[6.0],True,False
[8670.0],[3623.0 7136.0],[3.0],[4.0 29.0],False,False
[8671.0],[6312.0 6522.0],[3.0],[3.0 42.0],False,False
[8672.0],[2578.0],[3.0],[38.0],False,False
[8673.0],[5367.0 6967.0],[3.0],[1.0 17.0],False,False
[8674.0],[1494.0 3156.0 7016.0],[3.0],[1.0 14.0 27.0],False,False
[8675.0],[621.0 4280.0],[3.0],[9.0 34.0],False,False
[8676.0],[6060.0],[3.0],[7.0],False,False
[8677.0],[4314.0 6761.0],[3.0],[10.0 11.0],True,False
[8678.0],[620.0],[3.0],[93.0],True,False
[8679.0],[6933.0],[3.0],[11.0],False,False
[8680.0],[856.0 948.0],[3.0],[17.0 38.0],False,False
[8681.0],[6716.0 7180.0],[3.0],[2.0 27.0],False,False
[8682.0],[324.0 357.0],[3.0],[46.0 72.0],False,False
[8683.0],[4325.0 5656.0],[3.0],[11.0 14.0],False,False
[8684.0],[5396.0],[3.0],[14.0],False,False
[8685.0],[6703.0],[3.0],[16.0],False,False
[8686.0],[653.0 6908.0],[3.0],[12.0 74.0],False,False
[8687.0],[2578.0],[3.0],[38.0],False,False
[8688.0],[946.0 7176.0],[3.0],[32.0 67.0],False,False
[8689.0],[1078.0],[3.0],[97.0],False,False
[8690.0],[6153.0],[3.0],[6.0],True,False
[8691.0],[1288.0 5888.0],[3.0],[34.0 58.0],False,False
[8692.0],[6482.0],[3.0],[11.0],False,False
[8693.0],[6743.0 7662.0 7940.0],[3.0],[1.0 7.0],False,False
[8694.0],[5877.0 6539.0],[3.0],[12.0 13.0],False,False
[8695.0],[4325.0 4872.0 7987.0],[3.0],[11.0 13.0],False,False
[8696.0],[5894.0],[3.0],[16.0],True,False
[8697.0],[523.0 3623.0 7912.0],[3.0],[12.0 29.0 68.0],False,False
[8698.0],[900.0 3635.0 7918.0],[3.0],[3.0 15.0 43.0],False,False
[8699.0],[2587.0 7918.0],[3.0],[3.0 94.0],False,False
[8700.0],[7441.0],[3.0],[28.0],True,False
[8701.0],[5099.0],[3.0],[34.0],False,False
[8702.0],[6969.0],[3.0],[22.0],False,False
[8703.0],[6861.0 7357.0 7776.0],[3.0],[3.0],False,False
[8704.0],[1500.0 5174.0],[3.0],[32.0 79.0],False,False
[8705.0],[141.0 6682.0],[3.0],[6.0 32.0],True,False
[8706.0],[5788.0],[3.0],[28.0],True,False
[8707.0],[7637.0],[3.0],[6.0],True,False
[8708.0],[5323.0 7925.0 7931.0],[3.0],[2.0 11.0],False,False
[8709.0],[7644.0],[3.0],[32.0],True,False
[8710.0],[7647.0],[3.0],[4.0],False,False
[8711.0],[7647.0],[3.0],[4.0],True,False
[8712.0],[7436.0 7922.0],[3.0],[2.0 7.0],False,False
[8713.0],[3062.0 6761.0 7172.0],[3.0],[4.0 11.0 21.0],False,False
[8714.0],[7694.0 7725.0],[3.0],[1.0 13.0],False,False
[8715.0],[3866.0 5101.0 7713.0],[3.0],[4.0 14.0 20.0],False,False
[8716.0],[6353.0 6783.0],[3.0],[5.0 6.0],True,False
[8717.0],[6342.0 6981.0 8001.0],[3.0],[2.0 4.0],True,False
[8718.0],[6328.0],[3.0],[34.0],True,False
[8719.0],[7598.0],[3.0],[4.0],True,False
[8720.0],[7903.0],[3.0],[47.0],True,False
[8721.0],[7944.0 8545.0],[3.0],[1.0 8.0],False,False
[8722.0],[7223.0 8234.0],[3.0],[2.0 3.0],True,False
[8723.0],[2817.0],[3.0],[33.0],True,False
[8724.0],[6763.0 8666.0],[3.0],[1.0 38.0],False,False
[8725.0],[466.0 7107.0],[3.0],[67.0 71.0],False,False
[8726.0],[2796.0 8170.0 8500.0],[3.0],[1.0 51.0],False,False
[8727.0],[6297.0 8520.0],[3.0],[1.0 11.0],True,False
[8728.0],[2580.0 8551.0],[3.0],[12.0 21.0],False,False
[8729.0],[7952.0],[3.0],[3.0],False,True
[8730.0],[7483.0 7487.0 8265.0],[3.0],[3.0 5.0],True,False
[8731.0],[6371.0 7277.0 8270.0],[3.0],[4.0 5.0 8.0],False,False
[8732.0],[571.0 662.0 7616.0],[3.0],[4.0 64.0 70.0],False,False
[8733.0],[4872.0 7964.0 8624.0],[3.0],[3.0 8.0 13.0],False,False
[8734.0],[50.0 3979.0],[3.0],[10.0 72.0],True,False
[8735.0],[5254.0 7580.0],[3.0],[10.0 13.0],False,False
[8736.0],[6492.0 8453.0],[3.0],[2.0 6.0],False,False
[8737.0],[7188.0 8570.0 8898.0],[3.0],[3.0 9.0],False,False
[8738.0],[5638.0 6083.0],[3.0],[10.0 19.0],False,False
[8739.0],[1838.0 6352.0],[3.0],[19.0 32.0],True,False
[8740.0],[1454.0],[3.0],[40.0],False,False
[8741.0],[5999.0],[3.0],[20.0],True,False
[8742.0],[8488.0],[3.0],[55.0],True,False
[8743.0],[6937.0 8534.0 9074.0],[3.0],[1.0 5.0],False,False
[8744.0],[8546.0],[3.0],[3.0],True,True
[8745.0],[7669.0 8582.0],[3.0],[5.0 7.0],False,False
[8746.0],[8576.0],[3.0],[3.0],True,True
[8747.0],[7458.0 9090.0],[3.0],[1.0 3.0],False,False
[8748.0],[8272.0],[3.0],[4.0],True,False
[8749.0],[1424.0 8018.0],[3.0],[12.0 49.0],False,False
[8750.0],[4761.0 7884.0],[3.0],[3.0 41.0],False,False
[8751.0],[8125.0 8425.0],[3.0],[3.0 4.0],False,False
[8752.0],[2587.0 7918.0],[3.0],[3.0 94.0],False,False
[8753.0],[6282.0 7927.0],[3.0],[3.0 14.0],False,False
[8754.0],[8238.0],[3.0],[6.0],True,False
[8755.0],[8658.0 8732.0 9126.0],[3.0],[1.0 9.0],False,False
[8756.0],[8427.0],[3.0],[4.0],True,False
[8757.0],[3661.0 8541.0],[3.0],[5.0 25.0],False,False
[8758.0],[8911.0],[3.0],[3.0],True,True
[8759.0],[8923.0 8940.0 9088.0],[3.0],[7.0 8.0 10.0],False,False
[8760.0],[6988.0],[3.0],[7.0],True,False
[8761.0],[4597.0 8048.0],[3.0],[15.0 31.0],False,False
[8762.0],[6218.0],[3.0],[48.0],False,False
[8763.0],[5261.0 9242.0],[3.0],[1.0 24.0],False,False
[8764.0],[8874.0],[3.0],[10.0],True,False
[8765.0],[6109.0 8563.0],[3.0],[3.0 15.0],False,False
[8766.0],[6554.0 9089.0 9361.0],[3.0],[1.0 4.0 10.0],False,False
[8767.0],[9009.0 9168.0 9567.0],[3.0],[1.0 4.0 6.0],False,False
[8768.0],[1265.0 5625.0 9103.0],[3.0],[3.0 15.0 45.0],False,False
[8769.0],[7714.0 8929.0 9133.0],[3.0],[1.0 7.0],True,False
[8770.0],[829.0 8875.0],[3.0],[4.0 54.0],False,False
[8771.0],[7125.0],[3.0],[12.0],False,False
[8772.0],[794.0 6511.0 9634.0],[3.0],[2.0 5.0 73.0],False,False
[8773.0],[9293.0],[3.0],[4.0],True,False
[8774.0],[8209.0 9301.0 9345.0],[3.0],[1.0 4.0 10.0],False,False
[8775.0],[6083.0 6761.0],[3.0],[10.0 11.0],False,False
[8776.0],[7188.0 8570.0 8898.0],[3.0],[3.0 9.0],False,False
[8777.0],[7791.0],[3.0],[22.0],False,False
[8778.0],[2897.0 9460.0],[3.0],[1.0 44.0],False,False
[8779.0],[7322.0 8751.0 9770.0],[3.0],[6.0 10.0 20.0],True,False
[8780.0],[7099.0 7601.0],[3.0],[4.0 39.0],False,False
[8781.0],[580.0 9264.0],[3.0],[2.0 66.0],False,False
[8782.0],[6945.0 7443.0 9900.0],[3.0],[1.0 8.0 15.0],False,False
[8783.0],[4301.0 8615.0],[3.0],[3.0 34.0],False,False
[8784.0],[6976.0 9403.0],[3.0],[1.0 32.0],True,False
[8785.0],[5261.0 10081.0],[3.0],[1.0 24.0],False,False
[8786.0],[809.0 8171.0 9639.0],[3.0],[1.0 45.0 64.0],False,False
[8787.0],[5788.0 9630.0],[3.0],[2.0 28.0],False,False
[8788.0],[688.0 5295.0],[3.0],[18.0 33.0],False,False
[8789.0],[9651.0 9900.0],[3.0],[1.0 11.0],False,False
[8790.0],[7772.0 10207.0],[3.0],[1.0 7.0],False,False
[8791.0],[7273.0],[3.0],[10.0],True,False
[8792.0],[1981.0 9858.0 10119.0],[3.0],[1.0 15.0 55.0],False,False
[8793.0],[8875.0 9636.0],[3.0],[3.0 4.0],False,False
[8794.0],[630.0 9634.0],[3.0],[2.0 99.0],False,False
[8795.0],[8938.0 9699.0],[3.0],[2.0 4.0],False,False
[8796.0],[5999.0],[3.0],[20.0],True,False
[8797.0],[8404.0],[3.0],[8.0],True,False
[8798.0],[8900.0],[3.0],[6.0],True,False
[8799.0],[6933.0 9346.0],[3.0],[5.0 11.0],False,False
[8800.0],[9907.0],[3.0],[4.0],True,False
[8801.0],[7688.0 8201.0 9911.0],[3.0],[10.0 15.0 17.0],False,False
[8802.0],[1265.0 9103.0],[3.0],[3.0 45.0],False,False
[8803.0],[7863.0 8036.0 9954.0],[3.0],[7.0 11.0 54.0],False,False
[8804.0],[5261.0 10081.0 10368.0],[3.0],[1.0 24.0],False,False
[8805.0],[6490.0 9253.0],[3.0],[4.0 73.0],False,False
[8806.0],[3841.0 9636.0 10395.0],[3.0],[3.0 24.0 50.0],False,False
[8807.0],[7418.0 7915.0],[3.0],[7.0 53.0],True,False
[8808.0],[7435.0],[3.0],[18.0],True,False
[8809.0],[8596.0 8940.0],[3.0],[6.0 7.0],False,False
[8810.0],[5109.0 10492.0],[3.0],[2.0 31.0],False,False
[8811.0],[9498.0 10200.0 10839.0],[3.0],[3.0 5.0 10.0],False,False
[8812.0],[5099.0 10471.0],[3.0],[5.0 34.0],False,False
[8813.0],[9189.0 9469.0 10051.0],[3.0],[2.0 7.0 17.0],False,False
[8814.0],[8874.0],[3.0],[10.0],True,False
[8815.0],[9871.0 10121.0],[3.0],[2.0 9.0],False,False
[8816.0],[8156.0 10121.0],[3.0],[2.0 9.0],False,False
[8817.0],[10517.0],[3.0],[9.0],False,False
[8818.0],[6992.0 8312.0 10271.0],[3.0],[2.0 14.0 15.0],False,False
[8819.0],[6784.0],[3.0],[20.0],True,False
[8820.0],[338.0 10366.0],[3.0],[2.0 80.0],True,False
[8821.0],[543.0 10377.0],[3.0],[1.0 61.0],False,False
[8822.0],[9344.0 10454.0 10464.0],[3.0],[4.0 6.0],False,False
[8823.0],[820.0 8907.0],[3.0],[13.0 91.0],True,False
[8824.0],[10463.0],[3.0],[10.0],True,False
[8825.0],[736.0 794.0],[3.0],[71.0 73.0],False,False
[8826.0],[5940.0 6135.0],[3.0],[13.0],True,False
[8827.0],[10172.0 10204.0],[3.0],[5.0 21.0],False,False
[8828.0],[10582.0],[3.0],[8.0],True,False
[8829.0],[8286.0 9737.0 9994.0],[3.0],[3.0 11.0 14.0],False,False
[8830.0],[5505.0 10704.0],[3.0],[11.0 22.0],True,False
[8831.0],[338.0 10366.0],[3.0],[2.0 80.0],False,False
[8832.0],[8854.0],[3.0],[27.0],False,False
[8833.0],[7414.0 10101.0],[3.0],[3.0 21.0],False,False
[8834.0],[7909.0 7914.0 10112.0],[3.0],[2.0 11.0 69.0],False,False
[8835.0],[10494.0],[3.0],[10.0],False,False
[8836.0],[9894.0],[3.0],[13.0],False,False
[8837.0],[9371.0 11104.0],[3.0],[2.0 8.0],False,False
[8838.0],[10172.0],[3.0],[21.0],False,False
[8839.0],[10151.0 11123.0 11132.0],[3.0],[1.0 2.0 3.0],True,False
[8840.0],[10800.0 11335.0],[3.0],[1.0 8.0],False,False
[8841.0],[9983.0 10191.0 11158.0],[3.0],[3.0 7.0 8.0],True,False
[8842.0],[9996.0 11166.0],[3.0],[7.0],True,False
[8843.0],[8215.0 8526.0],[3.0],[9.0 20.0],False,False
[8844.0],[10356.0],[3.0],[42.0],False,False
[8845.0],[10088.0],[3.0],[20.0],False,False
[8846.0],[3855.0 5813.0 8871.0],[3.0],[12.0 22.0 55.0],False,False
[8847.0],[10420.0 10735.0],[3.0],[2.0 22.0],False,False
[8848.0],[9104.0 11306.0],[3.0],[2.0 14.0],False,False
[8849.0],[9829.0],[3.0],[18.0],False,False
[8850.0],[737.0 10407.0 11553.0],[3.0],[2.0 12.0 55.0],False,False
[8851.0],[4318.0 10978.0],[3.0],[10.0 44.0],True,False
[8852.0],[2619.0 11693.0],[3.0],[1.0 94.0],True,False
[8853.0],[6803.0 10779.0],[3.0],[6.0 16.0],True,False
[8854.0],[11169.0 11384.0],[3.0],[3.0 7.0],False,False
[8855.0],[7886.0],[3.0],[17.0],False,False
[8856.0],[738.0 11263.0],[3.0],[42.0 85.0],False,False
[8857.0],[8918.0 11133.0],[3.0],[5.0 9.0],False,False
[8858.0],[202.0],[3.0],[96.0],True,False
[8859.0],[9851.0 11927.0],[3.0],[7.0 13.0],False,False
[8860.0],[3855.0 11622.0],[3.0],[2.0 55.0],False,False
[8861.0],[10536.0 11366.0 11688.0],[3.0],[2.0 5.0 8.0],False,False
[8862.0],[1454.0],[3.0],[40.0],True,False
[8863.0],[9304.0 11614.0],[3.0],[1.0 6.0],False,False
[8864.0],[8551.0],[3.0],[12.0],False,False
[8865.0],[8551.0 9653.0],[3.0],[9.0 12.0],True,False
[8866.0],[11396.0 12080.0],[3.0],[3.0 15.0],False,False
[8867.0],[6258.0],[3.0],[45.0],False,False
[8868.0],[11575.0],[3.0],[3.0],False,True
[8869.0],[9104.0 11623.0],[3.0],[1.0 14.0],False,False
[8870.0],[4307.0],[3.0],[29.0],True,False
[8871.0],[9537.0],[3.0],[11.0],True,False
[8872.0],[543.0],[3.0],[61.0],False,False
[8873.0],[946.0],[3.0],[67.0],False,False
[8874.0],[6312.0 10463.0],[3.0],[10.0 42.0],False,False
[8875.0],[11737.0 12409.0],[3.0],[2.0 3.0],True,False
[8876.0],[11935.0],[3.0],[3.0],True,True
[8877.0],[514.0 12610.0],[3.0],[1.0 75.0],False,False
[8878.0],[10407.0],[3.0],[12.0],True,False
[8879.0],[11966.0 12661.0],[3.0],[1.0 3.0],False,False
[8880.0],[6716.0 11655.0],[3.0],[27.0 29.0],False,False
[8881.0],[11311.0],[3.0],[57.0],False,False
[8882.0],[12130.0 12884.0],[3.0],[1.0 37.0],True,False
[8883.0],[8852.0],[3.0],[24.0],False,False
[8884.0],[2195.0 12272.0 12631.0],[3.0],[2.0 54.0],False,False
[8885.0],[11952.0],[3.0],[3.0],False,True
[8886.0],[7454.0 10449.0 11996.0],[3.0],[2.0 10.0 14.0],False,False
[8887.0],[11133.0],[3.0],[5.0],True,False
[8888.0],[6773.0],[3.0],[41.0],False,False
[8889.0],[11351.0],[3.0],[7.0],True,False
[8890.0],[12118.0 12429.0],[3.0],[2.0 3.0],False,False
[8891.0],[8194.0 9651.0],[3.0],[11.0 18.0],False,False
[8892.0],[11990.0],[3.0],[6.0],True,False
[8893.0],[12336.0],[3.0],[5.0],False,False
[8894.0],[12367.0 12844.0],[3.0],[4.0 39.0],False,False
[8895.0],[6814.0],[3.0],[58.0],True,False
[8896.0],[8120.0],[3.0],[40.0],False,False
[8897.0],[738.0],[3.0],[85.0],False,False
[8898.0],[5290.0 9299.0 11557.0],[3.0],[4.0 12.0 54.0],False,False
[8899.0],[8656.0 12752.0],[3.0],[24.0 30.0],False,False
[8900.0],[12457.0 13142.0],[3.0],[2.0],False,False
[8901.0],[406.0 6493.0],[3.0],[27.0 48.0],True,False
[8902.0],[10925.0],[3.0],[35.0],True,False
[8903.0],[11628.0],[3.0],[8.0],False,False
[8904.0],[11970.0],[3.0],[5.0],True,False
[8905.0],[863.0],[3.0],[55.0],False,False
[8906.0],[10704.0],[3.0],[11.0],True,False
[8907.0],[706.0 9302.0],[3.0],[40.0 97.0],False,False
[8908.0],[10395.0 12987.0],[3.0],[1.0 24.0],False,False
[8909.0],[12327.0],[3.0],[10.0],False,False
[8910.0],[12099.0 12200.0 12947.0],[3.0],[4.0 16.0 53.0],False,False
[8911.0],[7116.0],[3.0],[28.0],True,False
[8912.0],[11296.0],[3.0],[10.0],True,False
[8913.0],[6716.0],[3.0],[27.0],True,False
[8914.0],[6992.0 12901.0],[3.0],[8.0 14.0],False,False
[8915.0],[8319.0 13937.0],[3.0],[1.0 42.0],False,False
[8916.0],[12614.0],[3.0],[15.0],False,False
[8917.0],[9861.0 13327.0],[3.0],[6.0 61.0],False,False
[8918.0],[5995.0 12582.0 13686.0],[3.0],[1.0 11.0 51.0],False,False
[8919.0],[13264.0],[3.0],[5.0],True,False
[8920.0],[13461.0 14024.0],[3.0],[1.0 3.0],False,False
[8921.0],[13494.0 13516.0 13536.0],[3.0],[3.0 6.0],True,False
[8922.0],[11855.0],[3.0],[10.0],True,False
[8923.0],[11989.0 12685.0 13790.0],[3.0],[4.0 9.0 17.0],False,False
[8924.0],[8937.0 11655.0],[3.0],[29.0 44.0],False,False
[8925.0],[12415.0 14048.0],[3.0],[1.0 5.0],False,False
[8926.0],[2675.0 10889.0 11744.0],[3.0],[5.0 6.0 40.0],False,False
[8927.0],[13740.0],[3.0],[3.0],True,True
[8928.0],[829.0 11092.0],[3.0],[17.0 54.0],False,False
[8929.0],[3525.0 13544.0],[3.0],[4.0 50.0],False,False
[8930.0],[13253.0],[3.0],[10.0],False,False
[8931.0],[8408.0 13700.0],[3.0],[4.0 42.0],False,False
[8932.0],[5290.0 13341.0 14188.0],[3.0],[2.0 9.0 54.0],False,False
[8933.0],[12666.0],[3.0],[43.0],False,False
[8934.0],[8535.0 11293.0 14202.0],[3.0],[2.0 12.0],False,False
[8935.0],[9605.0 10360.0],[3.0],[27.0 64.0],False,False
[8936.0],[10374.0 14442.0],[3.0],[17.0 18.0],False,False
[8937.0],[2986.0 14460.0],[3.0],[1.0 72.0],False,False
[8938.0],[10123.0],[3.0],[19.0],True,False
[8939.0],[12768.0 14502.0],[3.0],[10.0 23.0],False,False
[8940.0],[4318.0],[3.0],[44.0],True,False
[8941.0],[12806.0],[3.0],[7.0],False,False
[8942.0],[423.0 14449.0],[3.0],[1.0 95.0],True,False
[8943.0],[13708.0 14428.0],[3.0],[3.0],False,False
[8944.0],[12714.0 14557.0],[3.0],[3.0 6.0],False,False
[8945.0],[2675.0 10889.0 14297.0],[3.0],[2.0 6.0 40.0],False,False
[8946.0],[13458.0 13865.0 14637.0],[3.0],[2.0 3.0 4.0],True,False
[8947.0],[14175.0],[3.0],[48.0],True,False
[8948.0],[8876.0 14933.0],[3.0],[3.0 21.0],False,False
[8949.0],[12666.0 14511.0],[3.0],[24.0 43.0],False,False
[8950.0],[11637.0 13071.0 14495.0],[3.0],[7.0 8.0],False,False
[8951.0],[14022.0 14242.0 14552.0],[3.0],[2.0 4.0],False,False
[8952.0],[14012.0],[3.0],[4.0],True,False
[8953.0],[7746.0 10341.0],[3.0],[9.0 28.0],True,False
[8954.0],[11247.0],[3.0],[22.0],False,False
[8955.0],[6262.0],[3.0],[45.0],True,False
[8956.0],[7116.0 14912.0],[3.0],[28.0 33.0],False,False
[8957.0],[2587.0],[3.0],[94.0],False,False
[8958.0],[12318.0 12335.0],[3.0],[4.0 6.0],True,False
[8959.0],[13380.0],[3.0],[8.0],False,False
[8960.0],[7202.0 13460.0 15069.0],[3.0],[3.0 4.0 28.0],False,False
[8961.0],[13463.0 14040.0 14229.0],[3.0],[4.0 48.0],False,False
[8962.0],[514.0 14872.0],[3.0],[7.0 75.0],False,False
[8963.0],[14524.0 15434.0],[3.0],[1.0 22.0],True,False
[8964.0],[10702.0 14426.0],[3.0],[2.0 9.0],False,False
[8965.0],[14429.0 15339.0],[3.0],[1.0 4.0],False,False
[8966.0],[14577.0],[3.0],[3.0],True,True
[8967.0],[7176.0 13489.0],[3.0],[8.0 32.0],False,False
[8968.0],[6976.0 14607.0],[3.0],[1.0 32.0],False,False
[8969.0],[13121.0 13660.0 15524.0],[3.0],[4.0 6.0 21.0],False,False
[8970.0],[12569.0 12590.0 15683.0],[3.0],[4.0 5.0 9.0],False,False
[8971.0],[13349.0 13381.0],[3.0],[4.0],True,False
[8972.0],[13277.0 14444.0],[3.0],[31.0 41.0],True,False
[8973.0],[10375.0],[3.0],[50.0],True,False
[8974.0],[10963.0 15820.0],[3.0],[1.0 21.0],False,False
[8975.0],[14283.0],[3.0],[6.0],True,False
[8976.0],[14937.0],[3.0],[4.0],True,False
[8977.0],[14942.0 14977.0 16147.0],[3.0],[1.0 2.0],False,False
[8978.0],[14989.0],[3.0],[4.0],True,False
[8979.0],[7709.0 16208.0],[3.0],[3.0 40.0],False,False
[8980.0],[15552.0],[3.0],[5.0],True,False
[8981.0],[15568.0],[3.0],[3.0],True,True
[8982.0],[9938.0 13818.0],[3.0],[6.0 31.0],False,False
[8983.0],[7600.0],[3.0],[41.0],True,False
[8984.0],[15365.0 15377.0],[3.0],[8.0 45.0],False,False
[8985.0],[15099.0],[3.0],[8.0],False,False
[8986.0],[503.0 12257.0],[3.0],[26.0 85.0],False,False
[8987.0],[571.0 15714.0],[3.0],[7.0 64.0],False,False
[8988.0],[899.0 16526.0],[3.0],[1.0 73.0],False,False
[8989.0],[13811.0 14518.0 16631.0],[3.0],[3.0 7.0 11.0],False,False
[8990.0],[14965.0],[3.0],[18.0],False,False
[8991.0],[16157.0],[3.0],[3.0],True,True
[8992.0],[13647.0 15121.0 15651.0],[3.0],[2.0 10.0 45.0],False,False
[8993.0],[14042.0 16232.0],[3.0],[3.0 6.0],True,False
[8994.0],[14084.0],[3.0],[8.0],True,False
[8995.0],[13948.0 16328.0],[3.0],[2.0 9.0],True,False
[8996.0],[10917.0 14166.0],[3.0],[16.0 22.0],False,False
[8997.0],[11268.0 14899.0 16917.0],[3.0],[7.0 18.0],False,False
[8998.0],[13205.0 14332.0],[3.0],[7.0 12.0],False,False
[8999.0],[16468.0],[3.0],[3.0],True,True
[9000.0],[10722.0 14881.0],[3.0],[6.0 25.0],False,False
[9001.0],[13721.0 14456.0],[3.0],[7.0 9.0],False,False
[9002.0],[14923.0 16549.0],[3.0],[1.0 6.0],False,False
[9003.0],[15006.0],[3.0],[16.0],True,False
[9004.0],[523.0 15708.0],[3.0],[36.0 68.0],False,False
[9005.0],[16955.0],[3.0],[7.0],True,False
[9006.0],[16554.0 16946.0],[3.0],[5.0 7.0],True,False
[9007.0],[1927.0 17224.0],[3.0],[3.0 49.0],True,False
[9008.0],[16036.0 17217.0],[3.0],[2.0 21.0],True,False
[9009.0],[2724.0 17625.0],[3.0],[2.0 87.0],False,False
[9010.0],[13397.0],[3.0],[14.0],True,False
[9011.0],[9884.0 17356.0],[3.0],[3.0 37.0],False,False
[9012.0],[16532.0 17713.0],[3.0],[2.0 9.0],False,False
[9013.0],[14537.0 16971.0],[3.0],[4.0 7.0],True,False
[9014.0],[11116.0],[3.0],[19.0],False,False
[9015.0],[13799.0 16966.0 17762.0],[3.0],[2.0 6.0 13.0],False,False
[9016.0],[16608.0 17759.0],[3.0],[2.0 4.0],False,False
[9017.0],[13647.0 14044.0 14071.0],[3.0],[10.0 11.0 13.0],True,False
[9018.0],[11027.0],[3.0],[16.0],True,False
[9019.0],[17604.0],[3.0],[3.0],True,True
[9020.0],[17223.0],[3.0],[41.0],True,False
[9021.0],[10105.0 18096.0],[3.0],[2.0 23.0],False,False
[9022.0],[2542.0],[3.0],[90.0],True,False
[9023.0],[14954.0 16565.0],[3.0],[4.0 5.0],True,False
[9024.0],[16943.0 17302.0],[3.0],[6.0],True,False
[9025.0],[9241.0],[3.0],[54.0],True,False
[9026.0],[10167.0 16188.0],[3.0],[5.0 42.0],False,False
[9027.0],[16968.0 17747.0],[3.0],[7.0 15.0],False,False
[9028.0],[13969.0 15872.0 17067.0],[3.0],[4.0 7.0 8.0],True,False
[9029.0],[15217.0],[3.0],[9.0],True,False
[9030.0],[14965.0 15018.0 18877.0],[3.0],[8.0 10.0 18.0],False,False
[9031.0],[18247.0 18960.0],[3.0],[6.0 7.0],False,False
[9032.0],[16373.0],[3.0],[9.0],True,False
[9033.0],[6490.0],[3.0],[73.0],False,False
[9034.0],[16087.0 16510.0],[3.0],[6.0 18.0],False,False
[9035.0],[14612.0],[3.0],[11.0],False,False
[9036.0],[7099.0],[3.0],[39.0],True,False
[9037.0],[18499.0],[3.0],[9.0],True,False
[9038.0],[16601.0 17735.0 17747.0],[3.0],[2.0 15.0 18.0],False,False
[9039.0],[14533.0],[3.0],[15.0],True,False
[9040.0],[18524.0],[3.0],[6.0],True,False
[9041.0],[14083.0 17447.0 18970.0],[3.0],[1.0 5.0 13.0],False,False
[9042.0],[6976.0 17389.0 18275.0],[3.0],[2.0 3.0 32.0],True,False
[9043.0],[15856.0],[3.0],[17.0],True,False
[9044.0],[16664.0 18273.0 18589.0],[3.0],[3.0 8.0 12.0],True,False
[9045.0],[18536.0 19316.0],[3.0],[1.0 6.0],False,False
[9046.0],[14965.0 18536.0],[3.0],[6.0 18.0],False,False
[9047.0],[10399.0],[3.0],[20.0],True,False
[9048.0],[18498.0],[3.0],[4.0],True,False
[9049.0],[17848.0 18308.0 19689.0],[3.0],[1.0 2.0 15.0],False,False
[9050.0],[18573.0 18945.0],[3.0],[6.0 7.0],False,False
[9051.0],[9036.0],[3.0],[32.0],True,False
[9052.0],[18754.0 19235.0],[3.0],[8.0 14.0],False,False
[9053.0],[16978.0 17721.0],[3.0],[6.0 13.0],True,False
[9054.0],[18567.0],[3.0],[8.0],True,False
[9055.0],[14442.0 15705.0],[3.0],[12.0 17.0],False,False
[9056.0],[16492.0 19240.0],[3.0],[16.0 18.0],False,False
[9057.0],[17387.0],[3.0],[9.0],False,False
[9058.0],[12818.0 18587.0],[3.0],[11.0 22.0],False,False
[9059.0],[16710.0 17444.0],[3.0],[6.0 8.0],True,False
[9060.0],[19423.0],[3.0],[6.0],True,False
[9061.0],[17388.0 18691.0 19436.0],[3.0],[6.0 9.0 14.0],False,False
[9062.0],[18588.0 19958.0],[3.0],[2.0 9.0],False,False
[9063.0],[302.0 18742.0],[3.0],[2.0 94.0],False,False
[9064.0],[16116.0 20203.0],[3.0],[1.0 9.0],False,False
[9065.0],[1132.0 19643.0 20283.0],[3.0],[1.0 72.0],False,False
[9066.0],[18989.0],[3.0],[4.0],True,False
[9067.0],[19690.0 19947.0],[3.0],[4.0 5.0],True,False
[9068.0],[14096.0 19978.0],[3.0],[2.0 9.0],True,False
[9069.0],[19712.0],[3.0],[4.0],True,False
[9070.0],[19867.0 20211.0],[3.0],[2.0 3.0],False,False
[9071.0],[18847.0 20219.0],[3.0],[2.0 11.0],False,False
[9072.0],[11540.0 20154.0],[3.0],[2.0 28.0],False,False
[9073.0],[19596.0 19866.0],[3.0],[2.0 13.0],False,False
[9074.0],[12085.0 18172.0 19661.0],[3.0],[5.0 14.0 20.0],False,False
[9075.0],[17388.0 18691.0 19699.0],[3.0],[9.0 12.0 14.0],True,False
[9076.0],[19712.0 20820.0],[3.0],[4.0 5.0],True,False
[9077.0],[19844.0],[3.0],[4.0],True,False
[9078.0],[11530.0 20629.0],[3.0],[2.0 55.0],False,False
[9079.0],[4481.0],[3.0],[59.0],True,False
[9080.0],[14965.0 19624.0],[3.0],[10.0 18.0],False,False
[9081.0],[15912.0 20447.0],[3.0],[4.0 18.0],True,False
[9082.0],[16045.0],[3.0],[42.0],False,False
[9083.0],[20267.0],[3.0],[4.0],True,False
[9084.0],[16849.0 20893.0],[3.0],[8.0 12.0],False,False
[9085.0],[7107.0],[3.0],[71.0],False,False
[9086.0],[16546.0 20662.0 21030.0],[3.0],[1.0 6.0 9.0],False,False
[9087.0],[18682.0 18691.0 21712.0],[3.0],[3.0 6.0 9.0],False,False
[9088.0],[10167.0],[3.0],[42.0],False,False
[9089.0],[18242.0],[3.0],[7.0],True,False
[9090.0],[20777.0 21161.0 21580.0],[3.0],[2.0 12.0],False,False
[9091.0],[7401.0 20136.0],[3.0],[22.0 43.0],False,False
[9092.0],[19624.0],[3.0],[10.0],False,False
[9093.0],[15774.0 21488.0],[3.0],[2.0 16.0],False,False
[9094.0],[19624.0 21903.0],[3.0],[1.0 10.0],False,False
[9095.0],[20773.0],[3.0],[4.0],True,False
[9096.0],[14912.0 21001.0],[3.0],[1.0 33.0],True,False
[9097.0],[19860.0 20660.0 21838.0],[3.0],[1.0 2.0 17.0],False,False
[9098.0],[19681.0 20367.0 21949.0],[3.0],[2.0 3.0],False,False
[9099.0],[15143.0 18302.0 20549.0],[3.0],[3.0 10.0 17.0],False,False
[9100.0],[21047.0 21457.0],[3.0],[2.0 8.0],True,False
[9101.0],[18506.0 21085.0],[3.0],[9.0 19.0],False,False
[9102.0],[21486.0],[3.0],[4.0],True,False
[9103.0],[18533.0 18886.0 22301.0],[3.0],[4.0 5.0 10.0],False,False
[9104.0],[18954.0 18966.0],[3.0],[6.0 17.0],False,False
[9105.0],[19076.0],[3.0],[7.0],True,False
[9106.0],[14939.0 15386.0 16129.0],[3.0],[10.0 17.0 23.0],False,False
[9107.0],[21127.0 21485.0],[3.0],[2.0 13.0],False,False
[9108.0],[14512.0 20310.0],[3.0],[5.0 19.0],False,False
[9109.0],[20280.0],[3.0],[11.0],False,False
[9110.0],[20877.0 21189.0],[3.0],[2.0 3.0],False,False
[9111.0],[16506.0 19265.0 22537.0],[3.0],[17.0 25.0 26.0],True,False
[9112.0],[21866.0 22572.0],[3.0],[1.0 14.0],False,False
[9113.0],[21075.0 21136.0 21868.0],[3.0],[1.0 3.0 5.0],False,False
[9114.0],[21126.0 21541.0 22692.0],[3.0],[5.0 7.0 10.0],False,False
[9115.0],[21221.0],[3.0],[5.0],True,False
[9116.0],[20658.0],[3.0],[10.0],False,False
[9117.0],[11150.0 21133.0],[3.0],[2.0 51.0],False,False
[9118.0],[19656.0 22672.0],[3.0],[4.0 10.0],False,False
[9119.0],[19686.0 20343.0],[3.0],[3.0 5.0],False,False
[9120.0],[8185.0],[3.0],[68.0],False,False
[9121.0],[21465.0],[3.0],[29.0],True,False
[9122.0],[20774.0 22351.0 23079.0],[3.0],[1.0 12.0],False,False
[9123.0],[22380.0],[3.0],[5.0],True,False
[9124.0],[21371.0],[3.0],[6.0],False,False
[9125.0],[17626.0 22891.0],[3.0],[1.0 14.0],False,False
[9126.0],[7703.0],[3.0],[54.0],False,False
[9127.0],[11121.0 19817.0],[3.0],[6.0 37.0],False,False
[9128.0],[22030.0],[3.0],[9.0],False,False
[9129.0],[16966.0 22297.0],[3.0],[4.0 13.0],True,False
[9130.0],[15871.0 21964.0 22693.0],[3.0],[3.0 4.0 32.0],True,False
[9131.0],[19630.0 22996.0],[3.0],[7.0 10.0],False,False
[9132.0],[11072.0 20961.0],[3.0],[9.0 36.0],False,False
[9133.0],[3432.0 4481.0 16916.0],[3.0],[16.0 59.0 88.0],False,False
[9134.0],[22653.0],[3.0],[4.0],True,False
[9135.0],[19176.0 19632.0 23069.0],[3.0],[1.0 9.0 28.0],True,False
[9136.0],[6814.0],[3.0],[58.0],False,False
[9137.0],[21633.0 22771.0 23482.0],[3.0],[1.0 3.0 5.0],False,False
[9138.0],[2509.0],[3.0],[76.0],False,False
[9139.0],[288.0 20125.0],[3.0],[29.0 73.0],False,False
[9140.0],[11548.0],[3.0],[57.0],True,False
[9141.0],[22566.0],[3.0],[8.0],True,False
[9142.0],[22968.0],[3.0],[4.0],True,False
[9143.0],[14222.0 22606.0],[3.0],[5.0 21.0],False,False
[9144.0],[19367.0 21100.0 23767.0],[3.0],[1.0 6.0 9.0],False,False
[9145.0],[18225.0],[3.0],[13.0],False,False
[9146.0],[22359.0 23091.0],[3.0],[2.0 6.0],False,False
[9147.0],[22137.0 23495.0 23852.0],[3.0],[2.0 4.0],False,False
[9148.0],[23183.0],[3.0],[3.0],True,True
[9149.0],[19257.0],[3.0],[14.0],False,False
[9150.0],[18551.0 20324.0 23707.0],[3.0],[2.0 4.0 8.0],False,False
[9151.0],[14965.0 22642.0 23730.0],[3.0],[4.0 5.0 18.0],False,False
[9152.0],[22663.0],[3.0],[9.0],False,False
[9153.0],[9220.0],[3.0],[47.0],True,False
[9154.0],[22218.0 23621.0],[3.0],[3.0 4.0],True,False
[9155.0],[20172.0],[3.0],[16.0],True,False
[9156.0],[14244.0 23404.0],[3.0],[12.0 22.0],False,False
[9157.0],[22700.0],[3.0],[7.0],True,False
[9158.0],[14874.0 21414.0 23634.0],[3.0],[1.0 4.0 34.0],False,False
[9159.0],[18777.0 23323.0],[3.0],[1.0 37.0],False,False
[9160.0],[13506.0 19661.0],[3.0],[14.0 28.0],False,False
[9161.0],[16496.0 20986.0],[3.0],[19.0 20.0],False,False
[9162.0],[18771.0],[3.0],[14.0],True,False
[9163.0],[22937.0 22943.0 23676.0],[3.0],[1.0 2.0 8.0],False,False
[9164.0],[6814.0],[3.0],[58.0],False,False
[9165.0],[21126.0],[3.0],[10.0],True,False
[9166.0],[23866.0],[3.0],[9.0],True,False
[9167.0],[15821.0],[3.0],[25.0],True,False
[9168.0],[16724.0 23506.0],[3.0],[7.0 29.0],False,False
[9169.0],[157.0 19542.0],[3.0],[26.0 81.0],False,False
[9170.0],[22230.0],[3.0],[25.0],True,False
[9171.0],[24041.0],[3.0],[3.0],True,True
[9172.0],[21958.0],[3.0],[18.0],True,False
[9173.0],[12606.0 15723.0 24050.0],[3.0],[1.0 23.0 48.0],False,False
[9174.0],[18464.0 24799.0],[3.0],[1.0 37.0],False,False
[9175.0],[21515.0],[3.0],[10.0],True,False
[9176.0],[24430.0 24777.0],[3.0],[2.0 21.0],False,False
[9177.0],[22943.0],[3.0],[8.0],True,False
[9178.0],[23356.0 24468.0],[3.0],[7.0 13.0],True,False
[9179.0],[11712.0 20307.0 20699.0],[3.0],[8.0 20.0 46.0],False,False
[9180.0],[24497.0],[3.0],[3.0],True,True
[9181.0],[24513.0],[3.0],[11.0],True,False
[9182.0],[20344.0 24145.0 25204.0],[3.0],[2.0 9.0],False,False
[9183.0],[23776.0 24535.0 24870.0],[3.0],[1.0 3.0 4.0],False,False
[9184.0],[24227.0 24649.0],[3.0],[8.0 10.0],False,False
[9185.0],[23861.0 24616.0 24937.0],[3.0],[1.0 2.0],True,False
[9186.0],[17040.0],[3.0],[32.0],True,False
[9187.0],[17253.0 24444.0],[3.0],[1.0 21.0],False,False
[9188.0],[21920.0],[3.0],[10.0],False,False
[9189.0],[18549.0 21918.0 21968.0],[3.0],[7.0 11.0 15.0],False,False
[9190.0],[24778.0],[3.0],[10.0],True,False
[9191.0],[24420.0 25090.0],[3.0],[2.0],True,False
[9192.0],[12625.0 23349.0],[3.0],[17.0 35.0],False,False
[9193.0],[20667.0 21455.0 23700.0],[3.0],[8.0 9.0 18.0],True,False
[9194.0],[20668.0 24116.0 24847.0],[3.0],[1.0 3.0 13.0],False,False
[9195.0],[20705.0 24113.0],[3.0],[3.0 12.0],False,False
[9196.0],[21465.0 22610.0],[3.0],[5.0 29.0],False,False
[9197.0],[23407.0 24144.0],[3.0],[5.0 6.0],False,False
[9198.0],[13277.0 23641.0],[3.0],[2.0 31.0],False,False
[9199.0],[17253.0 22912.0],[3.0],[5.0 21.0],False,False
[9200.0],[23660.0 25112.0],[3.0],[5.0],False,False
[9201.0],[14874.0 24430.0],[3.0],[2.0 34.0],False,False
[9202.0],[24078.0],[3.0],[8.0],False,False
[9203.0],[20668.0 24116.0],[3.0],[3.0 13.0],False,False
[9204.0],[23110.0 24359.0 24906.0],[3.0],[4.0 8.0],True,False
[9205.0],[21603.0 24596.0 25313.0],[3.0],[5.0 7.0 10.0],True,False
[9206.0],[22912.0 24435.0],[3.0],[5.0 8.0],False,False
[9207.0],[25115.0],[3.0],[3.0],True,True
[9208.0],[23686.0],[3.0],[20.0],True,False
[9209.0],[17310.0],[3.0],[23.0],False,False
[9210.0],[23730.0 25503.0],[3.0],[5.0 16.0],False,False
[9211.0],[22996.0 23747.0],[3.0],[5.0 10.0],False,False
[9212.0],[17310.0 24833.0 25157.0],[3.0],[3.0 23.0],False,False
[9213.0],[24470.0 24840.0],[3.0],[4.0 6.0],False,False
[9214.0],[21530.0 22310.0],[3.0],[4.0 12.0],False,False
[9215.0],[25243.0],[3.0],[11.0],True,False
[9216.0],[12277.0 18823.0],[3.0],[34.0 36.0],False,False
[9217.0],[24816.0],[3.0],[5.0],True,False
[9218.0],[23708.0],[3.0],[8.0],False,False
[9219.0],[25554.0],[3.0],[3.0],True,True
[9220.0],[25544.0],[3.0],[5.0],True,False
[9221.0],[22719.0],[3.0],[21.0],True,False
[9222.0],[24029.0 24748.0 25433.0],[3.0],[3.0 7.0 14.0],False,False
[9223.0],[630.0 25471.0],[3.0],[12.0 99.0],False,False
[9224.0],[24894.0 24968.0 26057.0],[3.0],[4.0 5.0 14.0],False,False
[9225.0],[19112.0 22040.0],[3.0],[17.0 19.0],True,False
[9226.0],[21598.0 23866.0],[3.0],[9.0 13.0],True,False
[9227.0],[21995.0 25818.0],[3.0],[8.0 10.0],True,False
[9228.0],[18605.0 24203.0],[3.0],[5.0 24.0],False,False
[9229.0],[320.0],[3.0],[97.0],False,False
[9230.0],[9861.0 25717.0 26368.0],[3.0],[1.0 14.0 61.0],False,False
[9231.0],[14493.0 26159.0],[3.0],[2.0 38.0],False,False
[9232.0],[18301.0],[3.0],[34.0],False,False
[9233.0],[16211.0 22010.0 24198.0],[3.0],[14.0 17.0 24.0],False,False
[9234.0],[25557.0 25813.0],[3.0],[3.0],True,False
[9235.0],[21628.0],[3.0],[16.0],True,False
[9236.0],[21410.0 25103.0],[3.0],[3.0 26.0],False,False
[9237.0],[8167.0 24066.0],[3.0],[5.0 59.0],False,False
[9238.0],[17040.0 24470.0 26495.0],[3.0],[3.0 6.0 32.0],False,False
[9239.0],[21475.0 23705.0],[3.0],[8.0 30.0],True,False
[9240.0],[19730.0 25973.0],[3.0],[2.0 22.0],False,False
[9241.0],[23412.0],[3.0],[23.0],False,False
[9242.0],[9861.0 26379.0 26690.0],[3.0],[3.0 7.0 61.0],False,False
[9243.0],[24029.0],[3.0],[14.0],False,False
[9244.0],[18301.0 24227.0],[3.0],[10.0 34.0],False,False
[9245.0],[13614.0 23506.0],[3.0],[7.0 39.0],True,False
[9246.0],[25719.0],[3.0],[10.0],False,False
[9247.0],[20668.0 23765.0],[3.0],[6.0 13.0],False,False
[9248.0],[25308.0 26057.0],[3.0],[11.0 14.0],False,False
[9249.0],[25563.0],[3.0],[8.0],True,False
[9250.0],[25717.0],[3.0],[14.0],False,False
[9251.0],[24887.0 24888.0],[3.0],[8.0 11.0],True,False
[9252.0],[23099.0 26475.0],[3.0],[2.0 10.0],False,False
[9253.0],[19157.0 20754.0],[3.0],[22.0 23.0],False,False
[9254.0],[26661.0],[3.0],[14.0],False,False
[9255.0],[19557.0 26141.0],[3.0],[3.0 29.0],True,False
[9256.0],[21776.0],[3.0],[12.0],True,False
[9257.0],[14493.0 26390.0],[3.0],[2.0 38.0],False,False
[9258.0],[25179.0],[3.0],[9.0],True,False
[9259.0],[15149.0 26766.0 27045.0],[3.0],[2.0 5.0 27.0],True,False
[9260.0],[25734.0],[3.0],[8.0],False,False
[9261.0],[8598.0 26450.0],[3.0],[3.0 59.0],False,False
[9262.0],[26766.0 27045.0 27247.0],[3.0],[2.0 5.0 12.0],True,False
[9263.0],[22537.0 26904.0],[3.0],[1.0 25.0],False,False
[9264.0],[24464.0 25160.0],[3.0],[7.0 8.0],False,False
[9265.0],[11629.0 20738.0 25258.0],[3.0],[6.0 13.0 42.0],True,False
[9266.0],[26484.0],[3.0],[15.0],False,False
[9267.0],[24898.0 26735.0],[3.0],[4.0 21.0],False,False
[9268.0],[17448.0 27227.0],[3.0],[2.0 32.0],False,False
[9269.0],[20986.0 26358.0 26369.0],[3.0],[6.0 11.0 19.0],False,False
[9270.0],[3840.0 27185.0],[3.0],[9.0 80.0],False,False
[9271.0],[24456.0 27189.0 27361.0],[3.0],[1.0 21.0],False,False
[9272.0],[25503.0 26996.0],[3.0],[2.0 16.0],False,False
[9273.0],[26661.0],[3.0],[14.0],False,False
[9274.0],[9059.0 27365.0],[3.0],[5.0 67.0],False,False
[9275.0],[26768.0],[3.0],[12.0],True,False
[9276.0],[15223.0 27747.0],[3.0],[2.0 43.0],False,False
[9277.0],[25404.0],[3.0],[12.0],False,False
[9278.0],[26375.0],[3.0],[7.0],True,False
[9279.0],[9059.0 26927.0],[3.0],[12.0 67.0],False,False
[9280.0],[23713.0 26927.0],[3.0],[12.0 14.0],False,False
[9281.0],[23387.0 25982.0 27406.0],[3.0],[1.0 7.0 20.0],False,False
[9282.0],[26432.0],[3.0],[5.0],True,False
[9283.0],[27333.0],[3.0],[11.0],False,False
[9284.0],[7106.0 22924.0],[3.0],[21.0 74.0],False,False
[9285.0],[25179.0 27387.0 27667.0],[3.0],[3.0 9.0 10.0],False,False
[9286.0],[25514.0],[3.0],[12.0],False,False
[9287.0],[447.0],[3.0],[99.0],False,False
[9288.0],[21004.0 26911.0 27626.0],[3.0],[2.0 4.0 18.0],False,False
[9289.0],[26951.0 27638.0 27913.0],[3.0],[1.0 3.0 4.0],False,False
[9290.0],[22665.0 23804.0],[3.0],[18.0 20.0],False,False
[9291.0],[25815.0 27005.0],[3.0],[3.0 7.0],False,False
[9292.0],[17216.0 27604.0],[3.0],[7.0 32.0],True,False
[9293.0],[26346.0 27617.0],[3.0],[1.0 12.0],False,False
[9294.0],[16099.0 22240.0 26372.0],[3.0],[5.0 18.0 39.0],False,False
[9295.0],[18482.0 19263.0],[3.0],[27.0 38.0],False,False
[9296.0],[23020.0 27646.0],[3.0],[2.0 21.0],False,False
[9297.0],[27685.0],[3.0],[3.0],True,True
[9298.0],[27681.0],[3.0],[4.0],False,False
[9299.0],[24227.0 27752.0],[3.0],[4.0 10.0],False,False
[9300.0],[392.0],[3.0],[99.0],True,False
[9301.0],[7107.0],[3.0],[71.0],True,False
[9302.0],[11291.0],[3.0],[57.0],False,False
[9303.0],[26930.0 27681.0],[3.0],[4.0 5.0],False,False
[9304.0],[17324.0 25415.0],[3.0],[10.0 22.0],False,False
[9305.0],[20399.0],[3.0],[33.0],False,False
[9306.0],[12606.0],[3.0],[48.0],True,False
[9307.0],[16099.0],[3.0],[39.0],False,False
[9308.0],[22567.0 24818.0],[3.0],[17.0 24.0],False,False
[9309.0],[19292.0 28320.0],[3.0],[1.0 31.0],False,False
[9310.0],[27199.0 27918.0],[3.0],[2.0 6.0],False,False
[9311.0],[27377.0 28126.0],[3.0],[1.0 11.0],False,False
[9312.0],[25820.0],[3.0],[11.0],True,False
[9313.0],[27283.0],[3.0],[10.0],True,False
[9314.0],[14175.0 25716.0],[3.0],[10.0 48.0],False,False
[9315.0],[6911.0 25717.0],[3.0],[14.0 73.0],False,False
[9316.0],[27199.0 27918.0],[3.0],[2.0 6.0],False,False
[9317.0],[26049.0 27448.0],[3.0],[4.0 7.0],False,False
[9318.0],[14845.0 28577.0],[3.0],[6.0 41.0],True,False
[9319.0],[28115.0 28334.0],[3.0],[2.0],False,False
[9320.0],[25981.0],[3.0],[8.0],True,False
[9321.0],[27387.0 28117.0],[3.0],[1.0 3.0],False,False
[9322.0],[25230.0 27440.0],[3.0],[7.0 15.0],False,False
[9323.0],[19263.0],[3.0],[27.0],False,False
[9324.0],[25527.0 27712.0],[3.0],[5.0 15.0],False,False
[9325.0],[27727.0 28422.0 28709.0],[3.0],[2.0 3.0 4.0],False,False
[9326.0],[26345.0 28254.0],[3.0],[4.0 13.0],False,False
[9327.0],[28271.0 28781.0],[3.0],[1.0 7.0],True,False
[9328.0],[26878.0 28264.0],[3.0],[1.0 10.0],False,False
[9329.0],[16099.0 27632.0],[3.0],[3.0 39.0],False,False
[9330.0],[14476.0 28304.0],[3.0],[5.0 41.0],False,False
[9331.0],[16083.0 28294.0],[3.0],[1.0 41.0],False,False
[9332.0],[26414.0 27667.0],[3.0],[7.0 10.0],False,False
[9333.0],[26518.0 26533.0],[3.0],[8.0 15.0],False,False
[9334.0],[23311.0 28911.0],[3.0],[1.0 24.0],False,False
[9335.0],[13313.0 28295.0],[3.0],[3.0 52.0],False,False
[9336.0],[19634.0 28128.0],[3.0],[6.0 32.0],False,False
[9337.0],[24500.0],[3.0],[15.0],True,False
[9338.0],[26230.0 26764.0],[3.0],[10.0 11.0],True,False
[9339.0],[27750.0],[3.0],[5.0],True,False
[9340.0],[21419.0],[3.0],[30.0],False,False
[9341.0],[25722.0 27904.0],[3.0],[5.0 10.0],False,False
[9342.0],[5756.0 26665.0 28249.0],[3.0],[5.0 10.0 77.0],False,False
[9343.0],[26670.0 29085.0],[3.0],[3.0 8.0],False,False
[9344.0],[28111.0 28301.0],[3.0],[4.0 5.0],False,False
[9345.0],[26212.0],[3.0],[12.0],False,False
[9346.0],[28128.0],[3.0],[6.0],False,False
[9347.0],[23412.0 28994.0],[3.0],[4.0 23.0],False,False
[9348.0],[28809.0],[3.0],[5.0],True,False
[9349.0],[27947.0],[3.0],[8.0],False,False
[9350.0],[27597.0 28913.0],[3.0],[3.0 6.0],False,False
[9351.0],[28628.0 28804.0 28948.0],[3.0],[2.0 3.0],False,False
[9352.0],[28410.0 28831.0],[3.0],[2.0 4.0],False,False
[9353.0],[19919.0 24923.0],[3.0],[13.0 20.0],False,False
[9354.0],[19544.0],[3.0],[34.0],False,False
[9355.0],[27609.0 29266.0],[3.0],[1.0 10.0],False,False
[9356.0],[27349.0 28302.0 28917.0],[3.0],[3.0 7.0],False,False
[9357.0],[26958.0 28611.0],[3.0],[3.0 13.0],False,False
[9358.0],[24155.0 27222.0],[3.0],[11.0 18.0],False,False
[9359.0],[27730.0 28688.0],[3.0],[4.0 5.0],True,False
[9360.0],[28436.0 29429.0],[3.0],[1.0 6.0],False,False
[9361.0],[24961.0],[3.0],[15.0],False,False
[9362.0],[10370.0 24031.0],[3.0],[21.0 58.0],False,False
[9363.0],[28101.0 28106.0],[3.0],[5.0 8.0],False,False
[9364.0],[28920.0],[3.0],[4.0],False,False
[9365.0],[657.0],[3.0],[99.0],False,False
[9366.0],[28959.0 29131.0],[3.0],[1.0 2.0],False,False
[9367.0],[28394.0 28410.0],[3.0],[2.0 5.0],False,False
[9368.0],[28842.0 29159.0 29440.0],[3.0],[2.0 3.0],False,False
[9369.0],[28061.0 29176.0],[3.0],[2.0 6.0],False,False
[9370.0],[23303.0 29240.0],[3.0],[2.0 22.0],True,False
[9371.0],[25434.0 26880.0 27600.0],[3.0],[8.0 11.0 13.0],False,False
[9372.0],[29075.0],[3.0],[3.0],True,True
[9373.0],[26878.0],[3.0],[10.0],False,False
[9374.0],[25706.0 29550.0],[3.0],[1.0 17.0],False,False
[9375.0],[2724.0],[3.0],[87.0],False,False
[9376.0],[385.0 22915.0 29265.0],[3.0],[1.0 26.0 90.0],False,False
[9377.0],[11529.0 28268.0 29269.0],[3.0],[1.0 6.0 44.0],False,False
[9378.0],[14175.0 29280.0],[3.0],[2.0 48.0],True,False
[9379.0],[28920.0],[3.0],[4.0],False,False
[9380.0],[28919.0],[3.0],[4.0],True,False
[9381.0],[25464.0 29286.0],[3.0],[1.0 16.0],False,False
[9382.0],[9861.0 26675.0],[3.0],[13.0 61.0],False,False
[9383.0],[15377.0],[3.0],[45.0],False,False
[9384.0],[9059.0 25952.0 29296.0],[3.0],[2.0 7.0 67.0],False,False
[9385.0],[28599.0],[3.0],[4.0],True,False
[9386.0],[28927.0],[3.0],[4.0],True,False
[9387.0],[20665.0 28324.0],[3.0],[7.0 26.0],False,False
[9388.0],[22571.0],[3.0],[23.0],True,False
[9389.0],[22256.0],[3.0],[22.0],True,False
[9390.0],[13749.0],[3.0],[46.0],True,False
[9391.0],[19292.0],[3.0],[31.0],False,False
[9392.0],[28794.0 29122.0 29579.0],[3.0],[1.0 2.0 3.0],False,False
[9393.0],[29115.0],[3.0],[3.0],False,True
[9394.0],[24864.0 29132.0],[3.0],[3.0 13.0],False,False
[9395.0],[2619.0 19634.0],[3.0],[32.0 94.0],False,False
[9396.0],[27677.0],[3.0],[7.0],True,False
[9397.0],[27420.0 29365.0],[3.0],[2.0 10.0],False,False
[9398.0],[19045.0 28376.0],[3.0],[5.0 37.0],False,False
[9399.0],[27965.0],[3.0],[8.0],True,False
[9400.0],[26230.0],[3.0],[11.0],True,False
[9401.0],[28142.0],[3.0],[6.0],True,False
[9402.0],[29164.0 29425.0],[3.0],[2.0 3.0],False,False
[9403.0],[28369.0 28389.0],[3.0],[4.0 5.0],True,False
[9404.0],[27796.0 28990.0],[3.0],[2.0 7.0],False,False
[9405.0],[29010.0],[3.0],[4.0],True,False
[9406.0],[29171.0 29660.0],[3.0],[1.0 2.0],True,False
[9407.0],[24961.0 29666.0],[3.0],[1.0 15.0],False,False
[9408.0],[25987.0 26723.0],[3.0],[10.0],False,False
[9409.0],[20954.0 28909.0],[3.0],[3.0 31.0],False,False
[9410.0],[24414.0 28580.0],[3.0],[2.0 22.0],False,False
[9411.0],[28096.0 29079.0],[3.0],[2.0 8.0],False,False
[9412.0],[29083.0 29278.0],[3.0],[1.0 3.0],False,False
[9413.0],[6906.0 16909.0 24031.0],[3.0],[21.0 33.0 75.0],False,False
[9414.0],[27888.0 28917.0],[3.0],[3.0 8.0],False,False
[9415.0],[13340.0 29570.0],[3.0],[1.0 52.0],False,False
[9416.0],[27929.0],[3.0],[9.0],False,False
[9417.0],[27947.0],[3.0],[8.0],False,False
[9418.0],[26012.0 28640.0 29372.0],[3.0],[1.0 5.0 12.0],False,False
[9419.0],[23412.0 28128.0 29103.0],[3.0],[3.0 6.0 23.0],False,False
[9420.0],[19636.0 22646.0],[3.0],[21.0 26.0],False,False
[9421.0],[23412.0 28994.0 29595.0],[3.0],[1.0 4.0 23.0],False,False
[9422.0],[26023.0 27426.0],[3.0],[9.0 11.0],True,False
[9423.0],[27222.0 29612.0],[3.0],[1.0 11.0],True,False
[9424.0],[19045.0 27983.0],[3.0],[5.0 37.0],False,False
[9425.0],[28154.0 29611.0],[3.0],[1.0 5.0],False,False
[9426.0],[25503.0 27706.0],[3.0],[8.0 16.0],True,False
[9427.0],[29172.0 29424.0 29662.0],[3.0],[1.0 2.0],False,False
[9428.0],[178.0 1663.0],[2.0],[1.0 21.0],True,False
[9429.0],[237.0],[2.0],[21.0],True,False
[9430.0],[350.0 1685.0],[2.0],[6.0 7.0],False,False
[9431.0],[270.0],[2.0],[2.0],True,True
[9432.0],[271.0],[2.0],[27.0],True,False
[9433.0],[360.0],[2.0],[3.0],False,False
[9434.0],[354.0],[2.0],[31.0],False,False
[9435.0],[326.0 375.0],[2.0],[1.0 8.0],False,False
[9436.0],[334.0],[2.0],[2.0],True,True
[9437.0],[355.0],[2.0],[7.0],True,False
[9438.0],[350.0],[2.0],[6.0],False,False
[9439.0],[391.0 409.0],[2.0],[1.0 36.0],False,False
[9440.0],[375.0 403.0],[2.0],[1.0 8.0],False,False
[9441.0],[414.0],[2.0],[82.0],True,False
[9442.0],[454.0 480.0],[2.0],[1.0 28.0],False,False
[9443.0],[495.0],[2.0],[2.0],True,True
[9444.0],[524.0],[2.0],[9.0],False,False
[9445.0],[450.0],[2.0],[30.0],False,False
[9446.0],[523.0],[2.0],[68.0],False,False
[9447.0],[779.0],[2.0],[12.0],False,False
[9448.0],[663.0],[2.0],[2.0],True,True
[9449.0],[674.0],[2.0],[12.0],True,False
[9450.0],[729.0],[2.0],[3.0],True,False
[9451.0],[808.0],[2.0],[45.0],False,False
[9452.0],[677.0 704.0],[2.0],[1.0 17.0],False,False
[9453.0],[739.0],[2.0],[2.0],True,True
[9454.0],[850.0],[2.0],[3.0],False,False
[9455.0],[744.0],[2.0],[2.0],True,True
[9456.0],[749.0],[2.0],[2.0],True,True
[9457.0],[791.0],[2.0],[2.0],False,True
[9458.0],[786.0],[2.0],[22.0],True,False
[9459.0],[778.0],[2.0],[2.0],True,True
[9460.0],[821.0],[2.0],[7.0],False,False
[9461.0],[815.0],[2.0],[6.0],False,False
[9462.0],[880.0 1760.0],[2.0],[2.0 4.0],True,False
[9463.0],[984.0 1755.0],[2.0],[2.0 9.0],False,False
[9464.0],[866.0],[2.0],[6.0],True,False
[9465.0],[1041.0 1773.0],[2.0],[1.0],False,False
[9466.0],[884.0],[2.0],[3.0],False,False
[9467.0],[839.0 1756.0],[2.0],[1.0],False,False
[9468.0],[1204.0 1772.0],[2.0],[2.0 23.0],False,False
[9469.0],[831.0],[2.0],[27.0],False,False
[9470.0],[983.0 1764.0],[2.0],[5.0],False,False
[9471.0],[936.0],[2.0],[4.0],True,False
[9472.0],[1121.0],[2.0],[21.0],False,False
[9473.0],[944.0 1772.0],[2.0],[3.0 23.0],False,False
[9474.0],[1002.0],[2.0],[2.0],True,True
[9475.0],[1044.0 1782.0],[2.0],[2.0 3.0],False,False
[9476.0],[1027.0],[2.0],[17.0],False,False
[9477.0],[1065.0],[2.0],[11.0],True,False
[9478.0],[1100.0],[2.0],[20.0],False,False
[9479.0],[1054.0],[2.0],[11.0],True,False
[9480.0],[1061.0],[2.0],[10.0],True,False
[9481.0],[1071.0],[2.0],[4.0],True,False
[9482.0],[1181.0],[2.0],[52.0],False,False
[9483.0],[1103.0 1265.0],[2.0],[5.0 45.0],False,False
[9484.0],[1113.0],[2.0],[10.0],True,False
[9485.0],[1059.0],[2.0],[9.0],True,False
[9486.0],[1173.0],[2.0],[11.0],True,False
[9487.0],[1129.0],[2.0],[16.0],False,False
[9488.0],[1058.0 1811.0],[2.0],[1.0 6.0],False,False
[9489.0],[1108.0 1329.0],[2.0],[1.0 2.0],False,False
[9490.0],[1160.0 1233.0],[2.0],[1.0 4.0],True,False
[9491.0],[1223.0],[2.0],[25.0],True,False
[9492.0],[1213.0],[2.0],[3.0],True,False
[9493.0],[1355.0 1826.0],[2.0],[2.0 23.0],False,False
[9494.0],[1354.0],[2.0],[2.0],True,True
[9495.0],[1349.0 1421.0],[2.0],[8.0 15.0],False,False
[9496.0],[201.0 1664.0],[2.0],[4.0 46.0],True,False
[9497.0],[232.0],[2.0],[5.0],False,False
[9498.0],[1695.0],[2.0],[10.0],False,False
[9499.0],[379.0],[2.0],[26.0],False,False
[9500.0],[466.0],[2.0],[67.0],False,False
[9501.0],[1717.0],[2.0],[7.0],True,False
[9502.0],[766.0],[2.0],[71.0],False,False
[9503.0],[671.0 1967.0],[2.0],[1.0 4.0],False,False
[9504.0],[747.0],[2.0],[4.0],True,False
[9505.0],[744.0 1739.0],[2.0],[2.0 25.0],False,False
[9506.0],[767.0],[2.0],[5.0],False,False
[9507.0],[837.0 1762.0],[2.0],[5.0 7.0],False,False
[9508.0],[944.0 1772.0],[2.0],[3.0 23.0],False,False
[9509.0],[888.0],[2.0],[7.0],True,False
[9510.0],[1010.0],[2.0],[3.0],False,False
[9511.0],[990.0],[2.0],[3.0],True,False
[9512.0],[1773.0 2018.0],[2.0],[1.0],False,False
[9513.0],[1181.0],[2.0],[52.0],False,False
[9514.0],[1066.0],[2.0],[19.0],True,False
[9515.0],[1119.0],[2.0],[29.0],True,False
[9516.0],[1104.0],[2.0],[3.0],True,False
[9517.0],[1189.0],[2.0],[5.0],True,False
[9518.0],[1311.0 1464.0],[2.0],[2.0 5.0],False,False
[9519.0],[1435.0 2052.0],[2.0],[5.0 30.0],False,False
[9520.0],[1419.0],[2.0],[5.0],True,False
[9521.0],[1314.0],[2.0],[26.0],False,False
[9522.0],[284.0],[2.0],[30.0],False,False
[9523.0],[166.0 217.0],[2.0],[2.0 36.0],False,False
[9524.0],[97.0 2147.0],[2.0],[2.0 31.0],False,False
[9525.0],[779.0],[2.0],[12.0],False,False
[9526.0],[821.0],[2.0],[7.0],False,False
[9527.0],[792.0],[2.0],[7.0],False,False
[9528.0],[651.0],[2.0],[5.0],False,False
[9529.0],[2011.0],[2.0],[2.0],False,True
[9530.0],[936.0],[2.0],[4.0],True,False
[9531.0],[933.0 1069.0],[2.0],[6.0 10.0],False,False
[9532.0],[1073.0 1113.0],[2.0],[10.0 37.0],False,False
[9533.0],[2050.0],[2.0],[39.0],False,False
[9534.0],[1476.0 1865.0],[2.0],[2.0 4.0],False,False
[9535.0],[877.0 2002.0],[2.0],[2.0 18.0],False,False
[9536.0],[2147.0],[2.0],[2.0],True,True
[9537.0],[1712.0],[2.0],[27.0],True,False
[9538.0],[2185.0],[2.0],[2.0],False,True
[9539.0],[2185.0],[2.0],[2.0],False,True
[9540.0],[802.0],[2.0],[5.0],False,False
[9541.0],[957.0 958.0],[2.0],[7.0 19.0],False,False
[9542.0],[933.0 1050.0],[2.0],[4.0 6.0],False,False
[9543.0],[2054.0 2425.0],[2.0],[2.0 9.0],False,False
[9544.0],[2252.0],[2.0],[6.0],False,False
[9545.0],[520.0 2325.0],[2.0],[1.0 87.0],False,False
[9546.0],[670.0 2561.0],[2.0],[23.0 38.0],False,False
[9547.0],[1742.0 2185.0],[2.0],[2.0 21.0],False,False
[9548.0],[804.0 1762.0],[2.0],[6.0 7.0],False,False
[9549.0],[1764.0 2597.0],[2.0],[2.0 5.0],False,False
[9550.0],[1164.0],[2.0],[25.0],False,False
[9551.0],[1786.0 2605.0],[2.0],[1.0 11.0],False,False
[9552.0],[2023.0],[2.0],[36.0],True,False
[9553.0],[2385.0],[2.0],[4.0],False,False
[9554.0],[2395.0],[2.0],[4.0],True,False
[9555.0],[2414.0],[2.0],[14.0],False,False
[9556.0],[2076.0],[2.0],[4.0],True,False
[9557.0],[396.0],[2.0],[8.0],True,False
[9558.0],[661.0],[2.0],[12.0],True,False
[9559.0],[1961.0],[2.0],[23.0],True,False
[9560.0],[2577.0],[2.0],[3.0],False,False
[9561.0],[1998.0 2571.0],[2.0],[1.0 26.0],False,False
[9562.0],[1080.0 2821.0],[2.0],[4.0 10.0],False,False
[9563.0],[1121.0 2823.0],[2.0],[21.0],False,False
[9564.0],[1121.0],[2.0],[21.0],False,False
[9565.0],[2639.0],[2.0],[11.0],True,False
[9566.0],[2414.0 2877.0],[2.0],[3.0 14.0],False,False
[9567.0],[1870.0 2098.0],[2.0],[2.0],False,False
[9568.0],[1413.0 2650.0],[2.0],[9.0 28.0],False,False
[9569.0],[2056.0 2069.0],[2.0],[3.0 16.0],True,False
[9570.0],[353.0 1683.0],[2.0],[11.0 45.0],True,False
[9571.0],[2741.0],[2.0],[2.0],True,True
[9572.0],[829.0 2340.0],[2.0],[2.0 54.0],False,False
[9573.0],[1717.0],[2.0],[7.0],True,False
[9574.0],[2804.0 3017.0],[2.0],[3.0 4.0],False,False
[9575.0],[1980.0],[2.0],[12.0],False,False
[9576.0],[2783.0 3021.0],[2.0],[2.0 3.0],False,False
[9577.0],[983.0 1764.0],[2.0],[5.0],False,False
[9578.0],[951.0 3045.0],[2.0],[1.0 32.0],True,False
[9579.0],[1032.0 3042.0],[2.0],[4.0 12.0],False,False
[9580.0],[1129.0 2844.0],[2.0],[2.0 16.0],False,False
[9581.0],[2823.0],[2.0],[21.0],False,False
[9582.0],[2237.0],[2.0],[9.0],False,False
[9583.0],[1345.0 2072.0],[2.0],[10.0 25.0],False,False
[9584.0],[1704.0 3250.0],[2.0],[4.0 7.0],False,False
[9585.0],[787.0],[2.0],[10.0],False,False
[9586.0],[753.0 2549.0],[2.0],[9.0 48.0],False,False
[9587.0],[2553.0],[2.0],[5.0],False,False
[9588.0],[806.0 1990.0],[2.0],[15.0 37.0],False,False
[9589.0],[818.0],[2.0],[12.0],False,False
[9590.0],[1056.0 2829.0],[2.0],[4.0 8.0],True,False
[9591.0],[2816.0],[2.0],[4.0],False,False
[9592.0],[3093.0],[2.0],[2.0],False,True
[9593.0],[2513.0],[2.0],[28.0],False,False
[9594.0],[3210.0],[2.0],[2.0],True,True
[9595.0],[503.0],[2.0],[85.0],False,False
[9596.0],[3244.0],[2.0],[18.0],True,False
[9597.0],[3038.0 3277.0],[2.0],[1.0 4.0],False,False
[9598.0],[2769.0],[2.0],[15.0],True,False
[9599.0],[3280.0],[2.0],[8.0],False,False
[9600.0],[907.0 2582.0],[2.0],[6.0 7.0],False,False
[9601.0],[1076.0],[2.0],[21.0],False,False
[9602.0],[2826.0],[2.0],[5.0],True,False
[9603.0],[984.0 3481.0],[2.0],[1.0 9.0],False,False
[9604.0],[3300.0 3479.0],[2.0],[5.0 10.0],False,False
[9605.0],[1027.0 2414.0],[2.0],[14.0 17.0],False,False
[9606.0],[1114.0],[2.0],[10.0],True,False
[9607.0],[2036.0],[2.0],[8.0],True,False
[9608.0],[1297.0 1837.0],[2.0],[12.0 21.0],False,False
[9609.0],[2756.0],[2.0],[24.0],False,False
[9610.0],[3017.0],[2.0],[4.0],False,False
[9611.0],[3443.0],[2.0],[7.0],True,False
[9612.0],[3032.0],[2.0],[5.0],False,False
[9613.0],[886.0],[2.0],[24.0],True,False
[9614.0],[960.0],[2.0],[21.0],True,False
[9615.0],[1759.0 3481.0],[2.0],[1.0 14.0],False,False
[9616.0],[3465.0 3664.0],[2.0],[3.0 10.0],False,False
[9617.0],[979.0 3513.0],[2.0],[2.0 11.0],False,False
[9618.0],[3500.0 3506.0],[2.0],[3.0 9.0],False,False
[9619.0],[1363.0 3707.0],[2.0],[1.0 95.0],False,False
[9620.0],[1016.0],[2.0],[35.0],False,False
[9621.0],[1838.0 2052.0],[2.0],[5.0 32.0],False,False
[9622.0],[3135.0 3540.0],[2.0],[1.0 9.0],False,False
[9623.0],[302.0],[2.0],[94.0],False,False
[9624.0],[3615.0],[2.0],[2.0],True,True
[9625.0],[3421.0],[2.0],[13.0],False,False
[9626.0],[3423.0 3826.0],[2.0],[2.0 4.0],False,False
[9627.0],[957.0 2007.0],[2.0],[8.0 19.0],False,False
[9628.0],[2850.0 3057.0],[2.0],[13.0 16.0],False,False
[9629.0],[1181.0],[2.0],[52.0],False,False
[9630.0],[2621.0 3890.0],[2.0],[3.0 21.0],False,False
[9631.0],[2862.0 3891.0],[2.0],[2.0 93.0],False,False
[9632.0],[2862.0 3891.0],[2.0],[2.0 93.0],False,False
[9633.0],[2622.0 3715.0],[2.0],[4.0 5.0],True,False
[9634.0],[1279.0],[2.0],[11.0],False,False
[9635.0],[3711.0],[2.0],[3.0],True,False
[9636.0],[1535.0],[2.0],[99.0],False,False
[9637.0],[1500.0 3734.0],[2.0],[1.0 79.0],False,False
[9638.0],[3678.0 3880.0],[2.0],[1.0],False,False
[9639.0],[3606.0],[2.0],[61.0],True,False
[9640.0],[785.0],[2.0],[13.0],False,False
[9641.0],[750.0],[2.0],[23.0],True,False
[9642.0],[3272.0 3882.0],[2.0],[2.0 36.0],False,False
[9643.0],[2773.0],[2.0],[12.0],False,False
[9644.0],[3856.0],[2.0],[4.0],False,False
[9645.0],[1121.0],[2.0],[21.0],False,False
[9646.0],[3880.0 4066.0],[2.0],[1.0 17.0],True,False
[9647.0],[3893.0 4123.0],[2.0],[1.0 8.0],False,False
[9648.0],[3723.0 3924.0],[2.0],[11.0 14.0],False,False
[9649.0],[3964.0 4123.0],[2.0],[8.0 11.0],False,False
[9650.0],[1423.0],[2.0],[23.0],True,False
[9651.0],[3993.0],[2.0],[27.0],True,False
[9652.0],[354.0],[2.0],[31.0],False,False
[9653.0],[466.0 467.0],[2.0],[49.0 67.0],False,False
[9654.0],[547.0 2759.0],[2.0],[5.0 14.0],False,False
[9655.0],[840.0 3238.0],[2.0],[11.0 99.0],False,False
[9656.0],[859.0 4279.0],[2.0],[2.0 10.0],False,False
[9657.0],[3862.0],[2.0],[3.0],True,False
[9658.0],[3272.0],[2.0],[36.0],False,False
[9659.0],[1753.0],[2.0],[10.0],False,False
[9660.0],[3297.0],[2.0],[9.0],True,False
[9661.0],[3890.0 4083.0],[2.0],[3.0 13.0],False,False
[9662.0],[4078.0],[2.0],[2.0],True,True
[9663.0],[2823.0],[2.0],[21.0],False,False
[9664.0],[2469.0 4103.0],[2.0],[2.0 3.0],False,False
[9665.0],[1172.0],[2.0],[13.0],True,False
[9666.0],[467.0],[2.0],[49.0],False,False
[9667.0],[3238.0 4258.0],[2.0],[1.0 11.0],False,False
[9668.0],[3022.0 4513.0],[2.0],[3.0 11.0],False,False
[9669.0],[1076.0],[2.0],[21.0],False,False
[9670.0],[3485.0],[2.0],[7.0],False,False
[9671.0],[4090.0 4565.0],[2.0],[1.0 2.0],False,False
[9672.0],[4128.0 4388.0],[2.0],[1.0 4.0],True,False
[9673.0],[2635.0 4374.0],[2.0],[2.0 9.0],False,False
[9674.0],[1218.0 4681.0],[2.0],[3.0 8.0],True,False
[9675.0],[3204.0 3414.0],[2.0],[5.0 29.0],False,False
[9676.0],[3610.0],[2.0],[5.0],False,False
[9677.0],[4259.0 4482.0],[2.0],[26.0 30.0],False,False
[9678.0],[2779.0 4270.0],[2.0],[5.0 14.0],False,False
[9679.0],[3859.0],[2.0],[12.0],False,False
[9680.0],[826.0 1024.0],[2.0],[21.0 33.0],False,False
[9681.0],[3879.0 4534.0],[2.0],[1.0 2.0],False,False
[9682.0],[1100.0],[2.0],[20.0],False,False
[9683.0],[4293.0 4845.0],[2.0],[1.0 2.0],True,False
[9684.0],[4318.0 4876.0],[2.0],[4.0 44.0],False,False
[9685.0],[3890.0 4083.0],[2.0],[3.0 13.0],False,False
[9686.0],[4588.0],[2.0],[2.0],False,True
[9687.0],[3898.0],[2.0],[46.0],False,False
[9688.0],[3117.0],[2.0],[18.0],True,False
[9689.0],[4641.0 4659.0],[2.0],[2.0],False,False
[9690.0],[4136.0],[2.0],[4.0],True,False
[9691.0],[4767.0],[2.0],[15.0],True,False
[9692.0],[2755.0],[2.0],[12.0],False,False
[9693.0],[1752.0 5071.0],[2.0],[1.0 41.0],False,False
[9694.0],[714.0 4805.0],[2.0],[35.0 56.0],False,False
[9695.0],[3641.0],[2.0],[7.0],False,False
[9696.0],[4520.0 5093.0],[2.0],[2.0 9.0],False,False
[9697.0],[3902.0],[2.0],[13.0],False,False
[9698.0],[1098.0 4897.0],[2.0],[1.0 21.0],False,False
[9699.0],[1219.0],[2.0],[27.0],True,False
[9700.0],[554.0 4461.0],[2.0],[4.0 22.0],False,False
[9701.0],[4468.0],[2.0],[5.0],True,False
[9702.0],[3238.0 3622.0],[2.0],[7.0 11.0],False,False
[9703.0],[2743.0 5287.0],[2.0],[2.0 11.0],False,False
[9704.0],[3634.0],[2.0],[9.0],True,False
[9705.0],[5082.0],[2.0],[4.0],True,False
[9706.0],[1772.0],[2.0],[23.0],False,False
[9707.0],[4568.0],[2.0],[13.0],True,False
[9708.0],[1236.0],[2.0],[24.0],True,False
[9709.0],[3150.0 4947.0],[2.0],[5.0 10.0],False,False
[9710.0],[3983.0],[2.0],[32.0],False,False
[9711.0],[5034.0],[2.0],[49.0],False,False
[9712.0],[5261.0],[2.0],[24.0],True,False
[9713.0],[5055.0],[2.0],[3.0],True,False
[9714.0],[5289.0],[2.0],[82.0],False,False
[9715.0],[630.0 5547.0],[2.0],[2.0 99.0],False,False
[9716.0],[3273.0],[2.0],[16.0],True,False
[9717.0],[807.0],[2.0],[20.0],False,False
[9718.0],[2563.0],[2.0],[33.0],False,False
[9719.0],[3272.0],[2.0],[36.0],False,False
[9720.0],[2818.0],[2.0],[9.0],True,False
[9721.0],[4884.0 5580.0],[2.0],[4.0 5.0],False,False
[9722.0],[1062.0],[2.0],[14.0],True,False
[9723.0],[2399.0],[2.0],[32.0],True,False
[9724.0],[4089.0 4325.0],[2.0],[7.0 11.0],False,False
[9725.0],[5013.0 5478.0],[2.0],[1.0 19.0],False,False
[9726.0],[1394.0],[2.0],[94.0],False,False
[9727.0],[5409.0],[2.0],[2.0],True,True
[9728.0],[5061.0 5287.0],[2.0],[2.0 4.0],False,False
[9729.0],[5541.0],[2.0],[3.0],False,False
[9730.0],[872.0],[2.0],[22.0],True,False
[9731.0],[2771.0 4525.0],[2.0],[4.0 11.0],False,False
[9732.0],[2207.0],[2.0],[27.0],False,False
[9733.0],[5342.0],[2.0],[3.0],True,False
[9734.0],[5658.0 5856.0],[2.0],[1.0 2.0],False,False
[9735.0],[1047.0],[2.0],[34.0],True,False
[9736.0],[5117.0],[2.0],[15.0],False,False
[9737.0],[1027.0],[2.0],[17.0],False,False
[9738.0],[1121.0 5638.0],[2.0],[19.0 21.0],False,False
[9739.0],[5013.0],[2.0],[19.0],False,False
[9740.0],[1676.0 5752.0],[2.0],[1.0 20.0],False,False
[9741.0],[516.0],[2.0],[22.0],True,False
[9742.0],[5775.0],[2.0],[2.0],True,True
[9743.0],[571.0],[2.0],[64.0],False,False
[9744.0],[5781.0],[2.0],[2.0],True,True
[9745.0],[5828.0],[2.0],[14.0],False,False
[9746.0],[5321.0],[2.0],[8.0],False,False
[9747.0],[5309.0 6052.0],[2.0],[2.0 4.0],False,False
[9748.0],[5564.0 6066.0],[2.0],[4.0 6.0],False,False
[9749.0],[869.0 4027.0],[2.0],[5.0 14.0],False,False
[9750.0],[5827.0],[2.0],[2.0],True,True
[9751.0],[4841.0],[2.0],[6.0],True,False
[9752.0],[3885.0 5104.0],[2.0],[4.0 7.0],True,False
[9753.0],[5872.0 6100.0],[2.0],[1.0 5.0],False,False
[9754.0],[5098.0],[2.0],[6.0],False,False
[9755.0],[4607.0],[2.0],[19.0],True,False
[9756.0],[5882.0],[2.0],[2.0],False,True
[9757.0],[5117.0],[2.0],[15.0],False,False
[9758.0],[5133.0 5650.0],[2.0],[8.0 10.0],True,False
[9759.0],[4722.0 5169.0],[2.0],[2.0 6.0],True,False
[9760.0],[1209.0 4954.0],[2.0],[55.0 62.0],True,False
[9761.0],[3921.0 5185.0],[2.0],[9.0 19.0],False,False
[9762.0],[4123.0 4956.0],[2.0],[8.0],False,False
[9763.0],[6052.0 6291.0],[2.0],[1.0 2.0],False,False
[9764.0],[4074.0 6293.0],[2.0],[1.0 12.0],False,False
[9765.0],[6043.0 6288.0],[2.0],[1.0 2.0],False,False
[9766.0],[5323.0 5327.0],[2.0],[9.0 11.0],False,False
[9767.0],[2823.0],[2.0],[21.0],False,False
[9768.0],[1018.0 6129.0],[2.0],[1.0 14.0],False,False
[9769.0],[5877.0],[2.0],[13.0],True,False
[9770.0],[4343.0 6115.0],[2.0],[1.0 9.0],False,False
[9771.0],[5721.0 6129.0],[2.0],[1.0 5.0],False,False
[9772.0],[4077.0],[2.0],[16.0],False,False
[9773.0],[5748.0],[2.0],[15.0],False,False
[9774.0],[285.0 6247.0],[2.0],[1.0 32.0],False,False
[9775.0],[1752.0 6275.0],[2.0],[1.0 41.0],False,False
[9776.0],[6280.0],[2.0],[2.0],True,True
[9777.0],[5321.0],[2.0],[8.0],False,False
[9778.0],[3667.0 6524.0],[2.0],[8.0 11.0],False,False
[9779.0],[2823.0],[2.0],[21.0],False,False
[9780.0],[5089.0 6305.0],[2.0],[1.0 3.0],False,False
[9781.0],[6312.0],[2.0],[42.0],True,False
[9782.0],[5100.0 5858.0],[2.0],[4.0 18.0],False,False
[9783.0],[3308.0],[2.0],[11.0],True,False
[9784.0],[1143.0],[2.0],[38.0],True,False
[9785.0],[3337.0 6573.0],[2.0],[1.0 10.0],False,False
[9786.0],[94.0],[2.0],[27.0],False,False
[9787.0],[1687.0 5044.0],[2.0],[18.0 32.0],False,False
[9788.0],[503.0 4780.0],[2.0],[8.0 85.0],False,False
[9789.0],[759.0],[2.0],[36.0],True,False
[9790.0],[5323.0],[2.0],[11.0],False,False
[9791.0],[5333.0 5334.0],[2.0],[5.0 6.0],False,False
[9792.0],[5819.0],[2.0],[13.0],False,False
[9793.0],[895.0 6720.0],[2.0],[4.0 33.0],True,False
[9794.0],[5598.0 6530.0],[2.0],[5.0 56.0],False,False
[9795.0],[5825.0],[2.0],[5.0],True,False
[9796.0],[3062.0 5625.0],[2.0],[15.0 21.0],False,False
[9797.0],[4894.0],[2.0],[6.0],False,False
[9798.0],[4862.0],[2.0],[22.0],True,False
[9799.0],[1094.0 6332.0],[2.0],[12.0 54.0],False,False
[9800.0],[948.0 6743.0],[2.0],[7.0 17.0],False,False
[9801.0],[5616.0 6781.0],[2.0],[2.0 5.0],False,False
[9802.0],[6114.0 6779.0],[2.0],[1.0 9.0],False,False
[9803.0],[4092.0 4359.0],[2.0],[13.0 14.0],False,False
[9804.0],[6619.0],[2.0],[2.0],True,True
[9805.0],[5748.0],[2.0],[15.0],False,False
[9806.0],[183.0 2950.0],[2.0],[27.0 61.0],True,False
[9807.0],[457.0],[2.0],[33.0],True,False
[9808.0],[571.0],[2.0],[64.0],False,False
[9809.0],[6726.0 6919.0],[2.0],[1.0 2.0],False,False
[9810.0],[5321.0],[2.0],[8.0],False,False
[9811.0],[2578.0],[2.0],[38.0],False,False
[9812.0],[6766.0],[2.0],[6.0],True,False
[9813.0],[4083.0],[2.0],[13.0],False,False
[9814.0],[6143.0],[2.0],[17.0],True,False
[9815.0],[5464.0 6609.0],[2.0],[5.0 9.0],False,False
[9816.0],[102.0],[2.0],[28.0],False,False
[9817.0],[312.0 6893.0],[2.0],[2.0 25.0],True,False
[9818.0],[4240.0],[2.0],[16.0],False,False
[9819.0],[6908.0],[2.0],[12.0],True,False
[9820.0],[5795.0 6703.0],[2.0],[16.0 39.0],False,False
[9821.0],[630.0 6511.0],[2.0],[5.0 99.0],False,False
[9822.0],[6037.0 6511.0],[2.0],[3.0 5.0],True,False
[9823.0],[688.0],[2.0],[33.0],False,False
[9824.0],[4036.0],[2.0],[27.0],False,False
[9825.0],[4325.0 6957.0],[2.0],[1.0 11.0],False,False
[9826.0],[6975.0 7226.0],[2.0],[1.0 4.0],False,False
[9827.0],[5894.0],[2.0],[16.0],True,False
[9828.0],[6037.0 6511.0],[2.0],[3.0 5.0],False,False
[9829.0],[725.0 7137.0],[2.0],[1.0 31.0],False,False
[9830.0],[796.0],[2.0],[44.0],True,False
[9831.0],[5346.0 7192.0],[2.0],[4.0 7.0],True,False
[9832.0],[6976.0],[2.0],[32.0],True,False
[9833.0],[7245.0],[2.0],[14.0],True,False
[9834.0],[6801.0 7505.0],[2.0],[2.0 3.0],True,False
[9835.0],[2423.0],[2.0],[23.0],True,False
[9836.0],[4036.0 7632.0],[2.0],[1.0 27.0],False,False
[9837.0],[7439.0 7441.0],[2.0],[2.0 28.0],False,False
[9838.0],[7444.0 7666.0],[2.0],[4.0 10.0],False,False
[9839.0],[1800.0 7678.0],[2.0],[5.0 32.0],False,False
[9840.0],[6761.0],[2.0],[11.0],False,False
[9841.0],[4581.0],[2.0],[14.0],True,False
[9842.0],[5650.0 6404.0],[2.0],[7.0 10.0],False,False
[9843.0],[7592.0 7893.0],[2.0],[2.0 5.0],False,False
[9844.0],[7408.0],[2.0],[28.0],False,False
[9845.0],[466.0],[2.0],[67.0],False,False
[9846.0],[6046.0],[2.0],[15.0],False,False
[9847.0],[7163.0 7665.0],[2.0],[3.0 29.0],False,False
[9848.0],[7675.0],[2.0],[7.0],False,False
[9849.0],[784.0],[2.0],[35.0],False,False
[9850.0],[6322.0 6732.0],[2.0],[13.0 18.0],False,False
[9851.0],[6083.0 6761.0],[2.0],[10.0 11.0],False,False
[9852.0],[5880.0],[2.0],[7.0],True,False
[9853.0],[1162.0 7996.0],[2.0],[6.0 25.0],True,False
[9854.0],[4572.0 5899.0],[2.0],[8.0 16.0],True,False
[9855.0],[6340.0 8013.0],[2.0],[1.0 4.0],True,False
[9856.0],[80.0],[2.0],[36.0],False,False
[9857.0],[6889.0],[2.0],[6.0],True,False
[9858.0],[5261.0],[2.0],[24.0],True,False
[9859.0],[7407.0],[2.0],[26.0],True,False
[9860.0],[7636.0],[2.0],[10.0],False,False
[9861.0],[5821.0],[2.0],[73.0],True,False
[9862.0],[5820.0],[2.0],[11.0],False,False
[9863.0],[5562.0],[2.0],[9.0],True,False
[9864.0],[951.0],[2.0],[32.0],True,False
[9865.0],[7188.0],[2.0],[9.0],False,False
[9866.0],[7673.0 7934.0],[2.0],[2.0],True,False
[9867.0],[7667.0 7682.0],[2.0],[2.0 3.0],False,False
[9868.0],[7692.0],[2.0],[5.0],True,False
[9869.0],[6328.0],[2.0],[34.0],False,False
[9870.0],[6322.0 6732.0],[2.0],[13.0 18.0],False,False
[9871.0],[7971.0 7974.0],[2.0],[6.0 12.0],True,False
[9872.0],[7973.0 8216.0],[2.0],[6.0 52.0],False,False
[9873.0],[7516.0 8228.0],[2.0],[2.0],False,False
[9874.0],[7231.0],[2.0],[45.0],False,False
[9875.0],[1285.0 6153.0],[2.0],[6.0 32.0],True,False
[9876.0],[7238.0],[2.0],[23.0],True,False
[9877.0],[7330.0],[2.0],[30.0],True,False
[9878.0],[1938.0],[2.0],[37.0],True,False
[9879.0],[5295.0],[2.0],[18.0],False,False
[9880.0],[6929.0 8561.0],[2.0],[1.0 5.0],False,False
[9881.0],[7937.0 8194.0],[2.0],[2.0 18.0],True,False
[9882.0],[3062.0 8209.0],[2.0],[4.0 21.0],False,False
[9883.0],[7195.0 8575.0],[2.0],[2.0],False,False
[9884.0],[5625.0 7209.0],[2.0],[3.0 15.0],False,False
[9885.0],[2621.0 8570.0],[2.0],[3.0 21.0],False,False
[9886.0],[6814.0],[2.0],[58.0],False,False
[9887.0],[7070.0 7391.0],[2.0],[8.0 21.0],False,False
[9888.0],[302.0 3414.0],[2.0],[29.0 94.0],True,False
[9889.0],[2986.0],[2.0],[72.0],False,False
[9890.0],[3239.0 8481.0],[2.0],[3.0 15.0],True,False
[9891.0],[8503.0],[2.0],[2.0],True,True
[9892.0],[4814.0 8537.0],[2.0],[2.0 10.0],False,False
[9893.0],[938.0],[2.0],[21.0],True,False
[9894.0],[8564.0 8898.0],[2.0],[1.0 9.0],False,False
[9895.0],[4282.0 8902.0],[2.0],[3.0 14.0],False,False
[9896.0],[8550.0],[2.0],[2.0],True,True
[9897.0],[8575.0],[2.0],[2.0],False,True
[9898.0],[8626.0 8950.0],[2.0],[1.0 7.0],False,False
[9899.0],[7721.0 8943.0],[2.0],[2.0 3.0],True,False
[9900.0],[7237.0],[2.0],[12.0],True,False
[9901.0],[5367.0],[2.0],[17.0],False,False
[9902.0],[7245.0],[2.0],[14.0],True,False
[9903.0],[2650.0 2897.0],[2.0],[28.0 44.0],False,False
[9904.0],[324.0],[2.0],[72.0],False,False
[9905.0],[469.0],[2.0],[47.0],False,False
[9906.0],[670.0 714.0],[2.0],[38.0 56.0],False,False
[9907.0],[8510.0],[2.0],[4.0],True,False
[9908.0],[8535.0 9064.0],[2.0],[5.0 12.0],True,False
[9909.0],[6316.0 7214.0],[2.0],[6.0 12.0],False,False
[9910.0],[7955.0],[2.0],[24.0],True,False
[9911.0],[8190.0 9085.0],[2.0],[1.0 12.0],False,False
[9912.0],[8586.0 9086.0],[2.0],[2.0 10.0],False,False
[9913.0],[7943.0 8615.0],[2.0],[3.0 5.0],False,False
[9914.0],[7792.0],[2.0],[6.0],False,False
[9915.0],[4448.0 7591.0],[2.0],[6.0 51.0],False,False
[9916.0],[8183.0 8514.0],[2.0],[9.0 20.0],False,False
[9917.0],[8898.0],[2.0],[9.0],False,False
[9918.0],[7188.0 8570.0],[2.0],[3.0 9.0],False,False
[9919.0],[8577.0 9124.0],[2.0],[1.0 13.0],False,False
[9920.0],[6812.0],[2.0],[16.0],False,False
[9921.0],[2044.0 5374.0],[2.0],[16.0 28.0],True,False
[9922.0],[9139.0],[2.0],[2.0],True,True
[9923.0],[4656.0 9463.0],[2.0],[15.0 44.0],False,False
[9924.0],[2424.0],[2.0],[32.0],False,False
[9925.0],[484.0],[2.0],[42.0],True,False
[9926.0],[794.0 9643.0],[2.0],[1.0 73.0],True,False
[9927.0],[9064.0],[2.0],[5.0],True,False
[9928.0],[8181.0],[2.0],[8.0],False,False
[9929.0],[9371.0],[2.0],[8.0],False,False
[9930.0],[7671.0 9666.0],[2.0],[1.0 7.0],False,False
[9931.0],[7964.0],[2.0],[8.0],True,False
[9932.0],[9405.0 9678.0],[2.0],[1.0 2.0],False,False
[9933.0],[9154.0 9405.0],[2.0],[2.0 4.0],False,False
[9934.0],[9401.0 9685.0],[2.0],[19.0 53.0],False,False
[9935.0],[230.0],[2.0],[33.0],False,False
[9936.0],[7588.0 8120.0],[2.0],[5.0 40.0],False,False
[9937.0],[9250.0],[2.0],[20.0],False,False
[9938.0],[8436.0],[2.0],[23.0],False,False
[9939.0],[9257.0],[2.0],[3.0],True,False
[9940.0],[7616.0],[2.0],[4.0],True,False
[9941.0],[901.0 9639.0],[2.0],[1.0 41.0],False,False
[9942.0],[6328.0 8208.0],[2.0],[10.0 34.0],False,False
[9943.0],[9371.0 9912.0],[2.0],[6.0 8.0],True,False
[9944.0],[9343.0],[2.0],[6.0],False,False
[9945.0],[9084.0],[2.0],[16.0],True,False
[9946.0],[7984.0],[2.0],[6.0],True,False
[9947.0],[8634.0],[2.0],[5.0],True,False
[9948.0],[9455.0 9490.0],[2.0],[5.0],False,False
[9949.0],[8655.0],[2.0],[5.0],True,False
[9950.0],[7580.0 10082.0],[2.0],[10.0 14.0],False,False
[9951.0],[6035.0 8513.0],[2.0],[10.0 16.0],False,False
[9952.0],[9883.0],[2.0],[11.0],False,False
[9953.0],[8898.0],[2.0],[9.0],False,False
[9954.0],[6716.0],[2.0],[27.0],False,False
[9955.0],[9498.0 9942.0],[2.0],[2.0 5.0],False,False
[9956.0],[9685.0],[2.0],[19.0],True,False
[9957.0],[7497.0 8005.0],[2.0],[5.0 6.0],True,False
[9958.0],[9714.0],[2.0],[19.0],True,False
[9959.0],[8156.0],[2.0],[9.0],False,False
[9960.0],[6530.0],[2.0],[56.0],False,False
[9961.0],[6931.0],[2.0],[32.0],True,False
[9962.0],[9075.0],[2.0],[5.0],False,False
[9963.0],[9315.0 10489.0],[2.0],[1.0 7.0],False,False
[9964.0],[5940.0 10185.0],[2.0],[2.0 13.0],True,False
[9965.0],[9147.0 9792.0],[2.0],[4.0 12.0],False,False
[9966.0],[10253.0],[2.0],[9.0],True,False
[9967.0],[5753.0 10085.0],[2.0],[23.0 32.0],False,False
[9968.0],[8413.0 9837.0],[2.0],[4.0 6.0],True,False
[9969.0],[9837.0 10703.0],[2.0],[1.0 4.0],False,False
[9970.0],[8413.0 9837.0],[2.0],[4.0 6.0],True,False
[9971.0],[3207.0 10097.0],[2.0],[2.0 53.0],False,False
[9972.0],[523.0],[2.0],[68.0],False,False
[9973.0],[10406.0],[2.0],[8.0],True,False
[9974.0],[10420.0 10735.0],[2.0],[2.0 22.0],False,False
[9975.0],[819.0],[2.0],[96.0],True,False
[9976.0],[10444.0 10760.0],[2.0],[1.0],False,False
[9977.0],[10167.0],[2.0],[42.0],False,False
[9978.0],[10472.0],[2.0],[61.0],False,False
[9979.0],[8261.0],[2.0],[11.0],True,False
[9980.0],[9140.0],[2.0],[7.0],True,False
[9981.0],[3525.0],[2.0],[50.0],True,False
[9982.0],[9219.0],[2.0],[25.0],False,False
[9983.0],[9224.0],[2.0],[47.0],True,False
[9984.0],[10109.0],[2.0],[7.0],True,False
[9985.0],[605.0 9050.0],[2.0],[38.0 39.0],True,False
[9986.0],[5558.0 7645.0],[2.0],[16.0 21.0],False,False
[9987.0],[714.0],[2.0],[56.0],False,False
[9988.0],[7194.0 10761.0],[2.0],[1.0 11.0],False,False
[9989.0],[2578.0],[2.0],[38.0],False,False
[9990.0],[8923.0 8940.0],[2.0],[7.0 8.0],True,False
[9991.0],[8597.0],[2.0],[47.0],False,False
[9992.0],[9956.0],[2.0],[13.0],True,False
[9993.0],[10814.0 11010.0],[2.0],[3.0 8.0],False,False
[9994.0],[10046.0 11057.0],[2.0],[2.0 10.0],False,False
[9995.0],[9147.0 9792.0],[2.0],[4.0 12.0],True,False
[9996.0],[10912.0],[2.0],[8.0],False,False
[9997.0],[327.0 10360.0],[2.0],[27.0 38.0],False,False
[9998.0],[4451.0 9240.0],[2.0],[23.0 26.0],False,False
[9999.0],[7100.0 11080.0],[2.0],[5.0 54.0],False,False
[10000.0],[8156.0 9281.0],[2.0],[6.0 9.0],False,False
[10001.0],[10733.0],[2.0],[5.0],True,False
[10002.0],[9888.0 11093.0],[2.0],[10.0 19.0],False,False
[10003.0],[8535.0],[2.0],[12.0],True,False
[10004.0],[8526.0 11101.0],[2.0],[3.0 20.0],False,False
[10005.0],[10755.0 11106.0],[2.0],[2.0 13.0],False,False
[10006.0],[6716.0 6763.0],[2.0],[27.0 38.0],False,False
[10007.0],[7658.0 10758.0],[2.0],[3.0 8.0],False,False
[10008.0],[6777.0 11131.0],[2.0],[6.0 15.0],False,False
[10009.0],[8632.0],[2.0],[10.0],False,False
[10010.0],[9401.0],[2.0],[53.0],True,False
[10011.0],[3995.0 11232.0],[2.0],[4.0 54.0],False,False
[10012.0],[7088.0],[2.0],[42.0],False,False
[10013.0],[794.0 10407.0],[2.0],[12.0 73.0],False,False
[10014.0],[10749.0],[2.0],[3.0],False,False
[10015.0],[10168.0 11336.0],[2.0],[6.0 44.0],False,False
[10016.0],[11138.0 11155.0],[2.0],[1.0 17.0],False,False
[10017.0],[11148.0 11334.0],[2.0],[2.0 4.0],False,False
[10018.0],[8680.0 10981.0],[2.0],[3.0 15.0],True,False
[10019.0],[6976.0],[2.0],[32.0],False,False
[10020.0],[11114.0],[2.0],[3.0],False,False
[10021.0],[268.0 6895.0],[2.0],[18.0 43.0],False,False
[10022.0],[8494.0 11551.0],[2.0],[1.0 15.0],False,False
[10023.0],[5554.0],[2.0],[34.0],False,False
[10024.0],[10407.0],[2.0],[12.0],True,False
[10025.0],[10733.0],[2.0],[5.0],True,False
[10026.0],[11276.0],[2.0],[2.0],True,True
[10027.0],[9072.0 10746.0],[2.0],[6.0 8.0],False,False
[10028.0],[7163.0],[2.0],[29.0],True,False
[10029.0],[4301.0 11637.0],[2.0],[8.0 34.0],False,False
[10030.0],[9401.0],[2.0],[53.0],True,False
[10031.0],[11236.0],[2.0],[3.0],False,False
[10032.0],[8838.0 11908.0],[2.0],[8.0 20.0],False,False
[10033.0],[380.0 2969.0],[2.0],[40.0 99.0],False,False
[10034.0],[9283.0 11547.0],[2.0],[27.0 29.0],False,False
[10035.0],[5788.0],[2.0],[28.0],False,False
[10036.0],[737.0],[2.0],[55.0],True,False
[10037.0],[11578.0],[2.0],[3.0],False,False
[10038.0],[10408.0],[2.0],[17.0],False,False
[10039.0],[11580.0 11995.0],[2.0],[1.0],False,False
[10040.0],[10429.0],[2.0],[4.0],True,False
[10041.0],[7454.0 11996.0],[2.0],[2.0 14.0],True,False
[10042.0],[10472.0 12038.0],[2.0],[1.0 61.0],True,False
[10043.0],[11746.0 12124.0],[2.0],[1.0],True,False
[10044.0],[11169.0 11767.0],[2.0],[4.0 7.0],True,False
[10045.0],[5756.0 12235.0],[2.0],[5.0 77.0],False,False
[10046.0],[11689.0],[2.0],[17.0],False,False
[10047.0],[11985.0],[2.0],[2.0],True,True
[10048.0],[10155.0 11990.0],[2.0],[6.0 16.0],False,False
[10049.0],[10167.0],[2.0],[42.0],False,False
[10050.0],[8927.0 12359.0],[2.0],[1.0 13.0],False,False
[10051.0],[10969.0 12015.0],[2.0],[4.0 51.0],True,False
[10052.0],[1288.0],[2.0],[58.0],False,False
[10053.0],[10261.0 12450.0],[2.0],[1.0 6.0],True,False
[10054.0],[10356.0],[2.0],[42.0],False,False
[10055.0],[9036.0 12233.0],[2.0],[2.0 32.0],True,False
[10056.0],[70.0 12581.0],[2.0],[1.0 58.0],False,False
[10057.0],[9602.0],[2.0],[12.0],True,False
[10058.0],[10119.0 12636.0],[2.0],[1.0 15.0],False,False
[10059.0],[11960.0],[2.0],[23.0],False,False
[10060.0],[12285.0 12308.0],[2.0],[1.0 16.0],False,False
[10061.0],[11612.0],[2.0],[5.0],True,False
[10062.0],[11689.0],[2.0],[17.0],False,False
[10063.0],[9482.0],[2.0],[19.0],True,False
[10064.0],[12078.0],[2.0],[7.0],True,False
[10065.0],[11353.0 11401.0],[2.0],[6.0 10.0],False,False
[10066.0],[11232.0],[2.0],[4.0],True,False
[10067.0],[1705.0 12601.0],[2.0],[10.0 66.0],False,False
[10068.0],[571.0],[2.0],[64.0],True,False
[10069.0],[9623.0],[2.0],[24.0],False,False
[10070.0],[5788.0 11951.0],[2.0],[10.0 28.0],False,False
[10071.0],[12648.0],[2.0],[2.0],True,True
[10072.0],[10399.0 12288.0],[2.0],[4.0 20.0],True,False
[10073.0],[9861.0 11968.0],[2.0],[2.0 61.0],False,False
[10074.0],[5290.0 11962.0],[2.0],[11.0 54.0],False,False
[10075.0],[11277.0 11279.0],[2.0],[5.0 7.0],False,False
[10076.0],[12671.0 13016.0],[2.0],[1.0 2.0],False,False
[10077.0],[12321.0],[2.0],[3.0],True,False
[10078.0],[11302.0],[2.0],[58.0],False,False
[10079.0],[12364.0 13068.0],[2.0],[15.0 17.0],True,False
[10080.0],[12721.0],[2.0],[31.0],True,False
[10081.0],[5888.0],[2.0],[34.0],True,False
[10082.0],[12414.0],[2.0],[3.0],True,False
[10083.0],[11023.0 12460.0],[2.0],[5.0 18.0],True,False
[10084.0],[12582.0],[2.0],[11.0],False,False
[10085.0],[12590.0],[2.0],[9.0],True,False
[10086.0],[9041.0],[2.0],[18.0],False,False
[10087.0],[6227.0 12585.0],[2.0],[2.0 49.0],False,False
[10088.0],[7408.0],[2.0],[28.0],True,False
[10089.0],[13005.0],[2.0],[3.0],True,False
[10090.0],[9651.0 13361.0],[2.0],[9.0 11.0],False,False
[10091.0],[10408.0 13391.0],[2.0],[1.0 17.0],False,False
[10092.0],[11150.0 12735.0],[2.0],[28.0 51.0],False,False
[10093.0],[12406.0],[2.0],[6.0],True,False
[10094.0],[11762.0 13187.0],[2.0],[4.0 6.0],False,False
[10095.0],[12438.0],[2.0],[7.0],True,False
[10096.0],[10698.0 13704.0],[2.0],[1.0 15.0],False,False
[10097.0],[10374.0],[2.0],[18.0],False,False
[10098.0],[12992.0 13732.0],[2.0],[1.0 10.0],False,False
[10099.0],[11269.0],[2.0],[29.0],True,False
[10100.0],[13009.0],[2.0],[7.0],False,False
[10101.0],[12671.0 13755.0],[2.0],[1.0 2.0],False,False
[10102.0],[12677.0 12693.0],[2.0],[6.0 9.0],False,False
[10103.0],[13367.0],[2.0],[3.0],True,False
[10104.0],[11621.0],[2.0],[6.0],True,False
[10105.0],[11629.0],[2.0],[42.0],True,False
[10106.0],[8568.0 12351.0],[2.0],[7.0 26.0],True,False
[10107.0],[12752.0],[2.0],[24.0],True,False
[10108.0],[1253.0 11752.0],[2.0],[12.0 51.0],True,False
[10109.0],[12399.0],[2.0],[9.0],True,False
[10110.0],[1265.0 13523.0],[2.0],[13.0 45.0],False,False
[10111.0],[11241.0],[2.0],[6.0],True,False
[10112.0],[10701.0],[2.0],[13.0],False,False
[10113.0],[9245.0 13711.0],[2.0],[3.0 9.0],False,False
[10114.0],[12269.0 12991.0],[2.0],[7.0 9.0],False,False
[10115.0],[13329.0 14007.0],[2.0],[2.0 17.0],False,False
[10116.0],[10128.0 13741.0],[2.0],[1.0 24.0],False,False
[10117.0],[12768.0],[2.0],[23.0],False,False
[10118.0],[12702.0],[2.0],[21.0],True,False
[10119.0],[12714.0],[2.0],[6.0],False,False
[10120.0],[11311.0 13779.0],[2.0],[32.0 57.0],False,False
[10121.0],[5109.0 10977.0],[2.0],[14.0 31.0],False,False
[10122.0],[13881.0],[2.0],[21.0],False,False
[10123.0],[11763.0 13639.0],[2.0],[6.0 12.0],False,False
[10124.0],[10859.0],[2.0],[8.0],False,False
[10125.0],[202.0],[2.0],[96.0],True,False
[10126.0],[2155.0],[2.0],[73.0],False,False
[10127.0],[13987.0 14170.0],[2.0],[1.0 3.0],False,False
[10128.0],[10926.0],[2.0],[34.0],False,False
[10129.0],[12677.0],[2.0],[9.0],False,False
[10130.0],[6716.0 11655.0],[2.0],[27.0 29.0],False,False
[10131.0],[6976.0 11150.0],[2.0],[32.0 51.0],False,False
[10132.0],[12714.0],[2.0],[6.0],False,False
[10133.0],[12768.0],[2.0],[23.0],False,False
[10134.0],[9950.0],[2.0],[15.0],False,False
[10135.0],[13857.0 14247.0],[2.0],[4.0 33.0],False,False
[10136.0],[13821.0],[2.0],[4.0],False,False
[10137.0],[12440.0],[2.0],[13.0],True,False
[10138.0],[9489.0],[2.0],[44.0],False,False
[10139.0],[300.0],[2.0],[70.0],False,False
[10140.0],[12993.0],[2.0],[13.0],False,False
[10141.0],[2346.0 10400.0],[2.0],[44.0 65.0],False,False
[10142.0],[6931.0 14497.0],[2.0],[1.0 32.0],False,False
[10143.0],[6117.0 14502.0],[2.0],[10.0 39.0],False,False
[10144.0],[6931.0],[2.0],[32.0],True,False
[10145.0],[12329.0],[2.0],[8.0],False,False
[10146.0],[9107.0],[2.0],[59.0],True,False
[10147.0],[13092.0 14568.0],[2.0],[7.0 13.0],True,False
[10148.0],[13652.0],[2.0],[13.0],False,False
[10149.0],[6814.0],[2.0],[58.0],False,False
[10150.0],[12090.0],[2.0],[11.0],True,False
[10151.0],[12078.0],[2.0],[7.0],True,False
[10152.0],[14297.0],[2.0],[2.0],True,True
[10153.0],[14287.0],[2.0],[2.0],False,True
[10154.0],[12569.0],[2.0],[5.0],True,False
[10155.0],[358.0],[2.0],[52.0],True,False
[10156.0],[1951.0 7106.0],[2.0],[74.0 82.0],False,False
[10157.0],[11541.0],[2.0],[13.0],True,False
[10158.0],[514.0],[2.0],[75.0],False,False
[10159.0],[11628.0],[2.0],[8.0],False,False
[10160.0],[14482.0],[2.0],[3.0],True,False
[10161.0],[14491.0],[2.0],[2.0],True,True
[10162.0],[14026.0 15084.0],[2.0],[2.0 3.0],False,False
[10163.0],[13090.0],[2.0],[21.0],True,False
[10164.0],[12436.0],[2.0],[16.0],True,False
[10165.0],[12438.0 12785.0],[2.0],[7.0 25.0],False,False
[10166.0],[13510.0],[2.0],[9.0],True,False
[10167.0],[13128.0],[2.0],[11.0],True,False
[10168.0],[12854.0],[2.0],[17.0],False,False
[10169.0],[13576.0],[2.0],[4.0],True,False
[10170.0],[14161.0],[2.0],[10.0],False,False
[10171.0],[13700.0 15342.0],[2.0],[1.0 4.0],True,False
[10172.0],[12604.0],[2.0],[17.0],False,False
[10173.0],[14912.0 14913.0],[2.0],[1.0 33.0],False,False
[10174.0],[13357.0 15424.0],[2.0],[1.0 4.0],False,False
[10175.0],[8526.0 14500.0],[2.0],[4.0 20.0],False,False
[10176.0],[7679.0 14535.0],[2.0],[13.0 26.0],True,False
[10177.0],[14973.0],[2.0],[9.0],True,False
[10178.0],[14553.0 15446.0],[2.0],[2.0 4.0],False,False
[10179.0],[10408.0],[2.0],[17.0],False,False
[10180.0],[14558.0],[2.0],[10.0],False,False
[10181.0],[13790.0],[2.0],[9.0],False,False
[10182.0],[14015.0 14546.0],[2.0],[3.0 4.0],True,False
[10183.0],[14083.0],[2.0],[13.0],False,False
[10184.0],[12348.0 13506.0],[2.0],[7.0 28.0],False,False
[10185.0],[1398.0 15159.0],[2.0],[12.0 50.0],True,False
[10186.0],[12243.0],[2.0],[20.0],True,False
[10187.0],[2986.0 14465.0],[2.0],[9.0 72.0],False,False
[10188.0],[15395.0],[2.0],[3.0],True,False
[10189.0],[11608.0],[2.0],[20.0],False,False
[10190.0],[11632.0 15428.0],[2.0],[1.0 17.0],False,False
[10191.0],[14965.0],[2.0],[18.0],False,False
[10192.0],[13787.0],[2.0],[7.0],True,False
[10193.0],[14973.0],[2.0],[9.0],False,False
[10194.0],[15444.0],[2.0],[5.0],True,False
[10195.0],[15086.0],[2.0],[11.0],True,False
[10196.0],[6753.0 13816.0],[2.0],[7.0 31.0],False,False
[10197.0],[8662.0],[2.0],[25.0],True,False
[10198.0],[9435.0],[2.0],[18.0],True,False
[10199.0],[13090.0],[2.0],[21.0],True,False
[10200.0],[8405.0],[2.0],[29.0],False,False
[10201.0],[14429.0],[2.0],[4.0],True,False
[10202.0],[12992.0],[2.0],[10.0],True,False
[10203.0],[15401.0],[2.0],[4.0],True,False
[10204.0],[15018.0],[2.0],[10.0],False,False
[10205.0],[14965.0],[2.0],[18.0],False,False
[10206.0],[14495.0],[2.0],[7.0],False,False
[10207.0],[7176.0],[2.0],[32.0],False,False
[10208.0],[7703.0],[2.0],[54.0],False,False
[10209.0],[13068.0 14254.0],[2.0],[5.0 15.0],False,False
[10210.0],[15032.0],[2.0],[9.0],True,False
[10211.0],[10781.0],[2.0],[27.0],True,False
[10212.0],[14081.0 15098.0],[2.0],[3.0 4.0],True,False
[10213.0],[10523.0],[2.0],[15.0],True,False
[10214.0],[15846.0],[2.0],[13.0],True,False
[10215.0],[1078.0],[2.0],[97.0],False,False
[10216.0],[15896.0],[2.0],[3.0],True,False
[10217.0],[14158.0],[2.0],[10.0],True,False
[10218.0],[14421.0],[2.0],[9.0],False,False
[10219.0],[13997.0],[2.0],[26.0],True,False
[10220.0],[14959.0 16149.0],[2.0],[1.0 7.0],False,False
[10221.0],[14214.0 16543.0],[2.0],[2.0 6.0],False,False
[10222.0],[15742.0],[2.0],[3.0],True,False
[10223.0],[15470.0 15530.0],[2.0],[9.0 15.0],False,False
[10224.0],[11777.0 15853.0],[2.0],[2.0 34.0],False,False
[10225.0],[13088.0],[2.0],[13.0],True,False
[10226.0],[10223.0 15878.0],[2.0],[23.0 44.0],True,False
[10227.0],[276.0],[2.0],[69.0],True,False
[10228.0],[15705.0],[2.0],[12.0],True,False
[10229.0],[698.0],[2.0],[56.0],True,False
[10230.0],[15723.0],[2.0],[23.0],False,False
[10231.0],[16582.0],[2.0],[5.0],True,False
[10232.0],[12350.0 16980.0],[2.0],[6.0 16.0],False,False
[10233.0],[15822.0],[2.0],[9.0],True,False
[10234.0],[14637.0 16652.0],[2.0],[2.0 4.0],False,False
[10235.0],[15531.0 17017.0],[2.0],[25.0 27.0],True,False
[10236.0],[16710.0],[2.0],[8.0],False,False
[10237.0],[16711.0],[2.0],[2.0],True,True
[10238.0],[16885.0 17231.0],[2.0],[1.0],False,False
[10239.0],[14443.0],[2.0],[13.0],True,False
[10240.0],[14872.0 17261.0],[2.0],[4.0 7.0],True,False
[10241.0],[16499.0 16912.0],[2.0],[4.0 8.0],False,False
[10242.0],[16939.0],[2.0],[39.0],True,False
[10243.0],[14946.0 17282.0],[2.0],[5.0 11.0],False,False
[10244.0],[16949.0 17288.0],[2.0],[1.0 6.0],False,False
[10245.0],[16950.0],[2.0],[3.0],True,False
[10246.0],[14965.0 16584.0],[2.0],[2.0 18.0],False,False
[10247.0],[13778.0 16953.0],[2.0],[2.0 16.0],False,False
[10248.0],[6055.0],[2.0],[53.0],True,False
[10249.0],[15774.0 16638.0],[2.0],[8.0 16.0],False,False
[10250.0],[13134.0],[2.0],[18.0],False,False
[10251.0],[17102.0 17413.0],[2.0],[5.0 14.0],False,False
[10252.0],[17021.0],[2.0],[7.0],True,False
[10253.0],[4318.0],[2.0],[44.0],True,False
[10254.0],[16271.0 17463.0],[2.0],[4.0 6.0],True,False
[10255.0],[17218.0],[2.0],[6.0],False,False
[10256.0],[14162.0 16879.0],[2.0],[2.0 24.0],False,False
[10257.0],[276.0 2955.0],[2.0],[61.0 69.0],True,False
[10258.0],[17244.0 17245.0],[2.0],[1.0 4.0],True,False
[10259.0],[17253.0],[2.0],[21.0],True,False
[10260.0],[2983.0],[2.0],[62.0],True,False
[10261.0],[10763.0 17675.0],[2.0],[16.0 37.0],False,False
[10262.0],[10123.0 16143.0],[2.0],[10.0 19.0],False,False
[10263.0],[15040.0],[2.0],[11.0],True,False
[10264.0],[17431.0 18006.0],[2.0],[3.0],True,False
[10265.0],[14283.0 16261.0],[2.0],[6.0 10.0],False,False
[10266.0],[17023.0 17426.0],[2.0],[2.0 3.0],True,False
[10267.0],[12961.0 16049.0],[2.0],[5.0 12.0],True,False
[10268.0],[15705.0 18058.0],[2.0],[12.0 16.0],False,False
[10269.0],[14443.0],[2.0],[13.0],True,False
[10270.0],[17670.0],[2.0],[24.0],True,False
[10271.0],[16932.0 18135.0],[2.0],[1.0 14.0],False,False
[10272.0],[16942.0 18142.0],[2.0],[1.0 6.0],False,False
[10273.0],[15423.0 15774.0],[2.0],[9.0 16.0],False,False
[10274.0],[14195.0],[2.0],[11.0],True,False
[10275.0],[15006.0],[2.0],[16.0],True,False
[10276.0],[15459.0],[2.0],[7.0],True,False
[10277.0],[17371.0 18210.0],[2.0],[5.0 7.0],False,False
[10278.0],[15481.0],[2.0],[16.0],True,False
[10279.0],[17373.0],[2.0],[16.0],True,False
[10280.0],[17899.0],[2.0],[4.0],True,False
[10281.0],[17043.0 18018.0],[2.0],[2.0 5.0],False,False
[10282.0],[17905.0],[2.0],[30.0],True,False
[10283.0],[13652.0],[2.0],[13.0],True,False
[10284.0],[10695.0],[2.0],[43.0],False,False
[10285.0],[2299.0],[2.0],[89.0],False,False
[10286.0],[11926.0 16055.0],[2.0],[18.0 22.0],False,False
[10287.0],[535.0],[2.0],[99.0],True,False
[10288.0],[18108.0 18479.0],[2.0],[4.0 6.0],False,False
[10289.0],[16525.0],[2.0],[16.0],True,False
[10290.0],[8883.0 13997.0],[2.0],[26.0 68.0],False,False
[10291.0],[17693.0],[2.0],[20.0],False,False
[10292.0],[16945.0],[2.0],[5.0],True,False
[10293.0],[10144.0],[2.0],[18.0],True,False
[10294.0],[17766.0],[2.0],[3.0],True,False
[10295.0],[16197.0 18533.0],[2.0],[5.0],False,False
[10296.0],[16993.0 17813.0],[2.0],[4.0],False,False
[10297.0],[17860.0],[2.0],[8.0],True,False
[10298.0],[17250.0 18080.0],[2.0],[3.0 6.0],True,False
[10299.0],[630.0],[2.0],[99.0],False,False
[10300.0],[6528.0 18127.0],[2.0],[2.0 57.0],False,False
[10301.0],[16935.0],[2.0],[4.0],True,False
[10302.0],[12702.0 15452.0],[2.0],[8.0 21.0],False,False
[10303.0],[18188.0],[2.0],[3.0],True,False
[10304.0],[18574.0],[2.0],[3.0],True,False
[10305.0],[16667.0],[2.0],[7.0],True,False
[10306.0],[13088.0],[2.0],[13.0],True,False
[10307.0],[18273.0],[2.0],[12.0],True,False
[10308.0],[17828.0 18627.0],[2.0],[1.0 12.0],False,False
[10309.0],[18733.0 19219.0],[2.0],[2.0 6.0],False,False
[10310.0],[18059.0 19223.0],[2.0],[1.0 22.0],False,False
[10311.0],[18794.0],[2.0],[32.0],True,False
[10312.0],[15733.0 16939.0],[2.0],[28.0 39.0],False,False
[10313.0],[17288.0],[2.0],[6.0],True,False
[10314.0],[17775.0 19289.0],[2.0],[3.0 5.0],False,False
[10315.0],[18855.0],[2.0],[8.0],True,False
[10316.0],[14965.0],[2.0],[18.0],False,False
[10317.0],[9884.0 16964.0],[2.0],[8.0 37.0],False,False
[10318.0],[16980.0],[2.0],[6.0],True,False
[10319.0],[17809.0],[2.0],[38.0],True,False
[10320.0],[17003.0],[2.0],[16.0],True,False
[10321.0],[5613.0 18573.0],[2.0],[7.0 39.0],True,False
[10322.0],[16430.0 18256.0],[2.0],[8.0 16.0],True,False
[10323.0],[17408.0],[2.0],[11.0],False,False
[10324.0],[16211.0 19383.0],[2.0],[24.0],True,False
[10325.0],[16305.0],[2.0],[16.0],True,False
[10326.0],[19100.0],[2.0],[3.0],False,False
[10327.0],[19224.0],[2.0],[3.0],False,False
[10328.0],[18804.0 19256.0],[2.0],[2.0 6.0],False,False
[10329.0],[6528.0 19281.0],[2.0],[2.0 57.0],False,False
[10330.0],[12666.0 19603.0],[2.0],[2.0 43.0],True,False
[10331.0],[17288.0 19606.0],[2.0],[1.0 6.0],False,False
[10332.0],[18877.0],[2.0],[8.0],False,False
[10333.0],[15748.0 18847.0],[2.0],[6.0 11.0],True,False
[10334.0],[18877.0],[2.0],[8.0],False,False
[10335.0],[12043.0],[2.0],[21.0],False,False
[10336.0],[9117.0 17823.0],[2.0],[5.0 32.0],False,False
[10337.0],[19378.0],[2.0],[5.0],True,False
[10338.0],[19391.0 19688.0],[2.0],[2.0 6.0],True,False
[10339.0],[12604.0 19844.0],[2.0],[4.0 17.0],False,False
[10340.0],[18814.0 19853.0],[2.0],[7.0 19.0],False,False
[10341.0],[14523.0 19631.0],[2.0],[1.0 46.0],True,False
[10342.0],[18499.0],[2.0],[9.0],True,False
[10343.0],[19317.0],[2.0],[4.0],True,False
[10344.0],[18540.0],[2.0],[4.0],True,False
[10345.0],[16968.0 18923.0],[2.0],[6.0 7.0],False,False
[10346.0],[19651.0],[2.0],[7.0],False,False
[10347.0],[11396.0 13955.0],[2.0],[12.0 15.0],False,False
[10348.0],[14612.0 18301.0],[2.0],[11.0 34.0],False,False
[10349.0],[18443.0 20095.0],[2.0],[1.0 5.0],False,False
[10350.0],[15705.0 20154.0],[2.0],[2.0 12.0],False,False
[10351.0],[18060.0 18062.0],[2.0],[6.0 10.0],True,False
[10352.0],[18063.0],[2.0],[14.0],False,False
[10353.0],[19853.0],[2.0],[19.0],True,False
[10354.0],[620.0],[2.0],[93.0],True,False
[10355.0],[19860.0],[2.0],[17.0],True,False
[10356.0],[10729.0 20200.0],[2.0],[10.0 29.0],False,False
[10357.0],[14189.0],[2.0],[17.0],True,False
[10358.0],[17708.0 18499.0],[2.0],[8.0 9.0],False,False
[10359.0],[19620.0],[2.0],[12.0],True,False
[10360.0],[9662.0 20334.0],[2.0],[1.0 25.0],False,False
[10361.0],[14222.0 18911.0],[2.0],[3.0 21.0],True,False
[10362.0],[15871.0],[2.0],[32.0],True,False
[10363.0],[17844.0],[2.0],[17.0],True,False
[10364.0],[15948.0],[2.0],[16.0],True,False
[10365.0],[19743.0],[2.0],[4.0],False,False
[10366.0],[17253.0 20127.0],[2.0],[3.0 21.0],False,False
[10367.0],[19240.0 20618.0],[2.0],[2.0 18.0],True,False
[10368.0],[19637.0 20677.0],[2.0],[1.0 3.0],True,False
[10369.0],[17757.0 18533.0],[2.0],[5.0 7.0],False,False
[10370.0],[14005.0 18880.0],[2.0],[6.0 22.0],True,False
[10371.0],[13435.0],[2.0],[27.0],True,False
[10372.0],[17819.0 20335.0],[2.0],[10.0 21.0],False,False
[10373.0],[18695.0 20437.0],[2.0],[3.0 13.0],False,False
[10374.0],[14427.0],[2.0],[22.0],True,False
[10375.0],[20152.0 20984.0],[2.0],[2.0 5.0],True,False
[10376.0],[20172.0],[2.0],[16.0],True,False
[10377.0],[20225.0],[2.0],[5.0],True,False
[10378.0],[20280.0 20681.0],[2.0],[1.0 11.0],False,False
[10379.0],[20322.0 21115.0],[2.0],[2.0 3.0],True,False
[10380.0],[19383.0],[2.0],[24.0],True,False
[10381.0],[18968.0 21155.0],[2.0],[1.0 11.0],False,False
[10382.0],[6814.0 20399.0],[2.0],[33.0 58.0],False,False
[10383.0],[20045.0],[2.0],[4.0],False,False
[10384.0],[14781.0 20548.0],[2.0],[13.0 21.0],True,False
[10385.0],[16028.0],[2.0],[21.0],True,False
[10386.0],[16450.0 21368.0],[2.0],[1.0 38.0],False,False
[10387.0],[18763.0],[2.0],[4.0],True,False
[10388.0],[20631.0],[2.0],[7.0],False,False
[10389.0],[700.0 21028.0],[2.0],[1.0 80.0],False,False
[10390.0],[14043.0 21509.0],[2.0],[1.0 18.0],False,False
[10391.0],[21144.0],[2.0],[2.0],True,True
[10392.0],[11759.0 21570.0],[2.0],[2.0 48.0],False,False
[10393.0],[19071.0 20848.0],[2.0],[2.0 16.0],True,False
[10394.0],[13326.0],[2.0],[21.0],True,False
[10395.0],[21432.0 21816.0],[2.0],[1.0 10.0],False,False
[10396.0],[20699.0],[2.0],[20.0],False,False
[10397.0],[19641.0],[2.0],[9.0],True,False
[10398.0],[16586.0 21127.0],[2.0],[13.0 23.0],False,False
[10399.0],[16132.0 21099.0],[2.0],[2.0 14.0],False,False
[10400.0],[21487.0 21922.0],[2.0],[1.0 2.0],False,False
[10401.0],[18300.0],[2.0],[12.0],True,False
[10402.0],[21391.0],[2.0],[5.0],True,False
[10403.0],[13301.0],[2.0],[33.0],False,False
[10404.0],[17678.0],[2.0],[16.0],True,False
[10405.0],[17693.0],[2.0],[20.0],True,False
[10406.0],[16129.0 20664.0],[2.0],[10.0 12.0],False,False
[10407.0],[21086.0],[2.0],[4.0],True,False
[10408.0],[17003.0 21961.0],[2.0],[1.0 16.0],False,False
[10409.0],[21750.0 22212.0],[2.0],[3.0 6.0],False,False
[10410.0],[18054.0 22217.0],[2.0],[3.0 22.0],False,False
[10411.0],[20958.0 22216.0],[2.0],[1.0 13.0],False,False
[10412.0],[16034.0 18432.0],[2.0],[12.0 29.0],False,False
[10413.0],[20133.0],[2.0],[23.0],False,False
[10414.0],[16065.0 21403.0],[2.0],[11.0 19.0],False,False
[10415.0],[22226.0],[2.0],[2.0],True,True
[10416.0],[20155.0],[2.0],[4.0],True,False
[10417.0],[653.0],[2.0],[74.0],True,False
[10418.0],[14934.0 21018.0],[2.0],[14.0 30.0],False,False
[10419.0],[20664.0 22301.0],[2.0],[4.0 12.0],False,False
[10420.0],[19412.0 22589.0],[2.0],[3.0 8.0],False,False
[10421.0],[19662.0 21493.0],[2.0],[3.0 32.0],False,False
[10422.0],[9884.0],[2.0],[37.0],False,False
[10423.0],[19047.0 20810.0],[2.0],[6.0 14.0],False,False
[10424.0],[21137.0],[2.0],[13.0],True,False
[10425.0],[22043.0 22398.0],[2.0],[5.0 17.0],False,False
[10426.0],[22353.0],[2.0],[4.0],True,False
[10427.0],[21177.0],[2.0],[8.0],True,False
[10428.0],[14597.0 22727.0],[2.0],[4.0 32.0],False,False
[10429.0],[21762.0],[2.0],[4.0],True,False
[10430.0],[20596.0],[2.0],[7.0],True,False
[10431.0],[14874.0 14885.0],[2.0],[26.0 34.0],False,False
[10432.0],[567.0 22546.0],[2.0],[16.0 88.0],True,False
[10433.0],[22585.0 22591.0],[2.0],[1.0 7.0],False,False
[10434.0],[20680.0 22579.0],[2.0],[3.0],False,False
[10435.0],[20306.0 22985.0],[2.0],[6.0 12.0],False,False
[10436.0],[19872.0 22958.0],[2.0],[1.0 6.0],False,False
[10437.0],[22298.0 22640.0],[2.0],[2.0 4.0],False,False
[10438.0],[22692.0],[2.0],[7.0],True,False
[10439.0],[21137.0 22693.0],[2.0],[4.0 13.0],True,False
[10440.0],[22700.0],[2.0],[7.0],True,False
[10441.0],[22363.0 22764.0],[2.0],[5.0 8.0],False,False
[10442.0],[19432.0 23227.0],[2.0],[1.0 30.0],True,False
[10443.0],[22785.0 23161.0],[2.0],[9.0 11.0],False,False
[10444.0],[20609.0],[2.0],[10.0],True,False
[10445.0],[19257.0 22918.0],[2.0],[1.0 14.0],False,False
[10446.0],[19257.0 22918.0],[2.0],[1.0 14.0],False,False
[10447.0],[19265.0 22537.0],[2.0],[25.0 26.0],True,False
[10448.0],[22253.0],[2.0],[4.0],True,False
[10449.0],[22971.0 23353.0],[2.0],[1.0],False,False
[10450.0],[16966.0 23371.0],[2.0],[1.0 13.0],False,False
[10451.0],[21493.0 22993.0],[2.0],[3.0],False,False
[10452.0],[14965.0 23371.0],[2.0],[1.0 18.0],False,False
[10453.0],[21503.0],[2.0],[11.0],False,False
[10454.0],[22624.0 23418.0],[2.0],[1.0 7.0],False,False
[10455.0],[16174.0 20758.0],[2.0],[4.0 24.0],True,False
[10456.0],[20723.0 23407.0],[2.0],[6.0],True,False
[10457.0],[23066.0],[2.0],[2.0],True,True
[10458.0],[21538.0 22693.0],[2.0],[4.0 6.0],True,False
[10459.0],[20779.0 23044.0],[2.0],[3.0 7.0],False,False
[10460.0],[21577.0 22730.0],[2.0],[10.0 12.0],True,False
[10461.0],[11520.0],[2.0],[40.0],False,False
[10462.0],[14837.0 23641.0],[2.0],[2.0 26.0],False,False
[10463.0],[4459.0 23321.0],[2.0],[1.0 63.0],True,False
[10464.0],[19260.0],[2.0],[11.0],True,False
[10465.0],[571.0 23338.0],[2.0],[21.0 64.0],False,False
[10466.0],[21426.0 23660.0],[2.0],[5.0 12.0],False,False
[10467.0],[15393.0 20664.0],[2.0],[12.0 28.0],False,False
[10468.0],[22272.0],[2.0],[6.0],True,False
[10469.0],[22329.0 22637.0],[2.0],[4.0],True,False
[10470.0],[21159.0],[2.0],[8.0],True,False
[10471.0],[17848.0 23829.0],[2.0],[4.0 15.0],True,False
[10472.0],[23480.0],[2.0],[14.0],True,False
[10473.0],[22392.0],[2.0],[24.0],True,False
[10474.0],[20129.0],[2.0],[11.0],True,False
[10475.0],[20177.0 23663.0],[2.0],[9.0 14.0],False,False
[10476.0],[22589.0 24079.0],[2.0],[3.0 5.0],False,False
[10477.0],[22311.0],[2.0],[21.0],True,False
[10478.0],[21097.0],[2.0],[11.0],True,False
[10479.0],[10167.0],[2.0],[42.0],False,False
[10480.0],[21885.0 23403.0],[2.0],[2.0 3.0],True,False
[10481.0],[23090.0 23491.0],[2.0],[2.0 3.0],False,False
[10482.0],[23888.0],[2.0],[2.0],False,True
[10483.0],[17844.0],[2.0],[17.0],True,False
[10484.0],[22018.0 23110.0],[2.0],[8.0 10.0],True,False
[10485.0],[18276.0],[2.0],[17.0],False,False
[10486.0],[23466.0],[2.0],[19.0],True,False
[10487.0],[21775.0],[2.0],[6.0],False,False
[10488.0],[320.0],[2.0],[97.0],False,False
[10489.0],[23331.0 24043.0],[2.0],[2.0 3.0],False,False
[10490.0],[24045.0],[2.0],[2.0],False,True
[10491.0],[561.0 24438.0],[2.0],[3.0 98.0],False,False
[10492.0],[20191.0],[2.0],[17.0],True,False
[10493.0],[18857.0],[2.0],[10.0],True,False
[10494.0],[24104.0 24471.0],[2.0],[1.0 3.0],False,False
[10495.0],[20280.0 24124.0],[2.0],[3.0 11.0],False,False
[10496.0],[18281.0],[2.0],[15.0],False,False
[10497.0],[17448.0],[2.0],[32.0],True,False
[10498.0],[23625.0 23998.0],[2.0],[4.0 5.0],False,False
[10499.0],[15343.0],[2.0],[26.0],True,False
[10500.0],[18082.0],[2.0],[21.0],True,False
[10501.0],[22915.0],[2.0],[26.0],False,False
[10502.0],[17253.0 24435.0],[2.0],[8.0 21.0],True,False
[10503.0],[16093.0],[2.0],[22.0],True,False
[10504.0],[21443.0 22946.0],[2.0],[4.0 6.0],False,False
[10505.0],[18198.0],[2.0],[16.0],False,False
[10506.0],[23785.0 24897.0],[2.0],[1.0 3.0],True,False
[10507.0],[24199.0 24543.0],[2.0],[2.0 5.0],True,False
[10508.0],[14005.0 18862.0],[2.0],[7.0 22.0],True,False
[10509.0],[24561.0 24570.0],[2.0],[1.0 8.0],False,False
[10510.0],[24629.0],[2.0],[6.0],True,False
[10511.0],[23633.0],[2.0],[9.0],False,False
[10512.0],[18777.0],[2.0],[37.0],False,False
[10513.0],[24790.0 25106.0],[2.0],[1.0 2.0],True,False
[10514.0],[22927.0],[2.0],[7.0],True,False
[10515.0],[630.0],[2.0],[99.0],False,False
[10516.0],[17667.0 22576.0],[2.0],[11.0 21.0],False,False
[10517.0],[13747.0],[2.0],[29.0],True,False
[10518.0],[16144.0],[2.0],[40.0],True,False
[10519.0],[24832.0],[2.0],[2.0],True,True
[10520.0],[19625.0],[2.0],[17.0],True,False
[10521.0],[16724.0],[2.0],[29.0],False,False
[10522.0],[11160.0 19475.0],[2.0],[18.0 35.0],True,False
[10523.0],[24764.0],[2.0],[7.0],True,False
[10524.0],[17253.0 25459.0],[2.0],[1.0 21.0],False,False
[10525.0],[407.0],[2.0],[98.0],True,False
[10526.0],[17253.0 25459.0],[2.0],[1.0 21.0],True,False
[10527.0],[19577.0],[2.0],[33.0],False,False
[10528.0],[24806.0],[2.0],[3.0],True,False
[10529.0],[15393.0 24810.0],[2.0],[2.0 28.0],False,False
[10530.0],[20280.0 25507.0],[2.0],[1.0 11.0],False,False
[10531.0],[24111.0],[2.0],[7.0],True,False
[10532.0],[22585.0 24467.0],[2.0],[5.0 7.0],False,False
[10533.0],[19660.0],[2.0],[11.0],True,False
[10534.0],[23450.0 23804.0],[2.0],[6.0 20.0],False,False
[10535.0],[24892.0],[2.0],[14.0],True,False
[10536.0],[23121.0 23468.0],[2.0],[4.0 5.0],True,False
[10537.0],[25160.0 25727.0],[2.0],[1.0 8.0],False,False
[10538.0],[25230.0],[2.0],[15.0],False,False
[10539.0],[7703.0 21920.0],[2.0],[10.0 54.0],False,False
[10540.0],[19636.0],[2.0],[26.0],True,False
[10541.0],[17905.0 21576.0],[2.0],[7.0 30.0],True,False
[10542.0],[24533.0 25047.0],[2.0],[3.0 14.0],True,False
[10543.0],[24305.0 25594.0],[2.0],[1.0 4.0],False,False
[10544.0],[25114.0],[2.0],[8.0],False,False
[10545.0],[840.0],[2.0],[99.0],False,False
[10546.0],[23692.0],[2.0],[13.0],False,False
[10547.0],[16145.0],[2.0],[35.0],False,False
[10548.0],[19733.0 19869.0],[2.0],[10.0 13.0],False,False
[10549.0],[24486.0],[2.0],[8.0],True,False
[10550.0],[22010.0 25755.0],[2.0],[1.0 17.0],False,False
[10551.0],[21951.0 25243.0],[2.0],[5.0 11.0],False,False
[10552.0],[23480.0 26023.0],[2.0],[11.0 14.0],True,False
[10553.0],[21141.0 25845.0],[2.0],[6.0 22.0],True,False
[10554.0],[25657.0],[2.0],[18.0],True,False
[10555.0],[16458.0 24754.0],[2.0],[4.0 35.0],False,False
[10556.0],[10695.0 24005.0],[2.0],[23.0 43.0],False,False
[10557.0],[14833.0],[2.0],[43.0],False,False
[10558.0],[23319.0 25709.0],[2.0],[8.0 12.0],False,False
[10559.0],[25945.0],[2.0],[2.0],True,True
[10560.0],[19263.0],[2.0],[27.0],False,False
[10561.0],[16099.0],[2.0],[39.0],False,False
[10562.0],[18823.0],[2.0],[34.0],False,False
[10563.0],[23721.0 23724.0],[2.0],[8.0 9.0],False,False
[10564.0],[24243.0],[2.0],[13.0],False,False
[10565.0],[23412.0],[2.0],[23.0],False,False
[10566.0],[23412.0],[2.0],[23.0],False,False
[10567.0],[25795.0 26023.0],[2.0],[7.0 11.0],False,False
[10568.0],[5359.0],[2.0],[79.0],False,False
[10569.0],[24618.0 26238.0],[2.0],[1.0 5.0],True,False
[10570.0],[23906.0],[2.0],[9.0],True,False
[10571.0],[25095.0],[2.0],[3.0],True,False
[10572.0],[22526.0],[2.0],[26.0],False,False
[10573.0],[23644.0],[2.0],[23.0],False,False
[10574.0],[14176.0],[2.0],[47.0],False,False
[10575.0],[25470.0 26372.0],[2.0],[5.0 14.0],False,False
[10576.0],[22597.0 25971.0],[2.0],[2.0 15.0],False,False
[10577.0],[26171.0],[2.0],[15.0],True,False
[10578.0],[24084.0 24243.0],[2.0],[6.0 13.0],False,False
[10579.0],[21127.0 26057.0],[2.0],[13.0 14.0],False,False
[10580.0],[18955.0],[2.0],[20.0],True,False
[10581.0],[10811.0 22665.0],[2.0],[18.0 53.0],False,False
[10582.0],[19919.0],[2.0],[20.0],True,False
[10583.0],[23555.0 26519.0],[2.0],[1.0 9.0],False,False
[10584.0],[20158.0],[2.0],[21.0],True,False
[10585.0],[25716.0],[2.0],[10.0],True,False
[10586.0],[22930.0],[2.0],[26.0],True,False
[10587.0],[26379.0 26690.0],[2.0],[3.0 7.0],False,False
[10588.0],[23765.0],[2.0],[6.0],False,False
[10589.0],[26190.0 26722.0],[2.0],[4.0],True,False
[10590.0],[25559.0 25795.0],[2.0],[7.0 12.0],True,False
[10591.0],[26049.0 26527.0],[2.0],[1.0 4.0],True,False
[10592.0],[26532.0],[2.0],[8.0],True,False
[10593.0],[23633.0],[2.0],[9.0],True,False
[10594.0],[407.0 26669.0],[2.0],[2.0 98.0],True,False
[10595.0],[2980.0],[2.0],[86.0],False,False
[10596.0],[12666.0 24800.0],[2.0],[7.0 43.0],False,False
[10597.0],[24456.0],[2.0],[21.0],False,False
[10598.0],[19298.0],[2.0],[25.0],False,False
[10599.0],[25497.0 25498.0],[2.0],[15.0 17.0],False,False
[10600.0],[25165.0],[2.0],[11.0],False,False
[10601.0],[23480.0 23814.0],[2.0],[12.0 14.0],False,False
[10602.0],[26723.0],[2.0],[10.0],False,False
[10603.0],[26443.0 26731.0],[2.0],[1.0 2.0],False,False
[10604.0],[25243.0],[2.0],[11.0],True,False
[10605.0],[17905.0],[2.0],[30.0],False,False
[10606.0],[25803.0],[2.0],[5.0],False,False
[10607.0],[21779.0],[2.0],[14.0],False,False
[10608.0],[23637.0 27169.0],[2.0],[12.0 14.0],False,False
[10609.0],[26340.0],[2.0],[12.0],True,False
[10610.0],[23643.0],[2.0],[14.0],True,False
[10611.0],[26902.0],[2.0],[2.0],True,True
[10612.0],[24155.0 26977.0],[2.0],[2.0 18.0],False,False
[10613.0],[26416.0 26426.0],[2.0],[7.0 8.0],False,False
[10614.0],[26982.0 26990.0],[2.0],[3.0 10.0],True,False
[10615.0],[23821.0 26994.0],[2.0],[1.0 13.0],False,False
[10616.0],[22665.0],[2.0],[18.0],False,False
[10617.0],[27066.0],[2.0],[3.0],True,False
[10618.0],[11527.0 27178.0],[2.0],[1.0 57.0],False,False
[10619.0],[3840.0 26918.0],[2.0],[4.0 80.0],False,False
[10620.0],[27216.0 27395.0],[2.0],[4.0 9.0],False,False
[10621.0],[23721.0 27416.0],[2.0],[1.0 9.0],True,False
[10622.0],[26450.0],[2.0],[3.0],True,False
[10623.0],[27027.0],[2.0],[9.0],True,False
[10624.0],[25835.0],[2.0],[9.0],True,False
[10625.0],[25399.0 27555.0],[2.0],[6.0 12.0],False,False
[10626.0],[14176.0],[2.0],[47.0],False,False
[10627.0],[21420.0 27347.0],[2.0],[11.0 20.0],False,False
[10628.0],[25953.0],[2.0],[11.0],True,False
[10629.0],[25176.0],[2.0],[18.0],False,False
[10630.0],[15403.0],[2.0],[36.0],False,False
[10631.0],[27389.0],[2.0],[3.0],False,False
[10632.0],[27399.0 27663.0],[2.0],[1.0 2.0],False,False
[10633.0],[24155.0 27404.0],[2.0],[1.0 18.0],False,False
[10634.0],[27385.0 27668.0],[2.0],[3.0],False,False
[10635.0],[26034.0],[2.0],[12.0],True,False
[10636.0],[16045.0],[2.0],[42.0],False,False
[10637.0],[22514.0 27866.0],[2.0],[7.0 20.0],False,False
[10638.0],[22223.0],[2.0],[28.0],False,False
[10639.0],[27646.0],[2.0],[2.0],False,True
[10640.0],[25982.0],[2.0],[7.0],False,False
[10641.0],[25987.0],[2.0],[10.0],True,False
[10642.0],[27395.0],[2.0],[4.0],True,False
[10643.0],[23422.0],[2.0],[14.0],True,False
[10644.0],[25404.0],[2.0],[12.0],False,False
[10645.0],[27754.0],[2.0],[8.0],False,False
[10646.0],[27266.0],[2.0],[5.0],True,False
[10647.0],[19546.0 22883.0],[2.0],[26.0 35.0],False,False
[10648.0],[27183.0],[2.0],[5.0],True,False
[10649.0],[27188.0 27633.0],[2.0],[8.0 9.0],False,False
[10650.0],[25815.0 27917.0],[2.0],[1.0 7.0],False,False
[10651.0],[27639.0 28121.0],[2.0],[2.0 3.0],False,False
[10652.0],[27956.0 28115.0],[2.0],[2.0 4.0],False,False
[10653.0],[25982.0 27956.0],[2.0],[4.0 7.0],False,False
[10654.0],[23805.0],[2.0],[18.0],False,False
[10655.0],[26740.0 27956.0],[2.0],[4.0 7.0],False,False
[10656.0],[26267.0],[2.0],[12.0],False,False
[10657.0],[28087.0],[2.0],[2.0],True,True
[10658.0],[18777.0],[2.0],[37.0],False,False
[10659.0],[28097.0],[2.0],[3.0],True,False
[10660.0],[27905.0 28109.0],[2.0],[1.0 9.0],False,False
[10661.0],[28118.0],[2.0],[8.0],True,False
[10662.0],[26173.0 28343.0],[2.0],[1.0 10.0],True,False
[10663.0],[21465.0 27937.0],[2.0],[2.0 29.0],False,False
[10664.0],[26991.0],[2.0],[13.0],False,False
[10665.0],[26532.0],[2.0],[8.0],True,False
[10666.0],[28173.0],[2.0],[6.0],True,False
[10667.0],[28257.0],[2.0],[2.0],True,True
[10668.0],[27664.0],[2.0],[3.0],False,False
[10669.0],[25308.0 28661.0],[2.0],[6.0 11.0],False,False
[10670.0],[28151.0 28408.0],[2.0],[3.0 6.0],False,False
[10671.0],[26732.0],[2.0],[9.0],True,False
[10672.0],[27994.0 28407.0],[2.0],[1.0 4.0],False,False
[10673.0],[27773.0 28407.0],[2.0],[1.0 10.0],False,False
[10674.0],[25425.0 28585.0],[2.0],[1.0 11.0],True,False
[10675.0],[11529.0 15377.0],[2.0],[44.0 45.0],False,False
[10676.0],[28589.0 28787.0],[2.0],[1.0 4.0],False,False
[10677.0],[21431.0 28592.0],[2.0],[6.0 25.0],False,False
[10678.0],[19263.0 28107.0],[2.0],[6.0 27.0],False,False
[10679.0],[26958.0],[2.0],[13.0],False,False
[10680.0],[27652.0],[2.0],[10.0],True,False
[10681.0],[28113.0],[2.0],[4.0],True,False
[10682.0],[27930.0],[2.0],[9.0],False,False
[10683.0],[25317.0 28427.0],[2.0],[4.0 8.0],False,False
[10684.0],[26255.0],[2.0],[13.0],True,False
[10685.0],[22141.0 28877.0],[2.0],[1.0 15.0],False,False
[10686.0],[26484.0 28662.0],[2.0],[1.0 15.0],False,False
[10687.0],[11943.0],[2.0],[56.0],False,False
[10688.0],[27184.0],[2.0],[12.0],True,False
[10689.0],[25717.0 27633.0],[2.0],[8.0 14.0],False,False
[10690.0],[27633.0],[2.0],[8.0],False,False
[10691.0],[23702.0],[2.0],[14.0],False,False
[10692.0],[27199.0 28791.0],[2.0],[4.0 6.0],False,False
[10693.0],[27947.0],[2.0],[8.0],False,False
[10694.0],[24923.0 27420.0],[2.0],[10.0 13.0],False,False
[10695.0],[27507.0 29006.0],[2.0],[1.0 10.0],False,False
[10696.0],[24456.0],[2.0],[21.0],False,False
[10697.0],[28946.0],[2.0],[2.0],True,True
[10698.0],[23020.0 24500.0],[2.0],[15.0 21.0],False,False
[10699.0],[27390.0],[2.0],[11.0],False,False
[10700.0],[27946.0],[2.0],[8.0],True,False
[10701.0],[28943.0],[2.0],[3.0],False,False
[10702.0],[25230.0 28821.0],[2.0],[4.0 15.0],False,False
[10703.0],[28818.0],[2.0],[5.0],True,False
[10704.0],[27217.0],[2.0],[8.0],True,False
[10705.0],[26230.0 27983.0],[2.0],[5.0 11.0],False,False
[10706.0],[26947.0],[2.0],[13.0],False,False
[10707.0],[541.0 29275.0],[2.0],[1.0 99.0],False,False
[10708.0],[29084.0],[2.0],[3.0],True,False
[10709.0],[29087.0 29286.0],[2.0],[1.0],False,False
[10710.0],[657.0],[2.0],[99.0],False,False
[10711.0],[9861.0],[2.0],[61.0],False,False
[10712.0],[24456.0],[2.0],[21.0],False,False
[10713.0],[26158.0],[2.0],[15.0],True,False
[10714.0],[28606.0 28931.0],[2.0],[3.0 5.0],False,False
[10715.0],[27418.0 29315.0],[2.0],[2.0 5.0],False,False
[10716.0],[28640.0 28804.0],[2.0],[3.0 5.0],False,False
[10717.0],[19882.0],[2.0],[34.0],False,False
[10718.0],[29131.0 29331.0],[2.0],[1.0 2.0],False,False
[10719.0],[12383.0],[2.0],[51.0],False,False
[10720.0],[27947.0],[2.0],[8.0],False,False
[10721.0],[29131.0 29355.0],[2.0],[1.0 2.0],False,False
[10722.0],[27247.0 29375.0],[2.0],[1.0 12.0],False,False
[10723.0],[27931.0],[2.0],[6.0],False,False
[10724.0],[1196.0],[2.0],[99.0],True,False
[10725.0],[26754.0 28825.0],[2.0],[3.0 8.0],False,False
[10726.0],[20083.0 28424.0],[2.0],[3.0 26.0],True,False
[10727.0],[26872.0],[2.0],[12.0],False,False
[10728.0],[244.0 29252.0],[2.0],[2.0 99.0],False,False
[10729.0],[27601.0],[2.0],[8.0],False,False
[10730.0],[24410.0],[2.0],[22.0],True,False
[10731.0],[25708.0],[2.0],[18.0],False,False
[10732.0],[26345.0 28254.0],[2.0],[4.0 13.0],False,False
[10733.0],[29250.0],[2.0],[2.0],True,True
[10734.0],[26147.0 29082.0],[2.0],[3.0 12.0],False,False
[10735.0],[23311.0],[2.0],[24.0],False,False
[10736.0],[22223.0 29258.0],[2.0],[1.0 28.0],False,False
[10737.0],[29261.0],[2.0],[2.0],True,True
[10738.0],[24414.0 28580.0],[2.0],[2.0 22.0],False,False
[10739.0],[28272.0],[2.0],[7.0],False,False
[10740.0],[27608.0 29275.0],[2.0],[1.0 10.0],False,False
[10741.0],[29085.0],[2.0],[3.0],True,False
[10742.0],[28920.0],[2.0],[4.0],False,False
[10743.0],[27180.0],[2.0],[8.0],True,False
[10744.0],[28278.0],[2.0],[6.0],False,False
[10745.0],[28918.0 29558.0],[2.0],[1.0 4.0],False,False
[10746.0],[26154.0],[2.0],[16.0],True,False
[10747.0],[28787.0],[2.0],[4.0],False,False
[10748.0],[19577.0],[2.0],[33.0],True,False
[10749.0],[29288.0],[2.0],[2.0],True,True
[10750.0],[18464.0],[2.0],[37.0],True,False
[10751.0],[25717.0],[2.0],[14.0],False,False
[10752.0],[29290.0],[2.0],[2.0],True,True
[10753.0],[27897.0 29291.0],[2.0],[1.0 9.0],True,False
[10754.0],[25132.0],[2.0],[19.0],True,False
[10755.0],[25472.0],[2.0],[18.0],True,False
[10756.0],[29103.0 29571.0],[2.0],[1.0 3.0],False,False
[10757.0],[29297.0],[2.0],[2.0],True,True
[10758.0],[27909.0],[2.0],[9.0],True,False
[10759.0],[28332.0],[2.0],[6.0],False,False
[10760.0],[28935.0 29327.0],[2.0],[2.0],True,False
[10761.0],[29315.0 29321.0],[2.0],[2.0],True,False
[10762.0],[27947.0],[2.0],[8.0],False,False
[10763.0],[23412.0 29595.0],[2.0],[1.0 23.0],False,False
[10764.0],[28791.0],[2.0],[4.0],True,False
[10765.0],[17753.0],[2.0],[40.0],False,False
[10766.0],[28634.0 29586.0],[2.0],[1.0 5.0],False,False
[10767.0],[27947.0],[2.0],[8.0],False,False
[10768.0],[29350.0],[2.0],[2.0],True,True
[10769.0],[28125.0],[2.0],[7.0],True,False
[10770.0],[28361.0],[2.0],[7.0],True,False
[10771.0],[26991.0 29142.0],[2.0],[3.0 13.0],False,False
[10772.0],[28660.0 29621.0],[2.0],[1.0 6.0],False,False
[10773.0],[24186.0 29602.0],[2.0],[1.0 20.0],False,False
[10774.0],[27947.0],[2.0],[8.0],False,False
[10775.0],[28818.0],[2.0],[5.0],True,False
[10776.0],[29382.0],[2.0],[2.0],True,True
[10777.0],[28982.0],[2.0],[3.0],True,False
[10778.0],[27717.0],[2.0],[9.0],False,False
[10779.0],[24898.0 28821.0],[2.0],[4.0 21.0],False,False
[10780.0],[22285.0 27217.0],[2.0],[8.0 24.0],True,False
[10781.0],[24898.0],[2.0],[21.0],True,False
[10782.0],[27717.0],[2.0],[9.0],False,False
[10783.0],[26771.0 28704.0],[2.0],[5.0 11.0],False,False
[10784.0],[27284.0 29417.0],[2.0],[1.0 12.0],False,False
[10785.0],[29413.0],[2.0],[2.0],True,True
[10786.0],[18301.0 28655.0],[2.0],[4.0 34.0],False,False
[10787.0],[20399.0],[2.0],[33.0],False,False
[10788.0],[29431.0],[2.0],[2.0],True,True
[10789.0],[27027.0 29448.0],[2.0],[1.0 9.0],False,False
[10790.0],[26559.0],[2.0],[12.0],False,False
[10791.0],[26084.0 27787.0],[2.0],[8.0 16.0],False,False
