ID (GT),Missing Time Points,ID (Dino),x (GT),y (GT),z (GT),x (Dino),y (Dino),z (Dino),t,t_start (GT),t_start (Dino),FI (GT),FI (Dino),Track Length (GT),Track Length (Dino),Feature 0,Feature 1,Feature 2,Distance,Multi ID (Dino),Multi Distance (Dino)
0,0,1059,334.727,115.455,9.364,334.398,112.09078,6.6889462,0.0,0.0,0.0,1.0,4.82,4.0,15.0,3.414,-0.501,-0.1804,4.310699483992642,,
0,1,1059,333.636,117.273,9.091,334.48175,109.224014,5.895746,1.0,0.0,0.0,1.0,3.764,4.0,15.0,3.26,-1.862,0.3704,8.70121352543494,,
0,2,153,334.091,119.818,8.909,329.19177,124.52523,1.6308128,2.0,0.0,0.0,1.0,2.152,4.0,60.0,5.43,1.639,-0.5093,9.956529404568828,,
0,3,1610,335.818,122.909,8.909,343.99454,126.88326,0.5497762,3.0,0.0,1.0,1.0,2.28,4.0,5.0,1.523,2.494,-0.591,12.35018912639342,,
1,5,590,72.455,180.0,0.091,71.020035,183.21631,1.7426289,5.0,0.0,0.0,1.0,3.889,16.0,31.0,7.047,1.395,-0.2106,3.889942491945116,,
1,7,590,73.818,180.455,-0.091,72.89835,183.33824,1.7072121,7.0,0.0,0.0,1.0,3.621,16.0,31.0,7.44,1.505,-0.6943,3.5202834795917246,,
1,11,590,74.364,183.364,0.182,75.83069,180.89519,3.0659933,11.0,0.0,0.0,1.0,4.867,16.0,31.0,10.43,0.2766,-0.2292,4.06984271522191,,
7,3,501,64.273,431.182,9.909,64.938385,430.56158,6.5140676,3.0,2.0,0.0,1.0,2.133,18.0,10.0,0.7505,-1.455,0.5757,3.5147153761285987,,
8,4,129,473.0,109.455,4.182,468.5602,101.74093,1.5047145,4.0,0.0,0.0,1.0,3.41,7.0,21.0,7.82,1.712,0.2452,9.29443691965307,,
10,11,1300,144.818,344.545,9.091,147.84952,344.93375,6.2489643,11.0,0.0,0.0,1.0,4.598,19.0,47.0,6.05,-2.117,-0.3608,4.173536509122025,,
10,12,1300,144.727,344.636,9.182,147.31586,345.3293,6.053223,12.0,0.0,0.0,1.0,4.707,19.0,47.0,7.766,-1.345,0.1636,4.11972165386557,,
10,13,1300,145.182,344.545,9.182,148.88849,345.46655,5.3324857,13.0,0.0,0.0,1.0,5.113,19.0,47.0,10.28,-0.441,0.539,5.42273758064176,,
14,43,7234,139.545,239.545,5.182,140.53793,249.97461,7.999998,43.0,38.0,29.0,1.0,2.537,9.0,9.0,-5.105,-1.284,0.173,10.849137636927855,,
18,5,1384,169.545,423.545,9.818,169.97728,425.34683,6.613747,5.0,5.0,0.0,1.0,4.41,17.0,32.0,8.875,-3.389,-0.4653,3.701444938846045,,
18,6,2738,164.182,426.727,9.545,165.20877,427.4261,5.701773,6.0,5.0,5.0,1.0,3.592,17.0,21.0,7.66,-1.024,-0.7197,4.038983933668102,,
23,10,872,16.909,145.091,9.455,16.25288,145.04033,5.2109866,10.0,0.0,0.0,1.0,5.04,11.0,14.0,11.64,-1.647,-0.1241,4.294730566948241,,
24,1,332,272.727,281.727,5.909,274.9852,279.81384,3.023589,1.0,0.0,0.0,1.0,4.66,19.0,53.0,11.94,0.633,-0.867,4.13343018140152,,
26,3,2224,407.273,398.818,5.636,410.3417,402.63113,6.5395827,3.0,0.0,3.0,1.0,5.293,4.0,22.0,10.305,-4.348,-0.3604,4.977282570101798,,
28,1,1578,205.545,186.0,9.364,199.97025,188.5889,0.0,1.0,0.0,1.0,1.0,2.836,8.0,7.0,-1.917,-1.605,0.7197,11.20110426576326,,
29,3,967,447.818,28.909,9.364,449.7989,30.630905,6.480688,3.0,0.0,0.0,1.0,3.96,12.0,12.0,7.688,-3.412,-0.0844,3.899026766818751,,
32,6,253,53.091,229.455,0.0,53.77529,225.174,7.9999967,6.0,0.0,0.0,1.0,2.42,19.0,4.0,-4.83,-1.266,0.557,9.099184634026884,,
35,1,1148,96.727,193.545,9.0,97.18943,190.8349,6.693411,1.0,0.0,0.0,1.0,4.336,4.0,6.0,6.79,-2.055,0.4116,3.588709563313936,,
35,2,1148,96.909,193.273,9.0,97.723854,190.7709,6.501034,2.0,0.0,0.0,1.0,3.465,4.0,6.0,6.562,-2.482,0.1952,3.628956119943023,,
35,3,1148,97.0,193.545,9.182,97.47947,190.73546,6.722208,3.0,0.0,0.0,1.0,3.486,4.0,6.0,6.2,-2.277,-0.4434,3.7648350794907337,,
36,1,851,340.0,416.545,5.909,347.09772,414.1794,0.9030885,1.0,0.0,0.0,1.0,2.168,8.0,12.0,4.86,2.352,0.918,9.001824398655648,,
36,2,1369,333.636,418.909,6.091,323.2876,418.7108,2.8431623,2.0,0.0,0.0,1.0,3.621,8.0,8.0,11.85,0.6934,0.553,10.847908347950854,,
36,3,1369,329.636,421.0,6.0,323.24008,419.14725,2.5252514,3.0,0.0,0.0,1.0,3.328,8.0,8.0,11.62,0.7197,0.5454,7.510948877612109,,
39,24,5228,216.909,5.636,8.364,207.0111,0.9508754,5.1470504,24.0,23.0,19.0,1.0,4.246,5.0,6.0,5.37,-2.479,-0.4492,11.41348245087647,,
40,6,708,266.909,410.727,3.909,269.5774,411.33228,6.9093165,6.0,0.0,0.0,1.0,5.734,15.0,10.0,12.47,-3.262,-1.337,4.060618368989188,,
43,30,5566,342.091,263.909,9.455,341.2303,264.11417,5.9987116,30.0,0.0,20.0,1.0,3.78,43.0,15.0,8.2,-2.352,-0.1844,3.567748410815227,,
44,16,1902,443.545,153.182,2.0,450.86353,146.72551,3.5665574,16.0,0.0,2.0,1.0,3.404,66.0,19.0,4.87,-0.8306,0.4995,9.884394092127982,,
44,65,13706,340.091,193.273,3.455,344.93185,197.97101,1.7022707,65.0,0.0,65.0,1.0,3.5,66.0,35.0,7.84,0.7285,0.09076,6.969733616263858,,
45,10,478,219.909,430.636,1.364,219.27847,426.82986,3.0255415,10.0,0.0,0.0,1.0,4.395,30.0,16.0,10.734,0.3628,0.0758,4.200593998081992,,
50,0,749,139.091,77.909,1.364,136.21613,79.02531,4.242575,0.0,0.0,0.0,1.0,4.844,4.0,4.0,7.883,-1.023,-0.02939,4.218675095764676,,
55,11,127,69.0,98.0,3.545,71.437096,97.90477,0.18679047,11.0,0.0,0.0,1.0,3.17,25.0,18.0,1.926,0.875,-0.1157,4.150430931059907,,
55,12,127,69.364,98.0,3.455,81.49856,100.92115,0.0,12.0,0.0,0.0,1.0,3.71,25.0,18.0,-6.355,0.911,0.01251,12.950586423637342,,
57,4,206,245.364,146.909,3.0,238.13623,148.62776,1.4868141,4.0,0.0,0.0,1.0,3.588,43.0,10.0,4.883,3.076,-0.4724,7.581855094794328,,
57,12,589,225.818,171.727,6.455,225.16006,174.12393,3.799243,12.0,0.0,0.0,1.0,4.406,43.0,51.0,9.75,-0.3462,0.3052,3.637472159556554,,
62,0,807,190.455,57.636,6.091,187.9989,60.95933,4.7139487,0.0,0.0,0.0,1.0,4.984,14.0,25.0,10.19,-1.347,-0.1469,4.355825958613565,,
62,1,807,190.273,58.182,6.091,187.8068,60.91603,4.744339,1.0,0.0,0.0,1.0,5.12,14.0,25.0,10.57,-0.4338,-0.3325,3.920530363333629,,
66,17,669,189.182,131.727,3.455,195.64787,131.13853,1.1820377,17.0,0.0,0.0,1.0,3.535,100.0,19.0,7.14,2.574,-0.594,6.878962815353896,,
75,6,982,32.182,52.455,3.091,31.3919,50.576946,7.029933,6.0,0.0,0.0,1.0,2.29,22.0,24.0,5.016,-2.453,-0.525,4.4346970601614935,,
75,19,4227,12.727,63.0,3.727,19.63115,67.604706,3.7912226,19.0,0.0,13.0,1.0,3.238,22.0,14.0,5.56,-0.6772,0.3262,8.2990800159588,,
80,11,1069,451.091,114.545,2.273,451.69998,118.06823,1.2790934,11.0,0.0,0.0,1.0,4.56,28.0,28.0,7.426,0.2812,-0.7188,3.711045217027612,,
85,0,918,22.727,264.455,2.909,27.119291,274.19708,5.899613,0.0,0.0,0.0,1.0,4.145,14.0,9.0,6.51,-1.492,-0.4014,11.097031543203384,,
100,8,2742,236.818,343.909,3.182,232.98004,342.27078,2.4237642,8.0,0.0,5.0,1.0,4.586,12.0,20.0,7.92,2.11,0.1976,4.241299713342795,,
103,1,779,323.545,348.182,8.091,317.61768,350.9424,4.839298,1.0,0.0,0.0,1.0,3.506,18.0,7.0,8.7,-1.661,-0.2847,7.302499328257697,,
104,10,2789,458.091,83.364,9.455,459.23505,82.434906,5.695776,10.0,0.0,5.0,1.0,3.73,15.0,9.0,8.39,-1.389,-0.0835,4.037800285491098,,
104,11,2789,459.636,85.818,9.545,460.38937,82.76514,6.0982547,11.0,0.0,5.0,1.0,4.203,15.0,9.0,10.74,-3.121,-1.145,4.665573244476182,,
106,18,247,293.909,215.818,-0.818,298.03336,215.30154,1.4534163,18.0,0.0,0.0,1.0,3.93,29.0,20.0,8.15,0.675,0.4983,4.736708598711337,,
106,24,3694,294.455,216.364,-0.273,297.26486,214.00734,1.6443152,24.0,0.0,10.0,1.0,3.875,29.0,31.0,7.59,1.259,0.09454,4.138267409357586,,
119,2,1129,188.182,182.0,9.455,188.64108,182.4473,6.0131474,2.0,0.0,0.0,1.0,4.688,4.0,33.0,5.94,-1.3125,0.4805,3.501025714919382,,
123,34,767,71.727,233.545,9.182,68.64251,244.63959,3.7784655,34.0,1.0,0.0,1.0,2.717,39.0,51.0,2.168,1.061,0.4536,12.720149013313112,,
127,5,978,286.455,43.818,6.091,284.76874,43.167767,0.57328033,5.0,0.0,0.0,1.0,1.414,15.0,6.0,4.383,4.28,0.127,5.806161046560276,,
130,3,548,411.545,493.727,-0.455,411.70728,496.94577,1.4510834,3.0,0.0,0.0,1.0,3.906,13.0,13.0,9.055,2.22,-0.2354,3.7443249109893766,,
130,4,548,411.455,493.636,-0.364,411.52316,496.85403,1.3752465,4.0,0.0,0.0,1.0,4.816,13.0,13.0,9.97,2.201,-0.8267,3.65859826357886,,
130,12,4001,385.909,510.182,0.727,387.7878,501.00256,7.999998,12.0,0.0,12.0,1.0,3.48,13.0,4.0,-7.42,-0.6235,0.0764,11.861218658367443,,
131,19,329,229.182,259.273,0.182,232.09415,262.88742,1.6316513,19.0,11.0,0.0,1.0,3.832,17.0,34.0,7.785,1.122,-0.358,4.86272952676702,,
132,8,1954,303.091,22.273,0.455,304.40396,25.927183,1.7914484,8.0,0.0,2.0,1.0,4.7,29.0,16.0,11.85,0.767,-0.3643,4.106459750801351,,
141,19,1887,368.545,229.455,7.273,359.5459,226.02286,7.9999957,19.0,0.0,2.0,1.0,3.953,25.0,14.0,-8.875,0.943,-0.3184,9.6587736559782,,
149,13,2100,101.273,492.273,-0.273,97.36328,494.2643,1.0713218,13.0,0.0,2.0,1.0,2.805,18.0,22.0,6.074,2.38,0.3127,4.5889418464777965,,
150,4,134,150.182,122.182,0.0,148.09473,125.53801,1.3787421,4.0,0.0,0.0,1.0,5.07,22.0,35.0,12.164,3.201,-0.2605,4.185741147193929,,
150,5,134,149.364,122.182,0.0,147.64037,125.239426,1.4627036,5.0,0.0,0.0,1.0,4.82,22.0,35.0,12.26,1.492,0.05176,3.802401339131492,,
150,10,121,137.364,128.818,-0.182,134.17601,128.58154,2.210927,10.0,0.0,0.0,1.0,3.744,22.0,16.0,6.113,0.8643,-0.2413,3.9931557944849954,,
152,17,3950,164.091,57.364,5.455,171.36867,51.35272,4.5250983,17.0,0.0,12.0,1.0,5.11,19.0,43.0,12.32,-0.841,-0.3152,9.484971536012266,,
155,15,2203,288.545,373.545,9.727,290.6182,382.63126,7.999993,15.0,15.0,3.0,1.0,6.72,21.0,12.0,-1.999,-2.416,0.52,9.478440388885115,,
157,4,2434,139.091,264.636,9.545,132.76248,249.64381,7.999991,4.0,2.0,4.0,1.0,2.238,40.0,7.0,-6.39,1.256,0.276,16.346344520919093,,
157,6,2434,139.636,264.182,9.364,146.74117,271.23688,0.0,6.0,2.0,4.0,1.0,0.5854,40.0,7.0,-8.43,-0.2396,-0.3218,13.709094373564572,,
157,7,2746,140.636,264.182,9.545,139.40344,262.1442,6.1243544,7.0,2.0,5.0,1.0,4.234,40.0,9.0,7.277,-2.01,-0.365,4.168051021088801,,
157,28,831,127.818,265.727,7.818,116.41234,263.43237,7.9999986,28.0,2.0,0.0,1.0,1.118,40.0,38.0,-9.734,0.1685,0.1632,11.635614739363874,,
157,29,5161,126.727,265.818,8.0,118.03974,261.50446,0.0,29.0,2.0,18.0,1.0,1.217,40.0,19.0,-6.793,-0.6924,-0.1573,12.572792595091997,,
157,30,4557,126.273,265.909,8.273,132.71956,249.61635,6.3498373,30.0,2.0,15.0,1.0,3.598,40.0,29.0,9.914,-2.047,-0.369,17.626886696940296,,
158,27,5883,338.455,417.273,0.727,345.351,410.65494,2.2621176,27.0,0.0,22.0,1.0,3.492,47.0,6.0,9.0,1.661,0.1157,9.680398762934828,,
159,17,3900,290.636,5.818,6.455,282.78275,0.18444829,0.5696671,17.0,15.0,11.0,1.0,0.957,24.0,9.0,-3.512,0.618,0.5444,11.315811229229938,,
162,22,4589,30.909,267.364,8.273,39.99988,265.99924,0.0,22.0,0.0,15.0,1.0,5.1,56.0,9.0,-6.56,1.57,1.257,12.367263158516517,,
164,36,3808,75.182,412.455,9.727,75.81487,410.22226,6.0593033,36.0,0.0,11.0,1.0,5.12,37.0,64.0,13.12,-2.451,-0.5225,4.340236333160995,,
177,8,2920,241.818,96.364,5.909,240.1385,98.00514,2.886596,8.0,0.0,6.0,1.0,7.637,30.0,7.0,18.6,0.8784,-0.9585,3.827399468152761,,
184,1,1132,218.182,176.182,9.636,220.36948,176.10838,6.4555774,1.0,0.0,0.0,1.0,2.807,9.0,6.0,5.996,-2.736,0.10974,3.8607740894010942,,
184,4,1966,218.182,175.545,9.636,220.7385,175.99695,6.6438885,4.0,0.0,2.0,1.0,3.488,9.0,8.0,5.64,-2.78,-0.336,3.96139903076328,,
190,15,465,289.545,372.455,5.091,284.5408,367.3139,1.6637698,15.0,0.0,0.0,1.0,4.87,16.0,44.0,10.48,1.695,0.2448,7.951027209976849,,
203,0,1037,343.091,88.545,6.182,333.4337,93.157715,7.9999986,0.0,0.0,0.0,1.0,2.197,6.0,9.0,-5.656,0.398,0.4546,10.855676020903871,,
208,19,4664,502.818,209.545,2.0,510.55072,208.81929,7.2719946,19.0,18.0,15.0,1.0,1.745,6.0,6.0,-1.317,-1.986,0.006363,9.386987837689446,,
209,15,3904,488.273,271.273,6.273,487.1554,273.19785,3.361154,15.0,11.0,11.0,1.0,4.945,24.0,7.0,9.09,0.295,0.7607,3.665095416249904,,
214,11,604,302.182,49.636,9.364,301.2842,48.23865,5.759201,11.0,0.0,0.0,1.0,3.18,67.0,31.0,4.695,-3.082,0.1776,3.9690310773413007,,
214,48,7279,281.182,59.818,7.273,280.8058,57.6043,4.520118,48.0,0.0,30.0,1.0,4.434,67.0,36.0,10.29,-1.175,-0.2964,3.552513678499213,,
218,11,113,459.273,85.273,0.273,460.92392,81.948074,1.2544509,11.0,0.0,0.0,1.0,4.543,62.0,16.0,7.645,2.785,-0.6284,3.839780673552423,,
222,63,8784,88.909,313.545,9.727,90.33483,311.49298,6.171138,63.0,56.0,38.0,1.0,3.88,8.0,27.0,5.84,-2.078,0.1178,4.346024831077716,,
223,2,413,183.182,357.909,-0.636,186.01228,359.2715,0.9328975,2.0,0.0,0.0,1.0,2.123,4.0,12.0,3.305,1.528,0.987,3.511172239282256,,
224,0,55,78.636,32.455,-0.364,72.33023,34.82976,2.3376217,0.0,0.0,0.0,1.0,3.346,4.0,9.0,9.08,1.492,0.1613,7.259544073866543,,
225,10,2384,450.364,279.727,-0.364,449.47238,282.86166,1.1051275,10.0,0.0,3.0,1.0,3.695,46.0,10.0,10.37,2.014,-0.508,3.5748307863808337,,
225,30,1921,429.364,288.545,-0.364,429.94495,282.81152,5.0766296,30.0,0.0,2.0,1.0,3.176,46.0,35.0,3.207,-0.801,0.4795,7.925323101129486,,
225,33,1621,422.909,292.545,-0.182,419.52713,291.22925,2.0563202,33.0,0.0,1.0,1.0,5.367,46.0,42.0,13.52,1.74,-0.1625,4.26360411824645,,
225,35,1621,422.727,293.909,0.182,419.604,289.89722,1.9853879,35.0,0.0,1.0,1.0,4.48,46.0,42.0,10.72,2.594,-0.1677,5.394415231168829,,
225,38,1621,422.0,294.0,0.091,419.78268,291.32672,1.4112163,38.0,0.0,1.0,1.0,4.02,46.0,42.0,7.79,2.916,-0.6816,3.715629828116015,,
226,5,1060,369.909,61.727,2.818,359.714,66.93501,7.9999933,5.0,0.0,0.0,1.0,2.623,7.0,6.0,-5.64,-0.775,0.866,12.566401542261207,,
226,6,2918,370.455,62.0,2.909,378.88437,58.956104,7.9999976,6.0,0.0,6.0,1.0,3.23,7.0,6.0,-3.623,-2.033,-0.2053,10.307174104424638,,
228,8,2967,203.0,229.636,5.273,203.39877,225.66313,6.649096,8.0,0.0,6.0,1.0,5.273,9.0,6.0,12.01,-1.803,0.4817,4.223310757097566,,
229,34,3475,118.545,166.091,-0.455,116.08059,168.65932,0.9380051,34.0,18.0,9.0,1.0,3.564,23.0,28.0,5.54,1.756,-0.7593,3.8223091815192047,,
229,36,4539,117.545,165.455,-0.545,115.31278,168.81976,0.77557075,36.0,18.0,15.0,1.0,3.412,23.0,29.0,8.67,4.63,-0.2389,4.248331801043262,,
229,37,8250,116.909,165.0,-0.636,114.39794,168.24365,0.80387354,37.0,18.0,35.0,1.0,2.99,23.0,4.0,8.805,4.406,-0.6455,4.347404220600168,,
229,38,8250,116.727,164.545,-0.636,127.99963,167.99953,0.0,38.0,18.0,35.0,1.0,5.93,23.0,4.0,-5.99,-2.533,-0.4028,11.807220699123052,,
230,5,194,193.364,125.182,3.818,195.26419,120.828514,0.0,5.0,0.0,0.0,1.0,5.19,13.0,6.0,0.816,3.219,-0.03006,6.094315908147204,,
232,24,4793,37.091,171.909,7.455,38.52583,160.69478,7.9999967,24.0,0.0,16.0,1.0,-0.4927,47.0,9.0,-6.2,-0.005806,-0.3489,11.3187671033691,,
232,32,3193,16.273,195.455,7.818,15.308542,197.01924,4.59727,32.0,0.0,7.0,1.0,5.18,47.0,57.0,11.8,-1.034,1.11,3.708116468540861,,
232,36,3193,16.091,195.091,7.818,16.644274,195.76933,4.3746552,36.0,0.0,7.0,1.0,4.76,47.0,57.0,9.7,0.2917,0.4478,3.552867450336843,,
233,17,4927,178.364,239.364,3.0,183.67743,231.95308,7.7785916,17.0,0.0,17.0,1.0,2.164,48.0,6.0,-2.375,-0.8643,0.2566,10.29510618162292,,
247,11,442,210.0,400.455,7.545,210.01491,397.80777,4.155441,11.0,8.0,0.0,1.0,5.465,7.0,19.0,11.055,-0.5425,-0.0763,4.300832384025317,,
251,0,1266,20.636,319.818,7.545,17.999985,310.58582,7.9999933,0.0,0.0,0.0,1.0,3.9,6.0,4.0,-8.26,4.62,-0.01158,9.611906238393576,,
251,1,371,16.182,323.636,7.909,6.8914723,321.20563,0.0,1.0,0.0,0.0,1.0,2.414,6.0,20.0,-9.164,-3.35,-0.6943,12.44077506754975,,
251,2,1296,13.818,328.364,8.364,22.666637,335.66623,7.9999895,2.0,0.0,0.0,1.0,0.995,6.0,6.0,-9.24,3.703,-0.5137,11.478390278030252,,
257,18,4011,270.091,473.818,2.455,267.284,476.86163,3.2341201,18.0,0.0,12.0,1.0,4.605,21.0,9.0,11.484,-0.549,1.0625,4.213070223379162,,
257,20,4545,256.545,478.909,1.818,264.99976,479.11145,1.6694483,20.0,0.0,15.0,1.0,4.895,21.0,46.0,14.14,1.271,0.2437,8.458488060384806,,
266,14,3010,418.727,264.455,8.455,419.56406,265.4102,4.7900534,14.0,0.0,6.0,1.0,3.557,41.0,22.0,7.742,-1.024,0.1389,3.8787768773740474,,
266,25,5658,410.091,270.727,8.091,411.44412,271.95007,4.7897625,25.0,0.0,21.0,1.0,5.09,41.0,44.0,9.85,-2.02,-0.5894,3.771604829605858,,
266,39,6412,371.0,297.455,9.636,371.33102,294.4431,5.172133,39.0,0.0,25.0,1.0,4.74,41.0,22.0,10.89,-1.573,-0.1019,5.3951111614209415,,
269,6,261,339.909,208.182,0.636,343.32245,210.4878,1.2881807,6.0,0.0,0.0,1.0,3.066,11.0,8.0,5.164,1.273,-0.535,4.170574805461784,,
269,9,3182,340.909,209.364,0.364,343.77692,211.3506,1.0530035,9.0,0.0,7.0,1.0,3.951,11.0,28.0,6.754,2.66,-0.6294,3.5561595168682083,,
274,0,774,375.364,283.818,3.545,370.93106,282.01953,3.8116264,0.0,0.0,0.0,1.0,3.805,10.0,25.0,10.07,0.6333,0.2441,4.791298469274979,,
277,30,4737,287.636,64.364,-0.455,286.82352,60.118015,0.93717396,30.0,24.0,16.0,1.0,3.943,21.0,37.0,5.004,1.727,-0.04034,4.541658365126906,,
277,38,7864,273.364,76.455,-0.273,270.38657,77.90132,1.5004841,38.0,24.0,33.0,1.0,4.3,21.0,43.0,6.69,1.71,0.2632,3.7552865137366855,,
277,42,7864,272.636,74.545,-0.636,270.43103,76.73569,1.9835042,42.0,24.0,33.0,1.0,5.29,21.0,43.0,8.5,0.7686,-0.5225,4.064826888173427,,
279,3,177,243.455,145.909,1.818,248.09428,142.58678,1.8855886,3.0,0.0,0.0,1.0,5.297,14.0,5.0,13.31,2.242,-0.4243,5.706542987277826,,
282,8,720,277.091,478.727,-0.273,275.34195,477.01675,2.7968352,8.0,0.0,0.0,1.0,4.805,14.0,45.0,13.65,0.3684,-0.3606,3.9253049716116313,,
282,9,720,277.182,478.273,-0.182,276.82404,473.67645,1.6825751,9.0,0.0,0.0,1.0,5.61,14.0,45.0,13.7,2.904,-0.829,4.973233110124673,,
282,10,3529,277.545,478.909,-0.091,274.01663,479.11142,2.67606,10.0,0.0,9.0,1.0,3.781,14.0,29.0,10.484,-1.254,0.2976,4.488539824586608,,
293,12,269,110.818,219.727,8.364,111.31662,219.07718,4.8599634,12.0,0.0,0.0,1.0,4.445,40.0,17.0,7.97,-1.328,0.116,3.5984941893713787,,
293,18,1588,99.0,226.455,8.727,97.36013,225.76663,5.3239036,18.0,0.0,1.0,1.0,5.07,40.0,15.0,10.875,-1.558,-0.3625,3.83980363840301,,
293,19,1588,99.091,225.818,8.818,97.70929,225.21927,5.4729757,19.0,0.0,1.0,1.0,4.51,40.0,15.0,8.75,-1.913,-0.5396,3.668349452354629,,
293,21,5030,99.545,225.636,8.727,98.29864,225.40549,5.0563536,21.0,0.0,18.0,1.0,4.176,40.0,47.0,7.703,-0.8257,-0.318,3.883322431054748,,
293,22,5030,99.0,224.727,8.636,97.35983,225.26865,5.0003924,22.0,0.0,18.0,1.0,4.027,40.0,47.0,8.4,-1.832,0.6235,4.025069561209812,,
293,26,5030,97.455,223.636,8.818,96.86543,224.55902,5.3727074,26.0,0.0,18.0,1.0,4.91,40.0,47.0,8.71,-3.213,0.1351,3.6151901478227617,,
293,27,5030,97.455,223.818,8.909,96.83851,224.28644,5.3036413,27.0,0.0,18.0,1.0,4.73,40.0,47.0,10.266,-2.168,-0.0524,3.687561160084763,,
297,7,1702,370.909,408.636,9.091,367.27505,405.84244,3.4733047,7.0,0.0,1.0,1.0,3.57,31.0,8.0,1.602,0.1425,0.6367,7.250384166355735,,
297,10,456,363.909,424.273,8.636,364.92944,423.61902,4.7930326,10.0,0.0,0.0,1.0,4.676,31.0,12.0,9.04,-2.002,0.02551,4.029564005132916,,
297,15,2084,363.455,445.636,7.636,363.73505,445.2106,3.5947292,15.0,0.0,2.0,1.0,4.973,31.0,29.0,12.92,0.749,0.1847,4.073237390753535,,
297,16,2084,365.455,447.909,7.364,364.08093,446.26593,3.5224235,16.0,0.0,2.0,1.0,5.75,31.0,29.0,12.39,0.00641,-0.4026,4.398347120811638,,
297,28,1728,367.909,473.0,5.455,375.4294,470.95135,4.640113,28.0,0.0,1.0,1.0,4.016,31.0,24.0,7.492,-1.364,0.0967,7.836926936323253,,
298,23,5925,289.273,484.455,5.364,293.30032,482.36694,4.0442295,23.0,0.0,22.0,1.0,4.13,26.0,9.0,10.46,0.1632,0.1592,4.7245206231606165,,
307,15,1672,293.909,480.818,5.727,295.43787,477.66104,4.246265,15.0,0.0,1.0,1.0,5.74,52.0,19.0,13.4,-1.26,0.2213,3.807415929304908,,
307,24,5925,292.636,481.545,5.909,296.03424,481.2307,3.8882987,24.0,0.0,22.0,1.0,4.152,52.0,9.0,9.62,-0.5854,0.137,3.966113126402423,,
307,25,5925,292.455,481.091,5.818,296.34937,480.76685,3.91185,25.0,0.0,22.0,1.0,3.092,52.0,9.0,8.41,-1.395,-0.0793,4.347941897254414,,
307,31,6467,283.182,484.182,4.909,285.96176,478.78583,7.900272,31.0,0.0,25.0,1.0,1.128,52.0,34.0,-4.19,-2.959,-0.556,6.767083899619133,,
307,37,5920,263.364,490.545,3.909,258.99896,499.99796,0.0,37.0,0.0,22.0,1.0,-1.015,52.0,17.0,-6.715,-1.168,-0.8047,11.121704364134075,,
308,13,528,455.091,511.0,9.091,453.3003,509.2615,6.25898,13.0,11.0,0.0,1.0,5.836,6.0,16.0,9.05,0.0352,-0.3826,3.774827945800975,,
308,14,2536,455.545,510.909,9.0,452.57016,508.73114,6.203346,14.0,11.0,4.0,1.0,5.33,6.0,27.0,6.508,-0.2,-0.2827,4.627528584559604,,
309,36,3849,475.727,11.0,0.182,480.24066,13.58823,2.8221402,36.0,33.0,11.0,1.0,4.918,5.0,65.0,6.277,0.8916,-0.1876,5.83458665238217,,
309,37,3849,477.818,12.545,-0.818,479.55475,14.0306225,1.8667282,37.0,33.0,11.0,1.0,4.484,5.0,65.0,4.637,0.9062,-0.753,3.525782222838159,,
312,3,1330,507.273,379.818,9.636,503.54047,380.0076,6.9768014,3.0,0.0,0.0,1.0,3.643,4.0,5.0,4.863,-1.709,-0.7144,4.586836116010899,,
313,11,3866,270.182,95.909,1.545,263.69553,99.09996,7.8777876,11.0,0.0,11.0,1.0,2.523,20.0,15.0,-1.448,-2.42,-0.06696,9.610448354224356,,
314,3,982,43.909,44.636,3.0,41.654488,42.482548,6.3268733,3.0,0.0,0.0,1.0,2.863,6.0,24.0,5.777,-2.057,0.6616,4.559415075281136,,
318,19,152,49.727,126.818,9.727,47.337624,131.88487,5.122571,19.0,0.0,0.0,1.0,3.977,20.0,18.0,5.312,-1.519,-0.09436,7.251417494691441,,
320,3,606,52.818,43.909,0.182,48.666058,46.83443,2.2606797,3.0,0.0,0.0,1.0,4.465,6.0,13.0,9.7,0.09015,-0.0282,5.48795702893673,,
323,12,172,243.0,97.818,0.091,241.75365,96.252945,3.4139295,12.0,0.0,0.0,1.0,4.04,16.0,23.0,10.47,-0.3357,0.01843,3.8787428295125816,,
325,48,6986,228.182,47.909,9.182,226.31723,50.102203,6.3747997,48.0,0.0,28.0,1.0,5.324,50.0,22.0,10.68,-1.572,-0.375,4.02093025013231,,
327,21,352,138.182,305.636,4.818,128.29471,303.35785,7.9999986,21.0,0.0,0.0,1.0,0.2303,53.0,21.0,-6.418,-0.713,-0.2346,10.63360644640386,,
329,12,649,278.909,505.364,4.909,280.12772,496.1154,5.5024824,12.0,0.0,0.0,1.0,4.09,13.0,18.0,5.043,-1.994,0.05902,9.347411500383886,,
332,18,2382,437.364,258.727,9.545,438.85645,249.09984,0.0,18.0,18.0,3.0,1.0,4.113,5.0,19.0,-4.977,-0.3157,-0.6763,13.638791796493544,,
332,19,1914,443.182,257.909,9.091,449.10385,250.33434,1.4853315,19.0,18.0,2.0,1.0,3.574,5.0,41.0,6.164,1.49,-0.418,12.25928117264598,,
333,21,4037,364.0,421.182,8.091,358.07315,420.8685,2.9726202,21.0,0.0,12.0,1.0,3.541,23.0,14.0,4.066,1.289,0.3176,7.837323838501767,,
333,22,4037,358.182,423.364,7.909,357.30774,420.03326,2.611384,22.0,0.0,12.0,1.0,5.18,23.0,14.0,8.15,1.446,0.0701,6.318456676962811,,
334,16,1033,221.182,136.545,7.091,220.38377,134.28122,4.448103,16.0,0.0,0.0,1.0,4.703,100.0,16.0,10.0,-1.327,-0.2083,3.570262675757762,,
334,20,2586,222.636,139.273,6.545,220.54358,135.20116,4.563818,20.0,0.0,4.0,1.0,5.27,100.0,24.0,12.55,-1.004,-0.001831,4.988304778090858,,
334,31,5341,220.273,139.909,7.0,218.01616,140.37144,4.362659,31.0,0.0,19.0,1.0,5.23,100.0,25.0,11.125,0.1064,0.2357,3.501820253736753,,
334,98,14673,109.455,179.455,8.545,110.27663,178.17276,5.0807877,98.0,0.0,70.0,1.0,4.47,100.0,23.0,7.348,-2.123,0.3003,3.7841752250617695,,
339,34,6605,298.091,413.182,-0.545,297.73062,413.4474,3.421893,34.0,0.0,26.0,1.0,3.979,36.0,7.0,6.05,0.339,0.02586,3.992060993753604,,
341,1,830,275.909,239.818,5.273,271.56146,239.9369,5.160202,1.0,0.0,0.0,1.0,4.9,5.0,12.0,7.203,-2.342,-0.2603,4.3506280753936935,,
344,6,2369,439.636,504.0,-0.636,439.17798,501.1316,1.4491318,6.0,0.0,3.0,1.0,4.066,8.0,48.0,6.242,2.451,-0.2102,3.5756503609513217,,
344,7,1421,439.909,505.091,-0.727,439.9902,501.32767,1.4101949,7.0,0.0,0.0,1.0,3.139,8.0,9.0,7.316,0.971,-0.3237,4.328608109945503,,
349,3,217,476.545,174.727,6.545,479.8869,170.8999,0.9469737,3.0,0.0,0.0,1.0,4.055,5.0,23.0,10.03,3.678,-0.08624,7.559952941354315,,
349,4,217,470.273,175.636,6.636,479.9804,173.06789,2.9773734,4.0,0.0,0.0,1.0,3.895,5.0,23.0,8.85,-0.7656,-0.1229,10.687111505468938,,
353,14,1334,135.909,404.364,-0.727,139.7373,406.48083,1.2362411,14.0,0.0,0.0,1.0,4.496,21.0,43.0,9.01,1.284,-0.1037,4.794910401209758,,
353,19,3634,137.909,406.364,-0.909,136.70238,405.7336,2.6067686,19.0,0.0,10.0,1.0,2.887,21.0,11.0,6.56,1.814,0.4348,3.770141221910112,,
355,27,3249,487.273,159.273,7.727,488.0937,157.80815,3.665234,27.0,20.0,8.0,1.0,5.414,32.0,35.0,13.72,-0.1265,0.38,4.395142438107772,,
355,35,5667,488.273,159.636,7.0,502.0364,153.23734,0.9802324,35.0,20.0,21.0,1.0,4.14,32.0,14.0,4.125,1.969,-0.3625,16.328246424941337,,
359,17,4625,360.364,128.727,6.636,355.16086,137.67015,1.4867603,17.0,0.0,15.0,1.0,4.11,23.0,10.0,9.67,2.453,-0.5757,11.557130581167444,,
359,18,4625,360.273,129.0,6.455,344.09235,134.71729,3.5339823,18.0,0.0,15.0,1.0,4.22,23.0,10.0,3.3,-1.17,0.5747,17.407848338330435,,
359,19,4702,360.182,128.818,6.364,361.1739,140.03746,7.9999986,19.0,0.0,16.0,1.0,2.764,23.0,4.0,-4.445,-0.5522,-0.769,11.381416419795997,,
360,1,1134,300.727,179.273,9.0,298.54797,180.44896,6.396093,1.0,0.0,0.0,1.0,5.6,19.0,20.0,9.83,-0.81,-0.08276,3.5932416182534697,,
360,3,1134,302.364,178.909,8.727,304.08902,177.51302,5.1785216,3.0,0.0,0.0,1.0,4.43,19.0,20.0,10.39,-1.259,-0.8,4.185230354002824,,
360,4,1134,302.909,180.091,8.727,300.2262,180.88605,5.566257,4.0,0.0,0.0,1.0,6.195,19.0,20.0,14.055,-0.561,0.4663,4.221352467462167,,
361,18,3505,416.909,502.091,5.455,417.38257,495.92435,3.970746,18.0,0.0,9.0,1.0,5.96,46.0,33.0,14.664,-0.1859,-0.4727,6.3604127777932815,,
361,19,3505,416.273,502.091,5.545,414.78354,498.99103,4.8779426,19.0,0.0,9.0,1.0,4.78,46.0,33.0,13.73,-0.8306,-0.2915,3.5033228037671167,,
361,44,3505,382.0,507.364,4.0,372.8272,507.6964,6.815264,44.0,0.0,9.0,1.0,4.43,46.0,33.0,3.398,-1.124,-0.6094,9.600857304933552,,
361,45,3505,374.727,509.273,3.818,367.81772,510.08582,7.255149,45.0,0.0,9.0,1.0,4.625,46.0,33.0,3.467,-1.122,-0.7134,7.759691986090719,,
366,2,526,27.818,464.909,-0.545,35.417492,465.62204,0.6261918,2.0,0.0,0.0,1.0,1.945,6.0,6.0,3.604,2.258,-0.3557,7.7222014304245725,,
371,0,960,141.818,19.909,9.455,141.99765,21.664543,6.312305,0.0,0.0,0.0,1.0,4.05,7.0,27.0,6.086,-3.021,-0.0928,3.604266528764762,,
373,15,1035,116.818,118.364,2.091,113.08793,112.05925,6.9917207,15.0,0.0,0.0,1.0,4.203,63.0,15.0,3.654,-1.366,-0.3525,8.81364613237952,,
374,8,1107,145.364,167.727,8.636,145.65694,168.21709,4.7963357,8.0,2.0,0.0,1.0,4.617,56.0,9.0,8.98,-1.11,0.3792,3.8818840771453353,,
374,10,1573,139.818,171.727,7.818,140.51874,170.93195,3.8890595,10.0,2.0,1.0,1.0,4.656,56.0,28.0,12.1,1.191,-0.6333,4.0693629111496366,,
374,11,1573,136.273,174.636,7.455,136.02692,174.56915,3.8129685,11.0,2.0,1.0,1.0,4.062,56.0,28.0,8.44,-0.857,0.1464,3.650947512070291,,
374,27,3655,115.273,184.727,7.545,115.91251,186.68547,4.4419665,27.0,2.0,10.0,1.0,4.742,56.0,37.0,12.06,-1.608,-0.315,3.7247006165760856,,
374,28,6560,115.182,185.0,7.636,115.15268,186.45001,3.9315913,28.0,2.0,26.0,1.0,5.74,56.0,14.0,17.64,-1.47,-0.164,3.978194625597856,,
377,29,7050,344.364,124.818,9.364,337.48386,147.56627,7.999998,29.0,29.0,28.0,1.0,3.191,4.0,15.0,-6.57,2.703,-0.3464,23.805054418515915,,
380,0,392,322.455,348.727,6.182,319.90875,342.74426,1.1338608,0.0,0.0,0.0,1.0,4.207,43.0,16.0,5.277,1.816,-0.2883,8.231663036876347,,
380,10,406,309.909,349.545,5.182,303.88522,347.49423,0.77836645,10.0,0.0,0.0,1.0,4.152,43.0,15.0,11.27,5.508,-0.536,7.738447617189474,,
380,11,406,310.455,349.364,5.455,301.59967,348.01965,1.0833688,11.0,0.0,0.0,1.0,3.77,43.0,15.0,4.027,3.684,0.7163,9.966709872380804,,
380,33,4672,258.182,375.545,5.455,253.03062,383.59448,6.4221377,33.0,0.0,15.0,1.0,4.184,43.0,20.0,3.885,-2.385,-0.2041,9.6055296317049,,
383,0,79,68.182,58.0,6.909,74.295364,60.114815,1.6636413,0.0,0.0,0.0,1.0,4.926,13.0,15.0,10.87,2.941,-0.3933,8.328232091649868,,
385,5,2204,341.0,396.182,8.909,342.80338,387.60693,7.9999957,5.0,4.0,3.0,1.0,5.465,18.0,8.0,-7.766,3.945,-0.01118,8.809670467544127,,
388,0,735,335.455,11.0,4.545,331.7278,15.268598,3.6611526,0.0,0.0,0.0,1.0,3.135,23.0,7.0,6.992,-0.427,0.524,5.73534087496904,,
390,9,1630,340.909,24.364,9.0,338.74915,22.917845,6.3683157,9.0,0.0,1.0,1.0,5.24,37.0,11.0,9.87,-2.191,-0.5356,3.698929380427736,,
390,10,3472,338.545,27.273,9.455,339.8714,24.771223,6.4002414,10.0,0.0,9.0,1.0,4.74,37.0,19.0,11.93,-3.527,-0.4297,4.165306137849043,,
390,11,3773,338.818,27.909,9.545,339.23303,25.267588,6.516912,11.0,0.0,11.0,1.0,5.457,37.0,43.0,10.68,-3.639,-0.713,4.039631689942537,,
390,12,3773,339.273,27.818,9.273,337.93616,23.519312,6.329093,12.0,0.0,11.0,1.0,4.258,37.0,43.0,10.47,-4.055,-0.004395,5.378889116870988,,
390,15,3773,339.091,28.091,9.182,338.08676,23.60167,6.684497,15.0,0.0,11.0,1.0,4.293,37.0,43.0,7.87,-3.316,-0.04666,5.234510775756315,,
392,30,4889,462.182,406.545,8.909,461.23245,406.49515,4.6939025,30.0,25.0,17.0,1.0,4.074,19.0,34.0,7.066,-0.5044,0.2708,4.321015755526279,,
393,7,708,268.455,413.273,8.0,267.929,411.29355,4.914538,7.0,0.0,0.0,1.0,5.746,15.0,10.0,14.74,-0.384,-0.8003,3.7033733346699167,,
393,8,708,267.545,413.545,7.818,268.2747,411.2079,5.0704613,8.0,0.0,0.0,1.0,6.133,15.0,10.0,14.695,-1.518,-0.3967,3.680145025402906,,
393,9,708,267.455,413.909,7.818,269.6283,410.79254,6.356093,9.0,0.0,0.0,1.0,5.82,15.0,10.0,14.4,-2.576,-0.3738,4.07096154467827,,
393,11,3523,268.091,414.364,7.909,265.30527,411.712,6.5432887,11.0,0.0,9.0,1.0,7.055,15.0,4.0,14.44,-2.945,-0.689,4.081490290059211,,
393,12,1386,268.909,414.909,7.545,265.97772,413.14514,4.71096,12.0,0.0,0.0,1.0,7.867,15.0,19.0,20.98,-0.966,-0.3494,4.442452842698498,,
398,30,4352,333.909,192.273,1.636,325.45584,192.17726,4.4507413,30.0,0.0,14.0,1.0,3.791,36.0,14.0,4.664,0.1766,0.3872,8.909985898929646,,
398,33,4983,334.0,193.545,1.273,324.32852,193.69164,4.5683527,33.0,0.0,17.0,1.0,3.982,36.0,17.0,4.523,0.1126,0.1986,10.21853111251303,,
398,34,3805,333.0,193.273,1.364,324.75363,185.1583,0.1143967,34.0,0.0,11.0,1.0,1.571,36.0,38.0,-2.883,0.4583,0.34,11.636686928600902,,
398,35,4066,333.0,192.818,1.545,337.26797,205.3717,0.0,35.0,0.0,12.0,1.0,2.049,36.0,34.0,-4.484,-0.4653,0.483,13.349081489409665,,
403,8,2971,189.364,195.545,2.909,190.50534,198.78781,2.0831316,8.0,0.0,6.0,1.0,4.94,23.0,17.0,12.61,0.7593,-0.00792,3.5356091845421287,,
404,4,1579,212.818,228.091,9.545,212.76814,225.81749,6.4962697,4.0,3.0,1.0,1.0,4.613,9.0,8.0,8.305,-2.6,-0.595,3.803431369413436,,
404,5,828,206.273,230.273,9.273,204.68811,230.22775,5.676521,5.0,3.0,0.0,1.0,4.766,9.0,37.0,6.957,-2.705,0.632,3.930468810719785,,
411,2,264,408.364,234.545,5.909,411.1686,226.4789,0.0,2.0,0.0,0.0,1.0,3.422,11.0,26.0,-6.156,0.0973,0.0886,10.38479808999674,,
419,12,2099,393.636,484.636,9.455,395.719,486.4742,6.2232256,12.0,0.0,2.0,1.0,4.395,15.0,44.0,10.13,-2.719,-0.0721,4.261717260975337,,
422,5,2819,262.727,288.727,3.364,264.57108,294.99963,7.9999895,5.0,0.0,5.0,1.0,7.465,34.0,8.0,-2.178,-1.436,-0.4932,8.014918390564619,,
428,8,2391,473.091,100.091,9.182,473.7531,102.7064,6.618126,8.0,0.0,3.0,1.0,4.67,13.0,12.0,10.51,-2.654,-0.9717,3.721846780548073,,
428,11,1045,473.182,100.0,9.091,478.90332,94.64753,6.8766003,11.0,0.0,0.0,1.0,2.26,13.0,34.0,0.8867,-1.869,0.04544,8.141621685798226,,
428,12,3221,473.455,101.0,9.273,465.60815,100.414696,5.996204,12.0,0.0,7.0,1.0,3.346,13.0,30.0,6.45,-1.542,0.0811,8.523674543325278,,
431,6,559,493.182,506.273,5.545,490.92413,506.62344,0.66973466,6.0,4.0,0.0,1.0,3.43,6.0,15.0,7.816,2.879,-0.11194,5.384143132003961,,
432,12,196,90.273,166.182,-0.091,89.77977,162.59273,1.407464,12.0,0.0,0.0,1.0,2.809,19.0,19.0,8.56,2.395,-0.1803,3.920654196061671,,
432,13,196,90.182,166.273,-0.091,90.31843,162.2724,1.0049422,13.0,0.0,0.0,1.0,3.566,19.0,19.0,7.855,2.303,-0.09827,4.15024129547196,,
433,9,3350,164.727,123.0,8.636,166.41957,114.4802,1.9098617,9.0,0.0,8.0,1.0,4.13,19.0,6.0,4.344,0.2925,-0.1082,10.986023924770366,,
433,10,3475,164.0,123.727,8.636,168.26585,137.65335,6.3681884,10.0,0.0,9.0,1.0,4.234,19.0,28.0,5.938,-1.784,-0.1943,14.740545105188415,,
433,11,618,163.364,123.182,8.636,148.59805,127.277565,6.733969,11.0,0.0,0.0,1.0,4.957,19.0,11.0,7.79,-4.867,-0.6777,15.44100560186046,,
437,20,3318,187.273,136.727,0.636,187.7275,131.54678,2.4825878,20.0,0.0,8.0,1.0,3.752,35.0,8.0,9.97,1.031,0.1455,5.518254796718683,,
442,15,535,116.727,469.0,6.182,115.5363,469.32104,2.763529,15.0,0.0,0.0,1.0,6.72,33.0,25.0,16.47,1.571,0.0877,3.634112979729855,,
448,27,2472,214.727,185.636,2.0,218.74255,177.2722,3.3548632,27.0,0.0,4.0,1.0,4.61,43.0,26.0,12.18,0.913,0.401,9.37621706943766,,
456,30,5290,417.091,133.091,7.364,414.5447,132.58174,4.477173,30.0,0.0,19.0,1.0,5.406,36.0,11.0,10.766,0.0246,-0.2205,3.882880318208272,,
457,4,1005,304.545,90.182,2.818,302.69345,84.72916,6.609083,4.0,0.0,0.0,1.0,4.5,5.0,25.0,3.988,-1.522,0.09357,6.894491408435377,,
466,1,729,326.273,489.455,-0.727,321.6185,502.7992,3.1912045,1.0,1.0,0.0,1.0,4.29,32.0,4.0,2.537,-0.5874,0.2329,14.665755022971734,,
466,2,729,320.636,491.909,-0.636,321.0178,502.2484,3.502058,2.0,1.0,0.0,1.0,3.498,32.0,4.0,4.04,-1.485,0.96,11.143270956562272,,
466,3,1476,316.273,493.727,-0.636,321.447,502.93713,3.483191,3.0,1.0,0.0,1.0,3.809,32.0,4.0,4.387,-1.038,0.556,11.338628890275125,,
466,32,6332,294.909,494.636,-0.455,291.72815,495.0763,1.2043415,32.0,1.0,25.0,1.0,3.766,32.0,17.0,6.113,0.9062,0.6885,3.6145656760006455,,
467,41,6676,10.455,84.091,3.0,0.0,77.68961,0.0,41.0,0.0,27.0,1.0,2.816,43.0,8.0,-6.35,-0.8384,2.127,12.620808965042608,,
468,32,6417,204.818,443.455,1.273,200.5356,444.3101,2.7313302,32.0,0.0,25.0,1.0,4.438,45.0,32.0,8.625,1.083,0.2218,4.604006162271314,,
479,0,1148,96.909,188.545,9.364,97.37804,191.39021,6.736618,0.0,0.0,0.0,1.0,4.324,6.0,6.0,7.348,-2.959,0.007385,3.9010709605983904,,
479,3,1148,97.364,188.0,9.091,97.47947,190.73546,6.722208,3.0,0.0,0.0,1.0,3.486,6.0,6.0,6.2,-2.277,-0.4434,3.620393662540572,,
481,1,724,24.273,478.091,7.091,21.868181,477.80322,3.7913,1.0,0.0,0.0,1.0,5.76,5.0,13.0,13.6,0.5166,-0.0847,4.093164037900387,,
481,3,1552,13.545,478.636,6.545,9.552021,477.10895,2.883115,3.0,0.0,1.0,1.0,3.885,5.0,19.0,6.266,1.4,0.7075,5.628957696604772,,
484,3,647,381.0,485.091,3.545,380.13293,489.09415,5.836405,3.0,0.0,0.0,1.0,5.09,19.0,15.0,9.055,-1.296,-0.4458,4.693352445898887,,
485,12,1155,378.091,198.636,9.636,380.60916,197.7716,6.8620586,12.0,0.0,0.0,1.0,2.992,19.0,35.0,2.521,-1.549,0.0594,3.844875555363758,,
485,17,2982,348.818,209.545,9.545,354.2421,211.73213,6.8929353,17.0,0.0,6.0,1.0,2.32,19.0,16.0,6.02,-2.455,-0.5586,6.421670002412636,,
485,18,4977,344.0,211.182,9.909,345.45157,214.33998,1.1129279,18.0,0.0,17.0,1.0,3.229,19.0,20.0,4.242,0.9443,0.4287,9.457842118247612,,
489,15,2793,69.0,227.909,7.909,62.58569,228.31404,0.0,15.0,0.0,5.0,1.0,4.555,31.0,12.0,-4.848,3.043,-0.9683,10.191158480648802,,
489,18,4437,70.818,227.636,8.0,72.30462,219.96413,2.9836154,18.0,0.0,14.0,1.0,3.057,31.0,6.0,5.4,1.343,0.07184,9.28610482260549,,
491,5,907,404.273,483.182,6.818,408.3008,483.06967,2.7612944,5.0,0.0,0.0,1.0,3.41,16.0,12.0,9.28,0.1589,0.2211,5.717748787238822,,
491,6,2099,405.182,483.636,6.818,411.95782,475.55466,7.177772,6.0,0.0,2.0,1.0,2.135,16.0,44.0,4.88,-2.348,-0.2263,10.552214400777892,,
491,11,907,396.636,488.091,6.909,391.46896,484.233,7.9999986,11.0,0.0,0.0,1.0,3.023,16.0,12.0,-1.738,-4.008,-0.5464,6.54008748464441,,
501,40,7349,55.0,177.455,2.182,55.665676,181.18826,2.8880165,40.0,0.0,30.0,1.0,5.06,42.0,14.0,12.984,0.612,0.01326,3.857306581391769,,
501,41,7349,49.182,175.0,2.273,55.831192,181.79773,3.49451,41.0,0.0,30.0,1.0,3.965,42.0,14.0,9.42,-0.5493,-0.2351,9.587125433927731,,
506,4,131,267.455,111.727,3.364,266.28796,103.50349,0.8357799,4.0,0.0,0.0,1.0,4.504,14.0,9.0,6.285,2.426,-0.7705,8.68216539555335,,
506,5,131,264.455,112.273,3.909,260.7876,104.42905,0.8325061,5.0,0.0,0.0,1.0,4.203,14.0,9.0,3.998,1.952,-0.09894,9.18924311786542,,
506,6,1971,262.636,112.364,4.545,271.41266,108.99983,7.9999876,6.0,0.0,2.0,1.0,6.15,14.0,45.0,-8.77,2.674,-0.0794,10.014206901230551,,
508,0,1080,233.0,135.364,4.364,224.49019,136.02287,7.999998,0.0,0.0,0.0,1.0,4.098,32.0,4.0,-5.168,0.486,-0.1237,9.277470418654204,,
508,5,156,227.636,138.0,5.0,234.53214,129.95155,7.9999957,5.0,0.0,0.0,1.0,3.598,32.0,20.0,-7.97,1.857,0.785,11.01518354373265,,
508,30,2979,185.636,228.455,6.909,182.23878,234.87302,7.999995,30.0,0.0,6.0,1.0,1.108,32.0,20.0,-1.396,-4.773,0.2368,7.343184223402327,,
515,4,2363,386.182,491.182,3.818,383.8888,487.433,3.4037633,4.0,0.0,3.0,1.0,5.41,12.0,11.0,13.21,-0.2131,0.07605,4.41422238719654,,
521,1,862,409.727,0.091,4.273,415.67062,9.925669,4.9677544,1.0,1.0,0.0,1.0,3.688,13.0,13.0,5.41,-0.617,0.8574,11.512168202396996,,
521,2,21,402.909,3.091,4.455,401.76746,0.44922078,0.5801057,2.0,1.0,0.0,1.0,4.49,13.0,4.0,-1.657,-2.303,-1.289,4.826687979867377,,
522,9,986,135.182,28.364,8.727,135.54858,25.393822,6.4035435,9.0,0.0,0.0,1.0,4.312,10.0,34.0,5.047,-1.928,-0.1582,3.788771351701796,,
525,3,807,190.091,62.091,6.636,186.38335,61.31514,4.857668,3.0,0.0,0.0,1.0,5.29,10.0,25.0,9.984,-0.5957,0.03717,4.184625665973482,,
526,47,4221,182.0,120.818,7.909,182.34584,121.03252,4.080612,47.0,0.0,13.0,1.0,3.885,49.0,37.0,5.88,-0.4905,0.2383,3.849958287377151,,
528,17,269,77.636,221.364,4.364,75.82393,227.56665,7.999997,17.0,0.0,0.0,1.0,5.566,47.0,17.0,-1.317,-3.035,0.11786,7.414643544460451,,
528,20,5438,61.727,220.0,4.727,62.70197,213.17873,7.999996,20.0,0.0,20.0,1.0,3.906,47.0,5.0,-2.605,-2.855,0.2668,7.628420133278973,,
528,44,8958,37.636,232.182,7.0,34.781353,244.54585,3.8838935,44.0,0.0,39.0,1.0,3.39,47.0,8.0,5.91,-0.0896,-0.07104,13.066136232125071,,
530,3,413,181.091,362.636,0.0,181.76901,359.0448,0.6885694,3.0,0.0,0.0,1.0,2.52,6.0,12.0,2.707,3.7,0.1676,3.718943777299741,,
531,13,430,394.909,360.818,8.909,393.92273,359.43875,5.4827547,13.0,0.0,0.0,1.0,4.453,46.0,17.0,6.617,-0.925,0.09875,3.8228544219172087,,
531,15,1319,395.364,361.727,8.909,385.4673,362.53348,4.6119256,15.0,0.0,0.0,1.0,2.91,46.0,37.0,4.38,0.1487,0.56,10.819423703669916,,
531,32,1292,365.545,378.364,8.909,363.98465,379.83124,5.4404535,32.0,0.0,0.0,1.0,4.555,46.0,29.0,9.55,-0.585,-0.37,4.076554938028231,,
531,33,7033,365.091,377.909,8.818,363.53708,379.70993,5.659441,33.0,0.0,28.0,1.0,4.383,46.0,8.0,10.55,-1.162,0.1051,3.9540499728482175,,
531,36,892,364.455,378.727,9.0,363.70105,380.08218,5.5461893,36.0,0.0,0.0,1.0,4.004,46.0,31.0,8.02,-0.7227,0.07,3.785995481552309,,
531,37,892,365.818,378.727,9.091,363.91882,379.39114,5.4645042,37.0,0.0,0.0,1.0,4.195,46.0,31.0,7.707,-1.379,1.123,4.14722056315042,,
531,38,7574,361.455,383.273,9.455,362.64148,381.40662,5.734561,38.0,0.0,31.0,1.0,4.152,46.0,12.0,7.492,-0.935,0.0007324,4.328137641933448,,
532,6,1587,214.727,250.727,9.818,217.13094,250.75775,6.759618,6.0,0.0,1.0,1.0,4.094,8.0,7.0,7.277,-1.517,-0.46,3.8901893969348103,,
533,9,891,209.727,373.273,9.455,208.23941,374.17087,6.318132,9.0,0.0,0.0,1.0,4.664,15.0,12.0,5.47,-1.368,-0.012924,3.5859497200077906,,
533,10,891,209.727,373.545,9.273,206.7172,382.85754,0.99311155,10.0,0.0,0.0,1.0,3.44,15.0,12.0,6.59,1.45,0.3271,12.819471519374058,,
533,11,410,209.182,372.636,9.364,210.03035,372.85095,5.8936934,11.0,0.0,0.0,1.0,5.074,15.0,19.0,10.31,-1.977,-0.3574,3.578956429324556,,
533,12,410,208.091,371.909,9.455,209.6161,372.38406,6.0242724,12.0,0.0,0.0,1.0,5.48,15.0,19.0,10.69,-2.352,0.0656,3.784376286655661,,
534,5,2185,273.545,418.909,5.0,273.6624,416.00262,0.5633323,5.0,0.0,3.0,1.0,5.285,18.0,15.0,9.71,3.748,-0.2673,5.305171792187634,,
534,9,2874,269.727,422.909,5.636,267.4902,420.55338,2.9434276,9.0,0.0,6.0,1.0,5.94,18.0,65.0,19.27,0.4248,-0.922,4.219261304261863,,
537,0,1287,75.545,345.0,9.273,74.91759,333.59973,7.9999933,0.0,0.0,0.0,1.0,-1.347,4.0,14.0,-6.67,1.641,0.1002,11.48826990626719,,
542,8,542,105.727,491.0,-0.545,103.73889,493.79507,0.4772258,8.0,8.0,0.0,1.0,3.002,19.0,40.0,1.789,1.64,-0.02856,3.5790981075105663,,
542,13,1407,93.364,468.091,0.909,89.330246,478.25375,7.9053807,13.0,8.0,0.0,1.0,1.248,19.0,41.0,-3.75,-1.763,0.05823,12.980832091755476,,
542,14,2441,90.273,462.455,1.0,80.54407,465.07806,3.099661,14.0,8.0,4.0,1.0,4.766,19.0,16.0,4.918,-0.4263,0.152,10.292769259214008,,
550,0,1449,468.364,480.364,7.0,467.1901,486.3168,7.9999986,0.0,0.0,0.0,1.0,3.46,6.0,14.0,-2.473,-1.02,0.3008,6.149298029043824,,
550,4,1449,458.455,487.909,8.091,458.13962,486.59384,4.783915,4.0,0.0,0.0,1.0,4.793,6.0,14.0,9.984,-1.066,0.2422,3.5729429840434026,,
555,14,3805,341.727,161.545,6.0,335.6535,164.17499,1.8491262,14.0,0.0,11.0,1.0,3.758,94.0,38.0,8.24,0.744,0.0001221,7.812426188683395,,
555,54,10415,296.273,177.0,4.091,290.33752,163.7553,0.5358164,54.0,0.0,47.0,1.0,3.314,94.0,10.0,4.88,2.682,0.0447,14.942935834370342,,
555,56,10415,290.636,178.182,4.182,280.54428,181.477,0.0,56.0,0.0,47.0,1.0,1.806,94.0,10.0,-6.312,0.771,-0.3572,11.410037754468664,,
559,24,4717,509.909,243.909,8.273,508.62637,241.46356,5.36184,24.0,14.0,16.0,1.0,7.312,20.0,13.0,16.17,-2.186,-0.1465,4.0125015957753725,,
559,27,6237,510.273,243.909,8.455,507.48117,242.25117,6.0770907,27.0,14.0,24.0,1.0,4.816,20.0,11.0,8.87,-1.724,0.105,4.024570498429178,,
559,30,5683,499.091,251.455,8.727,498.97235,250.46156,5.0522656,30.0,14.0,21.0,1.0,4.61,20.0,20.0,11.77,-1.237,-0.355,3.808500199112953,,
560,25,6073,163.0,79.182,5.727,170.65105,84.76748,7.999994,25.0,0.0,23.0,1.0,0.409,39.0,9.0,-5.535,-0.8115,-0.01521,9.741799354171487,,
562,5,925,428.364,391.182,9.727,426.7224,387.88855,6.37898,5.0,0.0,0.0,1.0,4.332,6.0,40.0,7.78,-2.334,-0.613,4.975027777098334,,
563,6,724,18.727,485.818,7.182,21.52205,485.96912,4.308305,6.0,0.0,0.0,1.0,4.902,22.0,13.0,11.11,-0.5957,-0.1366,4.011641149196299,,
566,5,1010,342.818,73.727,9.0,344.95148,73.139595,5.920143,5.0,0.0,0.0,1.0,4.574,20.0,19.0,8.64,-2.078,0.07214,3.79240038562308,,
566,6,1010,338.273,71.545,9.182,340.85135,72.852325,6.5426784,6.0,0.0,0.0,1.0,4.51,20.0,19.0,6.977,-1.366,-0.3896,3.914461123366989,,
570,46,6705,440.636,37.364,7.909,436.46176,33.7943,6.8623433,46.0,32.0,27.0,1.0,3.125,17.0,20.0,4.11,0.948,-0.5625,5.591290362273708,,
570,47,6705,440.182,38.364,7.909,436.74753,34.229347,7.0009375,47.0,32.0,27.0,1.0,3.555,17.0,20.0,3.965,0.000536,-0.1672,5.451194099939524,,
571,26,4807,223.909,41.727,8.818,223.83568,41.41989,4.837915,26.0,0.0,16.0,1.0,4.52,33.0,27.0,10.92,-2.365,-0.3828,3.992589257828182,,
573,29,7065,369.909,472.0,6.364,364.26425,474.60657,5.812437,29.0,9.0,29.0,1.0,4.27,23.0,4.0,12.27,-1.344,-0.12146,6.241925301569119,,
579,8,613,149.182,89.636,2.818,153.97304,85.63387,2.3949742,8.0,0.0,0.0,1.0,4.562,19.0,28.0,7.523,0.9404,0.733,6.257000850724386,,
583,11,3674,202.0,202.455,-0.364,201.03018,199.16846,1.1411273,11.0,0.0,10.0,1.0,2.996,14.0,11.0,3.75,0.9453,-0.1261,3.742633323370766,,
588,6,2224,409.545,411.545,9.909,408.6748,413.49698,6.5258203,6.0,6.0,3.0,1.0,5.035,5.0,22.0,9.1,-2.666,-0.7603,4.001672005911039,,
588,7,2224,405.273,414.818,9.818,407.42838,416.3745,6.2491155,7.0,6.0,3.0,1.0,4.145,5.0,22.0,6.92,-2.162,-0.7075,4.450313670825939,,
588,8,2224,406.273,414.182,9.727,408.67752,418.94836,5.4164233,8.0,6.0,3.0,1.0,4.246,5.0,22.0,9.055,-1.4375,-0.0431,6.86155780902431,,
593,3,468,494.0,407.364,-0.818,498.89444,408.09442,1.2478944,3.0,0.0,0.0,1.0,2.6,5.0,7.0,3.736,2.213,-0.699,5.36255311973235,,
594,60,2874,180.091,429.364,6.0,185.5644,429.2107,2.8086383,60.0,0.0,6.0,1.0,3.918,77.0,65.0,9.45,1.123,-0.3354,6.337696580795492,,
594,61,9767,173.727,432.727,5.909,174.70451,427.7196,1.1646583,61.0,0.0,43.0,1.0,3.844,77.0,29.0,4.332,2.465,0.4504,6.96694759033384,,
595,2,720,279.0,472.909,3.545,278.12756,469.2133,2.8157537,2.0,0.0,0.0,1.0,5.316,43.0,45.0,12.836,0.3152,0.2014,3.866671722510662,,
595,8,720,274.0,480.091,4.364,275.34195,477.01675,2.7968352,8.0,0.0,0.0,1.0,4.805,43.0,45.0,13.65,0.3684,-0.3606,3.702411156983928,,
595,13,4011,266.545,479.273,4.364,268.29514,481.56567,0.42735153,13.0,0.0,12.0,1.0,4.355,43.0,9.0,8.17,3.566,-1.2,4.880217917762816,,
612,39,7877,425.364,22.0,8.0,416.9986,20.99993,7.9999733,39.0,34.0,33.0,1.0,3.814,26.0,25.0,-3.06,-5.43,-0.7227,8.424966300562414,,
613,0,467,477.545,416.545,2.364,471.4844,407.88022,1.7707754,0.0,0.0,0.0,1.0,3.066,6.0,13.0,5.234,0.9346,-0.502,10.59061850103409,,
617,10,2758,200.636,317.182,8.0,211.63254,312.98297,0.0,10.0,0.0,5.0,1.0,2.535,11.0,16.0,-5.19,0.4248,0.2181,14.232208012550272,,
620,55,6357,458.273,174.636,1.273,468.46744,168.99977,0.0,55.0,1.0,25.0,1.0,5.785,56.0,62.0,-5.555,0.02582,-0.1877,11.718115229272136,,
620,56,11775,457.545,176.636,1.364,450.62128,181.533,0.562443,56.0,1.0,54.0,1.0,3.56,56.0,12.0,1.909,1.352,-0.2917,8.518274547268886,,
624,8,492,138.273,441.909,6.818,143.25313,440.76895,2.022006,8.0,0.0,0.0,1.0,4.434,9.0,16.0,6.332,0.08136,0.1609,7.007350945074462,,
633,0,1265,248.455,302.727,8.636,257.99954,309.538,7.9999857,0.0,0.0,0.0,1.0,1.957,5.0,23.0,-8.65,2.684,0.1117,11.742762835099976,,
633,1,627,243.818,305.727,8.091,238.22282,308.349,2.297093,1.0,0.0,0.0,1.0,4.086,5.0,5.0,4.566,0.767,0.633,8.470553792819514,,
633,2,627,239.909,309.727,7.636,239.01047,307.8622,2.5594413,2.0,0.0,0.0,1.0,4.03,5.0,5.0,6.973,0.586,1.2295,5.482361118664629,,
635,5,695,323.182,323.455,9.727,321.65598,323.476,6.0855427,5.0,0.0,0.0,1.0,5.777,7.0,32.0,11.15,-2.639,-0.3186,3.9483400699690674,,
635,6,695,323.455,323.545,9.818,323.053,322.86874,5.5643306,6.0,0.0,0.0,1.0,5.22,7.0,32.0,15.45,-2.637,-0.2727,4.325810323176036,,
639,2,366,83.364,288.818,-0.727,74.51291,295.82965,1.449849,2.0,2.0,0.0,1.0,3.814,5.0,6.0,6.387,1.426,-0.9873,11.499726148017675,,
639,3,348,82.182,289.364,-0.818,73.92543,295.47137,1.7920156,3.0,2.0,0.0,1.0,4.367,5.0,17.0,5.547,0.6577,-0.2264,10.59637192222146,,
643,2,1940,178.545,14.909,9.727,177.28345,14.760072,6.1298623,2.0,2.0,2.0,1.0,4.094,13.0,35.0,9.305,-3.488,-0.732,3.814850925586122,,
643,14,1940,139.182,34.545,7.364,141.20541,33.568962,4.316533,14.0,2.0,2.0,1.0,4.44,13.0,35.0,12.11,-1.412,-0.2039,3.786012852808751,,
649,16,4724,2.182,87.182,1.182,0.22727261,77.98481,7.999996,16.0,0.0,16.0,1.0,5.46,24.0,13.0,-10.64,1.116,-0.4253,11.614401944195505,,
649,17,751,2.091,87.182,1.091,0.0,95.4814,0.0,17.0,0.0,0.0,1.0,4.465,24.0,17.0,-11.21,-4.35,0.9805,8.628012654139994,,
652,4,606,52.0,54.182,4.727,42.843582,49.60271,2.1951847,4.0,0.0,0.0,1.0,6.082,19.0,13.0,15.02,2.959,-0.4177,10.546088194593205,,
654,11,736,86.364,23.545,8.364,85.05639,24.73264,4.9521585,11.0,0.0,0.0,1.0,3.857,21.0,19.0,7.355,-1.142,-0.3015,3.842004047736321,,
654,18,3353,86.182,23.818,8.364,85.19099,24.821753,4.9600143,18.0,0.0,8.0,1.0,3.824,21.0,12.0,7.277,-1.589,0.2059,3.6846627458850967,,
658,41,7943,354.909,345.364,9.273,354.3546,348.35873,6.104897,41.0,40.0,33.0,1.0,4.42,17.0,22.0,8.9,-1.483,0.1362,4.394615313256555,,
658,55,8548,353.182,338.818,9.727,352.31863,339.0838,5.735209,55.0,40.0,37.0,1.0,4.477,17.0,30.0,7.332,-1.407,0.1035,4.092731702003084,,
659,25,898,416.909,400.727,6.818,415.63766,400.07532,3.5514405,25.0,0.0,0.0,1.0,6.1,30.0,37.0,14.67,-1.051,-0.7764,3.565305482709759,,
659,28,898,415.909,401.455,7.091,414.5196,402.23923,3.0627089,28.0,0.0,0.0,1.0,3.05,30.0,37.0,11.19,-0.5557,0.3748,4.33273334504204,,
663,37,3029,462.273,23.182,7.818,464.24902,21.576658,5.141724,37.0,25.0,6.0,1.0,4.062,17.0,37.0,6.266,-1.374,-0.649,3.693809849672801,,
664,25,5687,501.091,242.727,6.727,501.67432,239.67368,3.5872896,25.0,24.0,21.0,1.0,4.395,21.0,9.0,8.42,0.2554,0.804,4.418235693200201,,
664,26,5683,495.273,246.636,6.727,499.2862,249.371,3.4229002,26.0,24.0,21.0,1.0,4.457,21.0,20.0,10.52,-0.4512,0.6743,5.873931794663604,,
667,1,1424,22.182,458.182,2.091,28.50648,465.3175,0.75892603,1.0,0.0,0.0,1.0,2.65,7.0,15.0,4.6,2.957,-0.8843,9.627503756527508,,
672,4,722,218.727,458.727,1.455,217.77185,462.73828,2.612446,4.0,0.0,0.0,1.0,4.996,5.0,8.0,11.17,0.3203,-0.4504,4.282798151187609,,
673,16,4841,13.636,28.455,7.909,14.538438,16.999973,7.999987,16.0,0.0,16.0,1.0,2.385,21.0,5.0,1.036,-1.549,0.4136,11.49087971169927,,
680,17,1237,433.273,287.182,9.0,431.71194,286.81555,5.850264,17.0,0.0,0.0,1.0,4.793,23.0,23.0,5.605,-1.7295,-0.2303,3.534406710580437,,
681,0,320,211.182,265.545,1.545,207.66612,265.25516,1.6931704,0.0,0.0,0.0,1.0,4.72,7.0,17.0,8.805,1.769,-0.1852,3.530916859320826,,
686,0,763,383.273,232.364,5.364,383.42365,226.63419,4.08189,0.0,0.0,0.0,1.0,3.379,4.0,30.0,5.688,-0.3552,-0.06665,5.873433758092464,,
686,1,281,378.636,235.909,5.545,386.32718,233.58075,0.67861384,1.0,0.0,0.0,1.0,2.092,4.0,4.0,3.793,1.722,-0.2751,9.394504356970575,,
687,20,472,114.364,414.545,9.909,112.537766,414.52368,6.433855,20.0,0.0,0.0,1.0,4.676,21.0,24.0,8.734,-3.312,-0.1562,3.925839774644528,,
690,2,131,277.364,104.0,0.545,274.88794,106.710594,1.5853858,2.0,0.0,0.0,1.0,4.85,9.0,9.0,9.29,2.037,-0.5767,3.8158348456500906,,
691,3,2086,307.091,473.818,8.727,307.1944,473.65277,5.1514554,3.0,0.0,2.0,1.0,5.055,7.0,6.0,11.57,-1.355,-0.1874,3.5808534875765528,,
704,6,2337,495.364,402.182,5.273,498.05988,398.2853,4.7123466,6.0,2.0,3.0,1.0,2.346,23.0,7.0,6.31,0.5884,0.3267,4.77141196076506,,
704,7,2337,490.727,406.0,5.182,494.5733,401.63464,4.523473,7.0,2.0,3.0,1.0,4.863,23.0,7.0,4.98,-0.5176,-0.01796,5.855258271786942,,
704,20,4045,466.636,420.727,4.727,464.25845,426.53488,5.7345953,20.0,2.0,12.0,1.0,3.898,23.0,8.0,8.62,-2.568,0.1539,6.356057141458249,,
704,24,2854,468.818,423.182,4.909,471.99988,434.43918,0.0,24.0,2.0,6.0,1.0,4.93,23.0,31.0,-7.336,-0.1357,-0.06683,12.686478742614137,,
705,12,1282,144.182,330.727,3.727,141.29126,332.01028,5.77236,12.0,0.0,0.0,1.0,3.21,13.0,17.0,6.824,-1.31,0.1936,3.766521317555509,,
716,4,1476,321.727,502.545,4.091,323.4049,510.99908,0.0,4.0,0.0,0.0,1.0,1.583,18.0,4.0,-8.15,1.379,0.581,9.540602604468948,,
716,5,2451,321.545,501.909,4.182,328.12244,510.99942,7.999991,5.0,0.0,4.0,1.0,3.209,18.0,5.0,-9.19,2.277,0.2423,11.852236413693428,,
716,17,2799,310.909,508.273,4.636,311.19754,502.626,7.999994,17.0,0.0,5.0,1.0,0.3728,18.0,7.0,-4.176,0.3071,-0.12445,6.57938598682556,,
729,33,7689,3.545,240.727,9.273,11.808414,239.30363,6.5893035,33.0,0.0,32.0,1.0,3.23,35.0,12.0,8.164,-4.617,-0.2144,8.804102452630152,,
730,4,927,495.636,381.273,9.182,493.84204,379.86087,6.15379,4.0,2.0,0.0,1.0,5.324,5.0,10.0,8.14,-1.133,-0.1482,3.7924213139629193,,
730,5,927,490.818,383.273,9.364,492.09885,380.2107,6.1060185,5.0,2.0,0.0,1.0,4.35,5.0,10.0,6.832,-1.096,-0.3667,4.651096802566323,,
731,13,3763,496.455,475.545,-0.273,490.32532,472.69666,2.1094995,13.0,11.0,11.0,1.0,3.803,16.0,11.0,8.8,1.28,-0.39,7.166751113684666,,
731,15,3763,490.364,474.455,-0.545,486.99393,475.00378,1.5319494,15.0,11.0,11.0,1.0,3.646,16.0,11.0,5.777,1.235,-0.02574,3.996529757609766,,
734,21,4104,339.727,22.182,8.455,331.55026,23.789888,4.087079,21.0,0.0,13.0,1.0,3.229,49.0,27.0,8.43,-1.628,-0.002586,9.408672313901942,,
736,33,7701,199.455,16.455,9.727,203.27629,10.576918,4.009157,33.0,33.0,32.0,1.0,3.611,26.0,22.0,6.332,-0.691,0.433,9.046979265781085,,
736,40,8629,176.636,10.636,6.091,178.83086,7.6998897,5.3453608,40.0,33.0,37.0,1.0,5.28,26.0,15.0,8.39,-0.1081,0.1123,3.7408731507420496,,
741,16,37,13.0,53.364,9.455,15.385422,51.07605,6.6373425,16.0,0.0,0.0,1.0,4.09,24.0,16.0,5.75,-2.486,-0.1842,4.343287592123072,,
742,7,808,22.182,88.818,8.364,22.442705,90.8167,5.212175,7.0,0.0,0.0,1.0,5.266,12.0,11.0,13.83,-1.339,-0.2808,3.741225683870194,,
744,6,647,380.364,488.455,6.182,381.16766,492.30164,6.235205,6.0,0.0,0.0,1.0,4.83,20.0,15.0,12.97,-3.422,-0.8794,3.9300559101907617,,
744,8,2363,380.364,488.727,7.182,381.36755,486.8555,4.3060355,8.0,0.0,3.0,1.0,4.07,20.0,11.0,9.2,0.5073,0.00659,3.5750240079977327,,
744,10,908,373.727,490.545,6.636,375.39542,482.95496,7.999996,10.0,0.0,0.0,1.0,5.996,20.0,11.0,-3.125,-0.4792,0.3557,7.890045474267934,,
756,21,662,46.455,90.091,5.727,47.696373,80.51776,0.0,21.0,0.0,0.0,1.0,0.383,56.0,43.0,-6.863,-0.971,0.3618,11.224369025594669,,
761,13,266,157.545,213.0,0.0,158.67001,209.97192,1.5036207,13.0,0.0,0.0,1.0,3.314,15.0,18.0,4.387,1.212,-0.4294,3.563115377863651,,
764,53,7924,140.727,58.273,2.182,141.98372,61.967163,3.2502093,53.0,9.0,33.0,1.0,5.37,63.0,56.0,12.1,-0.0561,-0.0807,4.045646615508511,,
766,19,2262,282.455,138.273,-0.636,285.8477,138.8125,0.6483156,19.0,0.0,3.0,1.0,3.154,24.0,17.0,4.254,2.336,-0.717,3.667552330969976,,
767,0,1414,435.273,455.364,2.091,438.7851,455.5511,6.7711816,0.0,0.0,0.0,1.0,3.156,6.0,10.0,3.65,-3.059,0.1647,5.854396008896085,,
767,1,1414,432.273,458.545,2.0,439.07767,455.41,7.0556593,1.0,0.0,0.0,1.0,3.076,6.0,10.0,1.8125,-2.059,-0.014305,9.038332244754908,,
770,12,3327,113.091,156.182,2.0,118.69512,153.56857,1.9193494,12.0,0.0,8.0,1.0,3.363,42.0,9.0,4.957,1.478,-0.05798,6.18406677345745,,
770,13,3957,106.091,156.455,1.818,105.95914,148.03394,7.999996,13.0,0.0,12.0,1.0,2.459,42.0,11.0,-6.48,0.145,0.312,10.447426148445183,,
772,14,1877,200.545,36.364,8.0,198.14076,35.039192,5.5259237,14.0,0.0,2.0,1.0,4.285,37.0,18.0,10.164,-0.7812,-0.0989,3.695475578688841,,
772,21,745,202.545,70.636,6.455,204.23666,60.999947,6.315784,21.0,0.0,0.0,1.0,0.247,37.0,22.0,-6.867,3.502,0.4373,9.78440657725674,,
772,36,123,246.727,110.455,9.818,248.6899,109.33191,6.060375,36.0,0.0,0.0,1.0,3.863,37.0,43.0,5.89,-1.491,0.2917,4.385664510507498,,
775,18,2262,291.636,133.727,-0.364,281.81647,139.20132,0.28189948,18.0,18.0,3.0,1.0,2.871,20.0,17.0,-0.7275,1.46,-0.07355,11.260929580703593,,
775,29,5801,262.364,150.091,-0.636,258.5646,159.10239,5.5258856,29.0,18.0,22.0,1.0,4.598,20.0,12.0,4.965,-1.251,-0.613,11.55895428832502,,
776,35,3971,439.727,248.818,6.727,442.07803,247.38805,2.79143,35.0,0.0,12.0,1.0,4.914,81.0,50.0,9.695,2.045,0.6494,4.80216724909704,,
776,43,8003,418.273,254.455,5.636,409.66748,256.53677,7.9999986,43.0,0.0,34.0,1.0,1.416,81.0,23.0,-2.082,-2.186,0.362,9.16390911042346,,
784,6,1384,170.364,426.727,8.273,169.7742,427.40332,4.6198473,6.0,0.0,0.0,1.0,4.38,14.0,32.0,12.16,-2.184,-0.2603,3.761754568272275,,
784,7,1384,170.0,427.545,8.273,169.21185,428.1368,4.1849184,7.0,0.0,0.0,1.0,4.184,14.0,32.0,9.73,-0.743,-0.2013,4.205213291945907,,
784,8,1384,169.636,427.182,8.091,169.31902,427.68182,4.583349,8.0,0.0,0.0,1.0,4.105,14.0,32.0,8.99,-1.505,-0.08154,3.557233741350292,,
784,9,1384,169.182,427.455,8.182,168.72481,428.37604,4.478539,9.0,0.0,0.0,1.0,4.156,14.0,32.0,7.76,-0.1371,0.3462,3.843560947379528,,
786,6,2896,339.091,18.182,9.455,335.94577,17.76041,4.3800464,6.0,6.0,6.0,1.0,5.016,49.0,34.0,15.05,-1.891,0.02382,5.985429301491508,,
786,7,961,337.273,21.273,8.818,344.155,20.601595,6.813984,7.0,6.0,0.0,1.0,4.027,49.0,8.0,7.582,-1.739,-0.2788,7.199221402504599,,
786,8,1630,336.636,20.455,8.727,341.8935,25.58323,6.1917076,8.0,6.0,1.0,1.0,4.656,49.0,11.0,10.31,-1.82,-0.675,7.769669023606972,,
786,9,1630,336.364,20.636,9.0,338.74915,22.917845,6.3683157,9.0,6.0,1.0,1.0,5.24,49.0,11.0,9.87,-2.191,-0.5356,4.221554142894716,,
786,12,3773,335.636,22.0,9.091,337.93616,23.519312,6.329093,12.0,6.0,11.0,1.0,4.258,49.0,43.0,10.47,-4.055,-0.004395,3.902201334579337,,
786,15,3773,335.364,22.273,9.273,338.08676,23.60167,6.684497,15.0,6.0,11.0,1.0,4.293,49.0,43.0,7.87,-3.316,-0.04666,3.984863080145825,,
786,16,3773,335.909,22.273,9.273,337.85086,22.016829,6.2930355,16.0,6.0,11.0,1.0,4.42,49.0,43.0,6.57,-1.429,0.242,3.566038735361875,,
786,18,3472,335.091,22.0,9.364,337.77115,21.780514,6.8308663,18.0,6.0,9.0,1.0,3.19,49.0,19.0,5.27,-2.875,0.1658,3.694339517257656,,
796,0,1227,117.727,266.727,5.273,125.47807,275.99957,7.9999876,0.0,0.0,0.0,1.0,5.223,26.0,16.0,-8.28,3.457,0.2922,12.38935437867342,,
796,1,323,118.909,267.091,5.091,105.56505,263.57596,7.9999943,1.0,0.0,0.0,1.0,6.72,26.0,6.0,-9.81,1.403,-0.8477,14.102437932553812,,
796,2,2065,119.091,267.182,5.091,126.99959,268.9991,7.999974,2.0,0.0,2.0,1.0,4.145,26.0,28.0,-7.56,3.223,0.7627,8.620311939296396,,
804,3,825,85.727,188.455,6.091,88.53119,187.1379,1.0400194,3.0,0.0,0.0,1.0,0.7944,5.0,21.0,0.1594,3.365,1.28,5.9254231062158205,,
810,12,291,409.909,265.0,-0.455,412.956,263.3798,1.2577949,12.0,0.0,0.0,1.0,3.807,13.0,39.0,5.234,1.701,-0.3528,3.852651477809303,,
815,48,7706,393.909,135.909,5.182,397.20172,136.54118,3.0124183,48.0,0.0,32.0,1.0,6.117,73.0,45.0,14.414,-1.295,-0.2952,3.993587522989211,,
816,1,660,153.182,63.545,4.273,149.3511,67.25679,7.999993,1.0,0.0,0.0,1.0,6.2,38.0,6.0,-2.879,-0.4934,-0.2476,6.507200368526302,,
824,9,153,316.0,142.727,-0.818,312.66937,141.93132,0.9041111,9.0,0.0,0.0,1.0,3.924,10.0,60.0,6.527,2.814,-0.3271,3.832997456305328,,
829,0,828,202.909,231.727,7.545,204.13686,231.82074,4.022565,0.0,0.0,0.0,1.0,5.785,11.0,37.0,12.95,-0.7036,-0.265,3.73148438244421,,
831,7,1102,403.273,170.636,9.0,404.3443,168.47697,6.291816,7.0,0.0,0.0,1.0,3.959,15.0,16.0,8.09,-3.154,-0.5166,3.625376505793005,,
831,9,1102,403.0,171.182,9.364,401.15543,170.32626,5.8229074,9.0,0.0,0.0,1.0,4.094,15.0,16.0,9.83,-2.371,-0.2249,4.083389062320008,,
831,10,1102,403.636,170.818,9.455,401.6921,170.25479,5.55952,10.0,0.0,0.0,1.0,4.46,15.0,16.0,11.016,-1.821,-0.449,4.389842496548158,,
831,11,1102,403.636,170.636,9.273,401.94693,170.21985,5.8396354,11.0,0.0,0.0,1.0,4.723,15.0,16.0,10.75,-1.658,-0.53,3.8489129327555855,,
831,12,1102,403.909,169.364,9.273,401.79617,170.19058,5.9283547,12.0,0.0,0.0,1.0,4.125,15.0,16.0,9.69,-2.504,0.0101,4.041526603662531,,
831,13,3164,403.273,169.364,9.182,403.7094,171.48094,5.608091,13.0,0.0,7.0,1.0,5.223,15.0,17.0,11.445,-1.624,-0.2097,4.176685942692004,,
831,14,3164,397.727,171.273,9.182,398.95935,171.41428,5.25615,14.0,0.0,7.0,1.0,6.098,15.0,17.0,13.55,-1.767,-0.1141,4.1171525091256935,,
832,46,1271,369.364,367.818,6.364,368.81055,371.5844,4.009923,46.0,0.0,0.0,1.0,4.7,57.0,94.0,10.69,-0.0206,-0.4675,4.475908218946099,,
835,40,1445,288.545,490.273,-0.182,290.8018,492.17548,2.1633365,40.0,0.0,0.0,1.0,5.844,43.0,42.0,17.28,0.9297,-0.6562,3.7700370938005534,,
837,1,261,340.091,211.455,-0.545,341.63742,208.00629,1.2951567,1.0,0.0,0.0,1.0,2.975,11.0,8.0,5.33,1.091,-0.08374,4.203711712410232,,
837,2,2011,334.455,214.273,-0.545,332.82455,221.83594,3.8606265,2.0,0.0,2.0,1.0,2.918,11.0,7.0,6.668,0.7036,0.4417,8.903144023523499,,
837,3,687,328.636,217.091,-0.545,322.8642,216.30875,2.610839,3.0,0.0,0.0,1.0,3.691,11.0,76.0,7.53,1.487,-0.07996,6.624568672481363,,
837,4,687,323.273,220.091,-0.545,322.5934,217.33432,1.8469496,4.0,0.0,0.0,1.0,4.004,11.0,76.0,7.703,0.09827,-0.05145,3.712487531472709,,
837,10,1127,302.364,232.909,-0.818,306.80112,237.0996,2.7764657,10.0,0.0,0.0,1.0,3.682,11.0,6.0,8.24,0.11163,-0.0456,7.083032254823994,,
841,15,1290,199.636,338.727,8.727,199.44177,336.03873,5.51005,15.0,0.0,0.0,1.0,4.35,49.0,32.0,6.54,-1.931,-0.3062,4.196818817664154,,
841,20,1290,200.545,338.909,9.0,199.02232,336.89185,5.6940794,20.0,0.0,0.0,1.0,4.62,49.0,32.0,6.67,-1.59,0.0163,4.161317041322898,,
841,25,4761,200.455,341.727,8.818,202.88733,340.98743,6.32366,25.0,0.0,16.0,1.0,4.98,49.0,29.0,7.35,-0.5835,0.782,3.5615902416476595,,
841,47,8286,176.818,370.909,9.545,177.65726,373.0188,6.0408354,47.0,0.0,35.0,1.0,2.65,49.0,44.0,5.3,-1.306,0.2654,4.175497926175175,,
843,2,94,29.455,71.273,6.727,30.747267,72.72762,3.0905643,2.0,0.0,0.0,1.0,4.836,10.0,24.0,12.66,0.4597,-0.8013,4.124262109023081,,
852,0,1215,276.909,268.636,9.0,276.08972,266.09857,6.6559587,0.0,0.0,0.0,1.0,4.125,4.0,41.0,5.473,-1.374,-0.0896,3.5502535598751,,
852,1,1215,276.818,268.273,8.909,276.18796,265.77527,6.445045,1.0,0.0,0.0,1.0,3.592,4.0,41.0,6.133,-0.962,-0.748,3.5646430110917486,,
852,2,1215,276.455,268.909,8.909,276.8446,262.8865,6.437474,2.0,0.0,0.0,1.0,3.617,4.0,41.0,4.266,-1.58,0.01886,6.52155925976877,,
854,3,739,369.636,19.727,4.455,373.76468,16.67387,4.6421013,3.0,0.0,0.0,1.0,4.44,10.0,12.0,10.766,-0.6475,0.747,5.138346838795672,,
855,0,1143,291.364,188.455,8.636,289.06647,187.92557,5.8772583,0.0,0.0,0.0,1.0,4.586,17.0,19.0,8.58,-0.6714,-0.1261,3.628993798991517,,
855,3,1143,291.0,189.909,8.909,289.35513,188.61517,6.089338,3.0,0.0,0.0,1.0,5.336,17.0,19.0,8.164,-1.163,-0.91,3.511422387016984,,
855,4,1143,291.455,190.909,8.909,288.61975,188.9713,6.0577,4.0,0.0,0.0,1.0,3.879,17.0,19.0,4.92,-2.19,-0.2825,4.4635451764824525,,
855,5,1143,291.455,191.182,8.909,288.67987,188.93282,5.9723635,5.0,0.0,0.0,1.0,3.447,17.0,19.0,5.766,-2.295,-0.2732,4.624282768433628,,
855,6,1143,290.818,191.273,8.909,288.96027,189.28209,5.811758,6.0,0.0,0.0,1.0,3.848,17.0,19.0,7.43,-1.867,-0.2742,4.1240503619092665,,
855,9,1143,290.545,190.818,9.273,289.5707,188.95534,6.2151747,9.0,0.0,0.0,1.0,5.42,17.0,19.0,10.87,-2.494,-0.11163,3.710668178498336,,
855,15,2702,291.818,190.091,9.455,294.6174,185.47635,6.7079453,15.0,0.0,5.0,1.0,5.07,17.0,14.0,12.66,-3.664,-0.239,6.056231873639924,,
860,1,25,291.091,2.091,2.636,288.67673,5.321406,1.7842139,1.0,0.0,0.0,1.0,6.004,9.0,24.0,12.02,1.674,-0.8105,4.121863913072477,,
861,67,10681,79.818,13.545,4.182,86.94922,14.668926,0.97159183,67.0,13.0,49.0,1.0,4.08,55.0,47.0,5.023,0.4912,1.032,7.900900515756336,,
868,14,1370,348.636,435.727,0.727,358.4924,434.4778,0.0,14.0,0.0,0.0,1.0,-0.6304,19.0,16.0,-1.924,1.854,0.10254,9.961809604685234,,
868,17,3784,333.727,434.455,-0.545,330.19028,435.20877,1.2345241,17.0,0.0,11.0,1.0,4.418,19.0,13.0,6.312,1.329,-0.4868,4.030293239180106,,
871,5,2037,219.727,69.091,7.0,213.4024,65.396034,0.34299484,5.0,0.0,2.0,1.0,2.29,31.0,7.0,-0.7715,1.1455,-1.022,9.897931935582434,,
871,14,915,178.545,80.364,7.727,168.51176,83.51183,7.9999933,14.0,0.0,0.0,1.0,4.01,31.0,13.0,-3.906,-3.363,-0.566,10.518995386839205,,
881,4,172,249.091,144.273,2.364,250.31282,140.9981,6.649824,4.0,0.0,0.0,1.0,2.488,58.0,23.0,5.61,-1.514,-0.06635,5.530470276692205,,
881,5,172,249.636,144.727,2.364,250.83362,141.23727,6.664193,5.0,0.0,0.0,1.0,1.904,58.0,23.0,2.812,-2.41,0.9604,5.666054092095227,,
885,7,971,295.818,42.727,7.909,296.64465,41.942585,4.372827,7.0,0.0,0.0,1.0,5.29,14.0,9.0,12.81,-0.582,-0.3755,3.715262655675106,,
886,31,1000,416.182,63.636,9.455,418.10266,61.350792,6.842335,31.0,0.0,0.0,1.0,3.97,50.0,51.0,6.74,-2.58,-0.3005,3.967005021560851,,
886,33,4096,415.455,64.182,9.364,413.68,62.807056,6.6240244,33.0,0.0,13.0,1.0,5.15,50.0,26.0,8.52,-2.998,-1.084,3.542394993748055,,
888,0,1259,444.0,309.182,-0.818,456.88522,304.50394,7.999999,0.0,0.0,0.0,1.0,3.162,15.0,4.0,-5.223,-1.533,-0.4014,16.299394043215266,,
888,1,1828,445.364,309.0,-0.818,442.61874,303.4759,0.0,1.0,0.0,1.0,1.0,3.234,15.0,43.0,-5.758,0.02625,0.2225,6.222640699702947,,
888,2,353,443.273,309.727,-0.636,452.2033,303.13956,1.1938161,2.0,0.0,0.0,1.0,3.55,15.0,19.0,3.324,0.1786,-0.6,11.246904054157236,,
888,3,353,443.0,308.545,-0.636,446.2547,307.5334,1.0799305,3.0,0.0,0.0,1.0,3.906,15.0,19.0,6.152,2.154,-0.4333,3.815864794621323,,
888,4,353,443.364,309.091,-0.727,447.03177,308.12445,1.1776724,4.0,0.0,0.0,1.0,2.658,15.0,19.0,5.688,2.648,-0.1836,4.244353028050549,,
888,5,353,444.091,309.364,-0.545,447.33554,307.29858,0.9428283,5.0,0.0,0.0,1.0,3.25,15.0,19.0,5.266,2.467,-0.4824,4.1239098727155215,,
890,18,928,126.091,455.818,8.909,125.23663,446.59134,0.29305354,18.0,12.0,0.0,1.0,1.517,16.0,14.0,-2.379,1.492,-0.1536,12.65289438247574,,
890,19,1405,121.091,458.636,8.909,112.03554,451.54642,6.675325,19.0,12.0,0.0,1.0,3.748,16.0,19.0,2.816,-0.5884,-0.1981,11.715494201851884,,
890,26,3239,113.545,463.182,9.818,112.00272,461.7342,6.5656586,26.0,12.0,8.0,1.0,5.113,16.0,24.0,8.195,-2.033,-1.071,3.8797521854564447,,
890,27,3239,112.364,463.091,9.727,106.68054,463.9669,5.928566,27.0,12.0,8.0,1.0,4.58,16.0,24.0,9.12,-4.26,-0.2266,6.891808125155265,,
900,1,138,463.545,107.636,-0.727,464.56015,111.96098,1.1213675,1.0,0.0,0.0,1.0,2.002,10.0,22.0,9.25,1.836,-0.6675,4.811698654109208,,
900,2,138,464.182,107.455,-0.818,464.2445,111.13565,0.90944165,2.0,0.0,0.0,1.0,3.232,10.0,22.0,8.03,2.229,-0.2197,4.066342991762343,,
900,3,753,464.091,107.0,-0.818,467.3451,103.4118,1.874171,3.0,0.0,0.0,1.0,3.803,10.0,30.0,11.51,1.191,-0.1355,5.54185264539224,,
900,4,138,463.909,107.545,-0.636,463.54282,112.40129,1.1601584,4.0,0.0,0.0,1.0,3.572,10.0,22.0,9.34,0.9043,-0.2925,5.190744200438947,,
900,9,814,446.818,115.364,-0.818,450.70883,114.00914,1.3314224,9.0,0.0,0.0,1.0,4.445,10.0,15.0,12.67,4.207,-1.028,4.6469581838146246,,
902,0,1434,464.455,479.636,4.182,463.92175,474.11914,7.12319,0.0,0.0,0.0,1.0,4.266,11.0,6.0,6.02,-1.937,-0.338,6.274607432995318,,
903,26,6119,358.182,354.909,8.091,356.8806,344.78864,7.9999986,26.0,0.0,23.0,1.0,1.6455,54.0,5.0,-8.3,0.8623,-0.307,10.204097693789592,,
903,28,7029,359.091,356.545,8.091,363.91647,349.44214,7.999996,28.0,0.0,28.0,1.0,-0.437,54.0,39.0,-3.785,-2.09,0.01709,8.587436324568367,,
911,10,2078,253.182,439.364,2.909,259.2088,443.8155,0.21166301,10.0,0.0,2.0,1.0,2.771,27.0,11.0,1.577,0.972,-0.2125,7.963278051633162,,
911,11,902,249.091,441.0,3.273,244.0696,440.06027,4.731827,11.0,0.0,0.0,1.0,4.04,27.0,17.0,6.793,-1.419,-0.376,5.312788970854102,,
917,1,332,275.818,277.727,0.0,274.9852,279.81384,3.023589,1.0,0.0,0.0,1.0,4.66,21.0,53.0,11.94,0.633,-0.867,3.767034306522991,,
917,10,307,276.909,279.818,0.364,275.35458,276.37674,1.1799792,10.0,0.0,0.0,1.0,3.617,21.0,20.0,9.75,2.588,-0.274,3.8631999661980494,,
922,17,1793,408.0,168.182,-0.636,412.9988,159.99953,0.0,17.0,0.0,1.0,1.0,6.758,23.0,17.0,-6.574,1.545,-0.7075,9.60964685828257,,
923,8,720,276.182,473.727,1.273,275.34195,477.01675,2.7968352,8.0,0.0,0.0,1.0,4.805,40.0,45.0,13.65,0.3684,-0.3606,3.721587400795425,,
927,7,1954,307.818,20.455,0.818,306.03763,23.294079,2.2592206,7.0,0.0,2.0,1.0,4.254,13.0,16.0,11.45,0.4558,-0.2651,3.647904017789584,,
928,5,1773,3.818,144.455,0.545,2.9680235,157.10173,0.33357185,5.0,0.0,1.0,1.0,3.506,6.0,6.0,0.876,2.172,-0.051,12.677024162084114,,
932,10,1457,198.727,501.182,8.909,197.3074,499.46042,5.791836,10.0,0.0,0.0,1.0,4.418,12.0,15.0,7.703,-0.889,0.0682,3.833511870243272,,
933,2,498,47.364,435.182,-0.364,44.71472,432.78732,1.323575,2.0,0.0,0.0,1.0,4.633,5.0,27.0,10.734,3.27,-0.701,3.949821034100781,,
934,9,1188,298.091,232.091,8.818,303.97028,232.99744,0.31995198,9.0,0.0,0.0,1.0,4.188,13.0,9.0,5.484,2.537,-0.4753,10.373253440566554,,
940,0,693,74.636,295.0,1.636,63.587013,288.24,3.5771062,0.0,0.0,0.0,1.0,3.4,15.0,18.0,5.883,-1.757,-0.2559,13.097542021533936,,
940,1,366,74.545,295.545,1.818,80.53637,306.9995,0.0,1.0,0.0,0.0,1.0,3.215,15.0,6.0,-0.795,5.59,-0.01157,13.054011212148543,,
946,29,3655,111.364,186.545,3.364,110.41235,189.2398,5.819703,29.0,0.0,10.0,1.0,3.81,30.0,37.0,7.312,-2.758,-0.513,3.7680315798449833,,
950,9,2262,275.364,141.182,4.818,280.01147,145.98448,0.0,9.0,0.0,3.0,1.0,2.408,10.0,17.0,-5.56,-0.01051,0.1742,8.238684091000213,,
951,61,11244,332.0,7.818,5.182,323.9803,0.0,7.9999943,61.0,9.0,52.0,1.0,3.145,91.0,22.0,-11.37,-1.857,0.2432,11.548930858085196,,
953,2,1134,297.545,182.0,7.455,301.70325,178.49078,7.084414,2.0,0.0,0.0,1.0,6.117,8.0,20.0,8.62,-1.136,-0.5073,5.453714518958256,,
959,36,6149,252.636,492.0,7.0,254.6969,487.57578,7.665135,36.0,4.0,23.0,1.0,2.783,39.0,15.0,-1.918,-1.307,0.3027,4.925792929734759,,
962,17,383,220.636,350.0,3.0,228.999,346.99847,7.999965,17.0,0.0,0.0,1.0,-1.857,18.0,20.0,-7.535,-0.417,0.1456,10.19551868921464,,
968,6,845,167.091,372.273,9.545,166.43494,371.4984,5.403313,6.0,6.0,0.0,1.0,4.8,4.0,16.0,6.81,-1.437,-0.1172,4.264269115518981,,
968,7,845,161.364,375.273,9.0,162.15195,376.63702,5.6053286,7.0,6.0,0.0,1.0,4.875,4.0,16.0,8.42,-0.6064,-0.393,3.742353494377289,,
969,4,789,3.455,444.818,6.727,5.233616,447.0173,4.45863,4.0,1.0,0.0,1.0,4.668,8.0,12.0,12.09,-0.596,-0.02792,3.625727212898948,,
971,19,1538,171.818,503.364,-0.909,169.02034,505.41403,2.8198707,19.0,1.0,1.0,1.0,5.316,19.0,17.0,13.305,0.67,-0.5435,5.092543684036372,,
976,18,762,114.818,251.455,3.091,115.352745,247.97754,3.8790898,18.0,1.0,0.0,1.0,5.38,44.0,49.0,13.92,-1.101,0.08575,3.6055187975503737,,
976,25,5349,95.364,265.182,2.182,107.29005,267.29266,2.5668883,25.0,1.0,19.0,1.0,3.809,44.0,11.0,7.043,0.4355,0.2795,12.117495336973588,,
977,10,891,207.818,375.273,7.455,206.7172,382.85754,0.99311155,10.0,1.0,0.0,1.0,3.44,18.0,12.0,6.59,1.45,0.3271,10.024620191899674,,
981,3,1740,76.818,273.545,2.091,86.64267,271.30316,7.99999,3.0,1.0,1.0,1.0,0.729,6.0,12.0,-6.996,1.978,-0.506,11.681872710083775,,
981,4,1740,77.455,273.818,2.273,91.80813,271.0601,7.999998,4.0,1.0,1.0,1.0,2.0,6.0,12.0,-8.72,1.161,0.4556,15.69767050548916,,
990,1,1077,144.0,125.455,9.636,147.88316,129.19232,5.917482,1.0,1.0,0.0,1.0,4.887,8.0,6.0,13.375,-4.63,0.1112,6.547814023345807,,
991,16,1143,285.727,190.727,5.818,287.42685,187.01726,5.5726924,16.0,1.0,0.0,1.0,5.777,17.0,19.0,11.484,-1.284,0.4612,4.088011339113179,,
991,17,1143,286.455,194.909,6.364,282.55383,189.55887,5.560596,17.0,1.0,0.0,1.0,3.932,17.0,19.0,6.367,0.11914,-0.3777,6.669968243778647,,
1003,9,1676,171.818,27.727,4.182,183.43707,29.529442,4.4853754,9.0,1.0,1.0,1.0,3.838,27.0,16.0,2.05,-0.6997,-0.10486,11.7619565320396,,
1004,15,3480,236.818,214.182,4.818,233.13423,205.0596,7.999996,15.0,1.0,9.0,1.0,0.9683,22.0,4.0,-7.72,0.885,-0.2522,10.339895633753564,,
1006,14,3323,208.091,186.455,9.364,206.38266,184.79169,6.266346,14.0,1.0,8.0,1.0,4.49,22.0,19.0,7.035,-1.998,-0.3757,3.909026223423956,,
1006,15,3323,209.091,186.636,9.091,207.3179,184.98947,6.1070433,15.0,1.0,8.0,1.0,3.867,22.0,19.0,5.582,-2.062,0.1124,3.841736877816443,,
1012,11,511,353.545,476.818,9.0,353.20636,476.9128,4.8886156,11.0,1.0,0.0,1.0,4.164,24.0,32.0,5.758,-0.999,0.00984,4.126396221179368,,
1013,15,2099,391.455,488.364,1.0,394.11218,487.75897,4.5486865,15.0,1.0,2.0,1.0,3.438,26.0,44.0,9.2,-1.761,0.10876,4.474353889511027,,
1015,6,165,338.091,133.091,0.455,332.69577,134.78712,0.56631696,6.0,1.0,0.0,1.0,2.727,7.0,63.0,2.26,3.678,-0.2065,5.65665283298205,,
1020,10,1004,387.636,61.727,2.182,385.15692,64.7708,2.1861086,10.0,1.0,0.0,1.0,6.086,10.0,42.0,15.13,0.5996,-0.5537,3.925630263663912,,
1025,60,11602,25.545,22.818,9.273,22.944166,23.612827,6.588172,60.0,53.0,54.0,1.0,4.625,32.0,30.0,10.1,-2.07,0.1167,3.8215688983804816,,
1030,2,812,39.273,89.273,-0.273,40.11617,80.56335,5.4953585,2.0,2.0,0.0,1.0,2.973,27.0,20.0,6.6,-1.186,-0.275,10.480596288185238,,
1030,3,812,40.273,88.818,-0.273,36.78013,84.87179,5.318748,3.0,2.0,0.0,1.0,3.727,27.0,20.0,6.355,-0.6,0.6953,7.683772504213277,,
1030,19,812,29.818,96.455,-0.818,33.21506,96.95582,2.2863579,19.0,2.0,0.0,1.0,3.332,27.0,20.0,9.56,1.195,-0.1378,4.629025306400087,,
1030,22,1029,25.273,98.455,-0.455,23.1251,101.15735,0.5961959,22.0,2.0,0.0,1.0,2.834,27.0,26.0,4.363,2.135,-0.5703,3.608487599074824,,
1037,16,545,416.182,497.273,6.0,416.82663,500.73972,4.6150312,16.0,2.0,0.0,1.0,4.668,20.0,19.0,10.1,-3.121,0.2217,3.7883814449277833,,
1039,2,775,100.727,278.545,9.455,107.24397,290.42303,4.074624,2.0,2.0,0.0,1.0,3.834,5.0,5.0,5.97,-0.6787,0.5337,14.57761779452237,,
1040,2,727,183.545,506.455,4.455,184.12723,497.08487,0.0,2.0,2.0,0.0,1.0,3.723,5.0,5.0,-1.108,0.599,0.5415,10.391600116911702,,
1042,2,735,333.636,15.818,5.091,330.54953,15.132857,3.4507658,2.0,2.0,0.0,1.0,5.027,32.0,7.0,12.53,-1.146,-0.771,3.56175325116701,,
1045,2,1188,301.545,241.455,4.818,297.8911,235.11353,7.10082,2.0,2.0,0.0,1.0,3.336,5.0,9.0,4.426,-1.9795,-0.000763,7.666582949613233,,
1045,3,1188,302.364,242.091,5.091,298.27032,234.39375,7.0389185,3.0,2.0,0.0,1.0,3.645,5.0,9.0,5.37,-1.529,-1.167,8.9330991255858,,
1045,4,1188,303.091,242.182,5.0,299.3769,234.28378,6.991083,4.0,2.0,0.0,1.0,3.996,5.0,9.0,4.22,-1.856,-0.2399,8.952141056266312,,
1047,2,1392,418.182,446.636,7.455,413.2525,437.27518,6.806567,2.0,2.0,0.0,1.0,4.3,23.0,11.0,3.889,0.00951,-0.03638,10.599310669939346,,
1053,6,1045,480.909,103.727,8.091,482.03348,102.93107,4.179875,6.0,2.0,0.0,1.0,4.645,16.0,34.0,10.87,-1.155,-0.1434,4.146668373637444,,
1054,21,1389,463.909,426.364,6.455,467.03183,420.20486,3.4584215,21.0,2.0,0.0,1.0,4.426,20.0,39.0,8.234,0.7246,0.4724,7.527719140294896,,
1056,2,1856,347.636,507.091,-0.273,344.95547,510.99945,7.999991,2.0,2.0,2.0,1.0,4.6,12.0,9.0,-5.625,1.672,0.913,9.534338077154665,,
1058,10,3080,492.727,27.273,8.727,492.3747,30.534538,6.400608,10.0,2.0,7.0,1.0,3.793,11.0,34.0,8.02,-2.285,-0.01146,4.021671935042438,,
1062,6,2735,275.0,424.0,5.727,275.48218,427.01712,3.8930168,6.0,2.0,5.0,1.0,4.027,9.0,9.0,12.12,-0.9463,-0.648,3.5635663351033795,,
1067,2,1511,118.818,362.0,0.455,107.999794,341.5743,0.0,2.0,2.0,1.0,1.0,1.757,12.0,39.0,-3.955,1.326,-0.085,23.11817091701756,,
1067,3,1510,119.545,361.909,0.273,122.12269,349.981,7.999997,3.0,2.0,1.0,1.0,3.084,12.0,10.0,-5.855,-0.12256,-0.4836,14.44396595032365,,
1068,20,2716,166.909,134.818,7.273,174.30473,135.24936,7.9999986,20.0,2.0,5.0,1.0,2.096,50.0,22.0,-3.512,-0.5957,0.3335,7.443884781947002,,
1068,22,5846,167.636,135.0,7.455,167.54048,140.50743,6.7303853,22.0,2.0,22.0,1.0,3.463,50.0,8.0,7.906,-3.879,-1.038,5.555715591960777,,
1068,32,2749,154.636,153.364,8.455,152.11516,155.24918,6.1511507,32.0,2.0,5.0,1.0,4.492,50.0,32.0,7.723,-1.368,-0.8066,3.9008024219524913,,
1068,38,7857,151.727,156.0,9.273,153.8747,154.62181,5.026644,38.0,2.0,33.0,1.0,6.3,50.0,10.0,16.84,-2.096,-0.466,4.954145965233151,,
1069,5,2338,460.182,402.727,8.909,463.31223,406.30325,5.2810287,5.0,3.0,3.0,1.0,3.787,15.0,8.0,5.707,-1.994,0.08966,5.979137033805439,,
1069,8,3031,455.727,405.636,8.909,457.70554,407.51248,6.0014734,8.0,3.0,6.0,1.0,4.723,15.0,15.0,8.33,-1.705,-0.2957,3.986164654364825,,
1076,8,2154,25.727,40.909,9.818,26.739702,43.174778,6.2584047,8.0,8.0,3.0,1.0,4.766,6.0,29.0,11.01,-2.195,-0.3289,4.339358706752659,,
1077,13,2418,19.545,490.0,8.455,21.236177,490.2606,5.234526,13.0,3.0,3.0,1.0,4.395,19.0,25.0,9.18,-1.792,0.00902,3.6468403844979296,,
1080,23,425,295.091,398.0,8.0,296.1837,399.61102,5.063416,23.0,3.0,0.0,1.0,3.979,22.0,43.0,6.96,-2.115,0.2258,3.523195186113869,,
1081,3,1403,425.0,449.182,6.182,419.30127,447.07,6.0076914,3.0,3.0,0.0,1.0,4.23,46.0,38.0,6.61,-2.152,-0.4736,6.080004202378005,,
1081,17,1403,419.364,456.0,6.455,408.5242,453.56537,2.9192045,17.0,3.0,0.0,1.0,4.477,46.0,38.0,11.125,0.424,0.006638,11.65892521181604,,
1081,18,1403,414.727,460.909,6.455,409.05252,454.6893,3.0549388,18.0,3.0,0.0,1.0,3.582,46.0,38.0,6.133,0.4646,-0.0556,9.079912308174835,,
1082,12,1069,448.0,124.091,1.091,450.1702,114.39739,1.8441737,12.0,3.0,0.0,1.0,4.746,13.0,28.0,8.6,1.929,0.03244,9.962083792785103,,
1083,18,137,398.0,162.727,4.182,403.50266,169.92688,0.36767608,18.0,3.0,0.0,1.0,2.9,29.0,39.0,-0.09503,0.4812,-0.3398,9.831917720194989,,
1083,21,5689,389.455,169.727,4.455,385.06876,162.78029,7.32131,21.0,3.0,21.0,1.0,0.502,29.0,11.0,-0.6646,-2.053,0.2181,8.701242105458268,,
1084,14,2564,372.636,7.364,8.909,371.80276,6.46533,5.582835,14.0,12.0,4.0,1.0,5.086,11.0,35.0,9.484,-2.158,0.01112,3.544752498232434,,
1086,32,4434,68.909,181.545,4.727,70.99437,183.7725,2.806073,32.0,3.0,14.0,1.0,4.64,40.0,25.0,13.37,-1.639,0.9673,3.6056185081382472,,
1086,37,7831,69.182,181.273,4.818,69.83939,184.99843,2.9613996,37.0,3.0,33.0,1.0,4.586,40.0,4.0,10.24,0.9404,0.2993,4.214018906255675,,
1087,13,2779,357.091,508.818,7.273,366.52322,506.6756,1.1443379,13.0,10.0,5.0,1.0,2.375,4.0,12.0,0.9814,1.183,-0.503,11.450639764850518,,
1092,22,3587,85.636,403.364,6.727,82.70804,404.92084,5.0522904,22.0,3.0,10.0,1.0,5.254,22.0,14.0,12.79,-1.778,0.728,3.7150171993588703,,
1095,8,814,457.727,110.727,2.727,453.3592,111.5429,1.4783553,8.0,3.0,0.0,1.0,5.113,39.0,15.0,14.25,2.988,-0.3474,4.615461324378961,,
1097,5,881,63.182,231.636,5.818,58.53202,226.48245,0.79607564,5.0,3.0,0.0,1.0,4.26,9.0,6.0,6.22,4.41,-0.102,8.567445119781121,,
1098,5,378,163.636,325.0,-0.727,161.28853,328.28665,0.8842848,5.0,3.0,0.0,1.0,2.002,5.0,26.0,3.002,2.312,0.2101,4.348439068230236,,
1108,9,3551,7.909,120.273,3.818,4.8068037,114.84865,3.0307872,9.0,3.0,9.0,1.0,3.732,9.0,13.0,5.117,1.933,0.08124,6.298166304466517,,
1108,10,670,3.364,121.909,3.0,5.244561,128.0664,4.2435155,10.0,3.0,0.0,1.0,3.547,9.0,21.0,5.92,-1.201,0.3193,6.557165182718903,,
1108,11,670,0.091,123.727,2.0,4.1512666,128.12329,3.7456324,11.0,3.0,0.0,1.0,4.28,9.0,21.0,5.45,-1.312,-0.3716,6.2338080739709385,,
1110,8,54,313.0,53.909,4.909,318.5583,64.631485,3.2854614,8.0,4.0,0.0,1.0,3.316,26.0,14.0,3.672,-0.9775,0.4148,12.186150378643562,,
1111,4,1109,243.636,158.455,1.364,247.96133,165.06033,6.7491126,4.0,4.0,0.0,1.0,3.488,28.0,7.0,4.547,-2.398,-0.01071,9.557107393582989,,
1111,26,3218,203.0,197.818,7.273,202.23483,198.2195,3.4433613,26.0,4.0,7.0,1.0,5.652,28.0,24.0,16.16,0.1283,-0.708,3.925916447332738,,
1111,27,3218,201.0,197.636,7.818,201.19902,198.04968,3.9356563,27.0,4.0,7.0,1.0,5.65,28.0,24.0,12.164,0.9014,-0.109,3.909390324299901,,
1119,4,993,28.545,69.182,9.182,25.615877,68.41621,6.543935,4.0,4.0,0.0,1.0,4.105,5.0,11.0,7.09,-2.432,-0.2444,4.01566716965612,,
1119,6,993,27.455,70.455,9.182,16.475098,73.4791,6.510633,6.0,4.0,0.0,1.0,4.137,5.0,11.0,6.58,-1.216,-0.7646,11.697847254443571,,
1119,7,1775,27.455,69.636,9.182,20.81682,61.671772,7.9999976,7.0,4.0,1.0,1.0,2.088,5.0,19.0,-7.188,0.9863,0.669,10.43510857739342,,
1119,8,2700,28.273,70.182,9.091,17.464241,77.08037,0.0,8.0,4.0,5.0,1.0,0.7114,5.0,5.0,-3.621,0.3638,0.08325,15.718239748043702,,
1123,8,2554,400.455,456.909,9.364,401.0595,456.1345,5.99865,8.0,4.0,4.0,1.0,4.09,49.0,5.0,9.49,-2.693,-0.929,3.5058310173908875,,
1127,53,7323,317.273,45.727,7.545,315.51306,39.43665,5.413355,53.0,4.0,30.0,1.0,4.434,66.0,22.0,6.69,-0.3306,0.0658,6.870938970193598,,
1127,65,11820,285.182,74.182,9.727,286.39246,74.49333,6.0552773,65.0,4.0,54.0,1.0,4.1,66.0,18.0,11.02,-2.664,0.2695,3.878619260277466,,
1129,30,7428,58.909,10.818,4.909,51.99978,12.999945,0.0,30.0,28.0,30.0,1.0,-0.2428,5.0,11.0,-10.734,-0.668,1.796,8.751941841181589,,
1134,7,777,31.909,304.091,4.545,34.97075,303.0786,3.178081,7.0,4.0,0.0,1.0,6.125,20.0,15.0,16.8,-0.2223,-0.2473,3.502532565881586,,
1134,8,693,31.727,303.636,4.727,31.3923,307.75598,4.0249333,8.0,4.0,0.0,1.0,4.26,20.0,18.0,10.71,-2.531,0.2844,4.192750522228681,,
1139,18,1676,190.636,38.182,6.818,183.99971,34.476192,7.999987,18.0,4.0,1.0,1.0,3.25,35.0,16.0,-2.887,-2.307,-0.2427,7.692233171526528,,
1139,20,5078,190.727,38.091,6.818,201.39696,35.141365,5.436699,20.0,4.0,18.0,1.0,4.223,35.0,26.0,9.32,-0.4736,0.1073,11.15600221797334,,
1139,21,5770,191.091,37.545,6.818,197.06245,38.99377,5.003878,21.0,4.0,21.0,1.0,3.701,35.0,5.0,4.96,-2.121,0.02563,6.406886002285669,,
1141,4,938,250.636,1.909,1.182,261.1873,0.0,7.999992,4.0,4.0,0.0,1.0,3.809,15.0,52.0,-8.234,-2.441,0.694,12.706660757337623,,
1141,5,938,250.909,1.727,1.273,263.4281,0.0,7.9999857,5.0,4.0,0.0,1.0,-0.655,15.0,52.0,-4.17,-1.564,-0.697,14.316519493857577,,
1143,8,1995,435.273,380.545,8.909,436.86383,378.1195,5.943872,8.0,4.0,2.0,1.0,5.84,15.0,19.0,12.74,-1.387,-0.968,4.147984377415607,,
1143,9,1995,435.909,381.091,8.727,437.02014,378.57266,6.2547765,9.0,4.0,2.0,1.0,5.168,15.0,19.0,10.055,-1.149,-0.1392,3.699805060966381,,
1148,55,10878,359.091,167.091,6.091,356.9029,164.84152,4.2050753,55.0,4.0,50.0,1.0,4.555,59.0,14.0,12.22,-0.4373,0.02477,3.6612366564414,,
1150,4,1740,84.0,261.909,3.455,91.80813,271.0601,7.999998,4.0,4.0,1.0,1.0,2.0,35.0,12.0,-8.72,1.161,0.4556,12.85949190780506,,
1150,5,2791,84.182,262.0,3.636,80.915436,254.16039,5.90032,5.0,4.0,5.0,1.0,3.797,35.0,23.0,2.668,-0.6777,0.036,8.789600126319508,,
1150,6,884,84.818,260.727,3.636,91.49552,260.30353,4.876836,6.0,4.0,0.0,1.0,3.66,35.0,23.0,5.797,-0.855,0.3862,6.805018307851638,,
1150,25,5350,60.091,272.091,3.273,57.26241,274.64038,1.7659395,25.0,4.0,19.0,1.0,6.035,35.0,31.0,15.29,1.727,-0.439,4.095301102869015,,
1151,4,2180,128.727,237.182,4.818,127.99958,225.99925,7.999974,4.0,4.0,3.0,1.0,2.543,15.0,6.0,-4.445,1.322,1.41,11.649377492191416,,
1151,10,305,120.636,237.273,4.727,127.26117,235.44452,0.65373725,10.0,4.0,0.0,1.0,2.82,15.0,26.0,3.941,1.926,-0.939,7.989223120544178,,
1152,5,1826,156.909,264.182,7.273,149.97885,263.1156,0.0,5.0,4.0,1.0,1.0,1.08,18.0,36.0,-8.79,-1.465,0.72,10.102510429714986,,
1154,11,2168,189.727,490.091,4.545,190.58049,483.68112,5.7819786,11.0,5.0,3.0,1.0,3.795,11.0,14.0,5.39,-0.1586,0.11194,6.583701303321544,,
1154,13,507,179.273,493.727,4.364,176.24965,494.22964,6.961156,13.0,5.0,0.0,1.0,0.6035,11.0,10.0,0.148,-2.805,-0.2532,4.017276624833794,,
1154,15,566,172.091,499.818,3.909,172.5825,503.51157,2.3641703,15.0,5.0,0.0,1.0,5.957,11.0,14.0,12.38,0.309,0.0691,4.033674552675545,,
1158,20,4883,250.091,358.909,-0.182,252.1026,363.7879,2.5309412,20.0,5.0,17.0,1.0,3.502,32.0,10.0,9.86,1.438,-0.2131,5.933822522173819,,
1161,19,4884,256.545,444.091,-0.455,255.22186,440.0025,1.3009026,19.0,5.0,17.0,1.0,4.043,22.0,22.0,4.594,1.496,0.03735,4.642168205729615,,
1163,5,37,46.091,22.0,6.0,47.845676,24.499489,3.3600817,5.0,5.0,0.0,1.0,4.58,6.0,16.0,10.35,-0.601,-0.1036,4.036768727184143,,
1165,5,606,39.091,53.727,7.455,40.119156,51.431927,3.5166986,5.0,5.0,0.0,1.0,5.496,9.0,13.0,12.28,0.535,-0.2294,4.672759650667572,,
1165,10,800,39.636,52.364,7.545,39.66514,50.89356,4.199554,10.0,5.0,0.0,1.0,6.01,9.0,41.0,15.35,-0.56,-0.603,3.6544564400353696,,
1165,11,800,40.182,52.636,7.818,39.26141,51.433346,4.5464168,11.0,5.0,0.0,1.0,6.55,9.0,41.0,12.7,-1.425,-0.424,3.6051517619010505,,
1165,12,800,39.636,52.636,7.727,38.45789,51.866695,4.4392467,12.0,5.0,0.0,1.0,5.61,9.0,41.0,14.66,-1.357,-0.0225,3.5761844355102697,,
1168,21,135,214.909,131.636,8.0,218.56453,132.8337,4.178598,21.0,5.0,0.0,1.0,5.6,21.0,48.0,14.836,0.856,0.4507,5.422222617755931,,
1169,6,2099,408.636,483.818,4.273,411.95782,475.55466,7.177772,6.0,5.0,2.0,1.0,2.135,14.0,44.0,4.88,-2.348,-0.2263,9.367762616547427,,
1169,11,1808,396.0,489.818,3.727,403.10867,489.1135,6.2286916,11.0,5.0,1.0,1.0,5.344,14.0,10.0,10.58,-1.41,-0.6973,7.568881706065356,,
1170,6,2210,343.273,446.091,3.0,356.33865,446.28665,0.51374596,6.0,5.0,3.0,1.0,2.65,24.0,20.0,-0.824,2.154,-0.8022,13.30153930928353,,
1170,7,2210,342.909,446.182,3.091,354.5616,450.76083,1.1346722,7.0,5.0,3.0,1.0,4.82,24.0,20.0,8.1,3.459,-0.4385,12.671858166423457,,
1188,6,2179,139.091,261.455,7.545,136.4416,251.54994,0.0,6.0,5.0,3.0,1.0,2.326,17.0,6.0,-5.95,-0.251,0.0873,12.730143713391453,,
1188,21,2656,102.182,321.545,9.818,102.404724,321.44342,6.255853,21.0,5.0,5.0,1.0,2.13,17.0,18.0,4.387,-2.275,0.11365,3.5705483789167456,,
1189,7,1997,352.727,295.364,4.182,346.75143,297.10623,1.8983043,7.0,5.0,2.0,1.0,4.43,31.0,29.0,8.41,0.6035,0.517,6.630088102581888,,
1190,5,1061,491.273,118.818,5.182,498.51605,117.055725,6.7264414,5.0,5.0,0.0,1.0,4.574,32.0,23.0,5.043,-0.2642,-0.44,7.612666137179452,,
1190,8,1790,492.909,117.909,5.091,494.7928,123.53715,0.12295458,8.0,5.0,1.0,1.0,2.965,32.0,5.0,-3.87,0.2358,0.2399,7.739912800392709,,
1190,12,3885,478.818,124.182,4.545,473.75818,127.29603,7.999998,12.0,5.0,11.0,1.0,3.35,32.0,43.0,-3.482,-2.453,-0.0877,6.872843112810304,,
1200,20,293,417.909,272.909,9.091,417.39093,270.5459,5.009601,20.0,5.0,0.0,1.0,4.66,16.0,20.0,11.93,-1.891,-0.649,4.744518514254196,,
1203,5,802,188.455,43.636,7.455,180.28798,38.032597,7.999997,5.0,5.0,0.0,1.0,3.41,12.0,26.0,-4.945,-0.949,-0.552,9.919443663372364,,
1203,6,802,188.818,44.545,7.273,180.61082,41.999916,7.999984,6.0,5.0,0.0,1.0,0.5645,12.0,26.0,-9.8,3.785,0.943,8.623442575660395,,
1203,14,4486,156.727,64.091,8.091,156.98659,71.447205,0.0,14.0,5.0,14.0,1.0,1.558,12.0,40.0,-4.48,1.494,-0.2773,10.938254886869524,,
1203,15,994,157.455,63.636,8.364,157.86879,55.846066,0.0,15.0,5.0,0.0,1.0,2.129,12.0,12.0,-5.926,-0.05765,-0.3088,11.437254473362742,,
1205,6,584,285.273,43.545,-0.273,286.8591,44.229866,4.8847322,6.0,5.0,0.0,1.0,3.344,8.0,17.0,8.37,-0.9336,-0.1477,5.439389312677738,,
1207,15,1987,347.273,346.091,2.727,341.4339,346.4638,4.7440276,15.0,5.0,2.0,1.0,4.24,26.0,25.0,7.805,-0.989,0.418,6.188898851101229,,
1207,17,1280,347.636,344.455,2.636,356.17197,343.5162,0.15022352,17.0,5.0,0.0,1.0,2.527,26.0,21.0,-0.02045,1.506,-0.1183,8.939978411015346,,
1211,17,205,149.727,214.273,4.909,147.99966,204.35437,7.999982,17.0,5.0,0.0,1.0,-2.457,28.0,30.0,-2.977,-2.271,0.02164,10.53171848640212,,
1214,22,2061,63.727,247.091,-0.636,61.80767,244.61429,1.0812716,22.0,22.0,2.0,1.0,3.041,13.0,46.0,5.457,1.758,0.2028,3.5730857562010074,,
1219,6,1260,312.727,299.727,3.091,316.1805,304.57303,6.7740517,6.0,6.0,0.0,1.0,4.74,27.0,11.0,8.59,-2.074,-0.1338,6.998252555872317,,
1223,17,2800,365.727,506.636,0.818,359.8531,506.2494,2.4145482,17.0,6.0,5.0,1.0,4.984,17.0,9.0,11.68,1.588,-0.5176,6.099272655401067,,
1227,8,1874,86.909,417.455,8.545,84.75905,418.15762,4.8061895,8.0,6.0,2.0,1.0,5.38,9.0,36.0,13.45,-1.844,0.1943,4.369744136881506,,
1227,9,1874,86.818,417.727,8.636,84.494705,418.30014,4.6360626,9.0,6.0,2.0,1.0,5.195,9.0,36.0,13.125,-0.6763,-0.3013,4.661082312139937,,
1227,10,1874,86.364,418.545,8.545,84.385025,418.65942,4.7833347,10.0,6.0,2.0,1.0,5.836,9.0,36.0,13.3,-0.1436,-0.666,4.252006563523757,,
1227,12,1874,87.273,417.273,8.636,85.89027,418.6833,5.362528,12.0,6.0,2.0,1.0,3.523,9.0,36.0,6.664,-1.411,0.006454,3.823154100697987,,
1227,14,3425,86.818,419.0,8.727,85.1856,419.67334,5.367558,14.0,6.0,9.0,1.0,4.652,9.0,24.0,9.445,-0.7,-0.1748,3.795255863174973,,
1228,68,14065,221.0,371.545,-0.182,219.2797,369.05405,1.7575225,68.0,51.0,67.0,1.0,3.088,27.0,11.0,6.383,0.731,-0.503,3.5952762787449686,,
1228,77,15120,217.818,375.727,-0.545,217.69789,372.27304,2.8239076,77.0,51.0,72.0,1.0,3.602,27.0,15.0,7.766,0.868,0.074,4.8263655592006005,,
1232,14,3579,508.273,443.364,0.0,510.12048,449.06702,0.0,14.0,13.0,10.0,1.0,3.154,11.0,6.0,-3.188,-0.3445,0.4976,5.994799368686185,,
1232,15,3579,507.364,443.091,0.182,510.99948,433.93976,0.0,15.0,13.0,10.0,1.0,4.36,11.0,6.0,-11.875,-0.751,0.6665,9.848605605262136,,
1235,8,2967,202.364,224.091,9.818,203.39877,225.66313,6.649096,8.0,6.0,6.0,1.0,5.273,14.0,6.0,12.01,-1.803,0.4817,3.685687758209582,,
1237,45,6642,386.909,288.0,2.818,388.0446,296.7,6.9411173,45.0,6.0,26.0,1.0,3.777,52.0,39.0,6.4,-2.545,-0.0699,9.694311921408302,,
1241,32,4849,442.455,3.545,-0.091,445.9995,9.1454,7.999991,32.0,31.0,17.0,1.0,0.0978,4.0,7.0,-5.11,-0.4575,-0.373,10.459067633975849,,
1241,33,6873,442.273,4.182,0.0,444.96646,0.0,7.3499794,33.0,31.0,28.0,1.0,-0.854,4.0,26.0,-6.57,-2.906,-1.157,8.875023828251063,,
1241,34,798,443.091,4.545,-0.091,434.7193,3.5268052,6.3491364,34.0,31.0,0.0,1.0,4.113,4.0,41.0,7.367,-0.691,0.647,10.611194013462978,,
1242,20,4176,292.818,452.182,8.182,287.47922,462.89026,7.999996,20.0,6.0,13.0,1.0,0.8647,28.0,13.0,-9.31,-0.01368,-0.2742,11.966725933688618,,
1242,24,6131,282.636,460.909,8.818,271.84387,460.5182,4.3080225,24.0,6.0,23.0,1.0,3.812,28.0,4.0,7.69,-0.0436,0.874,11.70310606751076,,
1242,25,529,282.455,460.545,8.818,296.96185,461.42725,7.028533,25.0,6.0,0.0,1.0,2.56,28.0,30.0,2.012,-1.042,-0.2515,14.643403092488104,,
1254,11,3523,269.0,410.273,7.0,265.30527,411.712,6.5432887,11.0,6.0,9.0,1.0,7.055,14.0,4.0,14.44,-2.945,-0.689,3.991282498702332,,
1254,13,3523,264.0,413.091,7.182,259.5233,414.1399,6.718836,13.0,6.0,9.0,1.0,4.504,14.0,4.0,9.805,-2.625,-1.121,4.621207092405181,,
1254,14,1386,263.636,413.273,7.182,267.38535,414.78473,6.802306,14.0,6.0,0.0,1.0,5.67,14.0,19.0,16.8,-7.36,-0.6704,4.06043354200459,,
1254,15,1368,264.636,413.182,7.364,265.15915,414.18884,3.5478826,15.0,6.0,0.0,1.0,4.227,14.0,15.0,8.4,0.5576,0.00782,3.981226534459295,,
1255,12,458,388.545,453.727,1.091,385.0529,462.61108,6.8340206,12.0,6.0,0.0,1.0,3.555,16.0,29.0,0.923,-0.9893,0.299,11.140194139620055,,
1257,11,508,373.182,439.455,3.182,376.63828,433.67435,0.0,11.0,6.0,0.0,1.0,9.625,12.0,13.0,-1.126,4.285,0.2373,7.44895360845399,,
1264,11,2203,304.0,356.0,1.636,298.27612,359.64362,0.6869027,11.0,6.0,3.0,1.0,5.26,10.0,12.0,8.57,2.168,-0.3018,6.851244751405935,,
1264,12,3541,304.182,355.455,1.545,310.65384,348.39188,5.165442,12.0,6.0,9.0,1.0,3.268,10.0,4.0,1.818,-0.67,0.0345,10.241092587969478,,
1264,15,411,299.545,358.818,1.636,289.81482,357.32153,1.23869,15.0,6.0,0.0,1.0,2.766,10.0,49.0,4.32,2.248,0.581,9.85259765388805,,
1271,35,4261,429.273,468.636,-0.182,427.9082,466.0549,2.123211,35.0,12.0,13.0,1.0,5.305,31.0,28.0,13.45,2.668,0.3264,3.720047580948563,,
1271,36,4261,428.727,468.0,-0.182,420.6253,469.53146,2.6297848,36.0,12.0,13.0,1.0,5.39,31.0,28.0,11.695,0.717,-0.07916,8.71143193643335,,
1272,6,1090,9.636,168.455,6.727,3.234915,158.70938,1.1629509,6.0,6.0,0.0,1.0,4.758,19.0,20.0,6.31,1.266,0.6733,12.919351405888603,,
1272,7,2996,10.818,167.545,6.818,6.9999757,173.9994,0.0,7.0,6.0,6.0,1.0,3.729,19.0,10.0,0.4165,4.33,0.2161,10.135172071326206,,
1273,16,1899,411.545,136.455,8.818,413.80124,137.54855,6.2232304,16.0,6.0,2.0,1.0,4.2,43.0,26.0,8.25,-2.932,0.07336,3.6082266859475594,,
1275,9,1237,434.0,280.636,8.818,432.8056,278.6167,5.46539,9.0,6.0,0.0,1.0,3.916,19.0,23.0,7.67,-1.869,-0.1984,4.091962568511607,,
1276,39,8870,114.727,324.909,5.364,103.99936,324.998,7.999951,39.0,14.0,39.0,1.0,-5.6,33.0,16.0,-9.625,-2.58,0.1547,11.047100010591068,,
1281,32,6592,112.455,277.545,9.909,113.79123,274.684,6.118109,32.0,7.0,26.0,1.0,3.938,31.0,23.0,6.23,-1.445,0.7295,4.933729439965365,,
1281,33,6592,112.818,277.091,9.727,110.70917,276.98184,6.3333025,33.0,7.0,26.0,1.0,5.207,31.0,23.0,6.707,-0.9087,0.2179,3.997031723167361,,
1284,15,2437,365.273,3.818,9.091,364.48325,2.7347872,5.6917624,15.0,7.0,4.0,1.0,4.15,13.0,89.0,10.62,-1.6875,0.1974,3.6540212497791575,,
1284,16,2437,365.364,4.545,9.091,363.86154,3.4684167,5.408405,16.0,7.0,4.0,1.0,3.979,13.0,89.0,8.49,-2.113,0.265,4.120427597648555,,
1285,41,7807,61.364,21.818,9.636,63.396362,22.845886,6.9505877,41.0,31.0,33.0,1.0,2.996,12.0,10.0,6.156,-2.8,0.2239,3.521148129379295,,
1285,42,7807,62.182,21.0,9.636,64.085815,22.693478,7.233351,42.0,31.0,33.0,1.0,3.6,12.0,10.0,3.854,-2.812,-0.4631,3.502156693797405,,
1287,8,3047,387.545,116.273,6.636,378.99924,115.57871,0.0,8.0,7.0,7.0,1.0,1.843,27.0,4.0,-6.31,2.0,-0.692,10.841980842157051,,
1287,26,3804,315.545,162.545,-0.273,315.04315,166.7873,2.1682622,26.0,7.0,11.0,1.0,4.33,27.0,27.0,12.086,2.275,-0.6035,4.920236157101489,,
1287,27,3804,311.727,164.273,-0.364,311.9148,168.3605,2.352642,27.0,7.0,11.0,1.0,4.33,27.0,27.0,10.55,0.2615,-0.3525,4.911524085878441,,
1289,33,5406,180.273,417.182,6.364,177.31403,419.6285,4.932276,33.0,7.0,20.0,1.0,4.25,31.0,21.0,11.234,-0.239,-0.231,4.097645582901937,,
1292,20,2568,481.273,103.182,9.091,480.09143,106.64933,0.9627735,20.0,7.0,4.0,1.0,4.277,15.0,31.0,9.63,3.502,-0.885,8.915523037326656,,
1292,21,2568,477.909,106.182,8.545,480.247,107.40373,1.0598526,21.0,7.0,4.0,1.0,3.771,15.0,31.0,5.656,1.553,-1.307,7.936390854325841,,
1293,15,4414,499.909,311.636,9.182,500.26486,310.9483,4.8027525,15.0,7.0,14.0,1.0,3.857,21.0,18.0,6.484,-1.476,0.502,4.447176215966292,,
1303,20,4851,441.182,32.364,1.818,451.06143,33.091885,6.8123865,20.0,7.0,17.0,1.0,2.861,18.0,7.0,4.77,-1.251,-0.1277,11.094000640414007,,
1317,16,4143,113.727,311.818,-0.364,117.57039,315.54642,2.3780189,16.0,7.0,13.0,1.0,4.94,10.0,6.0,13.4,0.543,-0.6953,6.015931352372417,,
1321,15,4426,332.364,235.091,7.0,337.71994,229.84283,4.704127,15.0,7.0,14.0,1.0,3.686,21.0,7.0,4.434,-0.1508,0.4956,7.842219995934156,,
1321,17,4978,331.0,233.364,7.273,336.77414,236.05135,4.928302,17.0,7.0,17.0,1.0,4.81,21.0,4.0,6.754,0.987,-0.64,6.78676295985825,,
1321,26,5494,309.364,257.727,9.273,307.56467,257.96017,5.73711,26.0,7.0,20.0,1.0,4.773,21.0,7.0,11.3,-2.074,-0.737,3.974226313372202,,
1337,30,4530,297.727,156.909,8.636,299.62363,155.31969,5.9641337,30.0,8.0,15.0,1.0,4.18,26.0,19.0,9.69,-0.7456,0.2288,3.6417003114034094,,
1337,32,4530,294.182,162.455,9.091,296.0348,159.7235,6.441942,32.0,8.0,15.0,1.0,3.744,26.0,19.0,7.023,-3.146,-0.0566,4.232194274529947,,
1340,10,1310,405.0,348.636,5.818,408.1293,334.7823,7.9999986,10.0,8.0,0.0,1.0,1.815,9.0,6.0,-6.12,-0.587,0.1255,14.369364636976892,,
1342,17,490,307.909,437.364,7.636,306.44604,447.77942,4.3311353,17.0,8.0,0.0,1.0,3.57,11.0,19.0,8.88,-2.484,0.2169,11.024670354405476,,
1345,33,1015,211.909,144.182,1.636,214.29826,141.85411,3.2190318,33.0,8.0,0.0,1.0,4.79,36.0,47.0,9.69,-0.3513,-0.09564,3.692373881327738,,
1347,10,1011,201.455,80.636,8.636,203.30998,80.47567,5.372951,10.0,8.0,0.0,1.0,4.46,23.0,49.0,11.914,-1.366,-0.342,3.7568797273403542,,
1348,8,1460,405.0,487.364,7.091,401.82095,485.8464,5.09606,8.0,8.0,0.0,1.0,4.84,8.0,10.0,8.914,-1.403,-0.1636,4.048364393937383,,
1349,18,1700,330.364,280.182,-0.818,330.071,283.60233,1.1562371,18.0,18.0,1.0,1.0,3.96,42.0,38.0,7.492,3.076,-0.2476,3.96006545853932,,
1350,14,1213,331.091,269.364,5.455,331.14542,272.77975,6.8751955,14.0,8.0,0.0,1.0,-0.01405,81.0,14.0,1.028,-3.678,0.03537,3.699630367634079,,
1350,25,5033,331.818,270.636,5.727,334.10242,265.111,7.9999957,25.0,8.0,18.0,1.0,5.89,81.0,5.0,-4.01,2.264,0.3047,6.396147996147285,,
1357,19,611,202.091,90.182,9.727,202.20871,88.419106,6.690283,19.0,8.0,0.0,1.0,2.062,12.0,18.0,3.527,-1.392,-0.01845,3.513303436571485,,
1360,8,862,405.545,13.273,9.273,416.1937,10.604993,4.911214,8.0,8.0,0.0,1.0,4.082,11.0,13.0,7.016,-0.9756,-0.3618,11.812630958082291,,
1364,55,7501,375.545,167.0,0.0,378.85422,174.83298,0.69179046,55.0,8.0,31.0,1.0,1.726,60.0,28.0,7.414,3.055,0.24,8.531417627179364,,
1364,61,11496,374.909,169.091,-0.091,375.2199,165.35129,1.7123885,61.0,8.0,53.0,1.0,3.895,60.0,11.0,5.098,2.404,0.09973,4.163448063328312,,
1365,10,3350,167.818,114.909,2.636,165.32507,104.357735,0.0,10.0,8.0,8.0,1.0,1.745,46.0,6.0,-5.543,-1.845,-0.273,11.157615743747632,,
1365,11,2716,169.455,115.545,2.727,156.3458,108.63457,0.0,11.0,8.0,5.0,1.0,3.062,46.0,22.0,-9.92,-2.129,-0.6465,15.06790285424287,,
1365,12,176,164.182,119.636,3.0,163.45055,123.83844,6.5908422,12.0,8.0,0.0,1.0,3.203,46.0,12.0,6.555,-2.074,0.06744,5.575811040682863,,
1365,53,11392,72.909,131.909,4.636,73.713615,127.436325,7.704543,53.0,8.0,53.0,1.0,1.571,46.0,9.0,-2.547,-1.537,-0.0087,5.483446279184191,,
1368,8,1319,401.455,367.636,7.455,395.84192,359.803,6.745389,8.0,8.0,0.0,1.0,3.01,24.0,37.0,3.36,-3.562,0.2688,9.662613717712256,,
1368,20,422,379.636,380.909,8.091,382.97595,378.9697,6.2669563,20.0,8.0,0.0,1.0,5.383,24.0,33.0,12.86,-2.07,-0.133,4.27121597580942,,
1368,31,6770,369.545,389.455,9.545,368.8265,389.00894,5.0977283,31.0,8.0,27.0,1.0,4.355,24.0,30.0,8.516,-1.227,-0.782,4.52696778729658,,
1372,14,3971,484.182,232.0,0.727,480.6465,231.9518,1.7629973,14.0,9.0,12.0,1.0,4.586,8.0,50.0,9.06,1.559,-0.4768,3.684477425037014,,
1374,48,8876,295.727,227.091,8.545,294.33514,225.24435,5.7520075,48.0,9.0,39.0,1.0,3.982,55.0,20.0,8.586,-1.959,-0.0724,3.626044344344972,,
1374,49,8876,295.636,226.818,8.545,295.01242,224.64241,5.8274837,49.0,9.0,39.0,1.0,4.05,55.0,20.0,7.176,-2.527,0.321,3.536515050903317,,
1375,24,5137,252.182,18.545,9.727,252.3708,18.271994,3.662624,24.0,17.0,18.0,1.0,4.62,8.0,8.0,10.44,-0.674,-0.3618,6.073453217520656,,
1377,9,2967,212.636,233.455,7.545,205.72504,226.547,5.125011,9.0,9.0,6.0,1.0,3.768,9.0,6.0,8.79,0.01556,0.3901,10.066686589028242,,
1378,9,3523,266.909,415.727,2.364,265.94226,412.2521,3.4006631,9.0,9.0,9.0,1.0,6.082,12.0,4.0,18.05,0.906,-0.0819,3.752890435451264,,
1384,26,5459,225.636,110.636,6.909,223.8494,103.679535,4.245709,26.0,9.0,20.0,1.0,3.252,21.0,12.0,5.12,-1.581,0.1534,7.660121657448131,,
1389,12,134,147.727,127.0,7.818,147.17342,127.68809,4.042607,12.0,9.0,0.0,1.0,5.066,17.0,35.0,10.125,-1.025,0.1925,3.8773071801121217,,
1392,18,2120,4.455,479.364,9.182,4.8620963,476.76053,6.459193,18.0,15.0,2.0,1.0,4.215,5.0,28.0,5.977,-2.61,0.4446,3.789124093721724,,
1393,10,1005,296.636,91.727,8.182,296.9219,88.70574,5.6009865,10.0,9.0,0.0,1.0,4.977,37.0,25.0,7.42,-1.4,0.03094,3.983890245072299,,
1393,11,1005,296.909,92.091,8.091,297.1704,89.440025,5.419836,11.0,9.0,0.0,1.0,4.33,37.0,25.0,7.473,-1.971,0.139,3.772415078636088,,
1393,16,1005,296.727,93.818,8.0,298.8282,93.12438,5.1012206,16.0,9.0,0.0,1.0,4.19,37.0,25.0,7.094,-0.4417,0.7324,3.646789293922035,,
1393,23,4854,293.273,97.273,7.545,295.5319,97.78496,4.88362,23.0,9.0,17.0,1.0,3.688,37.0,18.0,6.86,-0.1115,0.353,3.528126380389445,,
1393,32,3426,293.182,98.273,7.636,290.2604,100.61921,6.367819,32.0,9.0,9.0,1.0,4.766,37.0,47.0,9.59,-1.627,-0.4094,3.9558476933346496,,
1393,33,3426,293.091,98.727,7.909,289.66968,100.903336,6.4622383,33.0,9.0,9.0,1.0,4.977,37.0,47.0,8.9,-1.806,-0.3823,4.305228024609465,,
1393,39,8369,278.273,108.636,7.727,281.44748,108.69189,6.027695,39.0,9.0,36.0,1.0,4.406,37.0,19.0,10.33,-2.121,0.006653,3.601122664604019,,
1395,11,1299,487.636,351.182,9.545,486.1302,352.1488,6.5293055,11.0,9.0,0.0,1.0,4.918,4.0,18.0,8.19,-4.875,-0.3267,3.5066435800249605,,
1399,9,1250,369.273,300.909,-0.091,377.1483,292.9655,7.1121225,9.0,9.0,0.0,1.0,3.5,18.0,13.0,1.842,-1.607,-0.2462,13.304304419623204,,
1399,10,1217,369.273,300.364,-0.182,369.36914,305.13525,2.1920893,10.0,9.0,0.0,1.0,4.715,18.0,25.0,9.2,1.423,0.02025,5.330137846854861,,
1401,10,1629,453.455,95.091,5.0,453.06726,106.58921,5.016818,10.0,9.0,1.0,1.0,2.248,53.0,4.0,2.37,2.219,0.2898,11.50475807467606,,
1401,12,2391,453.273,94.273,5.273,448.64233,90.41786,0.0,12.0,9.0,3.0,1.0,2.494,53.0,12.0,-2.45,1.436,0.1595,8.006855691749415,,
1402,27,4820,333.182,31.818,-0.545,336.77512,33.493633,1.2820749,27.0,20.0,16.0,1.0,3.04,8.0,16.0,7.055,0.1198,0.1428,4.365370542725898,,
1404,10,2874,267.0,422.0,3.727,266.59656,418.93423,1.6854934,10.0,9.0,6.0,1.0,6.355,9.0,65.0,22.89,2.777,-0.4753,3.705328423276872,,
1406,61,9619,11.909,217.636,8.545,10.743791,218.80534,5.2628508,61.0,9.0,43.0,1.0,3.709,74.0,24.0,7.83,-0.743,-0.2374,3.673904111478912,,
1407,11,1537,213.364,498.273,8.364,211.45853,498.93536,5.4557447,11.0,9.0,1.0,1.0,4.49,5.0,19.0,8.22,-0.8643,-0.1376,3.539418819591445,,
1407,12,1537,213.909,498.545,8.455,211.71167,499.38623,5.5325785,12.0,9.0,1.0,1.0,4.64,5.0,19.0,6.785,-0.9546,-0.11914,3.751862799392085,,
1410,49,5294,345.091,97.909,0.273,338.6226,97.65573,3.889046,49.0,9.0,19.0,1.0,3.6,42.0,33.0,6.883,-0.0502,-0.1583,7.414858928328738,,
1412,21,422,378.455,380.455,9.545,381.33398,380.95267,6.209089,21.0,9.0,0.0,1.0,5.434,13.0,33.0,12.02,-2.566,-0.2805,4.434467664694501,,
1413,9,1307,282.182,344.909,5.909,276.35986,347.29257,0.849311,9.0,9.0,0.0,1.0,3.076,7.0,14.0,6.12,5.51,-0.2178,8.073361933000463,,
1420,21,4414,471.0,331.636,4.0,476.99258,334.12213,7.999996,21.0,14.0,14.0,1.0,1.476,26.0,18.0,-4.168,1.037,0.471,7.62179935666872,,
1424,26,5862,207.545,205.0,9.0,207.391,208.52254,7.0775504,26.0,10.0,22.0,1.0,3.857,25.0,32.0,5.11,-3.344,-0.6353,4.0159452830112246,,
1424,27,5862,208.636,204.545,9.364,206.83824,208.51869,7.217119,27.0,10.0,22.0,1.0,3.752,25.0,32.0,4.1,-3.508,-0.483,4.861198541703576,,
1430,14,273,337.091,229.091,6.091,331.64093,235.02637,5.69604,14.0,10.0,0.0,1.0,3.902,21.0,16.0,5.96,-0.4087,0.11145,8.067705587302969,,
1430,16,4426,336.364,235.818,6.273,330.93405,234.58607,5.911078,16.0,10.0,14.0,1.0,4.094,21.0,7.0,6.32,0.349,0.3394,5.579694979251429,,
1435,21,5667,507.091,143.636,-0.273,510.99985,137.60501,6.991595,21.0,10.0,21.0,1.0,2.725,36.0,14.0,-10.375,1.314,-0.2651,10.218918201875615,,
1435,23,6076,507.818,144.273,-0.091,510.99982,151.55963,6.9944587,23.0,10.0,23.0,1.0,1.606,36.0,8.0,-9.09,-0.7983,0.485,10.650008462846676,,
1438,12,818,249.182,133.909,4.273,256.30988,129.95874,5.12267,12.0,10.0,0.0,1.0,2.602,12.0,24.0,3.412,-0.8613,-0.0713,8.193483170843788,,
1439,11,433,207.364,383.182,0.909,199.16196,382.0138,1.1402845,11.0,10.0,0.0,1.0,4.086,9.0,30.0,2.172,1.702,0.3186,8.288042224888846,,
1439,12,433,207.273,382.273,0.727,199.09946,380.8699,1.4869562,12.0,10.0,0.0,1.0,3.59,9.0,30.0,3.082,2.248,-0.1545,8.327843608493055,,
1439,13,433,204.909,382.182,0.818,199.81682,379.95505,1.2611252,13.0,10.0,0.0,1.0,4.605,9.0,30.0,10.05,4.492,-0.2318,5.575478759512481,,
1441,16,3861,183.273,126.364,0.364,190.51776,131.70155,2.751984,16.0,10.0,11.0,1.0,4.66,24.0,5.0,5.383,0.1805,-0.2253,9.31012647842961,,
1441,21,5739,178.182,134.818,0.636,182.95256,135.01927,2.4912655,21.0,10.0,21.0,1.0,3.625,24.0,8.0,7.74,-0.7495,0.5273,5.122573806397562,,
1442,10,3523,264.545,411.909,7.636,267.11542,411.8958,5.2339196,10.0,10.0,9.0,1.0,6.844,9.0,4.0,21.19,-1.251,-0.554,3.518127835150953,,
1442,12,1386,264.636,411.545,7.545,265.97772,413.14514,4.71096,12.0,10.0,0.0,1.0,7.867,9.0,19.0,20.98,-0.966,-0.3494,3.5202902294555067,,
1444,10,2270,136.909,69.0,-0.364,133.41122,67.30026,1.0095185,10.0,10.0,3.0,1.0,4.043,75.0,11.0,9.98,3.354,-0.562,4.124334378520043,,
1446,72,11969,399.273,172.455,3.0,404.24677,173.12132,6.7461724,72.0,10.0,55.0,1.0,3.91,67.0,34.0,6.785,-2.275,-0.2273,6.262282172325179,,
1449,25,3550,157.0,436.0,6.636,154.48372,436.3975,4.1643925,25.0,10.0,9.0,1.0,6.227,28.0,53.0,18.23,-0.9897,-0.1641,3.549438677094761,,
1449,26,3550,157.273,436.182,6.545,154.83969,435.2783,3.9621537,26.0,10.0,9.0,1.0,6.41,28.0,53.0,17.02,1.346,-0.4424,3.661798227035966,,
1449,27,3550,156.909,436.273,6.727,154.20735,436.1252,4.0439796,27.0,10.0,9.0,1.0,5.53,28.0,53.0,15.07,-0.4473,0.3035,3.8104272764765073,,
1449,35,3550,150.364,440.364,6.364,152.00368,439.40637,3.152999,35.0,10.0,9.0,1.0,5.266,28.0,53.0,11.375,-1.613,-0.518,3.7304333717814857,,
1449,37,3550,151.182,439.545,6.273,152.72343,438.7499,2.8111691,37.0,10.0,9.0,1.0,5.527,28.0,53.0,12.76,-1.081,-1.088,3.872010283443841,,
1453,10,166,427.091,159.727,5.091,435.11612,157.00679,6.320906,10.0,10.0,0.0,1.0,3.996,84.0,15.0,5.246,-0.1178,-0.5034,8.56240399813839,,
1453,76,13705,371.909,217.0,4.0,365.4251,223.99968,0.0,76.0,10.0,65.0,1.0,5.777,84.0,21.0,-4.76,0.5366,0.2368,10.345843576644691,,
1454,12,1651,175.636,165.364,6.182,183.55472,156.24881,6.3347726,12.0,10.0,1.0,1.0,3.906,53.0,9.0,5.945,-1.522,0.03065,12.075436002141334,,
1455,12,778,265.364,326.273,0.727,267.04,329.5368,1.1739985,12.0,10.0,0.0,1.0,4.656,5.0,10.0,9.06,1.453,0.08215,3.696102555260395,,
1458,10,1643,293.545,185.636,8.636,297.18985,184.91118,6.4864993,10.0,10.0,1.0,1.0,4.453,18.0,12.0,12.18,-2.504,-0.887,4.293093152285448,,
1461,44,9650,181.727,24.273,6.273,191.29477,26.617523,7.999998,44.0,34.0,43.0,1.0,1.974,20.0,13.0,-5.895,-1.588,0.1277,10.001076590169326,,
1462,18,3311,231.909,75.545,0.545,221.20534,77.67483,2.1164553,18.0,11.0,8.0,1.0,3.41,27.0,42.0,3.965,2.996,-0.4731,11.026059358827965,,
1462,30,3311,218.273,87.0,0.545,221.32727,85.21511,1.021937,30.0,11.0,8.0,1.0,3.416,27.0,42.0,5.137,1.644,-0.6846,3.569575107343874,,
1462,32,3311,217.364,90.182,0.273,222.73395,83.517746,1.217531,32.0,11.0,8.0,1.0,3.326,27.0,42.0,3.688,2.252,-0.721,8.610504235465939,,
1462,33,3311,218.636,89.818,0.455,222.65413,83.09121,1.3102064,33.0,11.0,8.0,1.0,3.61,27.0,42.0,3.871,1.925,0.359,7.882033391682694,,
1462,34,3311,218.818,89.545,0.091,222.15971,84.74045,1.582878,34.0,11.0,8.0,1.0,3.812,27.0,42.0,2.746,1.861,0.4111,6.039571706129824,,
1463,16,2753,177.909,99.818,0.636,194.82195,91.60527,3.5026891,16.0,11.0,5.0,1.0,3.729,22.0,18.0,5.844,0.1844,-0.01984,19.01879907227211,,
1464,20,422,386.636,377.182,7.0,382.97595,378.9697,6.2669563,20.0,11.0,0.0,1.0,5.383,17.0,33.0,12.86,-2.07,-0.133,4.138742605986712,,
1466,87,14716,252.182,426.0,-0.727,253.56084,429.48535,2.6389008,87.0,11.0,70.0,1.0,3.742,78.0,23.0,8.87,0.3645,0.0605,5.037673328386885,,
1469,11,2957,132.636,141.182,8.818,133.87979,142.12393,4.997972,11.0,11.0,6.0,1.0,4.06,5.0,11.0,4.297,-0.7275,0.2476,4.126361546178917,,
1469,12,2957,133.364,141.364,9.0,133.76457,142.10794,4.9324408,12.0,11.0,6.0,1.0,3.965,5.0,11.0,5.48,-1.262,0.1671,4.154388149174875,,
1470,22,5208,242.636,115.0,8.091,242.00308,117.4033,5.5314116,22.0,11.0,19.0,1.0,4.29,15.0,19.0,9.65,-2.215,-0.5137,3.5676226529461523,,
1484,28,6966,33.091,191.273,4.636,37.850693,190.4029,0.39173272,28.0,11.0,28.0,1.0,3.047,40.0,4.0,2.135,1.191,0.4583,6.436268811068071,,
1488,24,4840,88.091,33.545,5.636,88.50083,38.906826,7.627898,24.0,11.0,16.0,1.0,2.164,18.0,15.0,-1.166,-3.596,-0.1592,5.7345266871451575,,
1494,27,3684,423.091,118.636,9.818,424.19513,118.591835,6.2348857,27.0,22.0,10.0,1.0,4.895,7.0,21.0,9.42,-0.748,0.3223,3.749634874356366,,
1496,11,830,283.636,212.545,6.182,279.5895,204.53835,0.0,11.0,11.0,0.0,1.0,1.507,11.0,12.0,-7.457,-0.07074,-0.502,10.894848804480947,,
1496,12,251,284.455,213.091,6.091,295.0628,216.10255,0.56783205,12.0,11.0,0.0,1.0,1.671,11.0,18.0,-0.01816,1.234,0.0007477,12.332892541752203,,
1497,79,13450,379.545,446.545,9.545,373.37012,440.69687,4.969311,79.0,69.0,63.0,1.0,3.787,11.0,21.0,5.137,-0.597,0.1514,9.657468474503125,,
1501,28,6933,432.545,231.818,1.091,437.6569,226.47408,1.0755877,28.0,11.0,28.0,1.0,3.258,51.0,33.0,3.652,1.285,-0.5664,7.395217381212771,,
1502,22,4104,332.636,24.273,5.364,326.84085,23.759502,7.067674,22.0,11.0,13.0,1.0,4.547,28.0,27.0,5.582,-2.756,-0.093,6.062173604968799,,
1507,11,180,301.636,166.909,6.909,300.41895,156.89029,3.1114967,11.0,11.0,0.0,1.0,3.963,15.0,13.0,6.95,0.3606,0.3718,10.783171707809856,,
1509,12,2789,460.545,81.818,7.182,461.77744,81.00138,3.6189957,12.0,11.0,5.0,1.0,4.09,10.0,9.0,8.88,0.5205,-0.06128,3.857560915892124,,
1510,38,8570,379.0,279.182,1.273,368.1542,276.5579,2.6577387,38.0,11.0,37.0,1.0,3.223,34.0,6.0,3.83,0.4094,-0.01917,11.244322110170875,,
1510,39,8570,373.364,281.545,1.727,368.53644,277.25143,2.9431965,39.0,11.0,37.0,1.0,3.088,34.0,6.0,4.254,2.082,0.149,6.574132096719053,,
1512,18,1424,48.545,447.636,9.091,48.70145,447.80786,4.8512487,18.0,12.0,0.0,1.0,4.527,16.0,15.0,10.07,-3.031,0.4902,4.246116289970363,,
1514,22,135,220.182,133.909,7.364,218.2778,133.06552,4.3042517,22.0,11.0,0.0,1.0,5.56,19.0,48.0,13.61,1.129,-0.1334,3.701282995091404,,
1514,23,135,220.273,134.0,7.364,217.50635,132.72168,5.026912,23.0,11.0,0.0,1.0,5.645,19.0,48.0,13.49,-0.4126,-0.1534,3.8406294490153576,,
1514,24,135,220.818,134.455,7.636,218.10733,132.68556,5.0633507,24.0,11.0,0.0,1.0,5.64,19.0,48.0,13.07,-0.842,0.06287,4.134872934358517,,
1514,25,2586,221.182,135.364,7.636,224.53458,138.56482,5.674042,25.0,11.0,4.0,1.0,7.016,19.0,24.0,19.11,-3.617,-1.537,5.033321023197713,,
1515,11,766,346.545,249.091,2.545,336.669,251.50357,7.999996,11.0,11.0,0.0,1.0,3.742,11.0,13.0,-3.361,-1.304,-0.3748,11.537454284412858,,
1515,21,4542,323.909,270.909,3.455,330.45938,270.3853,4.9970927,21.0,11.0,15.0,1.0,3.22,11.0,7.0,8.22,-1.893,0.11005,6.749799236258331,,
1517,14,2741,160.909,485.455,0.273,163.66924,487.88953,1.2679794,14.0,11.0,5.0,1.0,3.49,6.0,13.0,7.066,1.951,-0.1064,3.8125903510506336,,
1519,29,740,175.364,26.455,3.182,180.65913,26.513798,2.4766471,29.0,11.0,0.0,1.0,4.285,28.0,43.0,11.33,0.9385,0.2024,5.3422262807974,,
1525,18,16,406.545,1.818,8.727,406.83987,4.499629,6.4055696,18.0,12.0,0.0,1.0,4.164,18.0,27.0,6.207,-2.553,0.551,3.559089983771857,,
1525,19,16,406.455,2.0,8.818,406.38654,5.2595506,6.367532,19.0,12.0,0.0,1.0,4.26,18.0,27.0,4.52,-1.922,0.24,4.078498535562365,,
1525,20,16,405.818,2.091,9.0,405.85727,4.751709,6.660834,20.0,12.0,0.0,1.0,5.312,18.0,27.0,4.41,-1.686,0.0531,3.5429665664718035,,
1525,22,16,405.909,1.455,9.091,405.9676,4.566483,6.3818297,22.0,12.0,0.0,1.0,3.898,18.0,27.0,3.918,-1.8125,0.4436,4.126059152955891,,
1525,29,16,396.545,7.727,9.727,397.73264,5.5607266,6.864455,29.0,12.0,0.0,1.0,4.836,18.0,27.0,8.984,-2.445,-0.3428,3.781189375074004,,
1530,22,3587,80.091,404.727,7.636,82.70804,404.92084,5.0522904,22.0,12.0,10.0,1.0,5.254,36.0,14.0,12.79,-1.778,0.728,3.682665828490576,,
1530,34,4487,74.818,408.091,6.727,76.22172,406.17178,3.9865398,34.0,12.0,14.0,1.0,4.387,36.0,38.0,9.445,-0.1976,0.8374,3.628216828496341,,
1532,16,3511,423.545,492.182,5.364,420.16055,491.60428,3.7214303,16.0,12.0,9.0,1.0,5.13,9.0,18.0,15.88,-0.10394,0.35,3.8060868907919314,,
1535,17,278,31.364,221.727,9.545,30.172031,222.64406,5.7043715,17.0,12.0,0.0,1.0,5.574,6.0,28.0,12.055,-2.643,-0.5566,4.124586817558001,,
1536,17,4311,1.455,446.455,-0.545,2.9396374,448.88168,1.9367808,17.0,12.0,14.0,1.0,4.414,7.0,5.0,8.88,1.231,-0.3684,3.7752033019597184,,
1541,75,12225,156.182,43.818,6.636,165.37068,39.581814,1.7072136,75.0,49.0,57.0,1.0,4.477,34.0,30.0,5.473,1.408,-0.861,11.254778867033371,,
1544,15,1776,10.636,92.091,-0.818,5.407643,82.71786,1.1096047,15.0,12.0,1.0,1.0,3.998,4.0,6.0,4.03,2.207,-0.0721,10.904454606192411,,
1546,15,3577,497.545,8.727,6.818,495.98007,10.5025835,3.8893247,15.0,12.0,10.0,1.0,3.842,4.0,8.0,7.355,0.05228,-0.10657,3.765480272581752,,
1548,12,3396,371.909,116.727,5.364,374.37308,123.06265,4.7008357,12.0,12.0,9.0,1.0,3.256,4.0,21.0,1.806,-1.372,0.1581,6.830222401773943,,
1548,15,1031,371.727,118.091,5.818,361.43774,128.02211,4.5374327,15.0,12.0,0.0,1.0,5.04,4.0,14.0,9.16,-2.256,0.011795,14.357425597561996,,
1551,27,3117,248.545,399.636,2.818,251.7759,398.31027,1.0880867,27.0,12.0,7.0,1.0,4.395,20.0,32.0,10.805,3.164,-0.3926,3.897290708738197,,
1551,29,3117,243.727,403.818,3.455,252.10469,396.91885,0.8373527,29.0,12.0,7.0,1.0,3.234,20.0,32.0,2.447,5.684,-0.155,11.16405113951906,,
1552,19,1877,196.091,64.455,7.364,198.77904,61.383762,5.7912407,19.0,12.0,2.0,1.0,4.68,20.0,18.0,9.64,-1.384,0.5044,4.373972303293712,,
1560,40,2497,92.455,502.091,8.364,91.95998,504.38303,5.281858,40.0,12.0,4.0,1.0,4.37,31.0,35.0,7.164,-1.259,0.1863,3.87273102983722,,
1560,42,650,85.091,507.727,9.364,82.32129,506.6534,6.478576,42.0,12.0,0.0,1.0,4.574,31.0,56.0,7.37,-1.688,-0.272,4.141205392621325,,
1561,16,1240,229.909,260.636,-0.727,231.16669,259.05966,2.3827744,16.0,15.0,0.0,1.0,5.234,19.0,28.0,12.21,1.777,-0.5615,3.706390258809156,,
1561,17,1240,230.182,261.091,-0.727,229.3067,258.45645,2.3611917,17.0,15.0,0.0,1.0,4.64,19.0,28.0,13.2,1.917,-0.1199,4.152581337969048,,
1561,18,1240,230.364,260.909,-0.545,227.99884,258.95087,2.2995076,18.0,15.0,0.0,1.0,4.19,19.0,28.0,13.32,1.689,-0.857,4.185627600367442,,
1561,19,329,230.364,260.545,-0.455,232.09415,262.88742,1.6316513,19.0,15.0,0.0,1.0,3.832,19.0,34.0,7.785,1.122,-0.358,3.582522034362348,,
1561,22,5493,230.455,261.909,-0.545,233.18733,264.115,1.3057144,22.0,15.0,20.0,1.0,3.648,19.0,7.0,8.09,1.603,-0.2654,3.969534861827943,,
1561,25,329,231.364,261.545,-0.273,230.37714,258.40796,0.94877815,25.0,15.0,0.0,1.0,3.262,19.0,34.0,5.32,1.401,0.4758,3.5082266843830827,,
1562,55,11679,65.545,430.636,3.455,75.16115,437.14185,7.898071,55.0,12.0,54.0,1.0,1.455,64.0,17.0,-4.855,-1.492,-0.422,12.431303429489622,,
1562,56,10162,67.818,428.909,3.636,76.47138,417.33484,7.115784,56.0,12.0,45.0,1.0,3.457,64.0,45.0,0.809,-1.084,-0.4607,14.864422686961513,,
1563,17,4456,419.455,400.182,8.818,422.1373,402.41025,6.824858,17.0,12.0,14.0,1.0,5.926,10.0,34.0,10.7,-4.07,-0.9614,4.016521677355171,,
1563,20,898,420.273,400.818,8.818,417.31128,400.40652,6.028611,20.0,12.0,0.0,1.0,5.227,10.0,37.0,10.67,-2.195,-0.512,4.089228795521359,,
1563,21,4456,419.818,401.0,8.818,421.37238,403.8741,6.8203783,21.0,12.0,14.0,1.0,6.074,10.0,34.0,12.82,-4.652,-0.1129,3.829757231302135,,
1570,36,7614,402.909,259.818,4.636,409.52057,266.53107,7.9999948,36.0,12.0,32.0,1.0,6.496,27.0,5.0,-2.457,-1.403,0.7446,10.004730266440353,,
1574,16,4143,119.636,314.273,5.273,117.57039,315.54642,2.3780189,16.0,12.0,13.0,1.0,4.94,9.0,6.0,13.4,0.543,-0.6953,3.777467238488925,,
1575,14,4017,22.909,225.636,3.0,22.058062,229.14369,2.7257338,14.0,12.0,12.0,1.0,4.516,10.0,5.0,8.5,-0.669,0.0967,3.619835157076413,,
1576,21,4889,481.818,378.182,4.0,478.1921,381.7051,6.528619,21.0,16.0,17.0,1.0,5.125,23.0,34.0,5.832,-2.203,0.4006,5.652724870994608,,
1577,22,4397,503.727,155.545,8.455,497.28098,160.10834,1.926336,22.0,13.0,14.0,1.0,4.504,22.0,9.0,11.0,1.931,-0.463,10.246887304000946,,
1577,23,6061,499.727,159.364,8.455,498.68082,159.1384,4.729931,23.0,13.0,23.0,1.0,5.453,22.0,23.0,11.41,-2.078,-0.2969,3.875761474492593,,
1577,27,6061,493.909,165.364,8.909,495.97415,165.9958,5.0827856,27.0,13.0,23.0,1.0,3.412,22.0,23.0,5.16,-0.6997,0.1228,4.393624061895537,,
1578,18,2738,106.818,470.545,3.091,97.894424,472.06967,6.0060096,18.0,13.0,5.0,1.0,3.713,14.0,21.0,4.676,-2.291,0.4463,9.51063132524692,,
1578,19,2738,100.091,473.0,3.091,93.179756,475.49365,5.9534807,19.0,13.0,5.0,1.0,4.66,14.0,21.0,6.52,-0.676,-0.002167,7.885263452029264,,
1578,20,2738,100.273,473.182,3.273,92.0225,475.12735,6.0276747,20.0,13.0,5.0,1.0,3.814,14.0,21.0,5.707,-2.438,0.15,8.913101007804185,,
1582,15,4106,399.818,13.545,-0.364,403.62244,14.59679,3.3689911,15.0,13.0,13.0,1.0,5.15,4.0,7.0,10.77,-0.2585,0.237,5.432793799729492,,
1587,34,7165,104.455,113.0,0.091,106.581985,105.58597,4.576142,34.0,32.0,29.0,1.0,3.531,16.0,16.0,9.53,-0.335,0.6826,8.92235421799028,,
1587,35,6025,101.455,118.545,0.364,100.979576,124.65428,1.7790939,35.0,32.0,23.0,1.0,3.645,16.0,32.0,7.58,1.633,-0.0754,6.289023838720378,,
1601,19,4745,395.636,447.818,5.273,390.6193,448.03043,3.9531374,19.0,13.0,16.0,1.0,5.812,20.0,11.0,6.86,-0.395,0.2595,5.19176681658363,,
1601,28,1728,369.455,471.818,6.636,375.4294,470.95135,4.640113,28.0,13.0,1.0,1.0,4.016,20.0,24.0,7.492,-1.364,0.0967,6.3583097203005945,,
1601,31,4117,363.818,477.455,8.636,365.20297,475.34244,5.985293,31.0,13.0,13.0,1.0,5.047,20.0,19.0,9.46,-0.662,-0.7725,3.6615979099771327,,
1604,16,2480,118.0,164.273,3.364,116.346695,174.16577,0.0,16.0,13.0,4.0,1.0,4.01,5.0,9.0,0.71,3.932,0.07324,10.579074236242285,,
1604,17,2360,114.273,168.455,3.545,109.09426,170.6798,4.6716976,17.0,13.0,3.0,1.0,3.414,5.0,21.0,6.992,-0.0557,0.02057,5.747915318569473,,
1609,17,3938,53.545,58.091,-0.909,55.262756,56.71872,3.4890416,17.0,13.0,12.0,1.0,2.74,19.0,8.0,5.36,-0.554,0.2734,4.916971424491561,,
1609,18,3938,54.545,58.545,-0.818,55.439648,57.05908,3.188241,18.0,13.0,12.0,1.0,3.428,19.0,8.0,6.824,0.11005,0.4502,4.365583608222959,,
1611,45,8166,501.545,139.818,1.818,510.99973,139.08325,6.2416635,45.0,43.0,35.0,1.0,0.9385,4.0,12.0,-10.734,1.974,0.7993,10.46425227604113,,
1611,46,9115,497.455,143.273,1.727,510.1275,148.42558,0.0,46.0,43.0,40.0,1.0,3.027,4.0,14.0,-7.355,0.904,0.3828,13.78854110870328,,
1612,23,617,264.0,150.0,9.636,263.9527,151.85054,5.473684,23.0,13.0,0.0,1.0,4.395,11.0,28.0,6.9,-2.184,0.1962,4.5553935137873625,,
1614,18,4247,293.727,364.818,9.273,294.01193,364.97336,5.068991,18.0,13.0,13.0,1.0,4.207,11.0,12.0,5.297,-0.3472,-0.252,4.216516750421019,,
1626,18,3505,420.545,491.909,2.455,417.38257,495.92435,3.970746,18.0,13.0,9.0,1.0,5.96,20.0,33.0,14.664,-0.1859,-0.4727,5.331180456889101,,
1629,14,1846,425.273,206.364,1.0,413.99857,204.99928,0.0,14.0,14.0,2.0,1.0,4.016,40.0,9.0,-6.555,-4.504,0.329,11.400668072674565,,
1629,17,2443,427.636,205.909,0.909,423.16135,219.22832,0.0,17.0,14.0,4.0,1.0,2.096,40.0,32.0,-6.145,0.633,-0.2778,14.080236464097473,,
1630,20,3875,177.273,234.545,0.273,180.35786,229.34563,1.4393778,20.0,14.0,11.0,1.0,5.535,9.0,30.0,10.21,5.31,-0.2021,6.157129752476608,,
1630,22,4382,170.636,236.818,-0.455,172.23515,239.16902,2.5616386,22.0,14.0,14.0,1.0,3.084,9.0,12.0,6.996,0.2573,-0.1948,4.145441376489345,,
1638,17,3404,76.273,412.273,9.364,73.74615,412.6249,6.61972,17.0,14.0,9.0,1.0,3.725,7.0,21.0,6.836,-1.6045,-0.1703,3.746982419347599,,
1638,19,3404,66.364,416.091,9.727,68.617455,413.8259,6.545355,19.0,14.0,9.0,1.0,4.18,7.0,21.0,5.145,-1.49,0.0009003,4.509057812121075,,
1645,21,5373,460.545,339.0,9.636,457.41827,333.80206,0.0,21.0,17.0,19.0,1.0,3.988,7.0,33.0,-7.55,-1.919,0.2378,11.386286345270795,,
1646,14,439,448.273,388.909,-0.273,444.39136,379.07037,0.16056037,14.0,14.0,0.0,1.0,0.7607,6.0,68.0,-2.1,3.475,0.3762,10.585544103206688,,
1654,34,7428,48.364,25.909,9.727,48.203014,28.422798,6.717844,34.0,34.0,30.0,1.0,5.61,7.0,11.0,10.22,-4.125,-0.7344,3.924298244187871,,
1654,39,7235,14.0,44.818,8.818,11.463348,43.80344,6.412915,39.0,34.0,29.0,1.0,4.35,7.0,14.0,7.348,-2.066,-0.183,3.6398309328771017,,
1657,15,1079,444.182,167.273,7.909,453.6759,164.94545,6.4130173,15.0,14.0,0.0,1.0,2.082,19.0,38.0,2.38,-0.3076,0.6133,9.888861939131278,,
1657,16,1079,443.909,166.727,7.727,449.29224,169.3829,6.834593,16.0,14.0,0.0,1.0,2.828,19.0,38.0,6.375,-3.637,0.6772,6.068728693989296,,
1658,17,4434,81.818,175.455,-0.545,77.3717,175.64667,0.7860339,17.0,14.0,14.0,1.0,2.873,21.0,25.0,2.926,2.256,-0.3655,4.645209610109015,,
1658,32,4434,72.455,181.0,-0.273,70.99437,183.7725,2.806073,32.0,14.0,14.0,1.0,4.64,21.0,25.0,13.37,-1.639,0.9673,4.393277453818394,,
1658,34,4434,67.727,183.909,-0.727,69.71992,186.71117,2.7702858,34.0,14.0,14.0,1.0,3.84,21.0,25.0,9.87,-0.29,0.2932,4.904578962783832,,
1663,14,1405,120.818,441.727,6.727,112.27939,446.82605,6.386887,14.0,14.0,0.0,1.0,4.53,7.0,19.0,3.336,-1.957,-0.2152,9.95107273048334,,
1663,15,1405,120.636,441.091,6.636,111.56565,447.6582,6.6573772,15.0,14.0,0.0,1.0,3.643,7.0,19.0,2.361,-2.875,-0.1981,11.198206193278452,,
1663,16,1405,120.545,441.364,6.818,112.14121,447.26053,7.0140376,16.0,14.0,0.0,1.0,4.91,7.0,19.0,3.188,-4.168,-0.09064,10.267968793564492,,
1668,60,7320,61.818,336.818,6.909,63.078053,333.22656,5.2417474,60.0,37.0,30.0,1.0,4.816,49.0,32.0,9.48,-1.047,-0.03114,4.155226355881903,,
1668,61,13101,61.0,337.364,6.909,56.35262,332.90118,5.9833927,61.0,37.0,61.0,1.0,5.145,49.0,25.0,5.05,1.355,-0.1475,6.509351126695576,,
1669,69,11091,99.0,246.636,2.364,91.9998,248.99945,7.9999824,69.0,14.0,51.0,1.0,10.055,86.0,25.0,-0.6914,-1.452,0.757,9.292631142771668,,
1672,15,219,138.636,180.364,8.364,137.43753,180.80772,4.9675856,15.0,14.0,0.0,1.0,5.46,4.0,18.0,9.65,-0.694,0.00447,3.628890816189889,,
1676,19,4313,112.727,498.818,0.364,108.11038,489.06955,0.0,19.0,14.0,14.0,1.0,3.436,7.0,13.0,-6.965,0.0882,0.1116,10.792495245627851,,
1676,20,542,109.818,503.273,-0.455,101.06805,502.69876,2.6311533,20.0,14.0,0.0,1.0,3.492,7.0,40.0,6.797,0.1013,0.4905,9.296005527709248,,
1682,20,1028,111.818,110.909,8.909,104.64334,115.02213,2.286675,20.0,15.0,0.0,1.0,3.54,23.0,34.0,9.34,1.968,0.0781,10.5947521404762,,
1693,29,630,171.0,346.273,5.636,166.47076,354.7236,1.123694,29.0,15.0,0.0,1.0,4.47,49.0,77.0,7.715,3.033,0.2164,10.596582504526404,,
1696,16,359,339.909,346.636,6.0,347.33456,345.43457,1.4696674,16.0,15.0,0.0,1.0,4.31,10.0,17.0,8.02,2.668,-0.363,8.781018666710775,,
1696,22,4694,338.364,349.727,6.091,340.41824,343.64334,1.7901499,22.0,15.0,16.0,1.0,5.176,10.0,22.0,9.31,1.261,-0.733,7.728397800053361,,
1696,23,4694,338.364,349.455,5.818,340.77805,344.58304,1.5270652,23.0,15.0,16.0,1.0,5.11,10.0,22.0,10.47,3.44,-0.08215,6.9264531400963945,,
1696,24,4694,338.091,348.455,5.636,341.79724,344.00998,1.5451343,24.0,15.0,16.0,1.0,3.768,10.0,22.0,8.95,2.242,-1.259,7.087284382147815,,
1705,42,7166,193.0,198.818,-0.636,191.6283,201.146,1.7802812,42.0,39.0,29.0,1.0,4.49,5.0,44.0,8.87,0.545,0.3062,3.624853062880388,,
1707,21,4064,303.727,289.545,8.455,305.48932,286.68146,6.206326,21.0,15.0,12.0,1.0,3.918,7.0,16.0,4.99,-1.124,0.1321,4.045017660316969,,
1709,20,4383,384.727,253.727,9.636,386.3563,254.4386,6.4871893,20.0,15.0,14.0,1.0,4.24,11.0,10.0,8.48,-1.822,-0.342,3.61607547963735,,
1709,21,4383,384.364,252.545,9.545,385.91663,254.0489,6.5844927,21.0,15.0,14.0,1.0,3.88,11.0,10.0,5.48,-1.482,-0.09827,3.665648455628745,,
1709,22,4383,383.636,253.364,9.455,385.4695,254.77142,6.6375737,22.0,15.0,14.0,1.0,4.133,11.0,10.0,8.39,-2.818,-0.996,3.644234386305517,,
1709,24,2354,383.818,252.727,9.545,386.2389,254.63863,6.705392,24.0,15.0,3.0,1.0,3.525,11.0,24.0,5.28,-2.863,-0.2969,4.192667368223252,,
1709,25,2354,384.091,252.0,9.909,385.74725,254.442,6.622468,25.0,15.0,3.0,1.0,3.701,11.0,24.0,4.895,-2.932,-0.918,4.416765858580693,,
1711,17,3505,416.727,491.636,6.0,416.06027,494.84778,4.7360296,17.0,15.0,9.0,1.0,4.336,35.0,33.0,13.61,-1.952,-0.2223,3.515349318826789,,
1711,18,3505,416.727,492.273,5.818,417.38257,495.92435,3.970746,18.0,15.0,9.0,1.0,5.96,35.0,33.0,14.664,-0.1859,-0.4727,4.144209959439298,,
1711,19,3511,417.182,491.818,5.818,419.3916,492.03085,2.9988847,19.0,15.0,9.0,1.0,5.188,35.0,18.0,12.234,1.999,-0.073,3.588181762006203,,
1715,21,1641,177.0,141.0,8.909,179.15436,146.96994,1.5867467,21.0,20.0,1.0,1.0,3.002,8.0,21.0,5.984,-0.04013,0.243,9.690038390148976,,
1715,27,5846,134.727,139.182,5.364,130.61365,139.64064,0.34715986,27.0,20.0,22.0,1.0,2.355,8.0,8.0,-2.348,1.7,-0.5034,6.503743834316908,,
1717,15,2380,453.182,308.182,-0.727,450.32086,305.6826,1.2512131,15.0,15.0,3.0,1.0,3.256,18.0,41.0,4.72,0.9272,0.463,4.283275560667559,,
1717,18,2380,452.455,308.182,-0.727,449.56296,305.34915,1.3805157,18.0,15.0,3.0,1.0,3.086,18.0,41.0,6.14,-0.3748,0.2203,4.56405049378801,,
1719,15,4044,475.455,381.455,7.636,482.9131,382.11386,5.8533635,15.0,15.0,12.0,1.0,3.557,62.0,16.0,3.467,-0.8853,0.5845,7.696437162787225,,
1719,24,4889,477.727,381.182,7.727,476.80066,380.8682,4.271608,24.0,15.0,17.0,1.0,5.03,62.0,34.0,11.38,-0.3857,0.2957,3.5911432872086824,,
1721,23,5925,297.273,480.273,4.455,293.30032,482.36694,4.0442295,23.0,15.0,22.0,1.0,4.13,13.0,9.0,10.46,0.1632,0.1592,4.5094903824789725,,
1728,15,763,381.364,243.545,1.364,373.81793,233.89592,4.2325215,15.0,15.0,0.0,1.0,2.645,21.0,30.0,2.014,0.2595,0.1164,12.580792220176836,,
1730,24,3550,152.545,437.455,2.909,155.5195,435.47015,4.388765,24.0,15.0,9.0,1.0,7.395,36.0,53.0,18.84,-1.025,0.632,3.8700108821197152,,
1736,25,139,217.545,195.909,9.818,217.09303,195.97398,6.1287055,25.0,24.0,0.0,1.0,4.24,10.0,25.0,8.23,-1.987,-1.315,3.717444443301102,,
1736,26,139,217.909,195.818,9.636,216.03047,197.51044,6.2656884,26.0,24.0,0.0,1.0,3.39,10.0,25.0,5.47,-2.873,-0.616,4.213339340190203,,
1736,33,139,220.0,198.727,9.818,221.08243,199.09375,6.5007033,33.0,24.0,0.0,1.0,2.32,10.0,25.0,-0.4907,-0.303,0.3303,3.5086489797685463,,
1738,16,2737,329.182,435.182,2.182,323.9995,431.6273,7.999988,16.0,16.0,5.0,1.0,4.562,5.0,15.0,-6.76,1.652,-0.4983,8.564063446060183,,
1740,18,4702,378.636,126.182,5.818,376.999,137.99963,7.9999785,18.0,16.0,16.0,1.0,8.4,63.0,4.0,-8.28,0.5776,1.064,12.128362543697405,,
1740,27,2166,366.636,152.727,6.364,367.75674,154.41978,3.4533155,27.0,16.0,3.0,1.0,4.953,63.0,85.0,11.984,-0.2979,0.1354,3.548752813953114,,
1744,17,848,341.818,396.0,9.455,338.78384,395.8174,6.574019,17.0,16.0,0.0,1.0,3.771,19.0,22.0,8.39,-2.582,-0.2263,4.188021154192145,,
1749,20,4879,188.455,367.727,3.909,193.80437,363.40887,3.984011,20.0,16.0,17.0,1.0,3.316,11.0,26.0,6.543,-1.14,-0.00145,6.875146016189103,,
1751,18,26,278.636,18.091,8.455,282.76782,21.157299,0.33256653,18.0,16.0,0.0,1.0,3.32,6.0,30.0,1.054,4.37,0.6436,9.61499097994256,,
1753,19,4883,246.909,366.909,2.0,251.19272,361.62976,1.7631308,19.0,16.0,17.0,1.0,4.855,35.0,10.0,11.2,1.754,-0.5283,6.802700863179929,,
1755,19,1538,167.182,505.545,6.091,169.02034,505.41403,2.8198707,19.0,16.0,1.0,1.0,5.316,12.0,17.0,13.305,0.67,-0.5435,3.754588392063576,,
1755,23,1538,166.273,508.273,5.909,168.27002,507.3931,2.9913917,23.0,16.0,1.0,1.0,6.547,12.0,17.0,14.42,2.0,0.1617,3.6434531810672266,,
1755,25,5957,166.727,509.182,5.727,168.48799,507.56363,2.7639315,25.0,16.0,22.0,1.0,6.254,12.0,51.0,14.51,1.932,0.03186,3.807884212091055,,
1759,18,4506,106.727,400.0,1.455,104.47871,412.49246,0.0,18.0,16.0,15.0,1.0,0.3333,24.0,8.0,-5.45,2.771,1.076,12.776282314339326,,
1761,50,10120,2.455,169.273,5.636,0.9333332,165.02998,7.7566657,50.0,16.0,45.0,1.0,1.919,35.0,17.0,-2.396,-2.734,-0.0764,4.981557144285183,,
1763,46,5834,66.364,164.091,8.182,70.77663,162.31526,4.447573,46.0,32.0,22.0,1.0,3.89,25.0,30.0,6.45,0.797,-0.2021,6.047354883155856,,
1765,16,1877,199.818,45.364,9.364,198.19637,44.044647,6.094436,16.0,16.0,2.0,1.0,4.062,17.0,18.0,8.04,-1.553,-0.1295,3.880776332849529,,
1765,17,1877,200.727,46.273,9.273,198.46391,48.04741,6.0819516,17.0,16.0,2.0,1.0,4.11,17.0,18.0,6.15,-1.503,-0.2231,4.295683541340373,,
1775,16,82,440.455,72.0,0.636,433.74377,64.90192,2.7550561,16.0,16.0,0.0,1.0,2.701,16.0,29.0,8.11,1.252,-0.07587,9.995686397353968,,
1775,17,82,440.364,72.0,0.545,433.9992,65.449486,2.6505928,17.0,16.0,0.0,1.0,3.361,16.0,29.0,5.637,0.9604,0.07587,9.373016256446371,,
1775,30,4713,433.818,74.909,0.091,432.43985,71.347664,1.1124054,30.0,16.0,16.0,1.0,4.22,16.0,37.0,8.77,2.18,-0.0914,3.9529331538169545,,
1777,16,9,95.455,17.182,8.909,94.23405,15.533608,5.4478087,16.0,16.0,0.0,1.0,3.924,22.0,32.0,7.05,-2.129,0.3875,4.023401583655265,,
1777,31,9,78.545,20.364,8.0,82.84008,18.752695,2.3454983,31.0,16.0,0.0,1.0,3.672,22.0,32.0,9.16,1.451,0.546,7.28130520475058,,
1779,36,7206,451.636,12.273,0.727,453.19434,15.226339,2.5970867,36.0,16.0,29.0,1.0,5.164,39.0,20.0,10.41,0.1378,-0.4,3.827252156578901,,
1784,31,7499,312.727,186.636,7.091,301.96634,182.96649,7.999997,31.0,17.0,31.0,1.0,2.268,83.0,5.0,-5.52,-0.6313,0.05923,11.405410243463775,,
1787,34,3925,153.182,125.727,-0.091,153.15315,122.66227,2.9855661,34.0,17.0,12.0,1.0,4.492,25.0,23.0,12.57,1.116,-0.4792,4.342656014821942,,
1788,32,2099,334.091,510.636,9.0,331.60196,510.37546,5.952126,32.0,17.0,2.0,1.0,3.348,17.0,44.0,-1.596,-0.2102,1.366,3.943695872284775,,
1789,30,6247,453.0,265.727,6.364,449.07697,264.6121,0.8365115,30.0,17.0,24.0,1.0,2.035,30.0,8.0,-0.2778,-0.1313,0.2488,6.869228159592026,,
1798,29,7026,18.455,243.364,9.727,10.734231,236.8558,6.983231,29.0,27.0,28.0,1.0,3.438,8.0,7.0,5.582,-3.666,-0.6504,10.463995867579564,,
1798,31,287,18.636,243.727,9.818,11.182609,239.06216,6.5357637,31.0,27.0,0.0,1.0,2.738,8.0,18.0,9.555,-3.467,-0.805,9.385459219106895,,
1799,28,5600,463.818,11.818,9.273,468.54428,14.650726,4.381628,28.0,27.0,20.0,1.0,3.826,13.0,19.0,6.77,-0.92,-0.1624,7.36801053689938,,
1800,17,4381,151.455,216.273,3.636,149.99962,225.99942,7.9999795,17.0,17.0,14.0,1.0,9.77,13.0,5.0,-5.695,2.262,0.0724,10.759446734717365,,
1800,18,5070,151.909,216.545,3.273,141.44853,215.79169,3.7724144,18.0,17.0,18.0,1.0,3.346,13.0,16.0,1.429,-0.708,0.1576,10.49944395289232,,
1804,18,4883,247.545,375.909,1.636,248.825,365.5286,1.9560789,18.0,17.0,17.0,1.0,4.38,25.0,10.0,10.56,0.649,-1.156,10.463916793544634,,
1804,41,9365,231.091,389.273,0.364,233.37198,393.47314,7.9999986,41.0,17.0,41.0,1.0,2.18,25.0,9.0,-2.123,0.2297,0.4434,9.008469370498062,,
1805,25,3249,483.727,157.545,8.818,485.87088,159.30101,6.600296,25.0,17.0,8.0,1.0,5.168,20.0,35.0,13.37,-3.121,-0.5054,3.5493666485890287,,
1805,30,3249,482.636,159.909,9.273,485.29465,160.08061,6.358359,30.0,17.0,8.0,1.0,3.336,20.0,35.0,5.54,-1.906,-0.414,3.948797535134059,,
1805,32,3249,484.727,162.182,9.455,486.17706,161.81577,6.065535,32.0,17.0,8.0,1.0,3.768,20.0,35.0,8.445,-1.303,0.03607,3.704763339637908,,
1805,33,6624,484.727,162.364,9.636,485.71454,161.57622,6.074786,33.0,17.0,26.0,1.0,4.96,20.0,9.0,7.582,-1.638,-0.4216,3.77863437418812,,
1805,34,7979,483.182,162.636,9.545,487.12595,160.57716,5.339884,34.0,17.0,34.0,1.0,4.656,20.0,21.0,7.055,-0.3188,-0.1799,6.121810542768847,,
1805,35,7867,481.727,162.636,9.545,473.3839,170.53543,6.0674734,35.0,17.0,33.0,1.0,3.816,20.0,19.0,4.832,-0.2178,-0.3372,12.00422855449726,,
1806,19,4884,258.273,443.091,-0.909,255.22186,440.0025,1.3009026,19.0,17.0,17.0,1.0,4.043,8.0,22.0,4.594,1.496,0.03735,4.871545653187192,,
1806,23,3531,259.727,443.0,-0.636,257.00937,445.08395,0.7176551,23.0,17.0,9.0,1.0,2.914,8.0,47.0,2.361,2.137,0.1703,3.682491350859632,,
1808,52,6952,41.0,219.636,-0.818,45.54301,218.74988,1.4628676,52.0,51.0,28.0,1.0,3.639,8.0,40.0,5.367,0.4502,0.468,5.160087743752987,,
1809,19,2777,323.0,507.818,7.727,325.54626,509.77005,3.8487127,19.0,17.0,5.0,1.0,6.324,19.0,29.0,12.73,-0.707,0.4167,5.033393643600861,,
1811,18,4625,353.182,137.364,2.182,344.09235,134.71729,3.5339823,18.0,17.0,15.0,1.0,4.22,54.0,10.0,3.3,-1.17,0.5747,9.563193351915116,,
1811,19,4625,348.455,140.818,2.182,340.20963,137.52844,3.031026,19.0,17.0,15.0,1.0,3.533,54.0,10.0,6.96,1.639,0.0454,8.917857174185725,,
1812,36,3972,370.364,259.0,9.818,370.10587,255.89265,6.421603,36.0,17.0,12.0,1.0,4.11,20.0,27.0,6.02,-1.046,0.02399,4.610614677134598,,
1816,26,4086,122.909,495.091,9.727,123.396904,495.28552,5.7135105,26.0,17.0,13.0,1.0,3.834,13.0,28.0,7.934,-1.336,-0.8867,4.047713713965732,,
1816,28,5820,122.091,494.818,9.545,122.90062,494.7598,5.2022166,28.0,17.0,22.0,1.0,4.984,13.0,8.0,8.54,-0.9316,0.051,4.417990430468991,,
1816,29,5820,122.636,494.727,9.636,123.20601,494.97064,5.2372413,29.0,17.0,22.0,1.0,3.846,13.0,8.0,5.703,-1.513,0.2471,4.442223536757882,,
1821,48,9702,73.273,337.455,2.818,70.437614,336.21075,1.0811355,48.0,17.0,43.0,1.0,4.99,56.0,32.0,15.08,5.59,-0.3281,3.550249304324439,,
1821,49,9702,73.0,337.091,2.818,69.930916,338.29544,1.1535221,49.0,17.0,43.0,1.0,6.21,56.0,32.0,14.74,3.01,0.355,3.693296493952845,,
1821,62,9702,46.818,380.727,9.273,43.215153,380.5527,6.5835037,62.0,17.0,43.0,1.0,4.797,56.0,32.0,9.45,-3.062,-0.1825,4.499364104306591,,
1825,25,6187,289.636,495.091,2.364,290.85226,499.7864,3.4530637,25.0,17.0,24.0,1.0,3.998,46.0,7.0,9.27,-1.658,-0.1443,4.971129578904345,,
1828,17,4948,122.545,229.636,2.364,119.99976,214.4566,0.0,17.0,17.0,17.0,1.0,0.707,10.0,27.0,-8.62,2.275,-0.4211,15.571799093797726,,
1830,17,3802,297.455,168.727,7.091,301.99942,164.6214,0.0,17.0,17.0,11.0,1.0,-0.1285,55.0,8.0,0.749,1.607,-0.477,9.369631022425596,,
1831,29,462,27.909,395.909,8.273,26.319798,395.51312,5.1269274,29.0,17.0,0.0,1.0,5.207,27.0,33.0,12.375,-0.11865,-0.1486,3.546837573906471,,
1831,30,462,28.273,396.0,8.455,26.657871,395.7615,5.231485,30.0,17.0,0.0,1.0,5.594,27.0,33.0,10.78,-1.907,-0.443,3.6133880073783926,,
1835,20,4726,486.182,411.364,0.909,493.88235,398.01047,4.1630926,20.0,18.0,16.0,1.0,3.58,9.0,9.0,1.659,0.09503,-0.09875,15.754404851747765,,
1835,24,2854,474.545,425.091,0.364,471.99988,434.43918,0.0,24.0,18.0,6.0,1.0,4.93,9.0,31.0,-7.336,-0.1357,-0.06683,9.695287573187308,,
1837,18,2666,68.182,349.182,4.636,78.268555,352.87253,5.9037204,18.0,18.0,5.0,1.0,3.389,32.0,21.0,0.4746,0.09357,-0.504,10.815069045618756,,
1841,18,5097,319.0,506.273,6.455,323.3735,507.6278,6.5767984,18.0,18.0,18.0,1.0,4.85,8.0,5.0,12.65,-3.84,0.2834,4.580155034520366,,
1841,19,2777,319.182,506.182,6.364,325.54626,509.77005,3.8487127,19.0,18.0,5.0,1.0,6.324,8.0,29.0,12.73,-0.707,0.4167,7.726873776090909,,
1841,25,511,313.727,510.909,6.182,310.1429,505.74564,6.71454,25.0,18.0,0.0,1.0,5.1,8.0,32.0,5.766,-0.5117,-0.392,6.307904418362723,,
1843,18,1110,41.909,194.727,4.273,48.48079,189.36154,3.1176236,18.0,18.0,0.0,1.0,3.89,8.0,20.0,3.973,0.2108,-0.4702,8.56221229831269,,
1843,20,1110,41.273,194.364,4.364,35.325726,191.89122,1.7229545,20.0,18.0,0.0,1.0,5.363,8.0,20.0,8.68,1.93,-0.31,6.961309524259516,,
1843,21,5305,41.273,193.909,4.364,41.051388,205.6962,7.9999976,21.0,18.0,19.0,1.0,3.348,8.0,31.0,-3.72,-1.526,0.4124,12.337247434729925,,
1844,18,4824,143.273,355.727,2.636,141.40724,349.51993,7.004096,18.0,18.0,16.0,1.0,3.342,16.0,4.0,1.477,-1.463,-1.146,7.815947864956356,,
1846,20,3975,310.0,299.364,-0.455,305.5122,300.3129,1.7253011,20.0,18.0,12.0,1.0,4.234,12.0,19.0,11.88,1.499,-0.12415,5.0788259407722585,,
1846,22,3975,301.182,303.909,-0.182,302.89853,300.2178,1.1402991,22.0,18.0,12.0,1.0,2.787,12.0,19.0,8.01,2.914,-0.12494,4.280176116792461,,
1849,28,3508,436.455,481.545,4.818,445.41232,495.69403,6.9289684,28.0,18.0,9.0,1.0,3.482,11.0,41.0,2.523,-0.51,0.0373,16.87853130782115,,
1851,32,5663,472.545,191.0,-0.636,472.7899,193.12042,2.2391713,32.0,18.0,21.0,1.0,3.14,21.0,45.0,7.38,0.2228,-0.02737,3.580889134103939,,
1853,18,407,252.364,396.818,1.091,251.79991,404.00116,1.3084083,18.0,18.0,0.0,1.0,3.16,30.0,31.0,5.484,2.154,-0.5225,7.208554049364513,,
1854,26,4398,500.636,119.091,6.182,510.9996,117.45967,5.459755,26.0,24.0,14.0,1.0,4.63,10.0,13.0,-3.943,-0.4185,1.222,10.51603919586287,,
1855,18,1227,117.0,284.909,0.364,113.825676,284.75546,4.4231086,18.0,18.0,0.0,1.0,3.244,11.0,16.0,7.234,0.2852,-0.4448,5.155217746630101,,
1859,18,4530,288.818,155.091,3.909,299.2263,156.16037,6.8154564,18.0,18.0,15.0,1.0,4.344,63.0,19.0,8.016,-2.715,0.00999,10.859270228334909,,
1859,76,12212,234.091,205.455,7.273,233.3085,201.04706,1.2402108,76.0,18.0,57.0,1.0,3.967,63.0,21.0,5.996,2.555,0.314,7.512442134568283,,
1869,19,5106,480.273,53.727,2.545,483.94296,54.08006,2.709698,19.0,18.0,18.0,1.0,4.914,29.0,9.0,9.06,0.9814,0.337,3.690580333281479,,
1873,98,15021,331.636,102.909,3.545,323.24704,108.741714,2.9866302,98.0,18.0,72.0,1.0,3.229,82.0,19.0,5.504,-0.2301,0.822,10.232642831690548,,
1875,45,8409,416.273,295.818,2.909,418.13132,293.7937,5.5301967,45.0,18.0,36.0,1.0,3.908,60.0,6.0,10.93,-1.892,0.4026,3.797606595276924,,
1879,26,5387,490.455,405.364,4.909,495.32166,401.37213,0.6390199,26.0,19.0,19.0,1.0,3.195,10.0,11.0,4.51,0.04193,-0.511,7.606059144320127,,
1879,27,5387,490.364,404.0,4.909,493.16068,398.48117,0.29231355,27.0,19.0,19.0,1.0,2.934,10.0,11.0,2.205,3.736,-0.0456,7.719630649772927,,
1883,28,5261,286.364,273.0,4.364,288.56552,267.28918,0.0,28.0,19.0,19.0,1.0,7.8,50.0,8.0,5.11,-0.5693,-0.5947,7.516957588200176,,
1885,39,4811,118.364,6.273,-0.091,121.80683,5.6986003,0.63142675,39.0,19.0,16.0,1.0,2.945,22.0,24.0,3.28,3.271,0.585,3.56439529701402,,
1890,24,3313,172.273,101.545,9.273,173.28181,99.01024,6.485912,24.0,19.0,8.0,1.0,4.78,7.0,29.0,7.13,-2.584,-0.3215,3.900072485665369,,
1890,25,3313,170.0,101.091,9.909,171.08047,100.37314,6.5267043,25.0,19.0,8.0,1.0,4.81,7.0,29.0,7.9,-1.984,-0.65,3.622521580713973,,
1892,48,7696,179.364,94.455,6.364,181.72823,97.068726,6.3028555,48.0,19.0,32.0,1.0,4.844,51.0,19.0,10.27,-3.414,-0.4114,3.5248951396965285,,
1894,36,7265,372.909,343.364,3.818,374.5783,345.82108,1.8674128,36.0,19.0,30.0,1.0,5.22,23.0,12.0,12.84,1.039,-0.1626,3.553673457312025,,
1900,23,3319,166.909,37.636,-0.273,164.61472,40.924156,0.73610157,23.0,19.0,8.0,1.0,2.824,5.0,18.0,3.373,1.102,-0.2935,4.134486253128968,,
1905,19,5376,497.727,202.0,-0.455,494.6841,196.22205,0.8514996,19.0,19.0,19.0,1.0,2.646,5.0,11.0,2.232,2.332,0.07263,6.659646223133783,,
1905,20,5604,497.909,202.545,-0.364,498.57556,207.87038,1.4761404,20.0,19.0,20.0,1.0,3.36,5.0,25.0,7.332,0.6226,-0.2583,5.673631206706374,,
1907,26,4181,255.909,467.182,8.818,255.27458,463.31232,1.1219083,26.0,19.0,13.0,1.0,2.066,17.0,15.0,2.297,-0.313,-0.10754,8.637519290491282,,
1912,22,4665,206.091,102.182,8.818,208.55466,102.89146,5.7355857,22.0,19.0,15.0,1.0,3.137,23.0,31.0,6.13,-2.13,-0.772,4.009268262918372,,
1912,23,4665,205.909,102.909,8.636,208.28778,103.65323,5.865227,23.0,19.0,15.0,1.0,4.26,23.0,31.0,5.598,-1.944,-0.1917,3.72688282601278,,
1915,43,9342,440.909,81.091,3.273,434.9991,75.424164,0.0,43.0,19.0,41.0,1.0,-0.4,60.0,21.0,-5.152,2.154,0.3674,8.817736515733264,,
1915,59,6060,432.0,87.727,3.091,432.86606,92.61471,0.6404294,59.0,19.0,23.0,1.0,4.207,60.0,42.0,11.95,5.12,-1.682,5.5357985181258496,,
1915,65,6060,431.818,86.273,3.182,431.54718,89.673004,2.029239,65.0,19.0,23.0,1.0,5.5,60.0,42.0,13.57,0.5947,-0.2374,3.60030951385253,,
1915,71,13305,420.727,90.818,2.273,423.30914,93.3629,2.5422645,71.0,19.0,63.0,1.0,6.184,60.0,21.0,17.1,1.499,-0.09283,3.635445826932433,,
1919,41,7204,417.545,100.545,8.091,423.7391,100.8433,5.080467,41.0,19.0,29.0,1.0,4.117,23.0,25.0,7.164,-0.989,0.2174,6.893414730312466,,
1921,38,8750,235.727,16.727,4.364,234.94978,4.9999957,7.9999933,38.0,19.0,38.0,1.0,9.26,29.0,10.0,-7.766,1.567,0.739,12.302322872460444,,
1929,57,12175,504.273,50.182,4.273,505.34485,44.962166,1.1042947,57.0,57.0,57.0,1.0,3.875,12.0,38.0,8.24,4.496,-0.573,6.199695370605239,,
1929,58,12548,497.091,52.182,4.0,500.6917,61.711464,0.0,58.0,57.0,58.0,1.0,0.535,12.0,8.0,-5.336,-2.633,0.3806,10.944209638767711,,
1929,59,11619,489.636,54.0,3.364,482.8712,50.385708,0.66132456,59.0,57.0,54.0,1.0,3.059,12.0,13.0,3.922,1.672,-1.241,8.132040348845035,,
1929,64,12090,453.0,61.0,2.455,450.18616,63.06474,1.8265542,64.0,57.0,56.0,1.0,4.42,12.0,5.0,9.58,1.738,-0.1445,3.5462361648285348,,
1934,19,3769,97.727,24.909,8.636,98.925766,25.55226,4.8087244,19.0,19.0,11.0,1.0,6.33,15.0,15.0,16.78,-1.0205,-0.7446,4.061879105624802,,
1935,20,1287,111.455,373.364,3.0,103.02228,370.24088,7.9999976,20.0,19.0,0.0,1.0,3.24,32.0,14.0,-8.164,0.02986,-0.006454,10.289053461461148,,
1935,24,2056,111.182,373.727,3.091,118.287704,379.4821,0.32044312,24.0,19.0,2.0,1.0,2.102,32.0,17.0,0.01007,1.125,0.1351,9.55448537446846,,
1935,25,2056,110.636,373.455,2.909,119.369385,380.42334,0.6693907,25.0,19.0,2.0,1.0,3.404,32.0,17.0,2.496,2.12,-0.04947,11.39498248048112,,
1942,73,7080,403.909,243.455,6.545,404.71124,242.87798,2.8139334,73.0,20.0,29.0,1.0,4.324,80.0,52.0,10.87,3.373,0.1467,3.859714895123154,,
1945,20,4084,429.818,96.0,9.909,432.1319,94.61022,6.21987,20.0,20.0,13.0,1.0,4.094,10.0,9.0,5.406,-1.749,0.2778,4.571137912522435,,
1945,24,5669,426.909,96.091,9.909,429.5148,94.89543,6.4402237,24.0,20.0,21.0,1.0,2.965,10.0,19.0,3.322,-1.432,-0.195,4.500221137271102,,
1945,25,6346,421.182,98.636,9.727,422.5628,99.346,6.3492103,25.0,20.0,25.0,1.0,1.5,10.0,25.0,-1.243,-0.2479,0.462,3.717549178884659,,
1945,27,6346,420.818,98.182,9.727,421.5431,98.22893,6.283065,27.0,20.0,25.0,1.0,2.781,10.0,25.0,2.299,-2.334,0.2822,3.5197529343868728,,
1950,22,5259,370.727,346.818,9.818,370.56097,346.02686,3.9932897,22.0,20.0,19.0,1.0,5.508,34.0,20.0,17.86,-0.4148,-0.73,5.880537266222029,,
1950,29,4823,369.818,345.091,9.455,370.65472,344.47928,5.7502537,29.0,20.0,16.0,1.0,4.54,34.0,20.0,8.94,-1.037,-0.0993,3.847004921255457,,
1950,39,7029,365.455,348.364,8.636,361.195,355.41702,6.6672177,39.0,20.0,28.0,1.0,3.857,34.0,39.0,3.848,-0.0884,-0.2798,8.471646526218693,,
1951,24,4984,436.636,174.636,-0.818,441.58405,173.24373,1.7149798,24.0,20.0,17.0,1.0,3.715,5.0,16.0,8.72,2.168,-0.0873,5.730410214165099,,
1952,93,17346,479.818,490.545,9.455,479.77954,491.4699,5.9305916,93.0,92.0,84.0,1.0,4.125,8.0,9.0,11.37,-2.953,0.0825,3.643950294884732,,
1952,97,15088,458.0,494.909,8.909,458.3478,492.42276,6.1856904,97.0,92.0,72.0,1.0,4.562,8.0,21.0,8.945,-2.3,-0.6113,3.703885710311836,,
1952,98,15088,457.727,494.636,9.091,459.74573,492.38565,6.049304,98.0,92.0,72.0,1.0,4.02,8.0,21.0,8.48,-3.342,-0.443,4.288503292737005,,
1954,40,2229,373.091,408.909,7.727,372.75226,405.49194,6.105712,40.0,20.0,3.0,1.0,4.766,25.0,35.0,10.11,-1.332,-0.1781,3.7973172912128335,,
1956,28,780,361.636,401.455,2.364,360.63495,407.3082,5.7119217,28.0,20.0,0.0,1.0,3.121,43.0,24.0,6.758,-3.799,0.0872,6.816937072603143,,
1956,29,5502,361.364,401.364,2.273,356.17444,391.7917,7.9999967,29.0,20.0,20.0,1.0,1.317,43.0,22.0,-6.492,0.3926,1.15,12.302802586622702,,
1956,31,6374,361.636,400.727,2.091,362.3788,409.59134,5.7958255,31.0,20.0,25.0,1.0,4.383,43.0,4.0,6.508,-0.1338,-0.6655,9.636078427506218,,
1956,32,7033,361.091,401.545,2.0,359.56317,391.0597,7.999999,32.0,20.0,28.0,1.0,0.8823,43.0,8.0,-5.79,1.104,0.2615,12.176853805433522,,
1966,21,3098,352.909,273.727,7.364,349.26556,267.90198,0.0,21.0,20.0,7.0,1.0,2.137,6.0,14.0,-7.49,2.016,-0.2668,10.07144523065086,,
1966,22,917,353.0,273.364,7.455,366.71753,264.70663,6.976229,22.0,20.0,0.0,1.0,2.463,6.0,34.0,-0.8,-1.438,-0.1953,16.228059227407343,,
1968,43,870,204.818,48.909,3.0,201.64229,50.717274,1.9090154,43.0,20.0,0.0,1.0,5.133,49.0,46.0,14.25,1.87,-0.1554,3.813821739490879,,
1970,34,7777,111.545,503.909,4.545,106.06815,510.80383,7.735979,34.0,20.0,32.0,1.0,4.35,17.0,17.0,-4.48,-0.363,1.331,9.365730811305712,,
1971,21,701,96.0,387.545,0.455,100.00828,380.49146,7.9999957,21.0,20.0,0.0,1.0,1.802,13.0,13.0,-6.848,3.14,0.119,11.07906562860869,,
1972,29,5670,434.545,97.364,7.0,432.67825,97.91113,4.0094657,29.0,20.0,21.0,1.0,4.45,12.0,15.0,12.305,-1.863,-0.12366,3.567548485848031,,
1973,41,3109,226.273,486.091,1.545,230.40094,481.51016,6.7874207,41.0,20.0,7.0,1.0,2.717,49.0,50.0,3.787,-2.008,0.7104,8.09363691704716,,
1974,54,6340,478.091,191.545,1.636,482.25092,188.75813,2.3718352,54.0,20.0,25.0,1.0,4.74,68.0,60.0,13.055,0.706,0.3997,5.060931954181858,,
1976,20,532,182.182,487.727,-0.364,186.32741,487.01038,1.4432237,20.0,20.0,0.0,1.0,3.568,7.0,29.0,7.73,0.3872,-0.0702,4.578648904899964,,
1979,24,5740,147.364,193.364,-0.636,151.10373,191.99133,0.78144217,24.0,21.0,21.0,1.0,3.986,15.0,10.0,3.836,2.004,-0.6973,4.2283502346771575,,
1979,27,5741,132.455,203.182,-0.636,129.65382,202.43335,2.900718,27.0,21.0,21.0,1.0,3.973,15.0,14.0,9.68,0.03482,0.013306,4.573342369255126,,
1981,31,6645,435.0,259.364,3.273,432.76822,261.84366,4.6201873,31.0,20.0,26.0,1.0,4.688,40.0,8.0,9.84,-0.5425,0.2695,3.5978423124536008,,
1981,34,3274,434.364,260.636,3.273,430.1258,264.50952,5.571478,34.0,20.0,8.0,1.0,5.062,40.0,67.0,10.43,-1.525,-0.637,6.1846178173662,,
1988,46,9387,318.636,364.818,9.091,316.60132,365.12674,5.005622,46.0,20.0,41.0,1.0,3.965,29.0,11.0,5.273,-0.511,-0.2864,4.574446031257134,,
1995,21,4176,274.636,460.091,6.364,288.30923,457.12982,6.860401,21.0,21.0,13.0,1.0,3.805,8.0,13.0,2.836,-0.9385,-0.2461,13.999007806916204,,
1995,23,575,272.636,459.909,6.182,272.39667,454.40353,6.907008,23.0,21.0,0.0,1.0,5.37,8.0,16.0,4.523,-1.483,-0.4155,5.558157551730974,,
1995,28,6177,267.909,463.818,6.0,262.10785,457.72043,0.0,28.0,21.0,24.0,1.0,2.883,8.0,36.0,-8.39,-0.4048,-0.1267,10.336038952490435,,
1996,27,4799,221.545,156.0,9.818,224.0166,154.54068,6.1251307,27.0,27.0,16.0,1.0,3.887,19.0,27.0,5.562,-0.4993,-0.3174,4.677147110074963,,
1996,29,6632,213.182,159.636,9.091,213.4496,157.8952,5.8587923,29.0,27.0,26.0,1.0,4.863,19.0,9.0,6.402,-1.6,-0.37,3.680918501670381,,
1997,44,9272,387.636,423.455,-0.182,391.16617,420.72165,1.5892756,44.0,35.0,41.0,1.0,4.836,16.0,15.0,9.875,3.203,-0.1448,4.803198903080654,,
1999,26,5127,365.182,51.273,9.455,366.94516,49.967506,6.5508137,26.0,25.0,18.0,1.0,4.477,11.0,19.0,8.35,-2.834,-0.6353,3.639690348744464,,
2003,47,7868,483.364,192.182,9.545,484.12778,189.37048,6.6433654,47.0,21.0,33.0,1.0,4.21,27.0,24.0,6.023,-2.0,-0.3262,4.111871587333092,,
2005,50,9194,280.273,477.364,8.636,279.22852,479.59735,6.0923758,50.0,38.0,40.0,1.0,5.2,14.0,37.0,9.49,-3.127,-0.5312,3.542430629345593,,
2008,21,4730,494.364,385.364,8.545,494.65723,399.96902,4.021867,21.0,21.0,16.0,1.0,3.271,22.0,5.0,1.062,-1.494,0.4187,15.292198179757865,,
2008,22,5682,494.273,385.727,8.455,481.2981,392.04813,7.9999957,22.0,21.0,21.0,1.0,0.9556,22.0,15.0,-7.98,2.926,-0.816,14.439935713150534,,
2009,22,5967,271.273,4.727,3.273,275.7782,0.8739595,0.0,22.0,21.0,22.0,1.0,3.916,11.0,11.0,1.233,3.168,0.4417,6.771652467060036,,
2010,34,1964,237.091,197.091,-0.091,233.29662,194.77483,1.9667646,34.0,21.0,2.0,1.0,3.28,42.0,53.0,7.94,2.072,-0.3245,4.898607782045149,,
2017,37,7155,183.818,217.909,6.909,185.08553,216.93015,3.3250537,37.0,21.0,29.0,1.0,6.867,38.0,32.0,20.1,-0.07385,-0.957,3.925487320662705,,
2017,53,9978,179.818,220.727,8.182,174.64267,226.96645,6.7127314,53.0,21.0,44.0,1.0,3.055,38.0,17.0,1.947,-1.388,-0.1065,8.238539138120668,,
2017,54,9978,179.727,220.727,8.182,173.919,228.39502,6.8706946,54.0,21.0,44.0,1.0,3.547,38.0,17.0,1.226,-0.805,0.483,9.708291125242836,,
2020,63,11518,290.455,275.545,8.182,279.71747,280.76996,6.5525336,63.0,21.0,53.0,1.0,3.898,45.0,20.0,5.266,-2.197,-0.1763,12.051967401682967,,
2023,42,3582,280.091,185.0,0.0,278.36047,177.66035,4.292996,42.0,21.0,10.0,1.0,3.121,23.0,22.0,3.684,-0.2172,0.7144,8.677269781412587,,
2027,33,7510,358.0,179.182,5.182,361.14273,181.43513,7.063462,33.0,21.0,31.0,1.0,1.915,47.0,6.0,-3.346,-1.327,0.124,4.300377414511872,,
2031,32,2854,481.364,426.818,1.909,471.13904,422.78217,4.0605407,32.0,23.0,6.0,1.0,2.9,21.0,31.0,1.211,-0.9067,-0.648,11.201198961461907,,
2031,33,2854,474.909,429.455,1.818,470.5275,422.22546,4.627625,33.0,23.0,6.0,1.0,3.96,21.0,31.0,2.422,0.5073,0.2314,8.908298575049274,,
2031,34,2854,467.909,433.273,1.455,470.61102,423.6566,4.71428,34.0,23.0,6.0,1.0,3.545,21.0,31.0,2.191,-1.467,0.1997,10.50709127964538,,
2032,26,6373,350.273,408.364,2.182,350.46826,401.131,2.101795,26.0,21.0,25.0,1.0,3.691,10.0,13.0,5.246,-0.4614,-0.596,7.236079622946741,,
2042,22,4542,337.909,274.818,4.636,330.98804,270.49393,4.6301575,22.0,21.0,15.0,1.0,3.57,5.0,7.0,8.17,-2.219,-0.1638,8.160717053133629,,
2042,23,4542,338.0,275.364,4.545,330.7299,269.59402,5.0177565,23.0,21.0,15.0,1.0,3.656,5.0,7.0,7.65,-0.776,0.2734,9.293574227319226,,
2044,47,8668,318.455,370.091,2.727,316.27237,365.2069,3.3661497,47.0,21.0,37.0,1.0,3.936,38.0,10.0,8.1,0.909,0.245,5.3876543008910485,,
2046,72,14614,386.364,16.364,2.364,390.92297,21.024082,3.50311,72.0,51.0,69.0,1.0,3.553,41.0,9.0,4.656,-1.16,-0.0729,6.618016568408121,,
2052,29,6464,64.364,12.182,7.182,64.07125,6.954981,3.4989107,29.0,27.0,25.0,1.0,3.701,14.0,5.0,4.83,-0.498,-0.6,6.400982501197413,,
2052,30,861,60.0,15.818,7.364,64.14855,21.341005,0.64019,30.0,27.0,0.0,1.0,2.578,14.0,32.0,4.723,2.74,0.01384,9.639692539112698,,
2054,38,6092,411.364,372.818,8.818,412.17847,374.09854,5.3991404,38.0,22.0,23.0,1.0,4.344,44.0,20.0,7.562,-1.221,-0.7524,3.7405541082856,,
2054,39,6092,411.727,373.0,9.0,412.7497,373.80188,5.364851,39.0,22.0,23.0,1.0,5.02,44.0,20.0,7.73,-0.51,-0.5454,3.860470836128808,,
2054,40,6092,412.818,372.364,9.0,413.3359,373.35886,5.637102,40.0,22.0,23.0,1.0,4.203,44.0,20.0,6.29,-1.04,-0.2458,3.5450034961906645,,
2054,43,9185,413.455,374.455,8.818,415.43008,375.13562,5.2356544,43.0,22.0,40.0,1.0,4.402,44.0,21.0,7.81,-1.574,0.1627,4.146972942839074,,
2054,44,9185,413.273,374.545,8.818,415.08524,374.45926,5.1955624,44.0,22.0,40.0,1.0,4.125,44.0,21.0,6.3,-1.625,0.2869,4.051372524354391,,
2054,46,9185,414.364,374.636,8.636,415.1364,374.44217,5.138767,46.0,22.0,40.0,1.0,4.445,44.0,21.0,6.418,-1.388,0.02768,3.586754868288189,,
2054,62,9888,412.0,377.727,8.818,410.93427,380.28537,6.534052,62.0,22.0,44.0,1.0,3.896,44.0,24.0,8.695,-3.316,0.5015,3.591302821610017,,
2062,36,2061,49.727,238.909,-0.545,52.80329,242.68433,0.6975904,36.0,22.0,2.0,1.0,3.79,40.0,46.0,7.22,1.328,0.3245,5.026003151130343,,
2073,27,2990,248.364,465.0,0.182,245.06107,466.72736,1.0742873,27.0,22.0,6.0,1.0,4.65,8.0,28.0,12.055,3.744,-0.6606,3.832661709600944,,
2075,28,2472,205.0,180.727,0.091,209.41145,176.18712,4.0759797,28.0,22.0,4.0,1.0,2.34,11.0,26.0,8.2,-0.682,0.5977,7.480071171206341,,
2079,25,5883,357.818,406.818,6.909,354.25464,404.87384,1.4664975,25.0,22.0,22.0,1.0,5.305,56.0,6.0,9.24,3.555,-0.2878,6.789560078363414,,
2079,29,5037,361.091,408.364,6.818,365.74216,417.9938,6.139808,29.0,22.0,18.0,1.0,3.916,56.0,25.0,4.316,-1.167,0.0656,10.71570257960088,,
2079,30,6374,362.091,409.0,6.818,361.32263,401.12912,1.6978117,30.0,22.0,25.0,1.0,2.92,56.0,4.0,5.367,0.8364,0.2798,9.421118439907062,,
2079,32,5037,362.545,410.273,6.909,356.12497,420.51404,5.457786,32.0,22.0,18.0,1.0,5.004,56.0,25.0,8.63,-0.5723,1.001,12.173812367385,,
2079,33,1999,362.455,411.182,6.909,361.08243,401.78873,1.5857639,33.0,22.0,2.0,1.0,3.688,56.0,27.0,5.477,1.394,0.01535,10.88367181948003,,
2079,45,8545,348.818,418.545,7.0,351.63315,422.07,0.57609653,45.0,22.0,37.0,1.0,3.42,56.0,6.0,2.688,3.482,-0.1376,7.849664344058157,,
2080,38,4721,77.909,209.909,4.909,75.80488,208.11734,2.5595286,38.0,22.0,16.0,1.0,3.953,25.0,24.0,7.3,0.1865,-0.3145,3.627310627643836,,
2082,27,6756,181.909,339.091,4.818,172.55695,336.45688,0.0,27.0,22.0,27.0,1.0,0.2827,7.0,5.0,-2.203,0.912,1.082,10.84493205957971,,
2087,35,7501,399.909,181.182,0.273,396.5024,182.86945,3.632776,35.0,22.0,31.0,1.0,3.658,22.0,28.0,5.375,-0.339,0.2686,5.073510208196671,,
2088,43,8448,463.727,36.182,4.273,459.60638,34.79638,3.3014693,43.0,22.0,36.0,1.0,4.293,38.0,13.0,11.27,0.0769,-0.06555,4.454584590042295,,
2090,25,5834,106.909,118.091,0.364,110.10427,119.20296,1.4802426,25.0,22.0,22.0,1.0,4.49,27.0,30.0,9.02,0.7183,-0.6655,3.5626118167090195,,
2090,43,5150,45.818,142.636,-0.182,43.61967,139.83047,1.2657354,43.0,22.0,18.0,1.0,2.93,27.0,20.0,9.24,3.033,0.1819,3.847023675286283,,
2090,44,5150,40.727,144.091,-0.364,42.155685,140.38852,1.2523603,44.0,22.0,18.0,1.0,4.184,27.0,20.0,9.13,3.18,-0.3298,4.285104386014553,,
2091,33,5149,207.909,440.364,-0.455,205.70581,442.88907,1.1860857,33.0,22.0,18.0,1.0,3.506,13.0,32.0,4.95,1.333,-0.4863,3.731378693692793,,
2094,29,3813,165.091,359.091,1.091,168.48322,359.26794,2.3994107,29.0,22.0,11.0,1.0,4.78,78.0,31.0,10.45,-0.8228,-0.296,3.640110280180308,,
2094,98,18481,21.545,408.636,5.091,26.14501,406.0775,5.9836297,98.0,22.0,90.0,1.0,3.934,78.0,6.0,5.746,-2.693,-0.425,5.338801553852911,,
2100,23,5196,502.091,266.636,-0.818,503.55765,263.18948,2.7481081,23.0,23.0,19.0,1.0,4.914,11.0,30.0,9.14,0.2059,0.5103,5.171720150374129,,
2100,32,5196,502.818,266.818,-0.818,501.58142,264.64923,2.3708737,32.0,23.0,19.0,1.0,3.555,11.0,30.0,8.945,0.915,-0.43,4.049889984166444,,
2100,33,5196,503.636,265.455,-0.818,502.1641,264.6982,2.5287695,33.0,23.0,19.0,1.0,3.7,11.0,30.0,8.74,-0.05887,0.234,3.7336445915660295,,
2102,23,4370,197.455,323.545,4.727,197.19598,328.1732,0.2102555,23.0,23.0,14.0,1.0,2.736,9.0,18.0,-2.938,1.819,-0.87,6.472117696602882,,
2104,23,4728,43.455,140.091,9.455,40.999485,148.56848,5.9564943,23.0,23.0,16.0,1.0,6.086,8.0,20.0,10.31,-1.928,-0.6934,9.494038297719111,,
2104,26,4728,38.0,144.545,9.364,40.174137,148.24622,6.286135,26.0,23.0,16.0,1.0,5.344,8.0,20.0,10.52,-2.947,0.1975,5.281964988656594,,
2105,24,5291,487.455,72.727,9.364,470.804,77.48988,6.2717147,24.0,23.0,19.0,1.0,4.266,31.0,39.0,1.883,-0.78,0.02115,17.59269891946646,,
2105,25,5806,488.091,72.818,9.364,491.95938,85.999886,7.9999895,25.0,23.0,22.0,1.0,-1.18,31.0,4.0,-9.07,-0.3713,-0.2554,13.805325312556253,,
2108,25,2681,14.455,257.364,6.636,16.549723,255.73166,3.5392663,25.0,23.0,5.0,1.0,3.965,21.0,36.0,9.11,-0.9424,0.1486,4.079480105484594,,
2109,23,5656,392.364,296.909,0.364,378.998,302.99838,0.0,23.0,23.0,21.0,1.0,-4.473,38.0,9.0,-5.645,-0.23,-0.5767,14.692276909465043,,
2109,24,291,393.727,298.0,0.273,400.52167,283.38464,2.7071638,24.0,23.0,0.0,1.0,4.74,38.0,39.0,9.34,0.074,-0.616,16.300350969955545,,
2119,32,4138,60.273,230.636,4.273,62.79563,225.20428,7.594042,32.0,23.0,13.0,1.0,2.848,36.0,20.0,-1.029,-3.973,0.3594,6.848106617238361,,
2121,47,9758,389.455,128.818,9.455,391.19693,129.34616,5.772096,47.0,23.0,43.0,1.0,5.387,25.0,12.0,13.4,-2.686,-0.03656,4.10816929832694,,
2127,34,4598,182.273,68.0,9.273,184.78632,68.2362,6.7639556,34.0,23.0,15.0,1.0,3.842,30.0,22.0,6.812,-1.954,0.1794,3.5591953674350782,,
2127,35,4598,182.545,68.091,9.455,184.50246,68.1903,6.4654813,35.0,23.0,15.0,1.0,4.527,30.0,22.0,7.98,-1.57,0.1826,3.574735262820142,,
2127,36,4598,182.0,68.182,9.455,184.4174,68.251884,6.5938644,36.0,23.0,15.0,1.0,4.18,30.0,22.0,6.777,-1.94,0.1747,3.746305307238493,,
2127,38,4598,182.545,67.545,9.182,184.52556,68.948494,6.636561,38.0,23.0,15.0,1.0,4.59,30.0,22.0,5.332,-1.273,-0.08655,3.51733891235364,,
2127,39,4598,182.273,67.091,9.273,184.09998,65.178116,5.8520484,39.0,23.0,15.0,1.0,4.08,30.0,22.0,8.055,-2.172,0.2339,4.324337055248873,,
2127,40,4598,182.909,68.182,9.182,184.37215,66.08186,5.9057903,40.0,23.0,15.0,1.0,5.21,30.0,22.0,9.805,-1.849,-0.4011,4.157516799782548,,
2127,43,9503,182.818,66.818,9.182,181.68639,67.19658,5.812965,43.0,23.0,42.0,1.0,5.258,30.0,40.0,10.11,-1.182,-0.3325,3.574109796820049,,
2130,42,6037,127.0,212.0,9.636,128.26508,211.82614,5.804606,42.0,23.0,23.0,1.0,4.035,22.0,24.0,6.74,-0.1444,-0.052,4.038593157181845,,
2131,31,3149,243.182,170.909,6.909,243.07114,171.55286,3.445458,31.0,23.0,7.0,1.0,3.955,18.0,42.0,12.39,1.069,0.142,3.524623217446656,,
2133,39,4991,291.455,262.727,0.727,294.58438,251.49144,0.49086118,39.0,23.0,17.0,1.0,3.094,35.0,20.0,3.688,2.453,-0.1443,11.665615682007973,,
2136,28,6672,132.909,268.636,3.455,139.4052,259.99945,0.0,28.0,23.0,27.0,1.0,1.608,42.0,7.0,-8.4,-5.23,-0.154,11.345820170551804,,
2136,29,3195,133.909,269.636,3.455,132.25502,283.97647,3.1504798,29.0,23.0,7.0,1.0,3.115,42.0,48.0,4.508,0.682,0.2546,14.43874863738224,,
2136,30,3485,133.818,270.818,3.455,140.99959,280.99918,7.9999766,30.0,23.0,9.0,1.0,8.3,42.0,21.0,-7.06,0.734,1.101,13.262295179004589,,
2140,80,16283,439.364,128.091,6.909,448.07358,137.67712,7.656103,80.0,39.0,79.0,1.0,5.297,44.0,4.0,-4.344,-1.252,0.01622,12.973382108124666,,
2140,81,16718,439.455,128.455,6.909,432.0905,123.381615,0.0,81.0,39.0,81.0,1.0,4.92,44.0,16.0,-2.678,-2.328,0.629,11.30085733952184,,
2145,33,6010,402.727,261.273,8.909,403.7409,260.83398,4.1993895,33.0,23.0,23.0,1.0,5.28,23.0,10.0,11.35,-0.255,0.6055,4.837474840462775,,
2146,28,6448,487.545,484.0,2.727,497.4763,479.51126,0.0,28.0,23.0,25.0,1.0,4.8,6.0,12.0,-6.906,-1.753,0.217,11.234591024047086,,
2152,26,6451,470.636,216.909,5.636,461.59964,213.59984,0.0,26.0,24.0,25.0,1.0,2.236,15.0,4.0,-6.21,2.44,0.4219,11.152167410651616,,
2152,27,6451,471.364,216.727,5.636,475.63037,205.87064,2.254122,27.0,24.0,25.0,1.0,3.352,15.0,4.0,4.402,-0.1063,0.4294,12.144939861250212,,
2153,24,3550,151.091,436.091,6.909,155.5195,435.47015,4.388765,24.0,24.0,9.0,1.0,7.395,16.0,53.0,18.84,-1.025,0.632,5.133093748191717,,
2153,25,3550,151.364,436.0,6.909,154.48372,436.3975,4.1643925,25.0,24.0,9.0,1.0,6.227,16.0,53.0,18.23,-0.9897,-0.1641,4.1741501479290655,,
2153,26,1384,150.909,436.727,7.0,150.31523,441.06015,5.144284,26.0,24.0,0.0,1.0,4.547,16.0,32.0,9.17,-1.155,-0.6255,4.751045527887138,,
2153,27,3550,150.545,437.545,7.0,154.20735,436.1252,4.0439796,27.0,24.0,9.0,1.0,5.53,16.0,53.0,15.07,-0.4473,0.3035,4.915963401787712,,
2153,28,1384,150.182,436.273,6.909,151.63695,437.7511,2.9737363,28.0,24.0,0.0,1.0,5.06,16.0,32.0,11.47,1.077,0.372,4.448365936053116,,
2155,43,7630,221.545,0.273,8.545,227.35463,10.178366,7.01627,43.0,43.0,32.0,1.0,3.371,11.0,37.0,6.88,-1.175,-0.318,11.584692129864996,,
2155,44,7630,218.636,5.091,8.909,226.94833,10.677837,6.815807,44.0,43.0,32.0,1.0,3.021,11.0,37.0,6.28,-1.731,-0.0874,10.23176595846084,,
2155,47,10488,213.727,6.818,9.636,212.53105,12.695923,0.8330326,47.0,43.0,47.0,1.0,2.49,11.0,7.0,3.168,2.8,-0.601,10.652347639928571,,
2156,46,2835,103.909,425.182,3.818,103.00856,421.8368,4.4857817,46.0,24.0,6.0,1.0,4.992,32.0,51.0,9.41,-0.814,0.802,3.528043031548102,,
2156,54,10481,100.545,424.0,3.727,93.65447,428.32675,7.99999,54.0,24.0,47.0,1.0,1.55,32.0,5.0,-6.58,2.047,0.8804,9.19013671190478,,
2156,55,8011,95.182,425.909,4.0,85.61203,434.67606,2.9423208,55.0,24.0,34.0,1.0,3.34,32.0,28.0,3.602,0.4714,-0.5415,13.021687760602036,,
2157,24,3020,457.182,220.364,6.545,466.134,219.48761,0.0,24.0,24.0,6.0,1.0,-0.2314,11.0,22.0,0.737,3.303,0.4985,11.124000558796284,,
2158,24,5490,320.091,289.818,6.364,312.56775,295.80234,6.8950534,24.0,24.0,20.0,1.0,-0.6353,6.0,8.0,-1.454,-2.115,-1.435,9.62775329512302,,
2158,25,2020,320.727,289.636,6.727,326.0676,291.6972,5.409359,25.0,24.0,2.0,1.0,4.2,6.0,45.0,8.79,-2.178,-0.104,5.87424306654751,,
2159,24,4918,106.455,267.909,3.455,100.352745,276.6683,2.8507862,24.0,24.0,17.0,1.0,2.963,34.0,25.0,4.67,1.265,0.2651,10.69242380805846,,
2160,38,8750,233.636,15.727,3.545,234.94978,4.9999957,7.9999933,38.0,24.0,38.0,1.0,9.26,40.0,10.0,-7.766,1.567,0.739,11.68937998542538,,
2161,32,3449,404.545,114.727,7.545,403.7149,116.37877,4.5085897,32.0,24.0,9.0,1.0,4.23,18.0,22.0,8.914,-0.5566,0.2734,3.554883634220129,,
2162,28,6163,177.909,253.545,4.818,182.99962,250.45897,0.0,28.0,24.0,24.0,1.0,0.2072,5.0,19.0,-1.686,5.13,0.1371,7.6584017356952465,,
2165,34,7157,123.455,158.273,8.818,121.43427,159.24277,5.9494376,34.0,33.0,29.0,1.0,4.336,18.0,5.0,9.234,-1.792,-0.5835,3.640391988302053,,
2167,32,6369,319.273,282.182,9.273,323.74963,272.00983,4.8194838,32.0,31.0,25.0,1.0,4.62,26.0,36.0,9.164,-2.01,-0.573,11.972763474213558,,
2168,25,2278,54.727,99.727,9.455,50.20004,107.74453,3.1580117,25.0,24.0,3.0,1.0,4.02,11.0,57.0,7.496,0.4385,0.2898,11.15464996281088,,
2168,26,2278,55.182,100.273,9.273,50.170017,107.56393,3.2023249,26.0,24.0,3.0,1.0,3.906,11.0,57.0,9.016,-0.1351,0.8647,10.729898882419583,,
2168,27,5644,54.818,100.455,9.182,61.57745,108.09189,2.3473072,27.0,24.0,21.0,1.0,4.043,11.0,24.0,6.188,1.547,0.4265,12.277022393274844,,
2178,24,3556,47.636,256.091,9.273,49.6385,244.73016,6.54876,24.0,24.0,9.0,1.0,4.383,20.0,40.0,5.29,0.7847,-0.7046,11.853276987112045,,
2178,25,6437,48.182,255.455,9.273,55.08406,253.5629,4.999997,25.0,24.0,25.0,1.0,1.158,20.0,11.0,2.373,-1.653,0.1719,8.335288194874186,,
2178,28,304,30.727,264.455,9.545,31.48966,265.84946,5.995047,28.0,24.0,0.0,1.0,4.117,20.0,42.0,9.18,-3.049,-0.0786,3.88951607136532,,
2181,29,6195,208.364,211.364,9.636,209.21913,211.94635,5.1863766,29.0,24.0,24.0,1.0,3.887,26.0,9.0,7.965,-1.412,-0.523,4.568317769291837,,
2181,30,6195,208.182,211.455,9.727,209.21278,212.13988,5.406569,30.0,24.0,24.0,1.0,3.504,26.0,9.0,6.65,-1.158,0.1964,4.494184247286824,,
2181,32,6195,208.818,211.091,9.545,211.30864,211.4634,4.7075844,32.0,24.0,24.0,1.0,4.37,26.0,9.0,10.95,-0.718,-0.4229,5.453673904509078,,
2181,33,6195,209.364,211.091,9.818,209.52849,212.16095,4.728391,33.0,24.0,24.0,1.0,4.895,26.0,9.0,13.77,-0.918,-0.2274,5.203457478973092,,
2182,30,5580,311.273,134.364,3.545,302.73056,131.85822,4.15039,30.0,24.0,20.0,1.0,3.283,10.0,29.0,2.637,-0.4888,0.3906,8.922931783561951,,
2183,36,4602,60.091,163.909,9.0,57.763016,163.22224,5.628496,36.0,24.0,15.0,1.0,3.756,20.0,18.0,6.934,-1.403,0.6562,4.154297536752994,,
2184,24,1093,491.0,161.182,6.818,495.67126,162.54115,6.359369,24.0,24.0,0.0,1.0,5.71,12.0,19.0,13.6,-2.967,-0.46,4.8865428581218,,
2187,38,5373,426.909,285.364,6.545,429.6119,285.36664,3.3818002,38.0,24.0,19.0,1.0,4.906,49.0,33.0,11.66,-0.398,-0.3901,4.16071007813811,,
2187,54,1914,405.818,296.818,7.273,406.29404,293.33374,4.877186,54.0,24.0,2.0,1.0,3.754,49.0,41.0,8.17,-0.6987,-0.4448,4.255185842216066,,
2187,56,9738,405.727,295.909,7.091,401.8913,296.9808,4.5873957,56.0,24.0,43.0,1.0,4.74,49.0,14.0,7.05,0.338,0.2374,4.704187944903805,,
2187,57,5658,405.273,295.091,7.091,406.51813,297.31958,3.7866428,57.0,24.0,21.0,1.0,5.406,49.0,44.0,11.66,-0.322,0.3298,4.175607026348575,,
2187,58,5658,405.0,295.909,7.182,406.2548,297.58197,4.0273323,58.0,24.0,21.0,1.0,5.57,49.0,44.0,11.766,-1.121,0.0737,3.7848751575611215,,
2187,60,5658,404.545,296.182,6.818,405.93704,298.01886,3.8771245,60.0,24.0,21.0,1.0,4.754,49.0,44.0,12.35,-0.1997,-0.08844,3.736385784110131,,
2187,63,5658,403.364,298.273,7.091,404.80862,298.9077,3.8561103,63.0,24.0,21.0,1.0,4.492,49.0,44.0,8.01,-0.335,0.01602,3.599205802057748,,
2189,66,10307,104.636,450.0,9.455,105.552155,449.19666,5.8939767,66.0,24.0,46.0,1.0,4.062,43.0,30.0,11.305,-3.617,0.01419,3.7637191822408704,,
2190,25,2586,226.636,139.909,8.182,224.53458,138.56482,5.674042,25.0,24.0,4.0,1.0,7.016,12.0,24.0,19.11,-3.617,-1.537,3.5373209097513256,,
2191,32,7161,193.273,195.545,2.909,190.21126,196.1969,1.2579484,32.0,24.0,29.0,1.0,4.43,28.0,5.0,5.574,3.012,-0.7515,3.5390954809756816,,
2194,24,3842,473.091,148.0,0.364,473.0855,154.03278,1.3329496,24.0,24.0,11.0,1.0,3.64,20.0,26.0,9.21,2.79,-0.373,6.110100498824892,,
2195,56,7436,242.364,119.636,8.727,245.24553,117.0865,0.7377978,56.0,54.0,31.0,1.0,2.465,11.0,14.0,4.746,2.729,-0.3848,8.867385025100962,,
2199,73,10374,268.273,467.364,2.727,271.1644,484.79138,4.0872445,73.0,35.0,46.0,1.0,3.518,65.0,44.0,3.303,-0.01881,0.73,17.717901476308672,,
2199,86,10374,247.727,488.273,4.455,251.24196,487.7732,3.858755,86.0,35.0,46.0,1.0,4.31,65.0,44.0,10.05,-1.056,-0.1672,3.600034991722312,,
2203,35,6516,99.545,442.909,8.727,98.62521,441.91495,5.415094,35.0,25.0,26.0,1.0,4.062,20.0,17.0,9.805,-1.542,-0.4558,3.578109892029037,,
2207,30,4862,349.727,15.273,-0.455,348.068,8.55071,3.020845,30.0,25.0,17.0,1.0,4.723,8.0,35.0,13.59,0.5645,-0.03104,7.7474487612455345,,
2211,42,7501,375.0,166.273,0.0,377.9864,163.88863,1.5961926,42.0,34.0,31.0,1.0,3.879,17.0,28.0,9.445,1.445,0.0728,4.141453376919114,,
2212,87,14036,375.818,86.0,9.636,376.73083,86.896996,5.158056,87.0,25.0,67.0,1.0,4.312,64.0,22.0,6.223,-1.434,-0.377,4.657235542685389,,
2225,35,5536,458.455,478.091,7.636,451.68723,471.8247,6.9333405,35.0,25.0,20.0,1.0,3.676,30.0,24.0,3.57,-1.892,0.00772,9.250024693796233,,
2232,30,7362,456.545,263.364,6.909,462.6598,261.1205,6.434167,30.0,25.0,30.0,1.0,3.816,25.0,5.0,8.81,-2.885,0.3662,6.530661349962112,,
2232,34,3274,435.545,263.273,5.727,430.1258,264.50952,5.571478,34.0,25.0,8.0,1.0,5.062,25.0,67.0,10.43,-1.525,-0.637,5.560656206140049,,
2238,25,542,99.455,502.455,6.727,99.39768,502.0466,3.0956447,25.0,25.0,0.0,1.0,5.312,16.0,40.0,14.55,-0.3428,0.005768,3.6546979980893184,,
2245,88,15271,136.091,375.818,9.727,135.24998,376.21185,6.200755,88.0,88.0,73.0,1.0,4.03,10.0,27.0,6.633,-1.99,-0.8486,3.6464827248905296,,
2245,89,15271,137.364,375.909,9.818,136.00891,376.20688,6.247518,89.0,88.0,73.0,1.0,4.77,10.0,27.0,7.168,-2.455,-0.729,3.830579997183724,,
2245,92,15271,133.545,381.091,9.818,135.21101,378.4292,6.412579,92.0,88.0,73.0,1.0,4.062,10.0,27.0,6.742,-1.464,0.3108,4.632241438800567,,
2245,93,15271,133.545,381.273,9.818,135.19774,378.3159,6.497175,93.0,88.0,73.0,1.0,4.875,10.0,27.0,7.504,-2.094,-0.1614,4.743824258783753,,
2245,94,15271,134.0,380.091,9.818,135.8565,378.23425,6.586022,94.0,88.0,73.0,1.0,4.28,10.0,27.0,8.01,-2.016,-0.1118,4.164107900257168,,
2245,95,15271,134.455,379.636,9.727,135.92259,377.95096,6.439022,95.0,88.0,73.0,1.0,5.04,10.0,27.0,9.35,-1.615,-0.546,3.975421932095266,,
2245,96,17727,127.818,382.727,9.455,128.93312,382.68777,5.842169,96.0,88.0,86.0,1.0,4.49,10.0,7.0,7.605,-1.614,0.1943,3.781214016934377,,
2253,52,10692,171.091,251.364,-0.818,170.33047,247.6732,0.7072771,52.0,52.0,49.0,1.0,3.324,5.0,17.0,7.516,3.377,-0.3408,4.065326647722714,,
2254,26,6607,270.182,387.0,7.909,271.99448,381.38916,0.0,26.0,26.0,26.0,1.0,2.78,19.0,31.0,-5.75,0.847,-0.5205,9.865033717935278,,
2260,38,8857,120.091,470.727,5.455,117.01909,460.71765,3.3007998,38.0,26.0,38.0,1.0,3.613,18.0,7.0,2.863,-0.16,0.1683,10.689447926449692,,
2261,27,4850,368.0,49.364,8.273,374.68793,51.29856,7.9999933,27.0,26.0,17.0,1.0,8.17,19.0,8.0,-1.973,-0.958,-0.9097,6.9674574083193965,,
2265,26,333,283.636,312.182,6.455,286.24652,309.01892,5.0514417,26.0,26.0,0.0,1.0,4.9,15.0,26.0,10.19,-1.834,-0.8965,4.334727864387667,,
2265,28,4067,283.364,312.0,6.364,286.94894,309.00848,5.0703464,28.0,26.0,12.0,1.0,4.258,15.0,42.0,12.22,-1.656,-0.1309,4.8450517387116685,,
2271,48,6616,459.182,40.636,1.727,461.48364,42.887695,3.5809531,48.0,33.0,26.0,1.0,4.375,23.0,30.0,13.516,-1.93,-0.812,3.715483704664096,,
2271,49,6616,459.727,40.091,1.727,461.49805,43.939194,3.6436524,49.0,33.0,26.0,1.0,4.062,23.0,30.0,12.6,-1.358,-0.8003,4.649599078045522,,
2274,31,7021,37.818,191.091,-0.818,31.851185,200.604,6.3989778,31.0,26.0,28.0,1.0,2.822,11.0,18.0,3.977,-1.328,-0.4277,13.34858864486871,,
2275,26,2586,216.273,142.545,3.909,223.55493,138.38481,4.4897404,26.0,26.0,4.0,1.0,7.598,8.0,24.0,21.2,-0.835,-0.9463,8.406601261698595,,
2277,74,14309,205.636,136.455,9.273,204.60155,136.63457,5.8406324,74.0,26.0,68.0,1.0,4.996,49.0,19.0,9.08,-1.808,-0.6245,3.589356422665453,,
2278,40,5430,5.636,52.818,9.818,6.417112,50.196903,6.5143065,40.0,26.0,20.0,1.0,5.605,15.0,22.0,9.93,-3.352,-0.2827,4.288901512263395,,
2279,61,10041,144.455,68.273,5.364,147.5414,62.35403,0.0,61.0,26.0,45.0,1.0,-3.477,64.0,12.0,2.113,-3.457,0.408,8.563443630975796,,
2279,86,7924,96.909,94.182,8.455,97.35418,88.907036,6.423634,86.0,26.0,33.0,1.0,5.1,64.0,56.0,10.78,-2.396,-0.328,5.670086265627003,,
2280,27,6544,208.455,175.364,4.818,209.2399,177.6705,0.4039972,27.0,26.0,26.0,1.0,4.703,6.0,5.0,9.96,4.773,-0.915,5.041768635945904,,
2285,26,6451,472.818,216.545,2.636,461.59964,213.59984,0.0,26.0,26.0,25.0,1.0,2.236,32.0,4.0,-6.21,2.44,0.4219,11.89428705367409,,
2285,27,6451,472.182,217.909,2.727,475.63037,205.87064,2.254122,27.0,26.0,25.0,1.0,3.352,32.0,4.0,4.402,-0.1063,0.4294,12.531439691806511,,
2287,39,5332,117.0,248.545,1.818,109.074615,246.17361,6.863526,39.0,26.0,19.0,1.0,3.805,17.0,22.0,-0.1481,-0.1824,0.1,9.689816847959566,,
2288,41,6272,396.545,8.455,3.091,389.67355,5.5171294,4.651883,41.0,26.0,24.0,1.0,3.354,32.0,38.0,8.67,-1.659,-0.466,7.634413173553936,,
2291,26,4509,476.455,206.091,3.091,480.10193,192.89394,3.7701318,26.0,26.0,15.0,1.0,3.602,4.0,17.0,3.408,-1.842,0.512,13.708526947497743,,
2292,40,8921,262.273,266.909,1.273,267.98477,257.7061,0.85227853,40.0,26.0,39.0,1.0,3.252,52.0,25.0,4.754,3.896,-0.605,10.839496828645643,,
2299,36,746,106.545,72.182,9.091,110.34889,64.83497,1.3488873,36.0,26.0,0.0,1.0,3.617,13.0,39.0,2.914,0.53,-0.1573,11.330875430102536,,
2305,37,6678,70.636,69.182,8.727,73.291336,68.93006,6.0926895,37.0,27.0,27.0,1.0,4.914,28.0,47.0,7.195,-0.596,-0.119,3.748849803193812,,
2305,53,7555,44.727,101.091,6.545,47.70573,99.91337,0.72993624,53.0,27.0,31.0,1.0,2.525,28.0,24.0,-1.393,0.7246,0.1287,6.638871241609176,,
2305,54,8343,45.364,101.636,6.364,47.736725,107.21458,5.76136,54.0,27.0,36.0,1.0,3.654,28.0,18.0,8.37,-3.252,0.02945,6.092089437264119,,
2306,71,9944,278.364,0.545,9.545,269.5791,0.13898088,7.7142935,71.0,70.0,44.0,1.0,2.328,5.0,34.0,-4.08,-5.023,0.2029,8.98280612197256,,
2306,72,14248,274.182,4.909,9.818,280.62387,15.601408,7.999995,72.0,70.0,68.0,1.0,1.283,5.0,5.0,-5.164,-1.227,0.564,12.614690646836683,,
2307,40,2142,493.727,29.909,4.455,488.78525,26.757366,1.6732916,40.0,32.0,3.0,1.0,4.035,9.0,38.0,9.016,3.637,-0.3477,6.487803291953765,,
2314,28,5019,484.182,417.909,6.636,483.88626,408.9469,3.8699439,28.0,27.0,18.0,1.0,3.176,9.0,21.0,4.703,0.943,0.1808,9.383909894385528,,
2316,27,5556,450.455,417.273,6.727,449.27515,426.46747,0.59137136,27.0,27.0,20.0,1.0,3.193,15.0,35.0,4.797,1.71,-0.2573,11.116486108990898,,
2318,35,5759,156.364,187.091,-0.182,155.83871,190.38594,0.9415735,35.0,27.0,21.0,1.0,3.416,47.0,47.0,4.7,2.883,-0.767,3.5206500248678854,,
2327,28,1853,15.909,424.909,-0.273,5.1009,428.29083,1.4645731,28.0,27.0,2.0,1.0,4.37,7.0,32.0,5.574,1.248,-0.5938,11.45735397187081,,
2327,29,7097,16.636,425.091,-0.273,14.999958,432.99878,7.9999776,29.0,27.0,29.0,1.0,4.242,7.0,17.0,-4.902,-1.822,-0.8267,11.560786146463649,,
2327,30,4601,16.545,424.545,-0.182,20.41385,417.9376,1.0181843,30.0,27.0,15.0,1.0,2.613,7.0,21.0,5.164,4.04,0.0949,7.750237250334148,,
2329,46,10059,367.909,44.182,-0.364,376.42328,51.552376,7.9999976,46.0,27.0,45.0,1.0,2.299,26.0,4.0,-3.432,-1.477,0.03018,14.027539419035028,,
2331,29,3801,272.182,184.545,3.364,264.32083,190.9213,3.7021894,29.0,27.0,11.0,1.0,3.143,4.0,62.0,2.105,-0.8994,-0.07477,10.127663478274384,,
2331,30,6541,272.455,184.364,3.636,280.57126,191.03894,7.999997,30.0,27.0,26.0,1.0,3.334,4.0,4.0,-6.027,-1.685,0.05902,11.378618993850225,,
2333,38,6429,90.091,227.636,9.455,89.725845,230.4044,6.277747,38.0,27.0,25.0,1.0,4.89,34.0,39.0,6.66,-1.385,-1.101,4.229930656646048,,
2335,31,6645,430.182,263.727,6.273,432.76822,261.84366,4.6201873,31.0,27.0,26.0,1.0,4.688,36.0,8.0,9.84,-0.5425,0.2695,3.6010128110409485,,
2335,33,7362,429.909,263.455,6.455,433.6379,262.46643,4.34907,33.0,27.0,30.0,1.0,6.28,36.0,5.0,16.05,-1.252,0.1816,4.395100342404032,,
2335,35,3274,430.364,262.818,6.636,433.67535,262.3362,4.339227,35.0,27.0,8.0,1.0,4.582,36.0,67.0,11.61,-1.314,0.11523,4.0586126048231055,,
2335,36,3274,430.727,263.364,6.636,434.04398,262.59915,4.2665596,36.0,27.0,8.0,1.0,4.883,36.0,67.0,11.49,-0.9087,0.1505,4.14748112136175,,
2335,37,3274,431.091,263.636,6.727,435.00134,262.3605,4.5280075,37.0,27.0,8.0,1.0,6.016,36.0,67.0,15.88,-0.985,-0.3853,4.66403550379459,,
2335,38,3274,430.909,263.727,6.818,434.22247,263.0065,3.9667401,38.0,27.0,8.0,1.0,7.566,36.0,67.0,19.25,-0.4885,-0.8066,4.430337087428891,,
2335,40,1914,432.091,263.273,6.818,434.36783,261.78326,4.3439236,40.0,27.0,2.0,1.0,5.62,36.0,41.0,15.49,-0.5176,-0.07166,3.677544581583908,,
2335,41,1914,431.909,264.091,6.727,434.2135,261.91513,4.466197,41.0,27.0,2.0,1.0,5.434,36.0,41.0,15.695,-1.869,-0.3042,3.893117094528397,,
2335,42,1914,431.182,263.455,6.636,432.8244,260.952,4.2453227,42.0,27.0,2.0,1.0,6.21,36.0,41.0,14.49,-0.1691,-0.1678,3.831164928939401,,
2338,31,6565,171.273,352.364,9.818,170.17307,351.2427,6.5391326,31.0,27.0,26.0,1.0,4.6,5.0,7.0,10.734,-5.715,-1.118,3.635674782166671,,
2341,34,7408,28.091,391.0,7.545,25.720776,395.70163,6.5947003,34.0,27.0,30.0,1.0,5.242,27.0,22.0,9.82,-2.217,-0.269,5.350360360470714,,
2341,35,7408,28.091,390.545,7.455,28.25227,395.0347,6.2202845,35.0,27.0,30.0,1.0,5.18,27.0,22.0,9.66,-1.922,-0.4282,4.6591776601499095,,
2343,53,4105,372.818,77.727,6.455,375.9202,75.97536,6.869922,53.0,27.0,13.0,1.0,3.947,30.0,56.0,5.996,-2.459,-0.4336,3.5866485464405726,,
2350,29,2437,356.818,4.909,9.909,361.44678,4.0331135,4.6048346,29.0,29.0,4.0,1.0,3.527,54.0,89.0,7.207,0.1022,-0.1782,7.094149141358636,,
2350,30,2437,356.182,5.182,9.545,360.698,4.326655,4.574876,30.0,29.0,4.0,1.0,3.033,54.0,89.0,7.5,-1.018,0.5884,6.769638368805284,,
2350,31,6335,355.455,5.182,9.455,351.0274,0.0,7.9999924,31.0,29.0,25.0,1.0,5.074,54.0,6.0,1.676,-5.723,1.179,6.96949157945238,,
2350,32,4862,349.182,8.455,8.909,348.50006,6.6320777,4.432213,32.0,29.0,17.0,1.0,5.918,54.0,35.0,14.68,-0.7314,-0.01047,4.8815683667041165,,
2350,70,7889,305.909,30.0,9.545,304.887,28.71322,6.3317575,70.0,29.0,33.0,1.0,4.105,54.0,46.0,5.72,-2.305,-0.09924,3.609046152684422,,
2350,74,15056,296.909,33.364,9.545,296.26706,32.778828,5.564652,74.0,29.0,72.0,1.0,4.77,54.0,11.0,9.81,-4.59,-0.2301,4.074025458227768,,
2354,49,9935,216.455,98.091,9.727,216.67194,99.94431,6.411064,49.0,49.0,44.0,1.0,4.605,22.0,26.0,7.89,-2.295,-0.458,3.804898484295741,,
2354,51,9935,206.818,104.182,8.727,204.97841,102.44584,5.760889,51.0,49.0,44.0,1.0,7.85,22.0,26.0,12.625,-2.523,-0.386,3.898224900903109,,
2358,32,798,431.636,8.273,7.091,433.00327,4.8392067,5.596259,32.0,28.0,0.0,1.0,4.426,16.0,41.0,8.77,-0.7383,-0.9624,3.9868050287298704,,
2359,37,7231,278.909,166.545,8.818,278.84735,167.9173,5.3961954,37.0,28.0,29.0,1.0,4.375,41.0,28.0,8.61,-1.4,-0.481,3.687242158182891,,
2362,39,7666,63.818,5.818,5.273,68.14837,8.195953,3.6100252,39.0,37.0,32.0,1.0,3.22,25.0,11.0,6.39,-0.9175,0.247,5.212700834744313,,
2362,60,12246,28.636,26.182,9.455,30.65275,25.792034,3.744353,60.0,37.0,57.0,1.0,4.01,25.0,5.0,14.305,-2.365,-0.2222,6.068841998459426,,
2363,29,3320,313.091,183.091,9.273,314.02374,185.03392,6.098156,29.0,28.0,8.0,1.0,3.992,65.0,31.0,8.94,-2.486,-0.4658,3.837261583256461,,
2363,30,4816,313.091,182.364,9.182,312.86847,185.11333,6.11469,30.0,28.0,16.0,1.0,4.113,65.0,9.0,6.89,-1.668,-0.1754,4.125133414315218,,
2363,31,7499,313.636,182.636,9.091,301.96634,182.96649,7.999997,31.0,28.0,31.0,1.0,2.268,65.0,5.0,-5.52,-0.6313,0.05923,11.725206851126742,,
2363,32,3320,313.182,182.636,9.273,312.46893,184.21342,6.043695,32.0,28.0,8.0,1.0,4.383,65.0,31.0,6.78,-1.953,0.092,3.6640324049228985,,
2363,33,6248,312.091,182.273,9.273,311.73517,184.26634,6.2098413,33.0,28.0,24.0,1.0,4.34,65.0,36.0,6.637,-1.6,-0.0003662,3.671915108752622,,
2363,34,8123,311.727,182.545,9.364,311.46216,184.69214,6.0948906,34.0,28.0,34.0,1.0,3.922,65.0,16.0,6.22,-2.205,-0.2013,3.920130951176044,,
2363,35,8123,312.273,182.727,9.545,310.78436,185.11143,6.2625246,35.0,28.0,34.0,1.0,4.45,65.0,16.0,6.316,-1.915,0.1924,4.321596953222882,,
2363,36,8123,312.273,182.455,9.636,311.07495,184.86827,6.228579,36.0,28.0,34.0,1.0,3.744,65.0,16.0,4.496,-2.334,0.07874,4.343928379547823,,
2363,37,8123,312.182,181.909,9.545,311.01178,184.75293,6.336407,37.0,28.0,34.0,1.0,4.137,65.0,16.0,4.797,-1.647,-0.3428,4.444369666549922,,
2363,39,8817,313.182,181.636,9.636,311.32788,184.52303,6.2219114,39.0,28.0,38.0,1.0,4.215,65.0,20.0,3.715,-0.9043,0.0809,4.84032066747133,,
2363,40,8817,313.727,181.727,9.455,311.58505,184.10515,6.4453106,40.0,28.0,38.0,1.0,4.047,65.0,20.0,5.48,-2.035,0.3872,4.393378826082743,,
2363,41,8123,308.0,186.091,9.455,309.18192,185.50029,5.913759,41.0,28.0,34.0,1.0,4.42,65.0,16.0,7.523,-0.4426,-0.869,3.7797170543019454,,
2363,52,8817,300.091,192.818,9.364,301.74408,193.10527,6.027594,52.0,28.0,38.0,1.0,5.254,65.0,20.0,7.543,-2.389,-0.4143,3.734541810736085,,
2363,72,12004,261.909,251.818,8.818,255.46991,255.03079,4.0066967,72.0,28.0,55.0,1.0,0.02884,65.0,40.0,-8.94,-0.4995,2.445,8.65635830224181,,
2363,73,12004,261.455,251.818,8.909,254.74802,254.45145,4.00257,73.0,28.0,55.0,1.0,0.02988,65.0,40.0,-9.54,-0.10114,3.717,8.71732154780353,,
2363,92,12004,258.182,254.091,9.636,255.37868,255.05951,4.0079184,92.0,28.0,55.0,1.0,0.02896,65.0,40.0,-9.28,2.178,-2.135,6.361754250107323,,
2364,46,7943,338.636,340.727,-0.545,343.20377,345.47476,2.1520784,46.0,44.0,33.0,1.0,3.375,9.0,22.0,7.72,0.517,-0.2834,7.118987265492669,,
2372,40,9149,498.636,31.182,5.455,503.69464,36.011303,4.909149,40.0,28.0,40.0,1.0,3.736,26.0,28.0,5.67,-1.273,0.2686,7.014981071222479,,
2374,30,252,11.0,237.909,9.273,13.169927,237.74857,2.054225,30.0,28.0,0.0,1.0,3.387,10.0,27.0,9.984,1.04,0.416,7.539564541195597,,
2374,32,287,11.818,239.0,9.0,6.688465,235.37546,6.9702697,32.0,28.0,0.0,1.0,3.4,10.0,18.0,3.738,-2.344,1.403,6.6006987977458165,,
2379,29,4535,240.182,343.636,8.455,241.64577,342.42914,5.249874,29.0,28.0,15.0,1.0,3.45,37.0,17.0,7.47,-2.176,-0.4124,3.724508873445739,,
2380,29,6247,462.545,261.182,7.818,455.4081,264.36923,5.2118096,29.0,28.0,24.0,1.0,4.215,7.0,8.0,9.266,-1.504,-0.373,8.239296394957067,,
2382,28,3762,25.455,414.091,0.818,15.999923,405.99805,0.0,28.0,28.0,11.0,1.0,-0.4429,4.0,11.0,-11.22,1.68,0.218,12.47250755776197,,
2386,37,7533,117.091,460.091,4.091,124.61122,468.51804,4.1638904,37.0,28.0,31.0,1.0,2.94,72.0,7.0,5.07,0.4065,-0.2042,11.294867197998032,,
2386,40,6881,116.545,461.909,4.364,112.00671,457.9998,7.9999967,40.0,28.0,28.0,1.0,1.28,72.0,11.0,-3.018,-2.043,-0.7505,7.007024530177621,,
2386,60,10433,97.818,473.273,4.364,101.69223,480.73007,0.0,60.0,28.0,47.0,1.0,-0.8784,72.0,16.0,-0.3076,0.9263,0.3267,9.469004545241267,,
2386,92,13608,28.364,509.727,2.909,19.99998,510.9995,7.9999924,92.0,28.0,64.0,1.0,6.047,72.0,24.0,-1.804,1.04,-0.5356,9.873919709378736,,
2386,97,18671,27.273,510.091,2.818,21.65901,503.97025,2.4177442,97.0,28.0,91.0,1.0,3.256,72.0,7.0,6.367,-0.2988,0.2177,8.315086829855327,,
2386,98,18671,28.091,510.364,2.818,19.446175,508.20398,2.358254,98.0,28.0,91.0,1.0,3.96,72.0,7.0,6.39,3.719,-0.457,8.922446529150001,,
2386,99,19301,27.909,510.818,2.727,38.999836,506.99786,7.9999666,99.0,28.0,94.0,1.0,-3.242,72.0,6.0,-1.997,-1.89,0.1353,12.860959900536642,,
2388,46,9410,509.818,407.364,7.091,507.56808,407.79947,4.4134007,46.0,43.0,41.0,1.0,5.13,5.0,54.0,9.516,-1.476,0.756,3.5243881935252794,,
2389,29,5665,398.0,169.545,6.909,387.12988,170.70615,0.0,29.0,28.0,21.0,1.0,3.062,8.0,5.0,-9.25,-1.173,-0.269,12.932210141228753,,
2390,44,7320,64.091,329.455,-0.909,60.132713,331.48502,4.0964913,44.0,44.0,30.0,1.0,3.148,4.0,32.0,5.043,0.2256,-0.3318,6.696563322267981,,
2391,77,15533,292.545,6.091,3.818,305.39484,0.0,0.0,77.0,76.0,74.0,1.0,2.293,6.0,14.0,-3.098,-1.195,1.08,14.723986994886925,,
2393,57,10125,166.182,381.091,-0.364,164.09244,378.94974,1.9271072,57.0,29.0,45.0,1.0,3.79,47.0,17.0,9.305,2.602,0.708,3.768345470241774,,
2393,59,10125,162.545,384.455,-0.364,159.86797,386.02435,1.4051884,59.0,29.0,45.0,1.0,3.05,47.0,17.0,5.906,0.5376,-0.1786,3.572026964917056,,
2394,32,7217,278.0,208.0,-0.545,280.08157,210.4759,1.3527417,32.0,29.0,29.0,1.0,3.729,14.0,29.0,8.0,2.14,-0.111,3.750258395740068,,
2394,33,3666,272.636,210.182,-0.545,274.82074,213.28227,1.716722,33.0,29.0,10.0,1.0,4.086,14.0,29.0,6.938,1.397,-0.2389,4.415897343211688,,
2394,34,3666,268.091,212.818,-0.182,269.14508,216.37682,1.3718413,34.0,29.0,10.0,1.0,4.258,14.0,29.0,5.69,1.447,-0.3608,4.023767789570575,,
2399,29,4945,134.818,132.273,4.182,126.52898,125.612724,7.9999967,29.0,29.0,17.0,1.0,2.803,23.0,19.0,-5.84,-1.171,-0.4692,11.297974498014543,,
2399,51,8244,67.727,156.545,-0.455,72.01303,154.13394,2.7160618,51.0,29.0,35.0,1.0,3.48,23.0,23.0,8.57,0.561,0.228,5.851401235936498,,
2400,34,7408,24.0,399.182,8.636,25.720776,395.70163,6.5947003,34.0,29.0,30.0,1.0,5.242,16.0,22.0,9.82,-2.217,-0.269,4.386450711486001,,
2405,30,2569,450.0,176.455,4.0,454.12695,170.25662,7.9999986,30.0,29.0,4.0,1.0,2.12,13.0,43.0,-5.184,-0.968,-0.2983,8.452905993024075,,
2406,37,5683,482.273,246.182,-0.545,482.5033,242.26965,0.8606454,37.0,29.0,21.0,1.0,3.795,11.0,20.0,8.12,3.451,-0.3074,4.1635753389413965,,
2414,88,6340,467.091,207.727,9.909,470.85138,201.26408,6.9307036,88.0,88.0,25.0,1.0,2.426,7.0,60.0,3.201,-2.979,0.0387,8.04860497956341,,
2414,89,6340,466.364,208.273,9.818,470.6156,200.66383,6.9665217,89.0,88.0,25.0,1.0,1.998,7.0,60.0,1.49,-1.65,0.04526,9.170959554172669,,
2414,90,6340,466.727,208.545,9.909,470.55392,200.73991,6.492412,90.0,88.0,25.0,1.0,2.65,7.0,60.0,1.171,-2.049,-0.2832,9.340118851291129,,
2415,31,4360,246.182,362.091,-0.727,247.7421,365.3729,1.5387691,31.0,29.0,14.0,1.0,3.555,9.0,36.0,5.258,-0.3962,0.3657,4.282346230107378,,
2416,32,4294,136.636,393.455,5.727,133.8802,396.80948,4.169585,32.0,29.0,14.0,1.0,4.867,69.0,19.0,8.87,-0.302,1.233,4.612213264000823,,
2416,73,15288,57.364,455.364,1.273,60.438908,447.85098,0.6235523,73.0,29.0,73.0,1.0,2.863,69.0,9.0,3.404,2.436,-0.3223,8.143851118721352,,
2416,74,15288,51.273,457.909,1.455,56.142582,450.7111,0.8482773,74.0,29.0,73.0,1.0,2.469,69.0,9.0,3.734,2.775,-0.04822,8.711527173774947,,
2416,95,18478,45.455,466.273,2.091,49.63557,457.44934,7.9999957,95.0,29.0,90.0,1.0,0.851,69.0,7.0,-5.03,-0.8105,0.1859,11.412728486348865,,
2417,54,11132,498.364,134.182,9.0,500.01352,133.61272,5.302151,54.0,52.0,51.0,1.0,4.26,11.0,12.0,6.01,-0.1503,0.2346,4.08889755014737,,
2418,35,7054,376.455,72.182,8.545,376.18616,71.95735,4.8297954,35.0,29.0,28.0,1.0,5.332,11.0,33.0,10.414,-2.307,-0.428,3.731686989547913,,
2418,36,7054,371.909,77.0,8.818,376.00885,72.78057,3.5678813,36.0,29.0,28.0,1.0,3.75,11.0,33.0,6.527,-0.4092,-0.1592,7.885182680920572,,
2420,36,5957,170.909,501.0,-0.818,169.1857,503.36072,2.1369097,36.0,29.0,22.0,1.0,4.69,9.0,51.0,11.71,1.387,0.12463,4.156230641284737,,
2420,37,5957,166.091,504.818,-0.818,169.00641,503.8139,2.147515,37.0,29.0,22.0,1.0,5.21,9.0,51.0,12.766,-0.2017,-1.077,4.278096713881638,,
2426,53,11413,138.0,2.727,2.818,150.18509,9.553004,0.6090804,53.0,53.0,53.0,1.0,2.107,47.0,5.0,1.731,2.848,-0.18,14.14037038819635,,
2429,57,6324,401.273,453.182,9.182,409.1378,452.50745,3.3835924,57.0,29.0,25.0,1.0,3.783,29.0,31.0,6.008,0.0946,-0.0366,9.79446922697896,,
2430,35,6015,77.455,157.273,9.909,78.98029,155.13112,6.822865,35.0,29.0,23.0,1.0,3.725,7.0,14.0,8.71,-3.818,-0.6714,4.054428289749979,,
2431,33,7734,300.0,489.364,4.091,295.4016,490.4924,5.7166834,33.0,29.0,32.0,1.0,3.63,27.0,4.0,8.35,-2.244,0.1279,5.006137796449055,,
2433,47,8500,279.909,375.273,-0.545,280.81174,379.8124,0.5404867,47.0,35.0,37.0,1.0,2.957,15.0,36.0,4.316,2.7,-0.956,4.753879809532092,,
2435,29,6967,215.545,302.727,9.818,228.42003,308.1323,7.9999976,29.0,29.0,28.0,1.0,3.05,21.0,4.0,-5.656,2.05,-0.2388,14.081505541571405,,
2435,30,2848,215.545,303.273,9.818,225.66206,294.13333,0.0,30.0,29.0,6.0,1.0,1.757,21.0,27.0,-9.48,-0.06665,0.1733,16.801237893455966,,
2435,42,7608,201.909,307.182,8.182,203.01978,305.64514,5.117228,42.0,29.0,32.0,1.0,4.797,21.0,20.0,10.195,-0.9927,0.2815,3.6039697945437865,,
2439,44,6705,435.727,33.636,9.636,438.45532,35.46125,6.30383,44.0,29.0,27.0,1.0,3.568,19.0,20.0,5.562,-1.698,1.546,4.677459192104188,,
2439,45,6705,435.909,34.0,9.545,438.58704,35.340942,6.6200533,45.0,29.0,27.0,1.0,3.736,19.0,20.0,6.285,-3.088,-0.1327,4.186327374537846,,
2443,37,4602,48.091,163.909,5.182,56.30212,159.42511,6.9141593,37.0,29.0,15.0,1.0,3.201,15.0,18.0,3.78,-4.812,-0.5967,9.514627529602857,,
2444,55,10387,510.727,470.727,8.727,510.99954,479.66153,4.3802776,55.0,55.0,47.0,1.0,6.133,17.0,7.0,-5.574,-1.193,0.334,9.93952212106612,,
2448,30,5403,264.091,190.273,4.545,260.06906,182.52298,7.999995,30.0,29.0,20.0,1.0,4.707,71.0,9.0,-5.51,2.143,0.1066,9.390197112628965,,
2448,31,6391,264.273,190.182,4.273,284.32404,193.05388,7.999993,31.0,29.0,25.0,1.0,1.351,71.0,8.0,-7.582,0.657,0.4668,20.595688302119186,,
2448,32,5810,263.909,189.909,4.455,260.85764,197.86322,7.9999986,32.0,29.0,22.0,1.0,3.957,71.0,32.0,-4.266,-1.301,0.553,9.22753643894199,,
2448,54,7231,233.455,220.818,4.0,240.4978,211.82353,2.9952443,54.0,29.0,29.0,1.0,2.807,71.0,28.0,5.363,0.3516,-0.08453,11.467827014634578,,
2451,37,8417,510.364,353.545,7.909,509.28802,344.86615,4.8337197,37.0,37.0,36.0,1.0,5.434,30.0,15.0,10.98,0.9585,0.1147,9.270249144789378,,
2451,50,9420,470.091,384.455,7.273,472.68042,382.45627,5.894564,50.0,37.0,42.0,1.0,4.88,30.0,33.0,5.703,-1.037,-0.3828,3.549662428372022,,
2452,37,7129,302.818,93.818,0.091,299.83444,90.66446,3.0300372,37.0,29.0,29.0,1.0,4.176,22.0,11.0,9.81,1.699,0.739,5.242555146890099,,
2453,33,4928,160.364,249.182,9.091,163.29562,250.16524,6.596162,33.0,29.0,17.0,1.0,4.082,14.0,16.0,8.84,-2.371,-0.4998,3.9730810925834494,,
2454,45,6837,366.545,492.091,-0.091,365.54282,488.786,0.9529122,45.0,29.0,27.0,1.0,3.244,17.0,30.0,5.066,2.922,-0.414,3.607927720133665,,
2460,35,165,289.0,157.273,6.0,290.3346,154.81638,3.3645139,35.0,30.0,0.0,1.0,4.223,19.0,63.0,11.21,1.254,0.4849,3.8421251889668047,,
2462,36,3950,173.545,45.818,9.455,171.80559,48.05096,6.3831935,36.0,30.0,12.0,1.0,3.357,8.0,43.0,7.305,-1.826,0.0922,4.177038745707567,,
2462,37,3950,171.364,47.727,9.818,170.66156,49.079697,6.1866364,37.0,30.0,12.0,1.0,4.914,8.0,43.0,11.23,-1.771,-0.2133,3.938275348780728,,
2465,30,3426,289.727,100.455,8.909,292.03403,98.05362,6.3226795,30.0,30.0,9.0,1.0,4.863,17.0,47.0,10.12,-0.2417,0.1049,4.216404517360765,,
2468,34,655,427.818,55.273,8.909,416.40912,52.8425,3.4233887,34.0,30.0,0.0,1.0,3.479,9.0,37.0,4.42,-0.4583,0.7993,12.890376427361923,,
2470,33,2061,49.636,246.182,-0.364,53.203815,244.92462,1.1089506,33.0,30.0,2.0,1.0,3.402,10.0,46.0,5.75,2.182,0.3254,4.0595433005038,,
2470,34,2061,49.455,246.727,-0.364,53.989567,244.487,0.9501964,34.0,30.0,2.0,1.0,2.488,10.0,46.0,4.465,1.718,0.547,5.225610974351422,,
2470,35,2061,49.818,246.364,-0.364,53.3634,244.14334,0.84542423,35.0,30.0,2.0,1.0,3.346,10.0,46.0,6.38,2.473,-0.2725,4.35475590173676,,
2470,36,2061,51.0,245.909,-0.273,52.80329,242.68433,0.6975904,36.0,30.0,2.0,1.0,3.79,10.0,46.0,7.22,1.328,0.3245,3.819999627954455,,
2470,39,2061,52.273,246.182,-0.455,54.72106,244.2604,1.3829751,39.0,30.0,2.0,1.0,2.82,10.0,46.0,6.67,1.132,-0.008255,3.614373637550487,,
2474,60,10751,337.455,166.818,5.273,334.37955,164.64833,4.0553308,60.0,30.0,49.0,1.0,5.562,44.0,24.0,14.42,-0.9116,0.1323,3.9558284710068863,,
2474,61,10751,337.273,166.818,5.091,335.5573,163.96568,3.946253,61.0,30.0,49.0,1.0,4.86,44.0,24.0,12.54,-1.157,0.2522,3.5199149942021624,,
2475,40,8782,121.636,255.545,3.0,126.540016,250.44095,0.08683853,40.0,30.0,38.0,1.0,3.123,27.0,8.0,-2.863,0.5073,-0.2395,7.65422818323628,,
2484,40,7276,479.455,422.091,5.273,483.6691,411.37076,7.9999957,40.0,30.0,30.0,1.0,4.77,34.0,10.0,-8.15,3.365,-0.1459,11.837174072193855,,
2486,54,2569,437.545,168.273,-0.545,434.30557,170.07901,0.6639372,54.0,30.0,4.0,1.0,3.24,52.0,43.0,5.367,2.83,0.4683,3.900911175423515,,
2486,57,2569,429.636,175.0,-0.455,432.4317,173.08653,0.82897145,57.0,30.0,4.0,1.0,2.8,52.0,43.0,4.402,2.988,-0.752,3.622966825036465,,
2487,33,2166,377.818,186.545,5.545,383.98242,185.3791,5.293739,33.0,30.0,3.0,1.0,3.691,4.0,85.0,9.8,-1.859,-0.04715,6.278736245178728,,
2491,31,4854,287.818,105.182,7.545,289.8327,108.55056,4.938542,31.0,30.0,17.0,1.0,3.979,28.0,18.0,11.51,-2.242,0.329,4.711670178329976,,
2491,32,3426,287.273,104.818,7.545,290.2604,100.61921,6.367819,32.0,30.0,9.0,1.0,4.766,28.0,47.0,9.59,-1.627,-0.4094,5.285844429309369,,
2491,33,3426,286.636,104.364,7.545,289.66968,100.903336,6.4622383,33.0,30.0,9.0,1.0,4.977,28.0,47.0,8.9,-1.806,-0.3823,4.727767185710711,,
2492,43,9006,321.364,438.273,9.0,319.4456,437.70438,6.0905566,43.0,30.0,39.0,1.0,5.33,19.0,6.0,7.43,-1.301,-0.8936,3.531068982929026,,
2492,46,9819,321.909,438.364,9.182,310.8728,445.53952,7.9999986,46.0,30.0,43.0,1.0,2.584,19.0,4.0,-6.1,0.3035,0.01424,13.216766814164584,,
2492,47,10442,322.364,439.364,9.091,317.97296,449.31522,7.999996,47.0,30.0,47.0,1.0,2.621,19.0,5.0,-1.789,-4.348,0.9673,10.931527866589212,,
2492,48,10442,322.0,438.636,8.909,311.66623,446.59592,7.99999,48.0,30.0,47.0,1.0,0.9565,19.0,5.0,-5.66,-2.98,0.7793,13.075680785312846,,
2498,40,7349,55.091,184.636,4.091,55.665676,181.18826,2.8880165,40.0,30.0,30.0,1.0,5.06,38.0,14.0,12.984,0.612,0.01326,3.696529847552718,,
2500,40,4393,501.455,185.727,8.545,501.8665,186.3578,4.614839,40.0,39.0,14.0,1.0,3.8,8.0,40.0,9.13,-1.54,-0.05585,4.001675446100169,,
2503,36,7601,46.818,474.909,-0.364,43.78264,474.25726,1.6515094,36.0,30.0,32.0,1.0,4.184,22.0,20.0,9.11,2.54,-0.358,3.701412365393562,,
2503,41,7601,34.273,480.909,-0.364,31.343643,481.94025,1.8626695,41.0,30.0,32.0,1.0,3.691,22.0,20.0,6.29,1.284,0.2727,3.821343488641039,,
2503,48,7601,35.636,482.818,-0.455,33.11193,480.97876,1.235882,48.0,30.0,32.0,1.0,3.574,22.0,20.0,7.97,2.688,-0.6836,3.5514525310672345,,
2507,32,4294,132.364,400.636,5.909,133.8802,396.80948,4.169585,32.0,30.0,14.0,1.0,4.867,13.0,19.0,8.87,-0.302,1.233,4.468409369409334,,
2510,37,6511,415.636,473.818,4.545,422.78168,473.14423,4.6989026,37.0,31.0,26.0,1.0,2.645,9.0,26.0,4.883,-2.174,0.1975,7.179024633304048,,
2511,41,7455,425.636,5.273,-0.364,420.1051,8.727668,3.3748128,41.0,31.0,31.0,1.0,3.232,12.0,37.0,5.895,-1.058,0.1836,7.516934678023229,,
2511,42,7455,419.364,6.182,-0.455,417.52606,10.23807,2.8672106,42.0,31.0,31.0,1.0,3.365,12.0,37.0,8.02,-0.389,0.05737,5.55579072313315,,
2518,61,10681,98.091,9.727,-0.455,101.88056,10.271393,0.9916623,61.0,56.0,49.0,1.0,3.646,6.0,47.0,9.03,1.108,-0.2983,4.092671565406923,,
2524,45,3426,294.909,93.455,9.455,295.12598,93.35839,5.227676,45.0,39.0,9.0,1.0,4.082,38.0,47.0,8.086,-1.513,-0.08624,4.233991262801096,,
2524,46,3426,293.727,93.182,9.273,293.82513,93.135414,5.483491,46.0,39.0,9.0,1.0,4.426,38.0,47.0,8.53,-0.9023,-0.01976,3.791065577562198,,
2524,47,7986,294.545,93.182,9.545,294.3701,91.232445,5.2015514,47.0,39.0,34.0,1.0,5.82,38.0,43.0,11.51,-0.8184,0.383,4.7641264098328655,,
2532,43,8016,7.0,507.727,-0.364,9.674874,506.16074,1.6837616,43.0,31.0,34.0,1.0,3.338,13.0,18.0,8.54,1.45,-0.179,3.715030130955947,,
2534,59,8590,182.545,286.182,6.273,181.23926,283.2874,3.4347613,59.0,48.0,37.0,1.0,5.266,52.0,31.0,11.555,-0.451,0.1931,4.259021604286342,,
2534,72,13485,167.0,298.455,5.545,168.62804,300.59927,1.9237498,72.0,48.0,64.0,1.0,4.355,52.0,10.0,8.17,0.8223,-0.4832,4.512411892270038,,
2534,80,15349,166.182,296.636,6.182,167.34131,296.89328,2.4797556,80.0,48.0,74.0,1.0,5.58,52.0,10.0,12.61,0.961,-0.6196,3.88803372822708,,
2534,81,16813,166.545,296.727,6.091,168.44186,296.16284,2.771732,81.0,48.0,81.0,1.0,4.52,52.0,18.0,11.09,-0.07477,-0.209,3.864439729252349,,
2541,31,7583,127.0,275.636,7.0,134.21117,271.61722,2.4939556,31.0,31.0,31.0,1.0,3.633,37.0,28.0,3.875,-0.752,0.73,9.40510508139446,,
2541,59,12102,96.273,294.0,6.364,100.39909,298.99597,5.808461,59.0,31.0,56.0,1.0,3.36,37.0,34.0,7.906,-1.339,-0.5503,6.503303661180296,,
2544,48,7093,249.727,474.727,6.545,255.05301,473.99976,6.249694,48.0,31.0,29.0,1.0,3.95,19.0,41.0,8.86,-2.549,-0.02461,5.383536585863976,,
2544,49,4545,244.727,477.818,6.909,243.37973,469.8452,3.1457248,49.0,31.0,15.0,1.0,3.426,19.0,46.0,3.781,1.127,0.5073,8.918683564508564,,
2550,34,6469,508.182,387.273,6.364,506.38943,391.4918,1.3411167,34.0,31.0,25.0,1.0,4.76,46.0,11.0,7.27,0.937,-0.3452,6.800068918056554,,
2551,41,8191,441.727,370.182,8.545,439.20578,371.31772,6.0104265,41.0,32.0,35.0,1.0,4.156,30.0,27.0,8.586,-1.252,0.1722,3.7510629205202735,,
2551,43,8191,441.0,369.727,8.273,438.6443,371.0262,5.8887386,43.0,32.0,35.0,1.0,4.484,30.0,27.0,9.42,-1.449,0.3015,3.594710774670214,,
2552,52,11196,504.545,366.727,0.0,497.39386,367.33795,0.0,52.0,51.0,51.0,1.0,2.943,30.0,39.0,-4.855,0.75,0.592,7.17719048110749,,
2552,53,7269,499.545,368.455,0.364,496.16693,356.29956,6.0831385,53.0,51.0,30.0,1.0,3.19,30.0,54.0,4.594,-1.347,-0.1475,13.851881594234138,,
2558,32,6755,221.636,384.636,3.0,216.78253,389.83395,7.999998,32.0,32.0,27.0,1.0,2.068,42.0,7.0,-2.318,-2.918,0.9604,8.693378816283332,,
2568,36,4261,424.818,468.091,0.727,420.6253,469.53146,2.6297848,36.0,32.0,13.0,1.0,5.39,5.0,28.0,11.695,0.717,-0.07916,4.824339156476354,,
2570,39,8811,264.182,172.091,-0.455,265.80225,176.09335,1.9502562,39.0,32.0,38.0,1.0,4.844,10.0,7.0,10.99,0.4204,-0.6924,4.942597795960973,,
2570,40,8811,264.455,171.818,-0.455,266.01425,175.53789,1.9632704,40.0,32.0,38.0,1.0,2.508,10.0,7.0,8.98,0.5835,0.1704,4.702858056768901,,
2573,50,6737,277.727,312.818,0.909,280.31155,310.26303,1.1641959,50.0,32.0,27.0,1.0,4.38,24.0,54.0,8.67,2.959,-0.02234,3.6431985055410903,,
2573,54,6737,261.545,325.364,0.0,267.85074,328.78793,1.1119411,54.0,32.0,27.0,1.0,3.873,24.0,54.0,7.395,1.611,-0.03064,7.260996254121672,,
2573,55,6737,257.182,327.091,-0.818,265.1304,333.7053,1.100033,55.0,32.0,27.0,1.0,4.74,24.0,54.0,5.332,2.426,0.221,10.516885358274523,,
2574,34,1032,73.545,143.909,8.182,75.09318,148.46602,2.7920508,34.0,32.0,0.0,1.0,4.367,7.0,35.0,11.48,0.5938,0.5337,7.225984014055151,,
2574,38,7352,55.364,152.273,9.364,53.420685,153.31343,6.4749026,38.0,32.0,30.0,1.0,3.053,7.0,7.0,4.113,-1.666,-0.6797,3.6339856302428863,,
2580,73,12480,61.0,239.636,7.727,59.38407,249.3773,7.999996,73.0,32.0,58.0,1.0,1.636,66.0,10.0,-6.84,1.103,0.1425,9.878192257235932,,
2582,43,7996,287.0,26.636,9.727,278.9615,17.177946,0.0,43.0,43.0,34.0,1.0,3.959,22.0,7.0,-3.828,2.35,0.2175,15.76980648952028,,
2583,46,9305,191.182,213.545,1.0,183.91476,214.0503,0.1397723,46.0,41.0,41.0,1.0,2.809,6.0,17.0,2.639,0.889,0.09717,7.335400261979376,,
2584,38,8861,401.545,478.273,7.273,410.36676,479.1877,3.888343,38.0,32.0,38.0,1.0,3.707,15.0,6.0,4.78,-1.188,-0.143,9.492946254732969,,
2586,38,8218,283.727,235.636,3.636,282.36972,245.4969,6.033237,38.0,32.0,35.0,1.0,3.875,12.0,35.0,5.79,-2.26,0.4988,10.23847171420468,,
2590,42,5499,380.727,252.0,-0.818,370.4975,256.37686,6.2636695,42.0,42.0,20.0,1.0,5.137,4.0,27.0,8.6,-2.865,-0.3735,13.188996042793775,,
2590,43,5499,378.636,258.364,-0.727,370.4581,256.42035,6.175635,43.0,42.0,20.0,1.0,4.32,4.0,27.0,10.31,-2.469,-0.7114,10.876681188474972,,
2592,40,7088,294.182,491.545,6.182,298.81827,490.71472,3.8941662,40.0,32.0,29.0,1.0,4.406,9.0,29.0,13.44,-0.981,0.00868,5.236272327498081,,
2593,34,6167,278.636,120.182,6.364,277.0143,113.7391,3.8941298,34.0,32.0,24.0,1.0,3.795,11.0,23.0,11.54,-0.3262,0.0934,7.08809777760213,,
2594,50,4456,418.727,408.909,-0.727,412.6458,411.65433,0.0,50.0,32.0,14.0,1.0,1.278,21.0,34.0,-6.8,0.45,-0.1348,6.711658457408253,,
2595,36,6809,98.727,261.818,-0.909,99.646194,264.10132,1.6932766,36.0,36.0,27.0,1.0,4.133,11.0,24.0,8.016,1.6045,-0.4758,3.581942396932641,,
2596,34,7557,61.636,12.727,5.273,64.28904,14.652668,6.5890865,34.0,32.0,31.0,1.0,5.56,20.0,6.0,8.52,-3.973,-0.579,3.5325489612043928,,
2605,55,9062,182.818,92.182,8.727,185.58139,92.90183,6.1666455,55.0,32.0,40.0,1.0,4.094,61.0,14.0,6.95,-1.232,0.2167,3.8353480528721486,,
2605,56,2584,182.182,92.0,8.636,183.51646,90.17143,5.8437448,56.0,32.0,4.0,1.0,4.875,61.0,38.0,8.41,-1.447,-0.1787,3.594598842489528,,
2606,32,7110,253.909,383.273,8.091,263.123,381.45737,7.9999986,32.0,32.0,29.0,1.0,2.867,4.0,5.0,-5.242,1.626,-0.332,9.39162337147854,,
2606,34,7112,253.091,383.909,7.909,252.58221,381.61462,5.183559,34.0,32.0,29.0,1.0,4.36,4.0,4.0,9.69,-1.373,-0.3682,3.598760271674255,,
2616,34,6008,495.727,429.364,7.727,494.50647,429.45584,3.6019871,34.0,33.0,23.0,1.0,6.34,8.0,42.0,11.81,0.0683,0.11414,4.3027734650648775,,
2616,35,6008,496.636,429.636,7.727,495.24814,429.1323,3.8132756,35.0,33.0,23.0,1.0,6.04,8.0,42.0,12.5,0.2795,0.3142,4.182954428242738,,
2616,36,6008,496.455,429.818,7.909,495.81747,429.46738,3.6735363,36.0,33.0,23.0,1.0,5.805,8.0,42.0,11.53,1.6,0.0817,4.297502953962644,,
2616,37,6008,495.364,429.273,7.818,495.79684,429.48798,4.0140495,37.0,33.0,23.0,1.0,5.254,8.0,42.0,12.805,-0.1908,0.3938,3.8345281681649226,,
2616,38,6008,495.545,429.455,8.0,495.9129,429.8256,3.8581898,38.0,33.0,23.0,1.0,5.45,8.0,42.0,12.57,1.231,-0.543,4.174600160832656,,
2616,39,7632,495.273,429.0,8.364,495.83057,430.04294,4.1077385,39.0,33.0,32.0,1.0,4.594,8.0,7.0,13.91,-0.804,0.2703,4.417507227485002,,
2618,48,7858,66.818,126.727,-0.182,60.90115,128.11375,0.0,48.0,33.0,33.0,1.0,0.6978,27.0,26.0,-4.277,-0.8594,-0.3682,6.079910647780934,,
2618,49,10776,63.818,129.091,0.091,69.8973,126.62101,0.0,49.0,33.0,49.0,1.0,2.717,27.0,16.0,-6.98,-0.449,-0.1582,6.5625467686028784,,
2620,36,7083,452.545,471.545,9.0,458.3273,478.18588,6.504718,36.0,33.0,29.0,1.0,5.14,13.0,5.0,2.906,-1.396,-0.3677,9.152197152811086,,
2620,43,9818,424.636,490.182,8.182,425.8789,491.45447,5.0680256,43.0,33.0,43.0,1.0,4.945,13.0,5.0,9.55,-1.34,-0.0132,3.586198108687704,,
2620,44,9815,424.0,489.909,8.182,425.53888,491.04333,5.0198765,44.0,33.0,43.0,1.0,3.812,13.0,4.0,8.96,-1.964,-0.2483,3.695115861857697,,
2626,39,2229,376.545,405.091,9.182,373.64334,405.46387,6.1499224,39.0,33.0,3.0,1.0,5.547,35.0,35.0,9.52,-2.178,-0.3804,4.213330910920919,,
2626,40,2229,370.909,401.909,9.0,372.75226,405.49194,6.105712,40.0,33.0,3.0,1.0,4.766,35.0,35.0,10.11,-1.332,-0.1781,4.961045202187137,,
2630,39,1906,464.455,138.636,-0.273,462.56262,141.14424,1.5636538,39.0,33.0,2.0,1.0,4.145,29.0,54.0,7.03,1.001,0.03876,3.639459732302922,,
2630,40,1906,465.182,138.545,-0.273,462.70306,140.30208,1.5392145,40.0,33.0,2.0,1.0,3.629,29.0,54.0,7.953,1.92,-0.381,3.5378800211440704,,
2630,61,12255,453.545,142.818,-0.545,454.2138,140.2687,6.967455,61.0,33.0,57.0,1.0,3.307,29.0,8.0,2.145,-1.939,0.4583,7.961356923102057,,
2641,93,18383,361.909,7.545,-0.909,372.85995,0.0,0.4049964,93.0,93.0,90.0,1.0,5.01,7.0,6.0,-6.418,-4.45,0.2048,13.363267468763532,,
2641,94,5240,355.909,8.182,-0.182,366.27365,17.771767,6.6703076,94.0,93.0,19.0,1.0,4.01,7.0,64.0,3.787,-1.747,-0.4856,15.695340715696696,,
2641,96,19497,346.455,7.818,1.0,354.999,10.9999695,7.9999776,96.0,93.0,96.0,1.0,7.73,7.0,4.0,0.2515,-5.734,-0.64,11.494544458108496,,
2641,97,18138,342.455,7.818,1.455,341.31558,0.0,7.999998,97.0,93.0,88.0,1.0,2.773,7.0,8.0,-5.637,-1.788,-0.0427,10.259454213378213,,
2641,98,19497,339.091,7.909,2.182,352.52142,1.0177864,7.9392624,98.0,93.0,96.0,1.0,1.811,7.0,4.0,-5.17,-2.457,0.2208,16.15583722992027,,
2641,99,19497,334.545,8.818,3.091,347.07004,0.42690042,7.999997,99.0,93.0,96.0,1.0,2.527,7.0,4.0,-9.73,3.967,0.44,15.855138936921522,,
2646,47,9076,150.273,180.636,-0.455,152.91084,177.90324,1.5688521,47.0,33.0,40.0,1.0,2.625,18.0,15.0,6.273,0.848,0.09656,4.303737260320894,,
2646,48,9076,146.545,184.273,-0.545,152.6783,177.48682,1.2767433,48.0,33.0,40.0,1.0,3.52,18.0,15.0,5.258,1.889,0.012146,9.32675487688484,,
2646,49,9546,141.818,188.182,-0.455,136.0891,187.89696,4.0922155,49.0,33.0,42.0,1.0,3.352,18.0,20.0,3.553,0.1838,0.378,7.319748070462559,,
2646,50,9546,137.455,191.818,-0.818,136.1672,187.95236,4.0013876,50.0,33.0,42.0,1.0,4.723,18.0,20.0,4.934,-0.2478,-0.2815,6.310950664411335,,
2651,50,6442,104.273,325.455,-0.909,101.48382,323.93082,0.5748731,50.0,50.0,25.0,1.0,2.207,7.0,27.0,2.783,1.272,0.0432,3.5077812248918296,,
2652,43,5373,439.182,292.182,5.182,431.74155,288.1199,5.5433464,43.0,33.0,19.0,1.0,4.547,23.0,33.0,11.04,-3.473,0.05377,8.48478189662488,,
2652,47,10332,416.545,301.273,4.909,413.90118,301.8282,2.0737264,47.0,33.0,46.0,1.0,6.902,23.0,16.0,16.86,1.846,-0.4944,3.9162236426507793,,
2652,48,9738,411.091,305.091,5.364,406.8855,303.4102,4.411536,48.0,33.0,43.0,1.0,4.23,23.0,14.0,10.13,0.1103,0.4934,4.628013241261995,,
2655,35,8235,145.455,253.455,5.818,141.10158,247.87077,1.803129,35.0,33.0,35.0,1.0,4.125,13.0,14.0,7.766,2.457,0.2451,8.139722325481454,,
2661,40,8548,374.455,338.091,0.545,376.45703,335.3944,1.6250954,40.0,33.0,37.0,1.0,4.45,20.0,30.0,7.285,2.975,0.05408,3.5279429918864995,,
2663,49,3249,503.727,173.727,-0.545,506.4464,174.98862,2.4304175,49.0,49.0,8.0,1.0,4.91,6.0,35.0,11.27,0.768,-0.2109,4.223734210826514,,
2668,33,7425,341.636,120.909,5.273,344.56113,125.1571,7.186408,33.0,33.0,30.0,1.0,3.701,40.0,17.0,3.777,-2.898,-0.322,5.501260701090593,,
2671,54,10478,315.636,39.636,6.727,317.12653,35.34963,6.6749697,54.0,47.0,47.0,1.0,3.895,26.0,17.0,9.086,-2.201,-0.653,4.538430853270552,,
2672,38,4539,115.091,170.727,0.545,107.6249,172.10156,4.7280216,38.0,33.0,15.0,1.0,3.533,8.0,29.0,6.18,0.07263,0.1959,8.667741003840996,,
2672,39,6537,115.455,170.364,0.636,117.07276,164.60721,0.0,39.0,33.0,26.0,1.0,3.307,8.0,14.0,-2.346,1.548,0.2842,6.0135076720413325,,
2672,40,6537,115.364,171.0,0.727,119.34451,164.70097,0.18743066,40.0,33.0,26.0,1.0,2.094,8.0,14.0,-0.07153,1.764,-0.1074,7.470834884647621,,
2678,45,6776,96.455,136.727,6.364,99.78072,140.99174,2.6064217,45.0,34.0,27.0,1.0,4.973,14.0,65.0,8.24,1.466,-0.05182,6.585424471257022,,
2678,47,6776,88.909,142.636,7.0,86.101395,141.72246,1.9209874,47.0,34.0,27.0,1.0,3.434,14.0,65.0,4.934,1.352,0.4458,5.874825117276581,,
2683,34,6110,455.909,331.636,1.364,452.10297,329.6148,3.8691747,34.0,34.0,23.0,1.0,3.477,22.0,16.0,6.17,0.852,-0.1265,4.984677931262952,,
2683,37,8195,455.364,332.455,1.182,459.4785,334.27872,2.1354961,37.0,34.0,35.0,1.0,6.273,22.0,19.0,14.68,0.3623,-0.799,4.6004586403004994,,
2683,38,8195,456.0,333.0,1.273,459.313,334.88287,2.3391805,38.0,34.0,35.0,1.0,6.25,22.0,19.0,13.7,0.565,-1.034,3.957007618830202,,
2683,40,8195,453.091,335.909,1.273,459.90332,335.04538,1.4484603,40.0,34.0,35.0,1.0,4.15,22.0,19.0,6.28,2.78,-0.37,6.869085063068883,,
2683,41,8195,448.182,338.0,1.091,459.51736,335.3557,1.2447281,41.0,34.0,35.0,1.0,4.34,22.0,19.0,6.703,2.686,-0.3345,11.640719099279435,,
2683,42,8195,448.545,338.182,1.091,454.13306,338.86142,1.5938671,42.0,34.0,35.0,1.0,3.992,22.0,19.0,6.492,0.3123,-0.1494,5.651628209663321,,
2685,46,8648,147.273,379.273,-0.455,150.61093,377.3264,1.234981,46.0,34.0,37.0,1.0,4.023,14.0,45.0,9.75,2.39,-0.376,4.217471283276412,,
2689,82,14050,470.182,44.545,7.0,472.78336,45.578915,1.636559,82.0,67.0,67.0,1.0,3.256,18.0,17.0,7.848,3.158,0.09064,6.050004416304669,,
2690,47,4810,173.636,81.818,8.727,175.66814,80.49132,6.064616,47.0,34.0,16.0,1.0,4.266,66.0,42.0,7.32,-2.33,-0.684,3.6024937703563045,,
2693,35,4102,304.091,9.818,9.636,304.03918,0.26313433,7.999993,35.0,34.0,13.0,1.0,2.193,5.0,37.0,-7.113,-0.6875,0.129,9.694052928893752,,
2694,37,5502,337.273,396.909,8.273,338.65668,395.3032,5.421866,37.0,34.0,20.0,1.0,4.473,6.0,22.0,10.086,-1.225,0.807,3.5527635818269525,,
2699,35,5316,36.0,0.909,4.455,20.76048,0.0,7.999995,35.0,34.0,19.0,1.0,3.195,6.0,15.0,-7.324,-0.8564,0.165,15.672786618225391,,
2699,36,7556,36.455,2.182,4.182,46.991352,0.10344822,0.0,36.0,34.0,31.0,1.0,2.688,6.0,46.0,-8.6,-3.664,-0.0748,11.5249388271715,,
2699,38,8835,34.909,2.364,4.727,32.999897,6.9999785,0.0,38.0,34.0,38.0,1.0,2.895,6.0,7.0,-0.2202,0.663,-0.6885,6.890682108258315,,
2703,35,7344,69.364,205.364,-0.364,72.45914,206.48749,1.0293883,35.0,34.0,30.0,1.0,3.281,34.0,5.0,5.355,2.629,-0.1891,3.575423381122424,,
2703,38,6222,70.545,205.273,-0.364,65.63112,204.70935,0.0,38.0,34.0,24.0,1.0,2.104,34.0,9.0,-2.867,0.4783,-0.522,4.959477187859629,,
2703,46,10147,70.636,207.909,-0.182,73.56934,206.4009,2.1046655,46.0,34.0,45.0,1.0,4.883,34.0,32.0,11.81,2.04,-0.359,4.013438460284425,,
2704,37,8170,161.091,210.545,7.545,154.12094,211.72168,5.7749867,37.0,34.0,35.0,1.0,3.672,16.0,4.0,6.145,-1.129,-0.814,7.28692385771782,,
2707,37,4209,482.091,135.909,0.455,482.81897,138.89008,2.2730427,37.0,34.0,13.0,1.0,3.797,11.0,47.0,9.25,1.317,-0.6084,3.5667993420324846,,
2709,60,6737,254.182,351.636,7.545,253.9792,350.06412,3.2881231,60.0,34.0,27.0,1.0,5.28,32.0,54.0,11.766,0.5,0.1561,4.5423491186998906,,
2709,61,6737,250.818,354.182,7.727,251.76402,351.9092,3.5448303,61.0,34.0,27.0,1.0,5.055,32.0,54.0,12.26,-0.4373,-0.1481,4.852949317682818,,
2710,34,7011,439.364,281.455,4.545,440.1997,277.06747,4.0729527,34.0,34.0,28.0,1.0,4.805,16.0,10.0,10.8,-0.827,-0.5474,4.491285188488599,,
2714,40,6686,468.0,32.818,8.455,468.98932,32.756916,4.845003,40.0,34.0,27.0,1.0,4.363,7.0,32.0,8.09,-2.143,0.1323,3.743603031501209,,
2716,38,5327,155.364,121.091,2.545,156.732,112.90918,1.5352284,38.0,34.0,19.0,1.0,3.916,20.0,15.0,5.22,0.8184,-0.275,8.356628578354213,,
2719,71,12811,177.091,175.727,3.182,177.75606,184.38312,2.8026521,71.0,34.0,60.0,1.0,3.9,66.0,13.0,7.45,0.3545,-0.4104,8.689915021864953,,
2719,97,16326,136.273,204.364,2.182,127.5458,206.42363,2.9852424,97.0,34.0,79.0,1.0,4.527,66.0,16.0,4.855,-0.633,0.397,9.002849211780552,,
2719,98,19204,136.091,203.909,2.182,129.93677,207.50468,0.3487713,98.0,34.0,94.0,1.0,4.066,66.0,4.0,8.02,1.342,-0.6226,7.359632397192401,,
2720,37,8394,142.455,128.182,5.364,136.30272,128.56087,0.934223,37.0,34.0,36.0,1.0,3.938,19.0,9.0,5.83,3.482,-0.6743,7.590587325433337,,
2720,40,6776,131.091,136.545,4.364,136.41455,135.18657,3.4941046,40.0,34.0,27.0,1.0,4.41,19.0,65.0,12.53,-0.2966,0.438,5.562574464610877,,
2720,43,5560,135.909,139.727,3.0,141.22746,141.91867,6.4876475,43.0,34.0,20.0,1.0,4.098,19.0,18.0,4.547,-1.402,0.2374,6.727043871178213,,
2720,44,5560,139.727,138.091,2.182,141.261,144.36928,6.780445,44.0,34.0,20.0,1.0,2.834,19.0,18.0,3.498,-2.88,0.2307,7.931938740082711,,
2722,42,4105,385.818,72.182,9.455,387.4117,70.23301,6.06413,42.0,34.0,13.0,1.0,5.29,9.0,56.0,10.0,-0.814,-0.714,4.223321094470569,,
2732,51,6616,463.727,38.0,4.545,460.68832,41.5862,2.6531038,51.0,35.0,26.0,1.0,5.176,22.0,30.0,15.64,0.05594,-0.2756,5.066919953381386,,
2732,52,6616,463.455,37.909,4.455,461.27405,41.33746,2.410562,52.0,35.0,26.0,1.0,5.582,22.0,30.0,14.0,1.03,-0.3389,4.548692956217642,,
2736,45,7982,477.818,161.091,-0.455,481.21213,159.3537,1.0483673,45.0,44.0,34.0,1.0,3.6,6.0,15.0,7.15,1.601,0.4832,4.098590365675671,,
2736,47,9763,472.455,164.727,-0.545,475.5642,163.11957,0.7784699,47.0,44.0,43.0,1.0,3.188,6.0,8.0,4.71,2.713,-0.2517,3.7419952460026273,,
2736,49,7982,472.364,165.636,-0.909,468.44696,166.88225,0.87908834,49.0,44.0,34.0,1.0,3.455,6.0,15.0,4.703,2.13,-0.3855,4.482588686879921,,
2744,49,8185,470.727,326.364,5.727,466.9144,317.8247,0.0,49.0,35.0,35.0,1.0,4.24,53.0,17.0,-2.627,0.472,0.112,10.966042688682151,,
2744,50,10319,467.455,331.182,5.818,460.25803,333.23257,7.916807,50.0,35.0,46.0,1.0,3.025,53.0,45.0,-2.61,-1.477,0.0249,7.772142904569399,,
2747,49,9969,384.636,188.364,5.0,382.30276,187.73537,1.6627828,49.0,35.0,44.0,1.0,5.8,65.0,12.0,9.2,2.955,0.4526,4.120218830896738,,
2749,35,5270,267.545,336.091,4.545,260.9397,337.00867,0.0,35.0,35.0,19.0,1.0,2.922,9.0,21.0,-3.627,0.634,0.7446,8.07026215924241,,
2749,37,7187,268.273,336.545,4.818,265.96875,342.44678,5.5797772,37.0,35.0,29.0,1.0,2.82,9.0,24.0,7.277,-1.735,0.9097,6.38129138445657,,
2750,37,7294,172.545,302.909,2.818,163.97122,306.64993,5.6708183,37.0,35.0,30.0,1.0,3.354,26.0,32.0,6.0,-0.621,0.6943,9.779715384719273,,
2750,38,8297,172.455,302.455,2.636,172.32965,293.91568,6.304415,38.0,35.0,35.0,1.0,3.309,26.0,33.0,2.943,-0.873,0.475,9.294781724017222,,
2752,35,529,272.455,467.091,9.091,279.99863,462.9977,7.9999604,35.0,35.0,0.0,1.0,-3.656,14.0,30.0,-6.742,-4.21,-0.9634,8.651694971256687,,
2752,41,6467,260.091,472.909,9.273,257.28638,472.2704,6.3931203,41.0,35.0,25.0,1.0,4.164,14.0,34.0,10.09,-2.764,-0.1051,4.07030839014344,,
2752,42,3529,260.455,473.091,9.182,262.67096,474.32855,4.2733674,42.0,35.0,9.0,1.0,5.984,14.0,29.0,14.29,-1.351,0.04364,5.52600060856699,,
2756,43,6595,356.0,334.818,-0.545,355.55878,335.44327,3.1672063,43.0,36.0,26.0,1.0,3.646,11.0,16.0,6.742,-1.133,-0.4182,3.7902655942637686,,
2756,44,6595,356.545,335.091,-0.545,356.44107,335.4422,3.2439866,44.0,36.0,26.0,1.0,3.701,11.0,16.0,9.2,-0.0797,-0.4663,3.806647125736711,,
2761,47,8286,179.636,375.818,4.909,177.65726,373.0188,6.0408354,47.0,35.0,35.0,1.0,2.65,13.0,44.0,5.3,-1.306,0.2654,3.6099839335228383,,
2768,40,8212,326.091,207.0,8.909,327.787,208.37561,5.7822003,40.0,35.0,35.0,1.0,4.484,14.0,10.0,6.63,-0.4116,0.07477,3.8138688016265023,,
2769,35,7085,249.545,440.545,1.091,246.42065,430.9992,0.0,35.0,35.0,29.0,1.0,2.535,6.0,16.0,-8.41,2.1,-0.06055,10.103174825890164,,
2773,37,3274,437.909,261.091,6.091,435.00134,262.3605,4.5280075,37.0,35.0,8.0,1.0,6.016,36.0,67.0,15.88,-0.985,-0.3853,3.536815302027521,,
2773,39,6825,431.909,270.0,6.636,431.3015,271.0441,2.136027,39.0,35.0,27.0,1.0,4.16,36.0,9.0,11.55,0.04126,-0.654,4.6592872910702825,,
2774,50,10879,365.636,161.182,4.909,364.69043,167.94637,2.4022825,50.0,35.0,50.0,1.0,4.227,33.0,18.0,13.43,1.871,0.2612,7.275605593117764,,
2774,51,10879,366.0,161.818,5.091,366.9584,168.22874,1.2837589,51.0,35.0,50.0,1.0,4.812,33.0,18.0,11.23,0.9424,0.0813,7.517393344845596,,
2784,39,7318,504.636,325.182,8.636,500.02322,321.15918,6.94952,39.0,36.0,30.0,1.0,5.26,9.0,7.0,5.812,-0.519,-0.6846,6.348624644062728,,
2784,43,7268,505.455,324.455,8.273,507.09662,327.05087,6.281941,43.0,36.0,30.0,1.0,4.973,9.0,12.0,11.48,-2.543,-0.1865,3.660296876317673,,
2792,44,9753,451.091,277.818,4.091,451.80054,281.33896,6.994638,44.0,36.0,43.0,1.0,3.936,50.0,4.0,4.207,-2.246,-0.3455,4.618627498320689,,
2792,53,10888,451.182,275.455,4.727,459.30014,274.75043,7.999999,53.0,36.0,50.0,1.0,1.709,50.0,6.0,-3.607,-3.03,-0.2275,8.781408679619728,,
2792,54,1274,450.909,274.818,4.909,455.57266,291.16635,5.682135,54.0,36.0,0.0,1.0,3.852,50.0,95.0,5.508,-1.858,-0.282,17.018108298113695,,
2792,55,10318,446.818,278.364,5.182,445.53296,288.43182,0.0,55.0,36.0,46.0,1.0,1.785,50.0,23.0,-3.633,-0.9497,0.356,11.395852375052986,,
2794,63,7294,136.818,311.909,9.636,131.8324,313.70804,4.9985104,63.0,36.0,30.0,1.0,4.367,31.0,32.0,5.695,-0.0763,0.3782,7.042660155914679,,
2796,48,9149,500.545,36.545,5.273,498.27222,33.92227,4.2100234,48.0,36.0,40.0,1.0,4.965,32.0,28.0,13.055,-0.1251,0.3132,3.629622684721875,,
2797,36,8383,200.0,243.364,9.727,190.79536,248.20921,7.6199994,36.0,36.0,36.0,1.0,1.834,5.0,18.0,-1.186,-3.016,-0.12354,10.613242153183004,,
2801,46,9291,77.727,65.0,7.818,78.37963,65.923294,4.29073,46.0,42.0,41.0,1.0,4.957,25.0,11.0,8.25,0.10614,0.3562,3.7040560714217055,,
2808,46,3849,465.273,28.091,3.091,464.1847,24.791296,3.9154065,46.0,36.0,11.0,1.0,4.863,23.0,65.0,8.16,1.226,-0.1257,3.5710067844878526,,
2813,72,14558,224.727,60.273,7.364,220.89624,53.682716,6.9550943,72.0,36.0,69.0,1.0,2.21,57.0,4.0,1.753,-1.489,0.04028,7.633725777741072,,
2813,73,10925,225.364,60.636,7.182,235.34561,63.611614,7.7675815,73.0,36.0,50.0,1.0,0.9995,57.0,11.0,-3.404,-1.969,0.1223,10.432148511320094,,
2813,77,14743,226.909,60.364,7.455,226.63242,52.60838,1.5328231,77.0,36.0,70.0,1.0,4.34,57.0,21.0,8.086,2.234,-0.1214,9.7620857052012,,
2813,83,9313,218.0,64.636,7.455,217.27022,67.958755,4.610406,83.0,36.0,41.0,1.0,5.848,57.0,52.0,15.66,-1.997,-0.2715,4.434523048002007,,
2813,84,9313,218.364,65.636,7.545,216.30534,67.093704,4.944432,84.0,36.0,41.0,1.0,5.617,57.0,52.0,12.94,-1.183,-0.412,3.622973346553909,,
2814,37,5037,351.364,432.909,-0.364,345.35773,428.14465,6.3257866,37.0,36.0,18.0,1.0,4.395,11.0,25.0,5.59,-1.571,-0.729,10.174849138387213,,
2815,52,9935,205.091,101.909,7.273,202.03477,106.693,6.9788585,52.0,41.0,44.0,1.0,4.72,16.0,26.0,8.336,-4.42,-0.751,5.684515549712408,,
2817,51,9105,297.0,125.545,-0.273,293.35773,123.776215,1.5613676,51.0,36.0,40.0,1.0,4.953,53.0,27.0,7.785,3.076,0.2356,4.445181168530115,,
2818,37,2548,15.727,234.545,6.909,14.021689,235.39581,3.9223151,37.0,36.0,4.0,1.0,4.49,43.0,53.0,13.914,0.2382,-0.01945,3.542915459718034,,
2818,38,2548,16.182,235.273,6.818,14.295725,235.05995,3.1365757,38.0,36.0,4.0,1.0,5.516,43.0,53.0,13.695,0.3813,-0.628,4.142017449837155,,
2818,47,7027,15.545,234.0,6.727,16.195189,232.50931,3.5876746,47.0,36.0,28.0,1.0,4.2,43.0,31.0,8.73,-0.178,-0.504,3.5355715773982235,,
2818,58,2548,14.545,231.818,6.455,17.748747,227.78252,1.4851853,58.0,36.0,4.0,1.0,5.25,43.0,53.0,10.12,3.027,-0.0812,7.158781448175741,,
2818,59,2548,15.182,232.273,6.364,16.798662,227.03665,1.3855865,59.0,36.0,4.0,1.0,5.973,43.0,53.0,11.25,2.752,-0.978,7.403888054375628,,
2818,60,2548,14.545,231.909,6.455,17.290125,227.70102,1.494577,60.0,36.0,4.0,1.0,4.004,43.0,53.0,10.56,1.62,-0.00862,7.060354331402492,,
2818,70,11268,5.182,236.727,6.909,7.430013,235.18234,4.592231,70.0,36.0,52.0,1.0,3.625,43.0,21.0,5.41,0.003225,0.06665,3.578680701477847,,
2821,40,4105,390.818,66.182,9.455,389.27072,66.4763,5.698237,40.0,40.0,13.0,1.0,5.332,29.0,56.0,11.51,-1.784,-0.4973,4.0735679847731765,,
2821,45,4105,387.0,69.818,9.0,388.74493,68.93759,6.062241,45.0,40.0,13.0,1.0,4.637,29.0,56.0,7.65,-1.116,-0.3303,3.528502574050504,,
2821,46,4105,386.636,69.818,9.0,388.64853,69.04483,5.9391646,46.0,40.0,13.0,1.0,4.6,29.0,56.0,6.87,-1.298,-0.03925,3.7438993303363577,,
2823,38,4973,274.091,324.455,-0.727,270.28674,325.1954,0.9628434,38.0,36.0,17.0,1.0,2.496,5.0,27.0,3.998,2.814,0.07996,4.2280204616491135,,
2823,39,4973,273.909,324.364,-0.818,269.77585,326.4408,0.68723875,39.0,36.0,17.0,1.0,3.648,5.0,27.0,3.002,2.785,-0.3352,4.864336630723841,,
2825,36,7322,78.727,470.182,4.273,69.86404,476.8513,5.3735456,36.0,36.0,30.0,1.0,4.055,31.0,7.0,3.969,-0.1316,0.1036,11.146426470814712,,
2830,39,3095,248.182,360.182,8.818,248.32967,360.944,4.9580874,39.0,36.0,7.0,1.0,4.887,36.0,50.0,8.414,-1.546,-0.1411,3.937178648288487,,
2830,40,3095,242.545,363.182,8.909,244.15688,363.62476,4.838888,40.0,36.0,7.0,1.0,3.89,36.0,50.0,8.63,-0.836,-0.1646,4.400000595970871,,
2830,41,3095,238.273,364.909,9.0,240.19104,365.51364,5.1416373,41.0,36.0,7.0,1.0,4.117,36.0,50.0,7.332,-0.9683,0.3928,4.351026280770006,,
2830,42,3095,234.182,366.545,8.909,235.89185,366.58646,5.8494773,42.0,36.0,7.0,1.0,5.797,36.0,50.0,9.78,-2.783,0.09863,3.505136959651556,,
2833,36,7744,72.727,436.545,4.818,76.88405,429.58447,0.0,36.0,36.0,32.0,1.0,1.116,4.0,5.0,-6.36,-1.336,0.532,9.430968485972162,,
2835,42,6964,83.182,281.0,-0.818,85.69574,278.3542,1.3774621,42.0,36.0,28.0,1.0,4.34,15.0,11.0,3.518,1.21,-0.543,4.2590140009321935,,
2835,43,831,84.364,281.182,-0.545,81.9774,280.19373,1.8260976,43.0,36.0,0.0,1.0,3.873,15.0,38.0,9.97,2.123,-0.1787,3.5063714836887674,,
2835,47,4557,85.273,280.727,-0.545,87.73749,276.3388,1.9561684,47.0,36.0,15.0,1.0,3.768,15.0,29.0,5.91,0.7007,-0.1335,5.620129319264674,,
2835,48,4557,85.545,281.727,-0.455,83.30141,278.3787,1.9986354,48.0,36.0,15.0,1.0,5.15,15.0,29.0,11.07,2.111,0.1503,4.718594669415155,,
2835,50,4557,78.182,290.182,-0.909,83.44568,286.7087,2.1966326,50.0,36.0,15.0,1.0,3.111,15.0,29.0,4.55,0.341,0.3474,7.029587034711403,,
2836,42,8607,488.636,237.0,5.727,494.25607,245.65366,4.1737227,42.0,36.0,37.0,1.0,3.572,31.0,10.0,-0.4011,-0.01364,0.09326,10.434734714941024,,
2839,36,7368,259.545,176.455,0.0,263.16702,174.40935,0.6635057,36.0,36.0,30.0,1.0,2.621,16.0,36.0,3.398,3.139,0.01273,4.212357133106394,,
2843,37,5313,42.182,140.818,0.909,37.95714,146.33313,6.0264,37.0,36.0,19.0,1.0,3.994,6.0,11.0,9.766,-2.27,0.2473,8.628666391540467,,
2843,38,5150,41.636,141.818,0.909,44.556858,134.79254,2.2028813,38.0,36.0,18.0,1.0,3.922,6.0,20.0,3.877,0.9043,-0.334,7.717682844368107,,
2849,53,10621,504.273,457.364,9.818,510.75418,465.0583,7.8537984,53.0,53.0,48.0,1.0,1.124,6.0,5.0,-2.365,-1.74,0.645,10.250172418444604,,
2853,39,8968,156.364,113.0,1.818,149.12323,121.938484,1.5440404,39.0,37.0,39.0,1.0,3.488,27.0,48.0,6.668,1.729,0.16,11.50653293888251,,
2856,39,2307,374.091,233.273,9.636,373.38678,231.97154,6.2397113,39.0,37.0,3.0,1.0,3.342,5.0,37.0,7.273,-3.691,-0.2634,3.7046593465186097,,
2857,37,667,416.091,136.455,0.273,415.0941,135.98232,3.7201006,37.0,37.0,0.0,1.0,6.367,4.0,36.0,16.4,-0.3628,-0.655,3.6193560945174137,,
2860,41,8192,445.545,310.818,4.455,448.49402,308.39026,3.2830777,41.0,37.0,35.0,1.0,3.967,11.0,12.0,12.836,-1.19,0.0952,3.995502765014301,,
2861,61,9026,508.0,333.909,7.909,506.1954,332.99493,4.7872624,61.0,61.0,40.0,1.0,5.46,39.0,28.0,7.21,-0.3926,0.1048,3.719858971540951,,
2865,37,2288,73.091,163.364,1.364,73.13405,170.6962,0.19027026,37.0,37.0,3.0,1.0,1.895,5.0,38.0,-1.655,0.4927,-0.2135,7.425675164256814,,
2865,38,2479,73.818,162.364,1.455,68.09851,157.72449,0.16955958,38.0,37.0,4.0,1.0,3.365,5.0,34.0,2.254,1.591,-0.2081,7.475959869713702,,
2870,41,8972,256.182,102.273,2.909,263.43967,97.20099,0.34170848,41.0,37.0,39.0,1.0,0.2605,20.0,11.0,0.32,2.455,-0.126,9.219004556765512,,
2870,53,10126,215.818,150.727,3.818,218.7546,149.16833,6.711129,53.0,37.0,45.0,1.0,3.764,20.0,9.0,11.69,-6.047,-0.2314,4.407183583598601,,
2875,61,10346,343.545,242.909,9.636,344.27573,242.46613,5.6196527,61.0,57.0,46.0,1.0,3.588,13.0,19.0,8.62,-1.365,-0.010635,4.10623255600767,,
2875,62,10346,343.455,243.273,9.273,344.66702,242.94458,5.678183,62.0,57.0,46.0,1.0,5.04,13.0,19.0,10.23,-1.571,-0.2942,3.807828966785271,,
2877,37,8316,348.727,363.909,9.909,348.86255,362.35577,6.5733027,37.0,37.0,35.0,1.0,4.04,5.0,28.0,6.75,-2.373,0.4163,3.6820882271650217,,
2877,38,8316,347.818,363.455,9.727,348.03232,361.37946,6.3572717,38.0,37.0,35.0,1.0,4.457,5.0,28.0,7.273,-2.59,-0.912,3.963441455329051,,
2877,39,8316,347.091,362.364,9.636,347.8077,361.0102,6.484948,39.0,37.0,35.0,1.0,4.96,5.0,28.0,9.234,-2.078,-0.4795,3.5036498165062016,,
2882,62,11436,255.273,197.818,9.273,254.70332,198.64789,4.66543,62.0,37.0,53.0,1.0,4.16,42.0,36.0,4.57,-0.8022,0.1252,4.71624363444044,,
2882,63,11436,255.636,197.818,9.182,255.05592,199.08554,4.788315,63.0,37.0,53.0,1.0,3.422,42.0,36.0,6.395,-1.508,-0.2346,4.609513893809737,,
2882,66,8012,255.455,200.273,8.909,255.7456,200.8507,4.7038646,66.0,37.0,34.0,1.0,4.12,42.0,33.0,8.83,-2.25,-0.4788,4.254568060606522,,
2883,38,7867,495.636,161.273,9.636,496.4587,160.93814,4.9826937,38.0,37.0,33.0,1.0,4.48,4.0,19.0,12.33,-1.471,-0.655,4.737322664883582,,
2884,89,13407,52.636,17.091,-0.091,58.25886,18.45035,1.2822295,89.0,85.0,63.0,1.0,5.117,7.0,30.0,12.016,5.895,0.02834,5.945598898493759,,
2884,91,18081,53.455,17.909,-0.182,54.42817,22.163557,1.4896169,91.0,85.0,88.0,1.0,3.129,7.0,5.0,8.266,0.6265,0.4358,4.673608688745201,,
2886,38,7259,38.273,146.182,6.909,33.03248,149.55412,3.9589639,38.0,37.0,30.0,1.0,4.285,13.0,30.0,5.676,0.612,-0.504,6.894704936116078,,
2886,39,7259,38.273,147.0,6.727,33.416054,152.88112,4.092763,39.0,37.0,30.0,1.0,2.467,13.0,30.0,4.965,-1.828,0.1318,8.069492020783287,,
2898,54,11368,510.273,453.0,2.545,510.68765,444.74585,0.0,54.0,54.0,53.0,1.0,3.486,22.0,8.0,-6.68,0.9575,-0.0703,8.647540219334033,,
2901,55,9510,244.545,118.091,-0.364,249.683,117.80377,6.896582,55.0,54.0,42.0,1.0,3.777,8.0,22.0,6.8,-2.73,0.05585,8.899303121684532,,
2902,62,7320,62.818,337.545,2.727,64.975685,334.03854,4.6184225,62.0,38.0,30.0,1.0,3.809,25.0,32.0,10.92,-0.4104,0.696,4.530821709616401,,
2905,74,11524,245.273,427.727,6.455,243.20694,430.25714,4.536058,74.0,38.0,53.0,1.0,5.766,62.0,22.0,14.52,-1.23,-0.3438,3.788476044871349,,
2905,79,13859,244.455,433.455,6.091,242.32971,430.7643,4.0522413,79.0,38.0,66.0,1.0,5.105,62.0,11.0,15.5,-0.3298,0.4397,3.989142904299829,,
2905,88,15278,194.545,438.0,4.364,194.96346,444.04303,3.4664054,88.0,38.0,73.0,1.0,3.479,62.0,19.0,9.17,0.02032,0.1772,6.123642414319195,,
2906,41,7807,65.273,24.182,9.727,63.396362,22.845886,6.9505877,41.0,38.0,33.0,1.0,2.996,5.0,10.0,6.156,-2.8,0.2239,3.607691237291692,,
2906,42,7807,66.0,24.364,9.727,64.085815,22.693478,7.233351,42.0,38.0,33.0,1.0,3.6,5.0,10.0,3.854,-2.812,-0.4631,3.5599204066818717,,
2907,42,6092,416.0,375.182,5.455,412.906,373.1392,6.874047,42.0,38.0,23.0,1.0,4.395,10.0,20.0,4.43,0.0094,0.0313,3.969831511312409,,
2911,43,8510,149.091,501.818,3.091,143.99944,510.99802,0.9999961,43.0,38.0,37.0,1.0,0.5356,19.0,16.0,-6.418,0.1527,0.563,10.703693182440142,,
2911,44,8510,148.727,501.727,3.364,137.21037,510.99942,0.0,44.0,38.0,37.0,1.0,2.322,19.0,16.0,-6.24,0.853,1.374,15.163345119507769,,
2913,40,6776,139.818,134.0,4.364,136.41455,135.18657,3.4941046,40.0,38.0,27.0,1.0,4.41,43.0,65.0,12.53,-0.2966,0.438,3.70784820001322,,
2918,43,870,198.091,52.273,2.364,201.64229,50.717274,1.9090154,43.0,38.0,0.0,1.0,5.133,8.0,46.0,14.25,1.87,-0.1554,3.9037104192566745,,
2920,44,9816,205.545,450.818,5.636,203.40897,449.5786,2.3340602,44.0,38.0,43.0,1.0,4.797,19.0,4.0,12.375,2.4,0.425,4.12329273320776,,
2925,41,5134,268.0,258.091,0.545,262.20578,266.97778,1.2360847,41.0,38.0,18.0,1.0,3.566,4.0,25.0,4.105,2.5,0.01201,10.631342447657955,,
2926,40,8968,160.455,102.182,8.545,156.36646,111.8678,1.4553436,40.0,38.0,39.0,1.0,4.137,21.0,48.0,6.07,0.9473,-0.524,12.680461696707308,,
2926,52,8968,160.091,107.545,9.091,160.58295,106.6513,5.619596,52.0,38.0,39.0,1.0,4.766,21.0,48.0,10.64,-1.357,-0.2844,3.6181984776565246,,
2926,55,6535,159.545,106.818,9.364,159.30174,109.58628,7.1048064,55.0,38.0,26.0,1.0,4.504,21.0,48.0,12.54,-7.11,0.3535,3.581411077812904,,
2928,51,3467,167.0,133.273,2.727,174.67038,138.33432,2.8743818,51.0,38.0,9.0,1.0,4.09,30.0,33.0,6.723,0.4092,0.638,9.19094178426624,,
2928,62,8025,157.727,135.455,2.273,155.6308,131.76476,1.6215773,62.0,38.0,34.0,1.0,4.793,30.0,50.0,10.48,2.008,0.1993,4.293748622320066,,
2930,38,7531,467.455,389.455,2.182,478.46585,393.0385,0.0,38.0,38.0,31.0,1.0,0.509,21.0,16.0,-3.666,1.533,0.0703,11.783098657505173,,
2930,39,5681,467.545,390.273,2.091,471.67227,383.4458,6.573084,39.0,38.0,21.0,1.0,4.05,21.0,28.0,3.234,-2.785,-1.054,9.150633555987046,,
2931,55,11152,116.091,54.0,9.909,125.32972,56.58063,0.0,55.0,55.0,51.0,1.0,1.109,25.0,25.0,-7.715,0.7236,0.06793,13.791369744709916,,
2937,39,5406,157.0,433.727,9.909,158.13394,436.00305,6.7305784,39.0,39.0,20.0,1.0,5.312,16.0,21.0,9.05,-3.883,0.11597,4.070452971531123,,
2937,40,5406,156.364,434.909,9.909,157.36935,436.49057,6.5118933,40.0,39.0,20.0,1.0,4.76,16.0,21.0,10.79,-1.941,-0.47,3.8797456383872486,,
2939,43,5795,331.636,292.0,5.818,329.6565,293.54242,3.22263,43.0,39.0,22.0,1.0,5.113,7.0,46.0,12.27,0.701,-0.274,3.6101835331877647,,
2944,63,11522,338.364,186.727,0.091,339.14728,183.30551,1.6543697,63.0,39.0,53.0,1.0,5.086,54.0,30.0,9.49,4.4,-0.5605,3.842427123235808,,
2944,64,11522,338.909,186.636,0.0,339.17554,183.2444,1.4833685,64.0,39.0,53.0,1.0,4.984,54.0,30.0,11.07,0.845,0.4553,3.7113846793874847,,
2944,66,13312,338.091,187.0,-0.182,335.53412,187.58763,2.7545474,66.0,39.0,63.0,1.0,4.02,54.0,16.0,12.484,1.065,-0.0932,3.937798240609456,,
2944,67,11522,337.727,187.636,-0.273,334.87674,186.93222,2.781721,67.0,39.0,53.0,1.0,4.367,54.0,30.0,14.51,0.664,-0.6416,4.236815873252099,,
2944,68,11522,337.909,186.909,-0.273,334.545,185.09839,2.3534052,68.0,39.0,53.0,1.0,4.207,54.0,30.0,11.66,0.905,0.1996,4.6360337408917625,,
2945,40,687,295.091,253.0,-0.091,293.56805,248.52817,3.9591799,40.0,39.0,0.0,1.0,3.395,5.0,76.0,6.645,-0.4807,0.483,6.222587683091661,,
2945,41,3924,295.818,253.182,0.0,301.18652,252.54652,2.001603,41.0,39.0,12.0,1.0,4.094,5.0,60.0,7.5,1.424,-0.2219,5.764655791147368,,
2947,39,8713,26.636,457.273,1.818,38.275517,451.55508,1.5935874,39.0,39.0,38.0,1.0,3.932,9.0,5.0,4.625,1.337,-0.0797,12.970093528372429,,
2949,92,12590,474.182,497.545,2.364,474.95972,497.0831,6.852784,92.0,64.0,58.0,1.0,2.59,36.0,37.0,8.7,-2.928,-0.8613,4.579015375280584,,
2955,47,9870,36.091,448.909,9.727,34.256783,440.99298,1.1788363,47.0,47.0,44.0,1.0,2.365,36.0,9.0,6.203,0.616,0.925,11.794016588316582,,
2957,56,9263,28.273,439.909,-0.182,34.135384,440.94482,6.232679,56.0,55.0,41.0,1.0,4.473,14.0,20.0,6.473,-0.614,-0.5034,8.751489925086872,,
2958,42,8877,386.909,237.909,6.455,379.68127,230.48871,7.9999957,42.0,39.0,39.0,1.0,3.719,27.0,13.0,-4.9,-0.972,-0.4365,10.473194180860895,,
2958,53,7502,368.455,250.455,7.818,369.97025,253.3551,5.986187,53.0,39.0,31.0,1.0,4.86,27.0,20.0,10.13,-1.783,0.03165,3.7499468582193263,,
2962,45,8942,169.273,344.273,1.727,172.31662,348.91968,4.2110586,45.0,39.0,39.0,1.0,4.598,15.0,10.0,9.25,0.1515,0.005737,6.08488330660778,,
2963,45,8924,349.727,293.364,5.455,348.28955,293.36002,1.8525041,45.0,39.0,39.0,1.0,4.707,61.0,15.0,9.62,3.547,0.2339,3.8786924410704033,,
2964,78,13169,178.727,300.182,1.273,177.58643,306.12933,2.3473518,78.0,39.0,62.0,1.0,4.074,61.0,34.0,11.805,1.28,-0.10925,6.150273639762935,,
2966,55,11775,457.364,179.545,0.545,451.68927,185.19693,7.999998,55.0,45.0,54.0,1.0,3.184,14.0,12.0,-7.113,-0.1322,-0.4617,10.941840269251042,,
2968,39,2437,359.0,2.273,9.091,360.64175,2.8949575,5.629556,39.0,39.0,4.0,1.0,5.0,5.0,89.0,9.99,-3.502,-0.0666,3.881207126583462,,
2975,42,5499,371.0,259.091,8.455,370.4975,256.37686,6.2636695,42.0,39.0,20.0,1.0,5.137,5.0,27.0,8.6,-2.865,-0.3735,3.5243427117450103,,
2983,52,6505,44.455,53.182,0.727,42.899754,51.237362,3.41438,52.0,39.0,26.0,1.0,3.781,32.0,30.0,9.62,0.4316,0.1458,3.663661875222658,,
2983,53,8696,44.182,53.545,0.545,48.120556,53.986805,1.4734558,53.0,39.0,37.0,1.0,4.543,32.0,29.0,8.016,0.773,-0.4268,4.070558339554246,,
2983,62,5086,44.091,53.818,0.091,46.617405,56.094753,1.3429549,62.0,39.0,18.0,1.0,4.277,32.0,51.0,8.21,-0.03232,-0.3518,3.624047118715207,,
2983,67,5086,45.273,52.636,-0.273,44.823833,56.06501,1.2778143,67.0,39.0,18.0,1.0,5.14,32.0,51.0,10.94,0.93,0.5166,3.790103635400156,,
2983,70,5086,46.182,51.909,-0.818,46.28862,48.906647,1.5355159,70.0,39.0,18.0,1.0,4.973,32.0,51.0,7.918,1.826,-0.298,3.816350148055313,,
2984,71,14309,200.182,138.0,2.455,203.16438,136.99289,4.8102517,71.0,39.0,68.0,1.0,4.344,35.0,19.0,11.74,-1.388,0.0155,3.93142106455833,,
2984,72,14309,199.727,139.727,2.636,203.52737,136.43875,4.918653,72.0,39.0,68.0,1.0,4.453,35.0,19.0,7.562,0.06995,-0.2322,5.519592821740471,,
2984,73,14309,200.636,140.0,2.545,204.83257,136.11253,4.773229,73.0,39.0,68.0,1.0,4.867,35.0,19.0,10.984,-0.62,-0.3154,6.139106387923337,,
2985,45,8592,73.727,96.455,8.091,72.162834,96.05704,4.942337,45.0,39.0,37.0,1.0,4.438,24.0,34.0,8.375,-2.367,-0.377,3.538229235751267,,
2985,51,10114,67.455,98.182,7.909,70.42184,98.55686,5.7984977,51.0,39.0,45.0,1.0,4.785,24.0,6.0,11.53,-2.873,-0.825,3.660174799583391,,
2992,41,8235,128.364,267.364,5.455,122.96047,269.34494,1.266821,41.0,40.0,35.0,1.0,4.91,44.0,14.0,8.09,4.402,0.5503,7.117801843303955,,
2993,44,8775,384.364,4.909,-0.545,385.54572,8.795455,0.8846417,44.0,40.0,38.0,1.0,3.059,13.0,27.0,7.875,2.77,-0.6406,4.306375507988591,,
2997,82,13227,419.091,334.182,-0.455,421.99243,336.98132,0.7165486,82.0,40.0,62.0,1.0,2.95,54.0,32.0,7.492,1.474,-0.6987,4.198453837957707,,
3003,67,11319,509.273,6.636,9.727,494.52225,0.09090057,0.0,67.0,67.0,52.0,1.0,0.1189,5.0,15.0,-8.04,0.2009,0.2395,18.842438300577967,,
3004,46,9105,305.364,109.455,-0.636,302.5744,107.0994,2.0197477,46.0,40.0,40.0,1.0,4.05,28.0,27.0,6.17,2.21,-0.2391,4.514832817065876,,
3004,52,8777,305.545,110.727,-0.182,308.29318,113.18853,1.0467602,52.0,40.0,38.0,1.0,4.555,28.0,53.0,4.49,1.433,-0.4863,3.888634063833208,,
3008,40,6992,363.909,288.091,4.091,360.43634,287.76605,6.6197286,40.0,40.0,28.0,1.0,2.58,14.0,8.0,0.11334,-2.686,0.1971,4.308065495156508,,
3010,56,3029,427.727,53.909,9.364,429.20578,53.843353,5.6526012,56.0,55.0,6.0,1.0,3.668,36.0,37.0,5.445,-1.106,0.0517,3.995695292392868,,
3015,54,10799,102.909,264.909,9.364,100.54929,264.7789,5.2762423,54.0,53.0,49.0,1.0,3.566,46.0,27.0,7.766,-1.32,0.2783,4.721749708318869,,
3015,88,17115,51.273,290.273,9.364,46.66829,280.32864,5.2876644,88.0,53.0,83.0,1.0,3.467,46.0,9.0,1.817,-1.101,-0.09595,11.6923120860473,,
3015,98,16230,3.455,313.273,6.545,6.7550015,303.96106,5.7504125,98.0,53.0,78.0,1.0,3.148,46.0,16.0,3.344,-2.707,0.02525,9.91128678622304,,
3019,58,6968,183.182,365.545,5.818,181.4653,376.29535,4.8986773,58.0,40.0,28.0,1.0,5.117,47.0,34.0,13.16,-0.3425,-0.3892,10.925302661218796,,
3019,85,13896,128.091,401.0,0.545,126.38507,404.02585,1.4127375,85.0,40.0,66.0,1.0,4.87,47.0,30.0,7.96,2.201,0.4492,3.580353859090778,,
3019,86,13896,125.364,401.545,-0.545,122.004875,403.99274,1.745676,86.0,40.0,66.0,1.0,3.105,47.0,30.0,6.13,2.078,-0.1814,4.745771634855715,,
3020,63,439,360.545,455.909,0.364,362.32306,459.0042,1.3527215,63.0,40.0,0.0,1.0,5.46,46.0,68.0,13.94,2.371,-0.7534,3.703961474983561,,
3021,52,7228,269.091,163.909,9.091,268.35968,165.15813,5.3105555,52.0,40.0,29.0,1.0,4.465,14.0,47.0,6.414,-1.158,-0.4038,4.0480755078037065,,
3022,49,10052,78.091,384.091,4.364,70.61839,382.7235,7.9999967,49.0,40.0,45.0,1.0,4.375,21.0,13.0,-4.297,-3.94,-0.02089,8.42202045025484,,
3029,50,6770,352.636,385.636,2.273,352.21796,389.86597,1.2572882,50.0,40.0,27.0,1.0,4.402,26.0,30.0,12.9,0.3582,-0.3044,4.3702487461423845,,
3030,40,6136,453.091,281.455,9.455,460.026,287.1855,4.3103576,40.0,40.0,23.0,1.0,3.008,13.0,14.0,4.414,-1.453,0.3176,10.363406808278729,,
3030,45,9839,452.091,282.091,9.091,451.67215,277.1431,3.3363822,45.0,40.0,44.0,1.0,3.553,13.0,5.0,5.047,1.437,0.857,7.600840463828779,,
3030,51,5373,434.727,297.455,9.091,432.59457,295.55127,6.0632315,51.0,40.0,19.0,1.0,4.426,13.0,33.0,5.082,-2.96,-0.2194,4.163991799630762,,
3030,52,5373,430.636,300.0,9.727,430.67862,294.75394,7.171215,52.0,40.0,19.0,1.0,3.648,13.0,33.0,-0.5703,-2.693,0.542,5.835666110584549,,
3031,40,9026,500.545,330.909,4.727,503.99646,325.4156,6.7101774,40.0,40.0,40.0,1.0,3.586,34.0,28.0,3.82,-0.0903,-0.14,6.784026259638949,,
3037,48,7696,175.545,91.727,6.091,181.72823,97.068726,6.3028555,48.0,41.0,32.0,1.0,4.844,12.0,19.0,10.27,-3.414,-0.4114,8.173815060597853,,
3041,56,11262,114.0,375.909,5.818,107.924385,379.1744,6.2805586,56.0,41.0,52.0,1.0,3.809,25.0,10.0,4.203,-0.698,0.142,6.913023596564599,,
3046,53,5662,439.727,186.727,0.909,431.02,183.71439,0.92398924,53.0,41.0,21.0,1.0,3.17,24.0,51.0,2.69,2.191,-0.0809,9.213462578716843,,
3046,54,11775,439.727,186.545,0.818,452.27155,184.7319,7.999999,54.0,41.0,54.0,1.0,2.684,24.0,12.0,-6.32,0.9243,0.1343,14.568259194169404,,
3046,55,10730,432.727,187.818,0.545,437.5036,196.03807,7.999996,55.0,41.0,49.0,1.0,4.344,24.0,7.0,-4.832,-0.03226,-0.871,12.081490956207192,,
3046,61,12556,428.909,195.273,0.818,437.02893,192.04724,6.7063265,61.0,41.0,58.0,1.0,3.928,24.0,11.0,6.527,-2.791,0.1188,10.536184307096306,,
3048,44,9200,263.636,475.636,6.273,266.50403,473.76038,3.5308366,44.0,41.0,40.0,1.0,4.586,8.0,8.0,13.97,-1.181,-0.10364,4.388964180487182,,
3048,47,6467,262.727,476.364,6.091,261.98572,472.35782,6.6666665,47.0,41.0,25.0,1.0,5.13,8.0,34.0,5.914,-1.112,0.1875,4.114652615959452,,
3049,41,1215,273.545,265.455,8.0,281.69833,269.434,1.0036544,41.0,41.0,0.0,1.0,2.496,51.0,41.0,4.816,2.879,0.2393,11.456791996171502,,
3053,43,2835,108.455,409.364,9.727,108.01405,409.61636,5.106706,43.0,41.0,6.0,1.0,3.504,5.0,51.0,8.09,-0.396,0.074,4.648143620687296,,
3054,46,4894,35.909,441.455,0.273,30.701057,449.06644,2.3265634,46.0,41.0,17.0,1.0,4.855,17.0,38.0,5.67,0.1511,0.862,9.448481984036844,,
3060,44,9505,196.727,101.091,-0.364,193.84174,97.34874,7.015582,44.0,41.0,42.0,1.0,3.49,6.0,13.0,6.4,-1.757,-0.3848,8.762845751804832,,
3060,46,8026,182.364,107.727,-0.818,174.6812,102.77327,5.3299456,46.0,41.0,34.0,1.0,2.787,6.0,10.0,3.95,-1.68,-0.2986,11.016446425842576,,
3068,43,2099,313.727,510.091,6.273,320.99823,510.9972,0.0,43.0,41.0,2.0,1.0,-5.832,4.0,44.0,-0.3254,1.28,-0.3853,9.645854713445567,,
3071,47,8540,420.455,404.273,-0.545,418.89362,407.90503,0.375666,47.0,41.0,37.0,1.0,2.307,8.0,8.0,1.467,1.229,-0.6665,4.059208704766959,,
3072,64,13339,239.455,420.091,8.182,239.77339,431.53146,5.450229,64.0,41.0,63.0,1.0,3.816,25.0,19.0,3.633,-1.194,0.001251,11.766395794810762,,
3072,65,13496,232.455,420.909,7.636,224.51465,421.81998,5.0815516,65.0,41.0,64.0,1.0,3.656,25.0,20.0,5.344,-0.3281,0.3665,8.390724003991725,,
3074,42,9061,73.182,260.636,0.636,65.114296,263.61093,3.780817,42.0,41.0,40.0,1.0,3.453,15.0,5.0,4.703,-1.107,-0.4512,9.155759405969826,,
3074,46,9719,58.545,272.545,0.273,62.171406,273.27576,1.588736,46.0,41.0,43.0,1.0,4.273,15.0,18.0,9.625,-0.2905,-0.3547,3.9263203990672912,,
3081,53,6346,355.636,154.636,7.091,355.50024,155.5595,3.1432765,53.0,44.0,25.0,1.0,5.35,14.0,25.0,15.016,1.245,-0.3066,4.056575385722825,,
3082,75,14723,149.091,386.818,9.364,146.94073,387.36456,6.4663143,75.0,42.0,70.0,1.0,4.508,49.0,11.0,10.86,-2.334,-0.674,3.6495165875064224,,
3082,76,14176,149.364,385.273,9.455,147.85147,387.2294,6.5349298,76.0,42.0,67.0,1.0,4.883,49.0,8.0,11.14,-1.221,0.1842,3.8264942093028096,,
3082,77,13896,148.545,385.273,9.364,147.7478,388.3066,5.3438773,77.0,42.0,66.0,1.0,5.84,49.0,30.0,12.945,-1.563,-0.379,5.098984538420873,,
3082,79,16203,148.818,385.909,9.545,147.41599,387.73666,6.651562,79.0,42.0,78.0,1.0,4.938,49.0,20.0,11.04,-1.689,-0.1445,3.6983721521155735,,
3089,46,7479,47.818,212.091,7.545,51.720093,211.68575,2.525096,46.0,42.0,31.0,1.0,3.877,33.0,16.0,11.18,2.5,-0.1074,6.371027665327236,,
3089,47,6952,45.545,216.0,7.455,45.86362,215.26161,3.527241,47.0,42.0,28.0,1.0,4.594,33.0,40.0,9.266,-0.0233,-0.11163,4.009242978241779,,
3090,50,8490,439.818,392.455,6.636,442.27,394.11932,4.6783595,50.0,42.0,37.0,1.0,4.324,28.0,21.0,9.25,-1.6,-0.264,3.5517068276591117,,
3094,44,6770,350.727,389.182,-0.636,350.941,386.50433,1.698397,44.0,43.0,27.0,1.0,3.74,29.0,30.0,8.836,2.256,-0.1587,3.558809068004237,,
3094,45,6770,350.364,388.727,-0.545,350.35568,386.28537,2.0011394,45.0,43.0,27.0,1.0,3.875,29.0,30.0,10.12,1.536,0.6064,3.5276695031610084,,
3094,46,6770,350.364,389.091,-0.455,351.68436,386.34592,1.8802954,46.0,43.0,27.0,1.0,3.893,29.0,30.0,8.695,1.428,-0.6357,3.8382833846996576,,
3094,48,6770,350.182,388.818,-0.455,352.27145,386.78387,1.5356227,48.0,43.0,27.0,1.0,4.543,29.0,30.0,11.51,1.959,-0.52,3.5307314954772906,,
3094,51,6770,352.818,390.909,-0.364,349.76447,392.58862,0.78995115,51.0,43.0,27.0,1.0,2.73,29.0,30.0,7.99,3.37,-0.4397,3.6710723313340097,,
3094,52,11155,353.182,390.364,-0.455,352.7926,386.6139,1.7394861,52.0,43.0,51.0,1.0,3.432,29.0,35.0,5.836,0.8857,-0.4978,4.362413507806549,,
3094,56,11155,352.273,390.0,-0.364,348.79678,389.33884,1.0509522,56.0,43.0,51.0,1.0,3.498,29.0,35.0,4.68,3.094,0.1212,3.8109484071927446,,
3098,71,12845,240.364,119.455,2.182,236.77797,115.731346,0.4306216,71.0,42.0,60.0,1.0,3.45,44.0,25.0,3.03,1.807,-0.6846,5.458253985717638,,
3099,42,9114,494.273,130.545,7.0,489.20114,124.97627,7.045335,42.0,42.0,40.0,1.0,3.479,30.0,36.0,4.92,-2.246,-0.1565,7.532368348316817,,
3100,42,7927,358.455,284.273,0.273,358.27768,291.02374,0.8565264,42.0,42.0,33.0,1.0,4.457,14.0,13.0,8.44,4.434,-0.8906,6.778232512203775,,
3100,43,7927,357.455,285.909,0.182,354.3216,292.87442,0.50571793,43.0,42.0,33.0,1.0,4.812,14.0,13.0,9.97,3.988,-0.4995,7.644610168910078,,
3100,44,8924,352.182,289.273,0.0,349.83746,293.7208,3.5659068,44.0,42.0,39.0,1.0,3.74,14.0,15.0,8.49,0.5776,-0.05072,6.164047692700469,,
3100,55,10410,314.545,316.091,-0.455,309.74222,322.4143,0.801948,55.0,42.0,47.0,1.0,2.043,14.0,15.0,1.7295,1.626,0.1857,8.039324405265944,,
3104,42,997,29.273,146.182,9.364,21.215187,147.17056,2.4118655,42.0,42.0,0.0,1.0,4.176,21.0,77.0,8.336,1.231,0.2219,10.688207301631984,,
3105,43,9245,66.0,264.091,4.273,73.33476,261.03827,1.0435063,43.0,42.0,41.0,1.0,3.693,10.0,6.0,5.5,3.352,-0.3647,8.575983574426884,,
3111,54,11301,206.182,284.182,-0.273,193.9257,289.87146,0.0,54.0,42.0,52.0,1.0,1.206,18.0,11.0,-7.0,-0.3196,0.5176,13.515227477981997,,
3111,56,11153,205.818,284.727,-0.455,209.21933,277.7379,4.1445203,56.0,42.0,51.0,1.0,3.324,18.0,31.0,2.49,-0.02542,0.1376,9.031730264407337,,
3111,59,9807,208.0,284.727,-0.909,211.9138,292.9609,0.54246116,59.0,42.0,43.0,1.0,2.521,18.0,31.0,3.986,3.94,0.03119,9.231558868847054,,
3114,70,13535,140.727,85.364,8.545,142.75688,87.206955,6.3356094,70.0,42.0,64.0,1.0,3.648,46.0,25.0,4.613,-1.976,-0.0995,3.521122373589604,,
3114,79,13535,128.818,89.182,7.818,132.85265,87.695305,6.8811913,79.0,42.0,64.0,1.0,4.54,46.0,25.0,9.0,-1.88,-0.6577,4.400712804298944,,
3114,81,15846,116.182,94.364,7.455,114.37986,94.438095,4.424438,81.0,42.0,76.0,1.0,4.11,46.0,14.0,9.08,-0.9204,-0.0583,3.5266846590628185,,
3115,64,13261,311.727,1.0,6.545,302.25952,0.0,0.24680923,64.0,64.0,63.0,1.0,2.244,4.0,14.0,-9.33,-0.5464,-0.4053,11.41491938323318,,
3116,50,10858,508.818,244.455,2.273,505.1616,253.60938,0.0,50.0,50.0,50.0,1.0,5.004,9.0,4.0,-6.414,-1.646,0.288,10.116247483350694,,
3118,49,5449,160.273,58.909,7.727,165.71744,56.208664,0.0,49.0,42.0,20.0,1.0,2.482,8.0,45.0,-2.178,1.973,-0.953,9.83057833631858,,
3123,67,7509,374.182,121.182,9.455,365.92874,114.86224,5.120642,67.0,42.0,31.0,1.0,3.61,32.0,49.0,3.852,-0.671,-0.01842,11.262429860263913,,
3125,61,11628,493.909,140.091,5.182,496.09644,150.9892,7.999994,61.0,53.0,54.0,1.0,0.165,9.0,11.0,-5.41,-1.167,-0.4795,11.467203110507636,,
3128,49,4216,246.909,134.455,9.545,243.60051,133.08887,6.532083,49.0,42.0,13.0,1.0,3.57,24.0,38.0,5.945,-1.401,0.11194,4.678684228059095,,
3143,43,332,229.545,361.909,6.091,230.84053,360.7398,2.441597,43.0,42.0,0.0,1.0,3.44,36.0,53.0,7.92,1.784,0.01396,4.045190833237539,,
3143,49,6377,229.273,363.091,5.818,230.89474,361.56396,2.3402987,49.0,42.0,25.0,1.0,5.656,36.0,25.0,14.26,-0.638,0.597,4.129927132677009,,
3143,67,12295,207.818,400.0,8.364,208.81616,400.2037,4.286697,67.0,42.0,57.0,1.0,4.395,36.0,23.0,8.76,-0.791,-0.8867,4.202644028395574,,
3148,49,7290,355.455,191.909,0.727,356.0867,181.64117,0.0,49.0,43.0,30.0,1.0,1.221,57.0,14.0,-8.38,2.066,0.1592,10.312900018855032,,
3148,50,5691,352.091,196.818,0.636,344.01263,198.91188,3.0800986,50.0,43.0,21.0,1.0,3.951,57.0,32.0,6.47,-0.6133,0.154,8.695861847903403,,
3148,98,14665,281.091,233.364,3.182,277.7298,242.3648,7.9999924,98.0,43.0,70.0,1.0,3.621,57.0,25.0,-5.22,-1.769,1.428,10.748261108033136,,
3149,49,8401,58.0,250.0,8.636,62.1714,259.84988,7.999996,49.0,43.0,36.0,1.0,3.342,32.0,9.0,-6.258,-1.864,-0.2439,10.715652806171711,,
3149,50,9733,58.182,250.091,8.636,60.89363,239.50403,4.367407,50.0,43.0,43.0,1.0,3.602,32.0,21.0,2.85,-1.249,-0.04834,11.732764262416984,,
3156,43,4148,105.455,60.455,-0.091,119.220955,54.55789,0.0,43.0,43.0,13.0,1.0,2.576,20.0,17.0,-9.66,-0.881,-0.6504,14.976171220112477,,
3157,43,7387,446.0,122.818,9.545,448.32614,124.26202,6.6852007,43.0,43.0,30.0,1.0,4.21,5.0,21.0,7.27,-1.833,-0.0521,3.959112665267378,,
3159,48,10510,176.182,194.818,7.727,174.22249,202.89014,0.0,48.0,43.0,48.0,1.0,1.834,11.0,4.0,-4.09,-1.623,0.56,11.344851370542491,,
3161,79,9087,157.455,394.273,-0.727,158.48595,390.5308,1.0800436,79.0,43.0,40.0,1.0,2.756,37.0,41.0,5.33,2.41,0.05984,4.281626480065856,,
3166,43,8426,373.455,372.818,5.636,366.16885,371.8635,0.0,43.0,43.0,36.0,1.0,1.369,48.0,7.0,-4.355,0.604,-0.0558,9.260861086988587,,
3166,46,1271,367.545,375.182,5.545,368.81055,371.5844,4.009923,46.0,43.0,0.0,1.0,4.7,48.0,94.0,10.69,-0.0206,-0.4675,4.111058739355217,,
3167,66,13939,190.0,41.455,7.818,195.96242,47.484966,4.861696,66.0,55.0,66.0,1.0,3.414,43.0,7.0,5.254,-0.7407,-0.2556,8.980572117519692,,
3169,60,11550,328.545,393.636,0.273,332.01105,395.48007,0.7018598,60.0,43.0,53.0,1.0,3.168,28.0,11.0,5.99,2.428,0.2505,3.949432553602602,,
3169,61,11155,329.364,394.0,0.273,332.3002,395.93243,1.0763388,61.0,43.0,51.0,1.0,3.43,28.0,35.0,7.46,3.39,-0.4548,3.60567738053278,,
3171,51,4393,492.091,189.182,-0.455,490.40445,192.47816,1.2146405,51.0,43.0,14.0,1.0,2.865,40.0,40.0,6.926,2.512,0.4146,4.061627881446106,,
3171,54,6340,485.545,188.273,-0.364,482.25092,188.75813,2.3718352,54.0,43.0,25.0,1.0,4.74,40.0,60.0,13.055,0.706,0.3997,4.309420889732063,,
3171,55,6340,482.182,189.636,-0.182,484.13367,186.5798,2.7149262,55.0,43.0,25.0,1.0,3.69,40.0,60.0,10.21,-0.1313,-0.844,4.6412881441628135,,
3174,43,8280,271.182,427.818,2.636,269.7798,436.52664,7.999999,43.0,43.0,35.0,1.0,3.197,28.0,13.0,-4.3,-1.567,-0.6167,10.32371351605618,,
3176,44,9897,324.727,357.727,1.182,324.97293,351.4286,5.930395,44.0,43.0,44.0,1.0,3.443,20.0,13.0,4.41,-1.548,-0.4824,7.891614486334498,,
3181,45,7630,227.0,10.455,8.818,225.69904,12.77816,5.969021,45.0,43.0,32.0,1.0,4.14,6.0,37.0,7.594,-2.084,0.06274,3.899519284429942,,
3193,44,9853,337.727,453.091,2.545,330.9995,446.43115,0.0,44.0,43.0,44.0,1.0,5.508,32.0,50.0,-5.465,0.1335,-1.045,9.802544734531926,,
3193,45,9853,338.636,453.909,2.545,335.51227,438.99927,0.0,45.0,43.0,44.0,1.0,2.406,32.0,50.0,-8.36,1.516,-0.584,15.444570657217998,,
3194,43,8777,314.455,107.455,8.636,315.7463,109.57221,5.7743144,43.0,43.0,38.0,1.0,4.63,5.0,53.0,8.84,-2.03,-0.551,3.78672395975036,,
3194,44,8777,314.727,108.273,8.545,316.1328,109.92624,5.4178343,44.0,43.0,38.0,1.0,4.727,5.0,53.0,8.39,-1.62,-0.36,3.806394810428435,,
3195,43,7025,33.455,199.364,4.727,31.78781,196.09062,0.787841,43.0,43.0,28.0,1.0,3.523,11.0,10.0,1.692,1.31,0.1819,5.386233632862671,,
3196,51,9797,218.091,291.364,0.182,226.43283,293.4197,0.4649635,51.0,43.0,43.0,1.0,2.7,20.0,14.0,1.582,2.104,-0.07,8.596051336586587,,
3196,52,9797,218.636,290.909,0.273,224.826,295.18805,0.5343757,52.0,43.0,43.0,1.0,1.47,20.0,14.0,4.14,1.6455,0.3652,7.529587383054288,,
3198,46,10073,330.909,370.636,7.273,329.4274,368.57095,4.5362024,46.0,44.0,45.0,1.0,5.52,12.0,12.0,13.61,-1.449,-0.3052,3.734920503285977,,
3203,74,14320,349.545,232.091,8.364,349.3039,229.80452,4.978668,74.0,73.0,68.0,1.0,5.176,27.0,29.0,10.32,-2.299,0.002823,4.09226010300226,,
3203,75,14320,348.455,231.909,8.091,348.6679,229.77103,4.90008,75.0,73.0,68.0,1.0,5.91,27.0,29.0,11.18,-1.613,-0.011826,3.846844496116262,,
3204,47,9962,397.364,197.455,8.0,399.86194,197.95856,5.497409,47.0,44.0,44.0,1.0,4.332,27.0,8.0,4.7,-0.666,0.2247,3.571587690437004,,
3204,60,10880,353.909,207.909,8.364,344.9605,203.43384,1.7299145,60.0,44.0,50.0,1.0,2.865,27.0,15.0,6.105,1.594,0.3225,12.004740717604422,,
3205,51,10013,478.273,441.091,7.0,479.6688,429.9398,6.398173,51.0,44.0,44.0,1.0,4.05,12.0,23.0,3.145,-2.383,-0.10364,11.254319829200218,,
3205,53,10108,472.0,447.273,8.182,463.52036,448.08224,1.3076795,53.0,44.0,45.0,1.0,3.924,12.0,9.0,6.223,0.2191,0.06494,10.946024220872184,,
3208,71,5449,157.091,80.455,9.909,154.49226,78.32739,6.621139,71.0,44.0,20.0,1.0,2.781,28.0,45.0,8.18,-1.993,-0.3845,4.700021686654343,,
3211,74,5032,326.545,333.273,6.182,328.79657,332.571,2.675237,74.0,44.0,18.0,1.0,5.09,54.0,72.0,11.7,1.724,-0.1172,4.226080714216047,,
3211,75,5032,327.0,333.636,6.182,328.70758,332.3073,2.95017,75.0,44.0,18.0,1.0,4.46,54.0,72.0,10.555,0.369,0.388,3.889215640113068,,
3211,76,5032,326.455,333.273,6.182,327.998,332.51523,2.932814,76.0,44.0,18.0,1.0,5.69,54.0,72.0,11.1,0.9707,0.4292,3.675904519366097,,
3211,96,18237,285.818,336.273,5.455,281.06918,331.56488,7.969697,96.0,44.0,89.0,1.0,3.781,54.0,5.0,-4.883,-1.646,-1.016,7.144325463513596,,
3211,97,6571,276.273,336.182,5.273,275.89505,340.9787,1.154261,97.0,44.0,26.0,1.0,4.836,54.0,62.0,7.52,2.584,-0.529,6.333655188169062,,
3214,90,18064,500.455,126.818,2.273,489.9992,129.38081,0.0,90.0,78.0,88.0,1.0,3.236,22.0,11.0,-8.18,1.572,-0.7993,11.00264866912055,,
3214,91,18338,497.636,127.818,2.0,510.99936,132.0534,7.99999,91.0,78.0,89.0,1.0,3.014,22.0,7.0,-10.15,4.4,0.3953,15.24853709867606,,
3216,66,12930,403.909,255.909,-0.455,402.13403,260.06815,1.2167675,66.0,44.0,60.0,1.0,3.404,36.0,5.0,7.004,1.412,0.2368,4.821188006856436,,
3216,67,12930,403.818,256.455,-0.545,402.29358,259.95016,1.2858804,67.0,44.0,60.0,1.0,3.848,36.0,5.0,6.906,2.645,-0.9473,4.2299081315205935,,
3219,46,5345,383.727,171.818,-0.364,386.0473,170.03131,1.6028099,46.0,44.0,19.0,1.0,3.885,19.0,40.0,9.83,1.22,-0.6953,3.5276613256998237,,
3219,47,5345,384.364,172.182,-0.455,386.7603,169.25409,1.6848335,47.0,44.0,19.0,1.0,3.332,19.0,40.0,8.44,1.048,-0.494,4.346699675135403,,
3219,53,7501,379.909,173.545,-0.182,376.66064,171.77144,0.8249378,53.0,44.0,31.0,1.0,5.43,19.0,28.0,13.92,3.984,-0.6265,3.835528841798572,,
3219,54,6934,379.909,174.364,-0.273,375.9211,176.41937,4.123761,54.0,44.0,28.0,1.0,3.297,19.0,30.0,8.945,-1.628,-0.126,6.281671715237964,,
3220,66,6467,242.364,475.273,3.364,248.99907,478.9982,7.99997,66.0,44.0,25.0,1.0,-0.3857,56.0,34.0,-1.881,-4.125,0.2142,8.910302283637721,,
3220,70,14150,225.545,486.727,2.091,229.09938,485.69788,2.7841601,70.0,44.0,67.0,1.0,5.46,56.0,20.0,9.695,1.1,-0.2126,3.764727889639838,,
3225,68,13560,365.545,500.273,9.909,367.88715,497.66232,6.948417,68.0,68.0,64.0,1.0,4.035,8.0,26.0,8.55,-1.903,-0.502,4.589811367015973,,
3225,75,11611,359.636,502.273,9.727,360.92218,499.97742,6.5153637,75.0,68.0,54.0,1.0,4.95,8.0,21.0,8.375,-2.732,-0.416,4.151933796711821,,
3227,47,8231,235.091,58.545,7.727,234.18338,60.838512,4.5703497,47.0,44.0,35.0,1.0,4.152,52.0,31.0,9.83,-1.102,-0.2556,4.006046988620342,,
3227,68,13650,222.273,68.273,8.091,220.47221,69.463196,4.8675847,68.0,44.0,65.0,1.0,4.566,52.0,16.0,9.69,-0.28,0.1744,3.879409405926385,,
3228,52,10336,450.727,289.818,2.818,451.25134,277.01346,3.457344,52.0,44.0,46.0,1.0,4.273,48.0,8.0,3.717,0.648,0.4902,12.831209522002805,,
3228,73,11381,416.455,341.364,0.0,418.10403,338.48764,2.0539944,73.0,44.0,53.0,1.0,3.646,48.0,22.0,9.266,2.516,0.502,3.9002102232740423,,
3231,45,10014,490.182,504.727,9.545,491.34894,503.48193,5.792028,45.0,44.0,44.0,1.0,3.994,6.0,7.0,7.77,-2.87,-0.3403,4.122711134833972,,
3231,46,10014,489.909,506.0,9.455,491.28644,504.13095,5.704278,46.0,44.0,44.0,1.0,3.674,6.0,7.0,7.67,-2.352,0.693,4.411190811717869,,
3231,47,10014,489.0,506.0,9.636,490.80945,504.26532,6.2071676,47.0,44.0,44.0,1.0,3.998,6.0,7.0,5.945,-1.654,-0.1587,4.24736572856517,,
3235,51,9188,25.182,276.636,9.091,25.656147,274.58127,6.23741,51.0,44.0,40.0,1.0,4.457,12.0,14.0,10.414,-3.047,-0.4036,3.548197660588968,,
3235,54,9188,21.818,279.182,9.364,27.999956,271.51114,7.999987,54.0,44.0,40.0,1.0,4.77,12.0,14.0,-6.117,0.1598,0.2842,9.945813420213808,,
3241,79,12516,258.727,164.727,-0.636,261.47095,163.91196,1.7164372,79.0,62.0,58.0,1.0,4.152,30.0,39.0,5.25,1.054,0.3962,3.705065800231365,,
3243,45,9544,47.909,203.909,7.182,50.986855,208.91423,6.6787205,45.0,44.0,42.0,1.0,4.14,24.0,53.0,14.586,-5.37,-0.642,5.897356103292844,,
3243,54,10117,32.909,213.545,6.545,32.078014,216.47092,4.5668383,54.0,44.0,45.0,1.0,4.816,24.0,16.0,12.51,-0.63,0.3882,3.628314938086687,,
3243,57,7027,17.727,226.182,6.909,15.3098545,229.86478,5.080701,57.0,44.0,28.0,1.0,4.484,24.0,31.0,11.1,-2.28,-0.791,4.76950082607932,,
3243,58,2548,12.364,230.182,6.909,17.748747,227.78252,1.4851853,58.0,44.0,4.0,1.0,5.25,24.0,53.0,10.12,3.027,-0.0812,8.010666041244324,,
3243,59,2548,7.273,234.091,6.818,16.798662,227.03665,1.3855865,59.0,44.0,4.0,1.0,5.973,24.0,53.0,11.25,2.752,-0.978,13.038911261900903,,
3243,60,12898,1.455,238.0,6.636,5.253832,234.71793,1.887897,60.0,44.0,60.0,1.0,4.523,24.0,4.0,8.82,1.29,-0.2079,6.909963107552242,,
3243,64,13345,2.909,238.818,6.273,7.4594326,245.89778,0.0,64.0,44.0,63.0,1.0,2.652,24.0,14.0,-2.723,-0.4814,0.07385,10.496678079065909,,
3243,67,12602,2.545,237.0,6.364,1.4357108,234.67418,2.6445422,67.0,44.0,58.0,1.0,5.58,24.0,9.0,17.4,3.328,0.1786,4.524856630614659,,
3244,54,9980,68.545,89.818,-0.455,64.684044,87.87923,1.6702799,54.0,44.0,44.0,1.0,3.912,12.0,12.0,9.805,0.725,-0.2242,4.814833849696164,,
3247,45,4961,465.455,32.727,0.0,462.67166,34.4857,3.3611727,45.0,44.0,17.0,1.0,4.51,7.0,37.0,16.02,-0.6157,0.01688,4.7050493265028965,,
3249,46,6514,98.818,349.182,2.818,98.85065,341.4502,4.287381,46.0,44.0,26.0,1.0,3.986,16.0,22.0,4.48,1.148,0.2336,7.870252714218352,,
3250,51,5812,498.0,313.545,0.364,490.99023,313.85916,3.463377,51.0,49.0,22.0,1.0,4.49,4.0,22.0,12.72,-1.544,-0.07996,7.670835009738446,,
3253,49,6571,294.909,308.818,8.545,293.70102,305.76666,5.5100393,49.0,44.0,26.0,1.0,5.137,9.0,62.0,11.47,-2.406,-0.4634,4.469997530932685,,
3256,52,10121,59.273,350.273,-0.545,63.33168,350.2289,0.71714747,52.0,45.0,45.0,1.0,6.598,11.0,10.0,12.79,4.71,-0.816,4.250628705077329,,
3261,46,8848,490.727,313.636,3.909,487.11505,313.90756,3.685675,46.0,45.0,38.0,1.0,5.35,15.0,39.0,13.05,-0.3816,0.03125,3.629022139878018,,
3261,52,8848,492.091,312.636,4.0,487.30765,314.44867,1.6796329,52.0,45.0,38.0,1.0,5.645,15.0,39.0,8.62,3.037,0.1925,5.61696655056465,,
3261,57,11227,477.727,320.273,4.545,480.90408,313.78696,0.27746978,57.0,45.0,52.0,1.0,2.709,15.0,6.0,3.482,2.773,0.0003662,8.388943103074045,,
3262,66,12707,47.909,116.818,9.545,47.496777,119.9914,6.22044,66.0,45.0,59.0,1.0,4.547,24.0,20.0,7.26,-2.592,-0.0775,4.61444412202911,,
3262,67,12707,44.545,120.091,9.545,46.187744,120.9202,6.120417,67.0,45.0,59.0,1.0,3.121,24.0,20.0,6.12,-2.924,0.3528,3.88766629398988,,
3265,47,10335,465.636,262.636,1.545,466.7912,275.0694,3.189684,47.0,45.0,46.0,1.0,3.848,26.0,4.0,8.586,-0.3174,0.0395,12.594796864572874,,
3265,49,1920,465.727,263.091,1.818,475.26688,267.0965,7.999997,49.0,45.0,2.0,1.0,2.176,26.0,43.0,-4.945,-2.242,-0.816,12.052818241905484,,
3265,63,13081,458.273,265.545,1.909,454.65897,277.61356,0.0,63.0,45.0,61.0,1.0,2.871,26.0,4.0,-4.844,-1.357,0.06726,12.741885037721064,,
3266,54,9807,225.455,295.0,0.0,228.11763,292.72665,0.55263317,54.0,45.0,43.0,1.0,2.637,16.0,31.0,5.66,3.336,0.07117,3.5444494861662377,,
3266,57,11169,225.818,295.455,0.0,230.37146,292.96765,0.41271344,57.0,45.0,51.0,1.0,2.38,16.0,31.0,3.16,1.003,0.2073,5.204924627471238,,
3266,59,9873,217.636,297.636,-0.182,222.46234,298.5418,1.3821902,59.0,45.0,44.0,1.0,3.607,16.0,20.0,9.58,0.6147,-0.1324,5.153709578291757,,
3266,60,11469,210.273,299.455,-0.818,207.83322,296.45056,0.4088509,60.0,45.0,53.0,1.0,2.008,16.0,9.0,0.3328,1.281,0.4626,4.060092276393563,,
3269,45,4456,415.091,402.273,4.818,415.4824,407.171,5.7464886,45.0,45.0,14.0,1.0,4.047,19.0,34.0,8.445,-3.773,-0.287,5.000568871671465,,
3269,46,4456,414.727,401.0,4.727,416.78842,407.915,5.6702847,46.0,45.0,14.0,1.0,3.2,19.0,34.0,7.094,-3.39,0.7803,7.277119171873879,,
3271,57,8658,388.182,244.273,5.727,393.55652,243.45439,7.9999943,57.0,45.0,37.0,1.0,3.588,28.0,30.0,0.05975,-0.107,0.4382,5.892545345632232,,
3272,66,9194,226.182,498.545,5.636,228.92607,496.1157,5.017624,66.0,45.0,40.0,1.0,4.535,33.0,37.0,11.75,-1.163,0.4717,3.716693090944715,,
3282,45,7075,72.545,446.455,3.0,68.821396,452.3276,5.8882155,45.0,45.0,29.0,1.0,4.938,29.0,21.0,9.2,-0.9644,-0.2002,7.52957145415705,,
3282,46,7075,73.182,445.273,3.091,65.371346,449.75595,5.5047774,46.0,45.0,29.0,1.0,3.672,29.0,21.0,7.79,-1.777,0.788,9.323597907833992,,
3282,47,7075,72.364,445.545,3.273,65.233665,446.30295,5.629967,47.0,45.0,29.0,1.0,3.924,29.0,21.0,4.65,-0.3076,0.802,7.547944015015879,,
3282,48,7075,72.364,445.545,3.364,66.659996,443.74994,5.149346,48.0,45.0,29.0,1.0,3.354,29.0,21.0,6.566,-0.3728,0.319,6.240621954207136,,
3282,49,7075,72.273,444.182,3.364,67.724014,441.75784,4.307124,49.0,45.0,29.0,1.0,3.375,29.0,21.0,6.09,0.0325,0.7295,5.240162994905037,,
3282,72,13618,5.818,468.727,2.091,8.4924755,470.77777,3.1884143,72.0,45.0,65.0,1.0,5.523,29.0,31.0,11.76,0.11597,0.2264,3.5444033262094674,,
3284,51,3455,8.182,481.273,9.273,13.632632,479.5105,6.8748746,51.0,45.0,9.0,1.0,3.0,7.0,39.0,2.025,-2.31,-0.1482,6.210217458636155,,
3290,54,8664,36.0,339.0,-0.364,29.86406,341.3196,1.5978849,54.0,45.0,37.0,1.0,3.422,21.0,24.0,5.746,2.516,0.1637,6.846845712037619,,
3291,52,10126,218.455,149.0,7.727,218.04907,147.18053,4.722761,52.0,45.0,45.0,1.0,4.645,23.0,9.0,10.09,-0.9307,-0.1263,3.53563321272456,,
3291,54,10584,213.455,150.818,7.636,215.74464,155.6623,2.403376,54.0,45.0,48.0,1.0,3.662,23.0,4.0,10.336,-0.5835,-0.07544,7.489328924875427,,
3292,61,7320,64.636,334.091,6.0,66.704765,333.46188,3.1148496,61.0,45.0,30.0,1.0,5.824,43.0,32.0,12.305,1.697,0.3853,3.605505988102801,,
3293,54,10357,153.818,113.182,2.182,152.68768,117.00016,1.8584515,54.0,45.0,46.0,1.0,5.15,28.0,10.0,14.74,1.1455,0.556,3.995078562413037,,
3293,56,8139,153.909,113.0,2.273,152.83955,117.68968,1.6615281,56.0,45.0,34.0,1.0,5.055,28.0,50.0,12.86,1.281,-0.69,4.848785382896375,,
3293,62,11099,154.091,112.0,2.273,153.32602,108.48629,1.8601487,62.0,45.0,51.0,1.0,4.344,28.0,18.0,10.16,0.5244,-0.367,3.619640667305489,,
3294,66,8718,53.818,481.727,7.636,49.625187,481.60764,6.280543,66.0,45.0,38.0,1.0,4.688,29.0,43.0,8.65,-2.346,-0.303,4.408082501657382,,
3294,70,8718,45.455,494.545,8.545,45.540157,492.25037,5.6850686,70.0,45.0,38.0,1.0,4.586,29.0,43.0,6.484,-1.751,-0.342,3.667667673638813,,
3301,58,11699,121.273,359.273,-0.818,125.078705,361.1745,2.0115447,58.0,46.0,54.0,1.0,3.6,13.0,6.0,6.61,0.978,-0.055,5.109345947019355,,
3302,62,10730,445.182,186.182,-0.091,455.30188,186.02051,1.2165406,62.0,61.0,49.0,1.0,3.68,11.0,7.0,5.75,2.545,-0.1531,10.205278666217188,,
3303,64,9651,213.545,57.0,2.182,224.13834,60.486584,1.9784393,64.0,46.0,43.0,1.0,4.09,28.0,30.0,9.08,0.1487,0.1371,11.154217018833762,,
3312,51,10773,322.909,480.636,9.455,321.34332,482.80484,6.4796906,51.0,49.0,49.0,1.0,4.008,6.0,10.0,7.574,-2.19,-0.1761,4.000960738838645,,
3314,46,8592,72.091,99.0,8.727,71.58216,96.51803,5.262697,46.0,46.0,37.0,1.0,5.445,7.0,34.0,11.07,-2.754,0.02065,4.291909656820494,,
3314,47,8592,72.091,98.091,8.636,71.88842,96.49511,5.2232876,47.0,46.0,37.0,1.0,5.523,7.0,34.0,11.5,-3.432,-0.675,3.772864889392906,,
3314,48,8592,71.727,98.091,8.545,72.05388,96.677025,4.850585,48.0,46.0,37.0,1.0,5.438,7.0,34.0,12.67,-2.02,-0.6426,3.969241492684716,,
3314,49,8592,72.0,97.727,8.364,72.33188,96.559875,5.0665717,49.0,46.0,37.0,1.0,5.594,7.0,34.0,12.67,-2.191,-1.039,3.513596233727758,,
3314,50,8592,71.909,97.455,8.727,74.38226,96.02309,5.71333,50.0,46.0,37.0,1.0,5.223,7.0,34.0,10.77,-3.438,-0.3125,4.153262349599407,,
3314,51,10114,72.364,97.818,8.818,70.42184,98.55686,5.7984977,51.0,46.0,45.0,1.0,4.785,7.0,6.0,11.53,-2.873,-0.825,3.665418626146991,,
3317,61,11401,46.182,40.091,-0.727,47.976772,36.512638,0.23015518,61.0,56.0,53.0,1.0,2.543,7.0,12.0,-1.837,2.416,0.1445,4.116069383966797,,
3319,46,7455,399.636,26.182,8.818,404.3764,19.472506,4.906839,46.0,46.0,31.0,1.0,4.07,19.0,37.0,4.15,0.0003853,0.01749,9.098674753169094,,
3319,47,7455,400.636,25.364,8.818,401.27347,22.981934,5.7745686,47.0,46.0,31.0,1.0,4.41,19.0,37.0,6.32,-1.074,0.1809,3.917024523252554,,
3336,48,8192,459.0,311.909,7.182,454.47528,319.70615,7.999996,48.0,46.0,35.0,1.0,3.02,8.0,12.0,-4.58,-2.365,-0.010956,9.051947672015997,,
3347,49,10702,241.636,155.545,9.364,236.11922,146.16943,7.999999,49.0,47.0,49.0,1.0,2.275,11.0,16.0,-6.613,-1.089,0.0684,10.963424333724408,,
3347,56,11801,240.727,155.636,9.636,235.45615,158.50217,4.8662863,56.0,47.0,54.0,1.0,4.207,11.0,6.0,3.59,0.1403,-0.2095,7.66465648097602,,
3353,53,2318,317.818,229.273,7.364,320.57617,228.56387,5.0850525,53.0,47.0,3.0,1.0,5.27,7.0,47.0,12.17,-0.8486,-0.2874,3.647460597944311,,
3358,69,13273,44.636,166.0,9.727,40.481964,168.79124,7.086589,69.0,69.0,63.0,1.0,3.307,29.0,32.0,5.145,-1.705,0.3062,5.658516243311225,,
3359,50,6245,378.818,304.909,9.0,379.09372,303.33127,5.867571,50.0,47.0,24.0,1.0,4.64,16.0,29.0,11.164,-2.113,-0.3323,3.5181479376713165,,
3359,51,6245,379.364,305.455,8.909,377.7894,302.95584,5.890625,51.0,47.0,24.0,1.0,4.098,16.0,29.0,7.85,-2.344,-0.634,4.223239693200556,,
3359,53,6642,379.909,304.727,9.182,379.50745,303.01126,6.127862,53.0,47.0,26.0,1.0,4.27,16.0,39.0,8.195,-2.33,-0.03564,3.526012630882642,,
3359,54,6642,380.182,304.545,9.182,379.24115,303.08008,6.0569477,54.0,47.0,26.0,1.0,4.766,16.0,39.0,9.734,-2.832,0.2002,3.57730921317061,,
3359,56,6642,379.0,303.545,9.364,379.89575,301.8025,4.6596317,56.0,47.0,26.0,1.0,5.184,16.0,39.0,9.26,-0.1375,-0.152,5.096052925014119,,
3359,57,6642,378.545,303.182,9.182,379.71146,301.67642,4.597252,57.0,47.0,26.0,1.0,5.117,16.0,39.0,12.21,-0.7856,0.3352,4.964606156736299,,
3359,59,6642,377.364,302.545,9.182,378.99448,301.17496,4.807931,59.0,47.0,26.0,1.0,6.33,16.0,39.0,12.22,1.321,-0.1621,4.864972173482718,,
3362,57,9342,439.182,89.909,0.909,436.02277,88.24626,1.7121729,57.0,47.0,41.0,1.0,5.746,27.0,21.0,13.75,1.659,-1.725,3.659306656703512,,
3363,61,12198,494.818,251.818,8.727,495.1921,250.47864,4.8598847,61.0,56.0,57.0,1.0,4.035,33.0,10.0,7.316,-2.273,0.436,4.109551893223164,,
3365,56,11192,314.909,39.091,9.182,316.153,39.151386,5.733568,56.0,47.0,51.0,1.0,5.508,21.0,7.0,8.75,-2.99,-0.04077,3.6664513807795234,,
3365,57,11315,314.636,38.182,9.0,316.7815,38.999264,6.0297856,57.0,47.0,52.0,1.0,5.46,21.0,13.0,10.2,-2.586,0.05515,3.754099662723836,,
3365,58,11315,314.091,38.545,9.091,316.58282,38.947723,6.1606035,58.0,47.0,52.0,1.0,5.18,21.0,13.0,9.6,-2.018,-0.255,3.8676318819584345,,
3368,60,10162,77.818,417.909,9.182,78.8957,418.13086,5.7337074,60.0,47.0,45.0,1.0,4.293,15.0,45.0,8.29,-1.425,-0.2512,3.619582987695513,,
3368,61,10162,77.636,418.545,9.182,79.00115,418.61557,5.828549,61.0,47.0,45.0,1.0,4.047,15.0,45.0,5.625,-0.518,-0.014015,3.62136000099424,,
3369,47,6377,227.0,358.909,0.455,230.31679,362.62067,3.548559,47.0,47.0,25.0,1.0,4.4,46.0,25.0,12.22,-1.135,-0.1732,5.860690861961683,,
3369,48,6377,227.636,359.818,0.364,230.35448,362.70712,3.2831163,48.0,47.0,25.0,1.0,5.473,46.0,25.0,14.195,-1.288,-0.05505,4.925280485183117,,
3369,49,6377,227.727,360.455,0.364,230.89474,361.56396,2.3402987,49.0,47.0,25.0,1.0,5.656,46.0,25.0,14.26,-0.638,0.597,3.894884534979414,,
3372,62,10752,337.0,229.0,7.182,335.3796,230.70049,4.4883933,62.0,47.0,49.0,1.0,3.973,21.0,47.0,8.5,-1.5205,-0.05914,3.5739165427280133,,
3380,55,7321,335.0,232.818,8.455,334.5799,231.59811,4.687427,55.0,47.0,30.0,1.0,4.72,45.0,28.0,11.73,-1.953,0.1241,3.9823638623848834,,
3380,60,6935,323.545,243.0,9.0,324.64056,242.56511,4.709376,60.0,47.0,28.0,1.0,4.105,45.0,59.0,9.945,-0.638,0.05087,4.449588220844256,,
3380,61,6935,324.091,243.182,8.818,322.66302,243.73616,4.550334,61.0,47.0,28.0,1.0,3.316,45.0,59.0,7.215,-0.7837,-0.3726,4.534224660684117,,
3380,89,6935,307.091,252.909,9.182,310.25723,251.28163,5.815117,89.0,47.0,28.0,1.0,5.438,45.0,59.0,13.12,-1.311,-0.29,4.899923128528534,,
3383,66,11394,54.091,110.273,3.727,58.164963,107.39462,4.137722,66.0,47.0,53.0,1.0,2.549,29.0,34.0,8.95,0.0224,0.3726,5.005091259013461,,
3387,49,4557,81.909,276.636,3.364,83.13807,283.53745,1.3705814,49.0,47.0,15.0,1.0,5.223,9.0,29.0,13.086,2.223,0.556,7.287958759640817,,
3391,47,6535,193.455,122.455,9.545,193.96266,120.403595,6.653253,47.0,47.0,26.0,1.0,4.7,7.0,48.0,7.04,-2.85,-0.2664,3.5816451334036423,,
3391,48,6535,193.0,122.818,9.636,190.69188,120.272095,6.263846,48.0,47.0,26.0,1.0,3.643,7.0,48.0,5.133,-2.686,-0.1355,4.8146103480075135,,
3394,56,11303,207.182,152.909,0.091,206.72453,156.08604,1.5884361,56.0,47.0,52.0,1.0,3.934,18.0,6.0,5.684,0.764,-0.4404,3.5419171131017797,,
3394,57,12220,207.455,152.636,0.091,206.47087,156.04155,1.6457069,57.0,47.0,57.0,1.0,4.414,18.0,19.0,9.06,2.496,-0.9985,3.870839211890322,,
3394,64,11807,192.909,157.818,-0.636,191.0874,149.3986,5.8068805,64.0,47.0,54.0,1.0,3.742,18.0,26.0,4.21,-0.834,-0.1049,10.7571014709949,,
3398,48,9355,209.091,421.909,6.636,206.33627,418.7443,1.2008678,48.0,47.0,41.0,1.0,4.01,8.0,8.0,3.879,1.771,0.3904,6.866187114722165,,
3399,60,12478,397.091,436.545,4.364,402.26157,422.952,0.0,60.0,47.0,58.0,1.0,4.21,14.0,10.0,-8.51,0.534,-0.2954,15.18383808939296,,
3400,68,10353,193.0,81.545,-0.182,197.07733,81.67408,2.723977,68.0,47.0,46.0,1.0,4.543,23.0,33.0,11.24,0.8047,0.451,5.0085910094385735,,
3401,52,4880,126.364,370.818,5.091,122.931175,370.00873,3.401799,52.0,47.0,17.0,1.0,4.953,19.0,31.0,10.78,-0.5537,0.1335,3.910576099748732,,
3407,53,9705,170.636,243.364,9.636,170.79514,240.25491,6.960334,53.0,47.0,43.0,1.0,4.453,10.0,14.0,9.625,-3.055,-0.2491,4.10499143863371,,
3407,54,9705,170.364,242.636,9.727,171.33315,240.09187,6.6926885,54.0,47.0,43.0,1.0,4.305,10.0,14.0,11.55,-4.137,0.3127,4.07662795192696,,
3407,55,9705,170.636,242.091,9.636,171.36531,240.05637,6.711951,55.0,47.0,43.0,1.0,3.887,10.0,14.0,10.83,-3.213,-0.0445,3.6361621068650223,,
3407,56,8083,170.545,241.636,9.909,166.5477,243.53674,6.771772,56.0,47.0,34.0,1.0,3.957,10.0,22.0,8.25,-3.676,-0.437,5.425257538733439,,
3408,54,8237,395.182,6.091,-0.727,397.3293,7.8121367,2.063601,54.0,54.0,35.0,1.0,3.469,10.0,23.0,8.38,-0.1718,-0.1622,3.919268142305113,,
3410,86,17244,492.545,208.818,-0.091,490.8513,212.04553,1.4898648,86.0,48.0,83.0,1.0,4.31,52.0,13.0,8.445,1.373,0.1162,3.9729967413501823,,
3411,48,8876,296.455,212.182,8.545,294.33514,225.24435,5.7520075,48.0,48.0,39.0,1.0,3.982,6.0,20.0,8.586,-1.959,-0.0724,13.524777301203754,,
3414,80,12323,381.636,266.818,7.091,381.71317,269.08875,4.124505,80.0,48.0,57.0,1.0,4.43,52.0,28.0,7.26,-0.974,0.05292,3.7366232558855983,,
3414,96,14001,368.364,272.273,8.727,367.0038,271.07535,5.6256895,96.0,48.0,66.0,1.0,3.875,52.0,30.0,9.55,-3.56,-0.7227,3.5920239948962167,,
3418,50,8652,256.636,356.909,9.545,255.44565,356.15674,5.698907,50.0,48.0,37.0,1.0,4.586,21.0,15.0,5.152,-1.012,-0.4043,4.095761174037009,,
3418,67,13068,261.091,359.091,8.727,254.43088,354.77304,4.638885,67.0,48.0,61.0,1.0,3.857,21.0,7.0,4.613,0.263,-0.5835,8.928306739198947,,
3419,50,10879,369.182,169.818,-0.364,364.69043,167.94637,2.4022825,50.0,48.0,50.0,1.0,4.227,25.0,18.0,13.43,1.871,0.2612,5.5972778018967855,,
3419,61,10879,365.455,172.636,-0.364,362.36557,170.22615,0.89545316,61.0,48.0,50.0,1.0,3.48,25.0,18.0,8.56,2.908,-0.3228,4.115601658279622,,
3419,62,10879,361.364,175.182,-0.727,360.92715,170.94746,0.89263237,62.0,48.0,50.0,1.0,4.562,25.0,18.0,10.39,2.803,-0.377,4.554709205652063,,
3419,63,10879,361.818,175.182,-0.818,361.08334,171.83055,0.9402929,63.0,48.0,50.0,1.0,3.178,25.0,18.0,7.652,2.197,-0.64,3.855325711310311,,
3419,64,10879,361.273,175.545,-0.909,362.8056,171.86058,2.3327706,64.0,48.0,50.0,1.0,3.855,25.0,18.0,9.984,1.556,0.508,5.141292650630216,,
3425,58,1971,95.545,206.455,7.909,104.780685,203.09631,7.999995,58.0,48.0,2.0,1.0,1.431,20.0,45.0,-3.883,-0.859,-0.8916,9.827866300746578,,
3426,58,11962,476.545,317.727,-0.545,477.76132,321.47894,3.2423444,58.0,48.0,55.0,1.0,5.39,11.0,18.0,11.96,-0.4219,-0.0851,5.468131829995662,,
3427,48,7838,63.364,180.364,3.182,71.64972,186.20749,3.0533996,48.0,48.0,33.0,1.0,3.111,19.0,13.0,6.27,0.2534,0.152,10.139825903898956,,
3427,49,8956,63.818,179.818,3.545,69.48956,174.87683,4.9066806,49.0,48.0,39.0,1.0,3.408,19.0,35.0,2.465,-0.7036,-0.2129,7.644339595996266,,
3427,50,8956,64.182,179.818,3.455,69.7905,177.7304,4.950287,50.0,48.0,39.0,1.0,3.934,19.0,35.0,8.25,0.2566,0.2847,6.168405727768639,,
3430,73,15179,36.636,93.273,6.091,40.501938,87.050575,2.2626863,73.0,53.0,73.0,1.0,3.87,29.0,9.0,8.4,0.898,0.2235,8.265593462424626,,
3430,78,16062,19.727,104.818,6.364,20.999966,96.43892,0.0,78.0,53.0,78.0,1.0,2.086,29.0,10.0,-6.773,-0.1266,0.1436,10.598581041042996,,
3437,56,10353,213.636,64.909,5.455,208.0505,72.38198,5.2132387,56.0,48.0,46.0,1.0,5.043,52.0,33.0,9.48,-1.657,-0.2861,9.3328285560476,,
3440,79,15463,59.091,62.182,7.909,51.290462,52.844143,5.6966763,79.0,48.0,74.0,1.0,4.723,52.0,12.0,6.496,-0.3308,0.546,12.366824272846875,,
3440,83,10517,50.545,76.727,9.273,47.44589,74.85549,6.536981,83.0,48.0,48.0,1.0,3.86,52.0,44.0,5.832,-1.816,-0.2783,4.537932617454894,,
3444,56,8960,57.909,104.0,4.636,62.507267,108.33769,3.2237542,56.0,48.0,39.0,1.0,3.525,20.0,15.0,9.18,-0.5796,-0.135,6.477194773897617,,
3447,56,7840,80.091,452.0,9.455,81.297195,452.11087,6.0666094,56.0,48.0,33.0,1.0,4.824,27.0,39.0,11.36,-2.41,-0.732,3.59838705437497,,
3447,58,7840,80.182,450.455,9.364,81.23404,451.62454,6.115132,58.0,48.0,33.0,1.0,4.87,27.0,39.0,14.04,-2.62,-0.05603,3.609675228413781,,
3447,59,7840,79.636,450.636,9.273,80.59497,451.85663,6.023393,59.0,48.0,33.0,1.0,5.426,27.0,39.0,13.77,-2.775,-0.86,3.601320134651867,,
3447,60,7840,79.909,450.0,9.182,80.5866,450.6275,5.4577327,60.0,48.0,33.0,1.0,6.86,27.0,39.0,19.97,-2.13,-0.259,3.837064624403567,,
3448,87,14726,104.818,429.0,1.636,98.37911,426.93466,6.588929,87.0,48.0,70.0,1.0,3.65,40.0,27.0,6.227,-1.265,-0.1786,8.381911442310816,,
3451,61,10558,246.364,148.273,8.0,247.22989,147.31271,4.110596,61.0,48.0,48.0,1.0,4.38,16.0,15.0,8.05,-0.1033,-0.2065,4.098705387243146,,
3451,63,12916,232.636,154.182,7.455,232.46469,154.15181,3.881382,63.0,48.0,60.0,1.0,4.95,16.0,16.0,12.55,-1.111,-0.07434,3.577849097170533,,
3455,57,6765,404.0,383.364,8.091,409.18314,385.17493,6.4046173,57.0,48.0,27.0,1.0,4.24,21.0,43.0,7.984,-3.299,0.2009,5.743543708840321,,
3455,58,6765,403.727,382.818,8.091,408.84418,383.5269,6.8521843,58.0,48.0,27.0,1.0,3.541,21.0,43.0,8.85,-4.008,-0.4822,5.312507383615266,,
3455,59,6765,403.909,382.818,8.0,409.88104,382.79016,6.529771,59.0,48.0,27.0,1.0,2.146,21.0,43.0,4.5,-2.703,0.1853,6.15041544447535,,
3455,60,6765,405.091,381.636,7.818,408.42996,382.84106,6.457082,60.0,48.0,27.0,1.0,3.791,21.0,43.0,8.09,-3.768,0.007725,3.801699789294772,,
3456,54,10121,60.0,356.818,5.636,59.367786,351.28915,0.8109744,54.0,48.0,45.0,1.0,2.824,9.0,10.0,9.88,1.405,0.4456,7.365375000972531,,
3458,52,7671,193.182,450.091,9.818,195.0403,461.7104,6.7887764,52.0,52.0,32.0,1.0,4.277,11.0,49.0,2.791,-0.808,-0.4387,12.15071729853002,,
3460,63,7859,18.091,164.091,9.364,18.304752,165.18454,5.2247257,63.0,49.0,33.0,1.0,4.066,19.0,26.0,10.6,-1.767,-0.1024,4.286620041448097,,
3460,64,7859,18.091,164.636,9.182,17.814178,165.28105,4.8637176,64.0,49.0,33.0,1.0,3.742,19.0,26.0,7.57,-0.1385,-0.2108,4.37496089220621,,
3461,51,10164,96.818,472.0,8.364,97.52997,473.11264,4.8993587,51.0,49.0,45.0,1.0,5.008,5.0,11.0,8.836,-2.03,-0.4495,3.707911593898337,,
3461,52,10164,96.182,472.0,8.273,97.40518,472.94025,4.753407,52.0,49.0,45.0,1.0,4.137,5.0,11.0,7.742,-1.395,0.548,3.842886188862348,,
3464,61,12086,367.636,1.455,-0.818,370.8726,4.2426214,2.2884026,61.0,60.0,56.0,1.0,3.996,11.0,4.0,9.945,-0.02615,0.2385,5.281680579420192,,
3464,62,11894,368.182,1.909,-0.727,370.43414,4.5179925,2.4173641,62.0,60.0,55.0,1.0,4.32,11.0,7.0,11.445,0.6895,-0.05157,4.665404809662828,,
3464,64,11894,368.636,1.818,-0.455,371.39615,3.4621155,1.8007339,64.0,60.0,55.0,1.0,3.979,11.0,7.0,8.09,1.158,0.007256,3.925541902393758,,
3464,67,11663,368.091,2.455,-0.636,369.99686,4.0429845,1.8414378,67.0,60.0,54.0,1.0,3.344,11.0,12.0,7.723,0.4841,0.05206,3.5059513922342336,,
3464,68,11663,368.455,1.636,-0.727,370.74268,4.0598803,1.5071244,68.0,60.0,54.0,1.0,4.37,11.0,12.0,8.766,1.665,-0.1763,4.01247895020068,,
3464,69,11663,367.818,2.0,-0.727,370.42648,4.1430726,1.6705427,69.0,60.0,54.0,1.0,4.207,11.0,12.0,10.51,-0.4065,0.05054,4.140668916684148,,
3468,59,11072,376.182,346.545,-0.455,374.16187,348.85156,1.5294857,59.0,49.0,51.0,1.0,3.785,22.0,18.0,6.145,0.8936,-0.0819,3.6523044429516585,,
3468,63,11072,376.545,347.727,-0.818,374.68536,349.9636,1.6142627,63.0,49.0,51.0,1.0,4.48,22.0,18.0,9.94,1.301,0.2076,3.7916411132135615,,
3468,64,11072,377.364,348.0,-0.727,374.1084,350.3788,1.4248086,64.0,49.0,51.0,1.0,4.6,22.0,18.0,9.766,2.443,-0.1244,4.570328330769437,,
3471,58,10920,233.364,14.0,-0.727,231.45267,11.117479,1.8387735,58.0,53.0,50.0,1.0,3.475,6.0,20.0,7.3,1.031,-0.0013275,4.306425819359162,,
3474,59,9827,246.545,75.545,1.091,249.21632,81.745514,5.873884,59.0,49.0,43.0,1.0,3.676,26.0,49.0,8.25,-1.538,0.1549,8.273953333446595,,
3474,60,10924,246.636,74.909,1.182,250.83366,71.80609,1.5872107,60.0,49.0,50.0,1.0,3.938,26.0,37.0,12.914,0.5645,-0.3137,5.235703931191551,,
3475,49,10600,225.818,384.182,4.182,228.46019,381.50824,1.9192874,49.0,49.0,48.0,1.0,4.496,28.0,26.0,8.47,2.25,1.541,4.3874854807621695,,
3480,93,15640,450.818,237.091,2.727,453.0301,239.666,4.4682236,93.0,49.0,75.0,1.0,3.715,49.0,19.0,7.832,-1.535,0.1451,3.815215725905548,,
3481,65,8131,342.727,374.545,5.909,337.23468,371.76483,0.0,65.0,49.0,34.0,1.0,4.695,49.0,35.0,1.295,2.771,-0.375,8.532948213325769,,
3485,97,18712,135.091,134.727,8.909,137.11847,132.05795,6.643952,97.0,88.0,91.0,1.0,3.37,12.0,9.0,6.375,-1.723,-0.153,4.0453559726807695,,
3487,88,12254,497.818,69.273,-0.091,496.51645,66.55119,2.4381814,88.0,64.0,57.0,1.0,4.336,36.0,21.0,11.31,1.1045,0.4634,3.936882095352338,,
3487,96,18978,488.364,81.909,0.273,488.00616,78.42966,1.1287596,96.0,64.0,93.0,1.0,4.105,36.0,6.0,6.688,3.074,-0.2114,3.600858341311441,,
3487,98,11667,474.273,85.455,-0.636,478.148,83.4644,0.7865003,98.0,64.0,54.0,1.0,4.527,36.0,31.0,7.59,4.32,-0.6216,4.582752498608243,,
3487,99,16656,473.364,85.091,-0.818,473.42383,84.37369,2.6479037,99.0,64.0,80.0,1.0,4.54,36.0,18.0,13.17,1.084,0.06665,3.539858997569492,,
3488,53,4894,24.909,446.545,3.727,24.682133,453.4299,1.5614038,53.0,49.0,17.0,1.0,3.258,11.0,38.0,7.625,1.647,-0.2358,7.221019564240418,,
3489,56,6280,389.727,51.909,9.545,390.15735,49.4816,6.7471347,56.0,56.0,24.0,1.0,3.807,21.0,44.0,8.805,-3.684,0.06168,3.729010876820301,,
3490,71,12617,153.818,389.727,-0.182,155.85658,385.2296,1.9878068,71.0,49.0,59.0,1.0,3.096,26.0,13.0,8.7,0.9062,0.2332,5.393558818231795,,
3491,52,9543,39.636,188.636,-0.545,46.13256,195.07864,3.8997724,52.0,49.0,42.0,1.0,3.29,7.0,33.0,3.904,-0.3076,0.805,10.171966559667892,,
3491,53,274,34.818,191.455,-0.545,33.982098,191.123,3.41917,53.0,49.0,0.0,1.0,3.666,7.0,52.0,7.47,-0.00714,0.05206,4.064923116432095,,
3491,54,682,31.273,194.727,-0.455,35.473217,201.85277,1.5150516,54.0,49.0,0.0,1.0,3.857,7.0,70.0,8.39,2.281,-0.005352,8.502912691933947,,
3491,55,8601,27.727,198.364,-0.727,29.999886,203.99922,4.999981,55.0,49.0,37.0,1.0,-1.052,7.0,16.0,0.4346,-1.151,-1.113,8.349851890408418,,
3494,57,8117,150.091,164.273,9.455,154.24774,174.09764,3.1589973,57.0,49.0,34.0,1.0,3.586,10.0,20.0,9.29,-0.924,-0.959,12.387158211454617,,
3499,91,16330,351.455,65.455,1.0,362.42947,65.02942,1.7063807,91.0,49.0,79.0,1.0,4.484,50.0,16.0,9.02,2.66,-0.541,11.005411569343163,,
3503,68,8777,307.0,134.364,1.727,299.99948,126.60442,0.0,68.0,50.0,38.0,1.0,3.05,31.0,53.0,-1.281,2.889,0.8755,10.592492201875814,,
3504,52,10467,210.364,77.818,9.909,210.73647,76.14479,1.050283,52.0,51.0,47.0,1.0,4.633,19.0,20.0,6.812,2.12,-0.4138,9.023038983130297,,
3504,63,12210,166.909,93.818,8.636,166.69398,92.07689,4.974808,63.0,51.0,57.0,1.0,4.727,19.0,33.0,7.46,-0.6235,-0.5435,4.059805967452626,,
3511,50,9235,465.636,447.545,1.182,463.09024,434.59027,7.9999886,50.0,50.0,41.0,1.0,-1.75,17.0,13.0,-7.63,-0.6646,0.477,14.859034016389865,,
3511,52,9552,464.636,447.636,1.545,457.3047,450.84128,7.9999967,52.0,50.0,42.0,1.0,2.26,17.0,8.0,-8.56,2.559,0.503,10.280503974290882,,
3513,55,7791,219.182,108.455,4.091,226.44756,108.986,1.8420382,55.0,50.0,33.0,1.0,4.613,26.0,55.0,10.37,1.78,0.0793,7.624182073603671,,
3513,56,153,215.273,112.273,4.091,211.8793,100.628746,1.9591885,56.0,50.0,0.0,1.0,4.305,26.0,60.0,5.207,2.262,0.1919,12.314644581880875,,
3513,57,12252,210.545,115.818,4.545,201.99918,115.99953,7.9999676,57.0,50.0,57.0,1.0,-2.1,26.0,26.0,-3.807,-0.8843,-1.605,9.219587503264428,,
3513,58,8230,207.545,120.818,4.545,207.1893,128.8766,7.9999995,58.0,50.0,35.0,1.0,2.697,26.0,20.0,-4.855,0.1362,-0.5557,8.775225238989607,,
3514,51,6425,6.545,174.455,6.273,18.569172,169.26917,3.8686717,51.0,50.0,25.0,1.0,3.582,9.0,34.0,6.79,-0.8325,0.0676,13.313689933623396,,
3517,50,4221,162.545,130.636,0.0,165.46213,132.69763,1.8489102,50.0,50.0,13.0,1.0,3.762,35.0,37.0,5.566,0.718,-0.2922,4.022242486656436,,
3517,51,4221,164.0,130.273,-0.091,161.94801,140.39397,6.204781,51.0,50.0,13.0,1.0,1.866,35.0,37.0,-0.1127,0.34,0.685,12.094691194940072,,
3517,52,8025,157.455,133.364,-0.182,166.67076,131.66016,1.972155,52.0,50.0,34.0,1.0,3.83,35.0,50.0,2.213,0.847,-0.333,9.6163239799429,,
3517,60,8025,155.455,132.909,-0.182,156.88553,136.07881,1.5093786,60.0,50.0,34.0,1.0,4.79,35.0,50.0,10.18,1.307,-0.0632,3.867153098280177,,
3517,63,11414,153.364,133.636,-0.182,150.21138,132.29718,1.7464677,63.0,50.0,53.0,1.0,4.098,35.0,32.0,6.76,1.98,0.2417,3.930704711211893,,
3517,64,8025,153.182,133.455,-0.182,156.01968,135.05125,1.4338934,64.0,50.0,34.0,1.0,3.969,35.0,50.0,8.164,2.383,-0.755,3.634770051194929,,
3518,51,9152,510.364,10.727,8.182,510.9996,4.535711,0.0,51.0,50.0,40.0,1.0,4.184,5.0,8.0,-5.758,2.232,-0.636,10.280134767673088,,
3518,52,11016,509.727,11.182,8.364,510.99857,0.0,0.0,52.0,50.0,51.0,1.0,5.52,5.0,17.0,-11.47,-2.332,0.8135,14.02178698543449,,
3520,59,6467,241.0,470.364,7.455,241.66682,472.16797,3.9041488,59.0,50.0,25.0,1.0,5.16,27.0,34.0,14.586,-0.4983,0.3708,4.038254687094614,,
3523,63,13360,250.091,355.545,6.545,248.2353,354.99966,3.4319713,63.0,50.0,63.0,1.0,5.25,23.0,12.0,14.35,0.9624,0.4758,3.664964650937816,,
3523,70,8656,225.273,370.909,5.091,224.30731,377.89114,3.406076,70.0,50.0,37.0,1.0,2.807,23.0,45.0,6.305,-1.539,0.2123,7.247192907704072,,
3525,58,8187,472.636,436.273,9.0,473.89664,434.0575,5.4410787,58.0,50.0,35.0,1.0,4.098,10.0,37.0,8.4,-1.137,0.3477,4.377621989070515,,
3526,66,11498,345.727,237.636,9.818,347.4833,237.72417,6.7655,66.0,65.0,53.0,1.0,5.938,4.0,13.0,14.47,-3.387,-0.724,3.522800006940506,,
3526,67,11498,345.091,238.0,9.636,345.75604,235.26395,6.8307056,67.0,65.0,53.0,1.0,4.69,4.0,13.0,13.07,-3.773,-0.5317,3.974660296776488,,
3529,52,10402,377.364,313.273,1.727,368.104,310.27295,1.7311022,52.0,50.0,47.0,1.0,3.557,17.0,10.0,1.805,1.058,-0.02191,9.7338541611504,,
3531,62,11385,28.091,263.455,-0.182,31.372381,259.4768,0.6452585,62.0,50.0,53.0,1.0,2.217,13.0,42.0,5.633,3.78,0.1644,5.222824248716677,,
3547,55,9880,223.909,207.636,5.636,219.70013,207.83727,6.915907,55.0,50.0,44.0,1.0,4.965,33.0,21.0,6.195,-2.791,0.498,4.403777721280777,,
3547,58,1964,225.0,207.545,5.273,226.2529,208.23763,1.9841523,58.0,50.0,2.0,1.0,4.207,33.0,53.0,11.01,2.012,-0.6035,3.586922625412392,,
3548,51,4880,119.636,369.182,1.636,124.747215,364.66516,4.056507,51.0,50.0,17.0,1.0,3.52,12.0,31.0,6.76,0.301,0.2705,7.237763224841914,,
3548,52,4880,119.636,369.818,1.818,122.931175,370.00873,3.401799,52.0,50.0,17.0,1.0,4.953,12.0,31.0,10.78,-0.5537,0.1335,3.661007441391784,,
3554,50,9883,361.182,401.818,5.636,368.65952,393.6795,0.0,50.0,50.0,44.0,1.0,0.282,20.0,13.0,-8.93,-3.553,0.8257,12.406167159941017,,
3559,57,10931,228.545,123.0,-0.636,225.32622,121.352806,1.7742957,57.0,50.0,50.0,1.0,3.352,9.0,23.0,10.2,3.148,-0.702,4.345494002236611,,
3564,51,2894,324.273,80.364,6.636,329.97693,70.68858,5.7762594,51.0,51.0,6.0,1.0,4.062,5.0,53.0,2.197,-0.5347,0.3179,11.264445104868145,,
3564,52,2894,323.364,80.455,6.727,328.21387,72.69487,5.865851,52.0,51.0,6.0,1.0,4.137,5.0,53.0,4.004,-2.238,-0.2979,9.191432654053507,,
3564,53,2894,323.364,81.364,6.455,324.04584,75.95174,6.636147,53.0,51.0,6.0,1.0,4.023,5.0,53.0,5.195,-0.953,-0.06476,5.458047116763382,,
3564,54,2894,323.545,81.818,6.545,324.12802,76.73702,6.9644837,54.0,51.0,6.0,1.0,4.184,5.0,53.0,4.51,-0.3975,-0.44,5.13149458300071,,
3564,55,2894,322.455,81.455,6.364,324.17212,76.74878,6.680214,55.0,51.0,6.0,1.0,4.586,5.0,53.0,5.953,-0.3772,-0.0475,5.019661251179814,,
3568,54,8496,436.909,467.364,1.273,430.9191,469.99808,0.5717065,54.0,51.0,37.0,1.0,1.752,7.0,24.0,2.123,1.285,-0.5205,6.5809643692655095,,
3569,53,7924,143.364,64.0,5.909,141.98372,61.967163,3.2502093,53.0,51.0,33.0,1.0,5.37,34.0,56.0,12.1,-0.0561,-0.0807,3.6203269373601454,,
3575,53,9381,20.091,55.364,-0.364,20.24037,49.120754,4.307725,53.0,51.0,41.0,1.0,3.846,5.0,39.0,5.445,-0.9893,-0.1316,7.799067026833465,,
3575,54,9381,19.364,55.091,-0.455,15.790661,52.503586,4.500775,54.0,51.0,41.0,1.0,4.047,5.0,39.0,7.11,-0.9106,-0.3875,6.63499575485486,,
3580,56,11331,83.545,34.636,3.364,84.34654,32.289257,6.7020493,56.0,51.0,52.0,1.0,4.016,28.0,13.0,9.125,-4.234,0.002747,4.158394186327159,,
3581,61,1011,156.182,101.636,0.0,158.4186,104.540146,1.2426833,61.0,60.0,0.0,1.0,4.3,34.0,49.0,8.51,1.0205,-0.37,3.8704916139186913,,
3581,62,11099,151.182,103.818,0.545,153.32602,108.48629,1.8601487,62.0,60.0,51.0,1.0,4.344,34.0,18.0,10.16,0.5244,-0.367,5.302769973100071,,
3583,76,11279,492.818,254.091,-0.364,495.1765,257.30505,1.709612,76.0,61.0,52.0,1.0,3.123,26.0,39.0,7.094,0.2349,0.08167,4.4936072791293045,,
3583,85,17392,460.0,269.091,0.182,463.21326,263.29175,2.1935713,85.0,61.0,84.0,1.0,3.832,26.0,16.0,5.41,0.1793,0.0907,6.92840237609537,,
3583,86,17392,459.0,269.545,0.182,463.17703,262.99127,1.7339933,86.0,61.0,84.0,1.0,3.229,26.0,16.0,5.84,0.4246,0.2512,7.925127111727944,,
3585,51,7601,47.727,478.727,7.0,37.357327,484.13315,0.6210797,51.0,51.0,32.0,1.0,2.738,49.0,20.0,3.678,0.7446,-0.602,13.320930903776258,,
3588,61,13111,228.909,478.636,5.818,229.53264,474.86038,4.8951817,61.0,51.0,61.0,1.0,4.023,15.0,9.0,12.03,-1.746,0.8525,3.936473910597517,,
3589,61,11004,87.0,355.091,9.818,88.92566,353.27597,6.620308,61.0,58.0,50.0,1.0,3.666,4.0,40.0,5.566,-1.919,-0.1958,4.150630610324665,,
3590,51,8254,53.818,248.545,2.182,58.65129,250.64154,6.524184,51.0,51.0,35.0,1.0,3.12,6.0,27.0,7.164,-3.328,-0.3682,6.82720543747997,,
3591,59,10558,242.636,154.0,3.727,247.90414,147.90968,2.1714995,59.0,51.0,48.0,1.0,4.848,49.0,15.0,10.055,2.611,-0.1997,8.201516845529266,,
3592,55,10459,213.091,358.909,-0.909,208.20395,361.6336,0.75853175,55.0,52.0,47.0,1.0,2.914,4.0,9.0,2.227,1.639,0.304,5.838438575489021,,
3593,52,10449,240.273,122.727,9.0,239.94069,121.318756,5.5055494,52.0,51.0,47.0,1.0,3.828,18.0,14.0,5.742,-2.105,-0.361,3.782164207894257,,
3593,56,7436,240.273,121.818,9.182,245.24553,117.0865,0.7377978,56.0,51.0,31.0,1.0,2.465,18.0,14.0,4.746,2.729,-0.3848,10.881989599580807,,
3593,57,9510,240.091,122.455,9.273,238.21432,121.31552,6.227104,57.0,51.0,42.0,1.0,3.203,18.0,22.0,7.996,-2.766,-0.7446,3.754707037255512,,
3596,57,10755,363.091,252.636,4.545,366.62418,248.6136,6.579946,57.0,51.0,49.0,1.0,5.008,18.0,23.0,5.34,-2.006,0.189,5.727483556966021,,
3597,56,9253,281.091,470.818,3.636,278.67856,465.8534,4.015039,56.0,51.0,41.0,1.0,3.23,8.0,20.0,5.45,-0.8955,0.07886,5.532701914717675,,
3597,57,9253,281.182,471.636,3.636,278.28674,466.516,4.0803514,57.0,51.0,41.0,1.0,4.0,8.0,20.0,7.453,-1.0625,0.8066,5.89867600689189,,
3597,58,9253,281.273,471.909,3.545,278.5044,465.89752,4.259141,58.0,51.0,41.0,1.0,3.451,8.0,20.0,7.66,-0.5347,-0.1611,6.656803671303619,,
3602,86,14505,338.091,62.364,3.091,330.65808,63.60356,1.1802409,86.0,70.0,69.0,1.0,2.438,30.0,29.0,6.016,1.215,-0.4194,7.774047147929654,,
3602,87,17504,343.818,63.364,2.909,339.022,66.57777,7.999996,87.0,70.0,85.0,1.0,4.07,30.0,4.0,-5.03,-2.156,-1.288,7.697283539334897,,
3602,88,12833,348.091,64.909,2.818,344.01068,70.505424,7.999994,88.0,70.0,60.0,1.0,4.707,30.0,18.0,-2.242,-3.273,-0.932,8.649973104363518,,
3604,55,6912,346.727,151.636,8.455,346.69287,149.82669,5.2938576,55.0,51.0,28.0,1.0,4.973,21.0,44.0,10.35,-1.183,0.2742,3.642470151707176,,
3604,56,6912,345.727,151.273,8.636,344.4992,151.86896,5.1140447,56.0,51.0,28.0,1.0,4.668,21.0,44.0,9.12,-2.105,-0.028,3.7771457870723073,,
3604,64,13464,312.455,160.727,5.818,309.56302,151.49419,7.9999933,64.0,51.0,64.0,1.0,4.836,21.0,6.0,-8.38,0.10754,0.476,9.918136093931402,,
3604,65,11910,307.455,162.545,5.182,321.70975,155.82985,7.999994,65.0,51.0,55.0,1.0,3.22,21.0,11.0,-9.6,3.344,-0.07574,16.00725545710557,,
3605,51,10838,188.455,366.727,7.273,189.04735,360.56906,3.5030115,51.0,51.0,50.0,1.0,3.82,10.0,15.0,6.156,-0.2152,0.4795,7.244578445722855,,
3607,93,18978,481.091,54.545,9.455,476.0501,71.91901,7.999999,93.0,85.0,93.0,1.0,3.094,11.0,6.0,-4.285,-0.5503,1.699,18.148937274675376,,
3611,53,7085,224.364,457.818,5.636,229.10948,453.05997,0.0,53.0,51.0,29.0,1.0,4.715,4.0,16.0,-5.895,0.3364,-0.3281,8.770571584070192,,
3612,63,9035,410.364,408.364,9.818,411.31494,408.24396,6.16995,63.0,63.0,40.0,1.0,3.969,11.0,25.0,12.31,-3.557,-0.96,3.7718649614878834,,
3612,64,9035,404.455,410.545,9.545,406.03555,409.9321,6.262461,64.0,63.0,40.0,1.0,5.02,11.0,25.0,10.75,-2.748,-0.4272,3.6944345980164655,,
3612,69,11379,376.818,420.091,9.636,374.76038,419.5641,6.374283,69.0,63.0,53.0,1.0,5.496,11.0,29.0,12.336,-2.605,-0.0004501,3.8923285398960026,,
3612,70,11379,370.818,420.818,9.818,372.01938,419.99622,6.5998793,70.0,63.0,53.0,1.0,6.145,11.0,29.0,9.53,-1.7705,-0.388,3.5319876999458173,,
3618,60,6642,380.455,300.182,7.545,380.46576,300.16116,4.004569,60.0,52.0,26.0,1.0,4.516,14.0,39.0,10.28,1.468,0.01373,3.5405086850565697,,
3618,61,6642,380.909,300.455,7.636,380.72723,300.20657,3.9179618,61.0,52.0,26.0,1.0,5.016,14.0,39.0,9.766,1.241,-0.2151,3.73075942060852,,
3619,78,15156,67.545,206.636,9.455,77.30298,203.66646,7.999992,78.0,77.0,73.0,1.0,4.418,20.0,8.0,-5.7,1.264,-0.711,10.303076713878434,,
3619,95,9544,50.636,221.455,9.273,51.33757,222.03285,4.7376046,95.0,77.0,42.0,1.0,4.18,20.0,53.0,5.84,-1.032,0.2275,4.625572669598991,,
3623,53,11297,34.273,167.818,9.091,30.999874,157.99936,7.9999676,53.0,52.0,52.0,1.0,-0.1714,28.0,11.0,-8.23,3.156,0.0781,10.407180067594012,,
3623,78,15951,28.909,168.636,9.727,32.949528,176.75168,6.8612924,78.0,52.0,77.0,1.0,2.846,28.0,19.0,5.625,-1.552,-0.1523,9.508018112618512,,
3623,79,9706,27.727,169.364,9.727,33.838104,165.78423,6.016312,79.0,52.0,43.0,1.0,3.506,28.0,49.0,3.262,0.965,0.11017,7.995595711706539,,
3624,76,11280,435.0,300.727,8.091,433.3845,298.87625,4.9805603,76.0,52.0,52.0,1.0,4.08,39.0,36.0,8.15,-0.91,-0.2179,3.963578047652889,,
3624,89,15792,378.636,308.182,6.091,370.93857,310.0043,5.108708,89.0,52.0,76.0,1.0,6.04,39.0,20.0,13.11,-1.135,-0.725,7.970953736421,,
3635,52,8511,138.818,418.636,5.273,138.3488,428.0431,0.0,52.0,52.0,37.0,1.0,0.2175,24.0,16.0,-5.664,1.131,-0.4326,10.794360011135408,,
3635,54,9379,138.091,419.455,5.273,143.07617,412.8388,0.0,54.0,52.0,41.0,1.0,3.818,24.0,11.0,-8.12,2.512,-0.05038,9.819905873729123,,
3638,63,2278,20.545,100.182,9.909,24.256,100.63996,6.7128024,63.0,60.0,3.0,1.0,3.74,4.0,57.0,5.066,-1.058,-0.05835,4.919037249284229,,
3641,68,10270,226.818,28.091,6.273,214.63104,36.66587,1.250919,68.0,52.0,46.0,1.0,4.145,48.0,42.0,1.915,1.867,0.3044,15.724874788978797,,
3642,60,8696,43.364,50.091,4.182,44.828148,53.30296,1.9123034,60.0,52.0,37.0,1.0,4.344,25.0,29.0,10.89,0.3813,0.1123,4.196658082755319,,
3644,65,10713,229.273,7.273,9.364,240.8761,5.704808,7.999994,65.0,64.0,49.0,1.0,4.234,15.0,15.0,-8.87,2.785,-0.7905,11.787776216356512,,
3644,69,11440,230.636,6.364,9.0,224.10423,6.1738095,6.8995466,69.0,64.0,53.0,1.0,4.324,15.0,23.0,5.047,-1.926,0.08997,6.863825190428566,,
3650,86,17212,94.182,18.273,3.636,103.74735,21.407787,7.9999948,86.0,52.0,83.0,1.0,3.652,48.0,8.0,-7.26,1.006,-0.437,10.971201427933767,,
3653,68,10828,73.0,20.727,7.636,67.83071,22.200943,4.069182,68.0,64.0,50.0,1.0,3.5,30.0,45.0,3.543,0.183,-0.05402,6.451066401493092,,
3653,78,15932,40.818,29.182,5.091,39.936714,31.60739,1.6537218,78.0,64.0,77.0,1.0,4.035,30.0,8.0,12.33,-1.232,0.1277,4.298146471456183,,
3653,86,12111,33.182,29.818,4.455,36.378605,31.42737,3.3478656,86.0,64.0,56.0,1.0,5.39,30.0,40.0,12.02,-0.2256,-0.4675,3.746211673489413,,
3654,54,9894,381.545,376.0,7.636,371.87875,376.19647,6.6878247,54.0,52.0,44.0,1.0,3.676,17.0,42.0,3.162,-1.723,-0.1387,9.714629479446446,,
3654,66,12129,362.364,388.091,7.727,364.19333,399.62637,2.125524,66.0,52.0,56.0,1.0,4.555,17.0,15.0,8.49,0.656,0.1102,12.953290804439469,,
3654,67,11552,356.727,391.182,7.545,349.21106,387.8812,0.59249705,67.0,52.0,53.0,1.0,1.873,17.0,17.0,2.203,2.47,-0.1512,10.757412885696958,,
3658,52,9286,55.273,121.455,8.545,56.023556,121.654655,4.9920344,52.0,52.0,41.0,1.0,4.52,15.0,22.0,7.1,-2.504,0.3352,3.6368614192658426,,
3658,53,9286,55.0,122.364,8.636,55.591537,121.47727,5.216465,53.0,52.0,41.0,1.0,3.53,15.0,22.0,8.734,-1.075,-0.1619,3.581818774239422,,
3658,55,9286,54.364,121.909,8.727,55.456135,121.86776,5.314756,55.0,52.0,41.0,1.0,4.01,15.0,22.0,8.07,-1.317,-0.37,3.582997168762629,,
3658,57,9286,54.545,121.455,9.091,55.26534,122.297165,5.4949527,57.0,52.0,41.0,1.0,4.18,15.0,22.0,8.48,-0.9517,-1.019,3.7629360593374814,,
3658,58,9286,54.455,121.545,9.182,55.375595,121.88252,5.6935115,58.0,52.0,41.0,1.0,3.729,15.0,22.0,7.87,-1.855,-0.2908,3.623667606039115,,
3658,61,12708,55.545,123.818,9.455,56.469837,122.84784,5.6772523,61.0,52.0,59.0,1.0,3.72,15.0,16.0,10.45,-1.4375,-0.211,4.008479959663547,,
3658,62,12708,54.909,123.909,9.455,56.6394,123.15603,5.6462345,62.0,52.0,59.0,1.0,3.957,15.0,16.0,11.06,-1.706,-0.0442,4.250640259406842,,
3658,63,12708,55.364,123.273,9.636,57.13598,122.74544,5.423897,63.0,52.0,59.0,1.0,4.105,15.0,16.0,11.61,-2.969,0.05518,4.600004821368018,,
3658,65,9286,55.636,123.091,9.818,57.400665,122.69177,5.332713,65.0,52.0,41.0,1.0,3.879,15.0,22.0,10.586,-1.764,-0.1274,4.836447728187907,,
3665,55,9236,138.182,339.455,0.0,138.60732,339.52963,3.5157268,55.0,53.0,41.0,1.0,3.502,9.0,16.0,8.95,0.3252,0.563,3.542146477990181,,
3667,59,7505,416.273,168.455,7.636,418.0324,161.7865,3.9016893,59.0,53.0,31.0,1.0,2.928,32.0,50.0,6.97,-0.02275,0.5312,7.84279650470001,,
3667,60,7198,410.0,171.091,7.455,414.1406,174.60228,0.9495035,60.0,53.0,29.0,1.0,3.707,32.0,48.0,4.207,2.447,0.001286,8.473201302336225,,
3667,75,11969,403.727,172.364,8.364,402.1153,168.92412,7.1279583,75.0,53.0,55.0,1.0,3.963,32.0,34.0,6.65,-2.27,-0.403,3.994765373402918,,
3668,54,11826,510.818,255.636,3.727,510.99924,245.39084,2.7390792,54.0,54.0,54.0,1.0,-0.8696,15.0,5.0,-7.793,3.016,0.5166,10.294276995995038,,
3668,55,11826,510.455,255.909,3.818,510.99976,244.00688,0.0,55.0,54.0,54.0,1.0,4.766,15.0,5.0,-11.77,0.38,-0.4312,12.511368748142624,,
3668,56,12081,510.818,255.909,4.0,500.6272,257.7485,0.0,56.0,54.0,56.0,1.0,0.8667,15.0,9.0,-5.098,2.607,0.538,11.101178536083422,,
3669,53,4986,413.909,202.636,-0.273,411.8132,195.06216,1.9277416,53.0,53.0,17.0,1.0,4.04,11.0,36.0,9.44,2.164,0.1181,8.160802262986795,,
3669,61,7193,402.636,207.545,-0.364,400.83368,204.2451,1.2548933,61.0,53.0,29.0,1.0,4.113,11.0,49.0,7.992,1.569,-0.1895,4.093716271211866,,
3673,53,3554,304.0,215.455,7.0,295.10767,212.63689,6.7300215,53.0,53.0,9.0,1.0,3.986,41.0,44.0,3.107,-1.055,-0.193,9.332104006678378,,
3673,54,9475,303.545,215.636,6.909,314.12796,216.55841,7.9999986,54.0,53.0,42.0,1.0,3.014,41.0,12.0,-6.383,-0.2296,0.03625,10.678958774847905,,
3673,57,12320,305.0,218.091,7.0,299.41275,216.70964,0.0,57.0,53.0,57.0,1.0,1.397,41.0,22.0,-1.279,2.22,-0.4463,9.06231306080847,,
3675,53,10398,309.636,352.0,8.818,309.20593,351.67276,5.3240433,53.0,53.0,47.0,1.0,4.6,12.0,21.0,7.83,-1.438,0.006546,3.535502742747473,,
3675,54,10398,309.364,352.0,8.818,308.26147,352.61215,5.5001516,54.0,53.0,47.0,1.0,4.598,12.0,21.0,8.9,-2.102,-0.0981,3.5494250279140345,,
3675,58,10398,309.818,350.455,8.818,309.9971,349.34055,4.8228536,58.0,53.0,47.0,1.0,4.45,12.0,21.0,6.66,-0.8467,0.3735,4.151538313677582,,
3675,59,10398,310.182,350.0,8.818,309.72037,348.8497,4.8218136,59.0,53.0,47.0,1.0,4.29,12.0,21.0,6.258,-0.2417,0.2183,4.183993079636367,,
3675,60,10398,309.818,349.182,8.727,309.67108,348.87885,4.943822,60.0,53.0,47.0,1.0,4.375,12.0,21.0,6.29,-0.1064,0.0861,3.798147073058652,,
3677,73,11969,400.909,167.364,9.273,404.17084,172.53943,6.807295,73.0,73.0,55.0,1.0,3.793,13.0,34.0,13.06,-4.76,0.00963,6.595784791632084,,
3677,74,11969,402.0,168.545,9.364,403.3756,171.34404,6.9945874,74.0,73.0,55.0,1.0,4.28,13.0,34.0,11.02,-4.51,-0.2524,3.916760951428989,,
3678,73,14752,35.0,64.909,8.273,36.679867,65.90229,5.1588016,73.0,53.0,70.0,1.0,4.016,26.0,14.0,9.086,-1.236,-0.002274,3.6751611986893225,,
3679,54,10807,474.545,92.727,5.545,468.44455,96.253395,3.2650042,54.0,53.0,49.0,1.0,3.49,18.0,14.0,7.336,-0.318,0.2347,7.406033536687697,,
3684,67,12111,53.636,10.818,-0.455,53.930183,5.630119,2.2554052,67.0,67.0,56.0,1.0,3.123,11.0,40.0,3.682,0.926,1.708,5.86062703606338,,
3684,68,11965,50.818,14.818,-0.091,45.27118,11.410791,3.1725128,68.0,67.0,55.0,1.0,3.361,11.0,21.0,6.074,1.567,-0.1652,7.281950362220605,,
3684,69,10907,47.818,18.636,0.182,45.1353,23.064623,4.188666,69.0,67.0,50.0,1.0,2.543,11.0,48.0,6.867,-1.315,0.3054,6.546980479708565,,
3692,73,13890,20.455,240.364,9.636,21.577368,238.66905,6.3900056,73.0,53.0,66.0,1.0,3.18,25.0,12.0,4.656,-1.361,0.1326,3.830018939216277,,
3692,75,11933,20.364,240.636,9.727,22.368204,238.45352,6.406997,75.0,53.0,55.0,1.0,3.701,25.0,37.0,4.07,-1.164,0.364,4.449996915057918,,
3692,77,13890,20.364,239.636,9.818,22.960325,238.27104,6.6006966,77.0,53.0,66.0,1.0,4.7,25.0,12.0,5.605,-3.264,-0.4778,4.353740974710892,,
3696,61,11263,93.636,263.273,9.364,96.36184,262.7704,6.458197,61.0,53.0,52.0,1.0,3.242,10.0,12.0,2.65,-2.207,-0.04153,4.015781560345266,,
3701,54,9543,33.091,191.0,4.909,40.69192,196.76424,4.202022,54.0,53.0,42.0,1.0,3.658,15.0,33.0,8.336,-0.585,0.0547,9.565577113613378,,
3701,55,9543,33.0,190.091,4.818,36.969948,197.22314,3.61731,55.0,53.0,42.0,1.0,4.035,15.0,33.0,8.945,-0.2937,-0.4297,8.25042814515731,,
3701,56,9543,29.0,193.818,5.091,34.675762,194.7804,3.7257686,56.0,53.0,42.0,1.0,3.914,15.0,33.0,8.6,-0.2196,-0.34,5.916446975693257,,
3702,54,11423,211.909,87.636,9.545,200.53879,85.57391,6.576823,54.0,53.0,53.0,1.0,2.584,26.0,8.0,4.215,-2.357,-0.12067,11.93079902251013,,
3702,55,10467,211.455,88.455,9.364,210.534,75.47229,1.7720542,55.0,53.0,47.0,1.0,4.04,26.0,20.0,10.2,2.62,0.1528,15.067735097692609,,
3702,63,153,185.455,101.182,8.455,184.95132,98.59338,3.1769571,63.0,53.0,0.0,1.0,3.68,26.0,60.0,11.89,0.754,-0.5605,5.900202022053181,,
3702,64,153,186.091,101.182,8.455,184.72202,98.72001,3.3319566,64.0,53.0,0.0,1.0,4.5,26.0,60.0,11.79,0.4036,0.03683,5.846458302150425,,
3705,57,11264,61.636,87.091,1.909,68.88708,84.85556,7.9999986,57.0,53.0,52.0,1.0,2.055,7.0,4.0,-6.207,1.178,0.3694,9.730139624137047,,
3705,58,4476,61.545,87.091,1.818,56.55823,94.61536,2.0609078,58.0,53.0,14.0,1.0,4.61,7.0,31.0,8.44,0.153,0.643,9.03010922646016,,
3705,59,10116,61.455,87.455,1.909,64.96355,81.60747,2.4837534,59.0,53.0,45.0,1.0,3.613,7.0,18.0,7.17,0.45,-0.2861,6.843527721446846,,
3710,56,11578,254.0,435.364,9.0,253.24925,436.04434,5.2082396,56.0,53.0,53.0,1.0,4.453,20.0,10.0,6.58,-0.4749,-0.4966,3.924784708631568,,
3710,60,11238,248.182,437.455,9.091,248.55438,438.15543,5.4931173,60.0,53.0,52.0,1.0,4.86,20.0,21.0,10.81,-2.047,-0.393,3.6842949084267618,,
3711,75,11580,114.182,448.0,2.909,115.55419,450.54507,4.9907475,75.0,53.0,53.0,1.0,4.41,30.0,24.0,12.13,-3.312,-0.2935,3.5628583124727693,,
3713,82,15260,419.636,343.273,-0.545,417.13626,346.5818,1.287196,82.0,78.0,73.0,1.0,3.24,18.0,13.0,11.24,2.14,-0.4487,4.53362985807354,,
3713,83,15260,419.636,344.273,-0.636,417.09918,347.5524,0.7675069,83.0,78.0,73.0,1.0,2.555,18.0,13.0,7.59,1.821,-0.8564,4.37718536170762,,
3713,86,13737,410.091,350.364,-0.364,412.6852,352.02243,1.3860909,86.0,78.0,65.0,1.0,3.693,18.0,32.0,8.77,1.551,-0.5396,3.5416213607841884,,
3716,80,8058,280.091,229.455,7.364,279.74323,231.80536,1.4039735,80.0,53.0,34.0,1.0,4.113,42.0,38.0,9.38,0.3328,-0.279,6.416155545433904,,
3722,57,10976,63.0,374.545,-0.818,64.24319,375.93015,2.2907426,57.0,54.0,50.0,1.0,3.623,11.0,24.0,6.19,0.0836,0.5,3.623319258864002,,
3723,85,7924,101.727,85.0,8.273,98.30507,86.6894,6.2689447,85.0,54.0,33.0,1.0,5.496,40.0,56.0,11.39,-1.025,-0.0395,4.310442544607008,,
3723,86,7924,101.091,86.091,8.273,97.35418,88.907036,6.423634,86.0,54.0,33.0,1.0,5.1,40.0,56.0,10.78,-2.396,-0.328,5.031305702067011,,
3723,87,7924,100.273,85.545,8.182,96.56883,87.030876,6.148398,87.0,54.0,33.0,1.0,5.637,40.0,56.0,11.44,-2.1,0.04895,4.47931244396726,,
3723,88,7924,100.636,85.364,8.364,96.93398,87.06417,6.462446,88.0,54.0,33.0,1.0,5.93,40.0,56.0,12.5,-4.266,-1.399,4.495713260898201,,
3723,89,7924,100.273,84.636,8.273,97.46303,86.95872,6.310395,89.0,54.0,33.0,1.0,5.594,40.0,56.0,12.45,-2.701,-0.12054,4.140383796862916,,
3723,91,7924,100.364,84.909,8.091,96.51268,86.68896,6.291726,91.0,54.0,33.0,1.0,5.492,40.0,56.0,9.625,-2.418,0.1726,4.608504125101329,,
3723,93,19070,84.727,85.727,7.455,83.00736,91.43263,7.296749,93.0,54.0,93.0,1.0,3.203,40.0,7.0,4.008,-3.705,-0.3513,5.961243058750497,,
3724,54,6340,484.273,186.091,3.909,482.25092,188.75813,2.3718352,54.0,54.0,25.0,1.0,4.74,10.0,60.0,13.055,0.706,0.3997,3.683105426899837,,
3726,61,10681,100.273,19.545,7.727,101.88056,10.271393,0.9916623,61.0,54.0,49.0,1.0,3.646,16.0,47.0,9.03,1.108,-0.2983,11.57362561503915,,
3729,60,11744,233.455,476.636,-0.091,236.0568,479.09732,1.5694027,60.0,54.0,54.0,1.0,5.246,11.0,15.0,11.984,1.2705,0.072,3.9477077536929297,,
3730,58,11741,457.636,412.545,8.818,455.29025,410.54297,5.998868,58.0,54.0,54.0,1.0,4.164,6.0,10.0,7.26,-2.074,0.8696,4.178297789390316,,
3731,57,8496,430.182,470.091,-0.364,426.3179,469.58456,0.6812502,57.0,54.0,37.0,1.0,3.0,4.0,24.0,2.951,2.697,-0.548,4.03488516121588,,
3732,54,11338,144.727,2.636,4.909,138.40794,3.4825728,1.7950552,54.0,54.0,52.0,1.0,4.316,19.0,7.0,10.64,2.443,-0.2788,7.095340513798261,,
3733,80,15864,369.091,475.0,7.909,370.20914,472.65137,5.1460037,80.0,75.0,76.0,1.0,4.42,18.0,24.0,9.4,-1.935,0.1998,3.794792285529436,,
3739,55,11099,154.636,108.727,8.273,152.4581,108.47767,5.0356307,55.0,54.0,51.0,1.0,5.55,24.0,18.0,14.195,-1.491,0.1595,3.909728103523628,,
3740,54,10212,408.455,226.273,-0.636,411.78296,226.87119,0.68879145,54.0,54.0,46.0,1.0,3.73,4.0,12.0,10.64,4.61,0.8403,3.631559089935512,,
3742,86,15367,359.455,244.545,9.364,358.1862,243.00351,5.9700522,86.0,54.0,74.0,1.0,4.01,45.0,24.0,8.55,-1.916,-0.6943,3.937629557135205,,
3743,63,7166,186.091,210.091,5.818,183.81769,211.15884,3.2517421,63.0,54.0,29.0,1.0,5.402,16.0,44.0,16.42,-0.1172,-0.2544,3.5908077407475365,,
3747,64,12655,365.455,222.0,7.455,362.467,219.8519,6.853137,64.0,54.0,59.0,1.0,3.629,26.0,10.0,7.883,-2.434,0.3838,3.7289028789670815,,
3747,67,13963,359.091,222.636,7.455,352.3507,222.37424,7.048047,67.0,54.0,66.0,1.0,2.246,26.0,14.0,2.928,-2.648,0.01048,6.757645531678092,,
3747,74,14320,347.545,227.091,6.636,349.3039,229.80452,4.978668,74.0,54.0,68.0,1.0,5.176,26.0,29.0,10.32,-2.299,0.002823,3.633685368688913,,
3760,65,12885,369.727,354.636,0.182,365.25092,354.5874,1.5671324,65.0,63.0,60.0,1.0,4.32,17.0,15.0,12.39,3.89,-0.1082,4.685749234853427,,
3763,54,8230,226.182,109.364,2.545,229.32137,114.025955,1.1587633,54.0,54.0,35.0,1.0,2.258,46.0,20.0,7.887,2.654,0.2935,5.788879045838831,,
3763,99,19090,181.273,159.636,2.364,169.60268,165.09186,7.9999986,99.0,54.0,93.0,1.0,2.84,46.0,4.0,-4.527,-1.118,0.9927,14.061552455586192,,
3764,63,10791,167.818,393.091,0.091,171.33038,394.1958,1.3450605,63.0,54.0,49.0,1.0,3.826,34.0,25.0,8.51,1.453,0.0779,3.889738299945143,,
3765,62,12640,368.909,132.545,7.818,369.81342,132.27309,4.277571,62.0,54.0,59.0,1.0,4.895,40.0,29.0,12.43,0.09906,-0.2788,3.6642254418281937,,
3765,71,12640,317.0,144.455,4.909,311.906,142.04686,7.850681,71.0,54.0,59.0,1.0,1.175,40.0,29.0,-2.498,-1.772,0.0665,6.356214389505828,,
3765,75,10760,315.273,144.182,4.727,312.73975,141.22038,2.4491465,75.0,54.0,49.0,1.0,6.42,40.0,44.0,13.17,0.584,-0.2537,4.5141073485642975,,
3768,56,10743,290.273,163.909,0.0,298.99936,167.46838,0.0,56.0,54.0,49.0,1.0,-3.094,16.0,6.0,-7.14,0.4385,0.2019,9.42435912059807,,
3770,56,7836,15.455,184.0,-0.455,8.681315,193.20877,6.835935,56.0,55.0,33.0,1.0,4.24,5.0,50.0,7.34,-3.572,-0.6396,13.558834262809976,,
3771,73,12111,26.364,4.818,1.727,33.172523,12.07984,0.9780891,73.0,73.0,56.0,1.0,4.395,27.0,40.0,5.605,2.477,-0.3699,9.982543421556842,,
3771,74,12111,27.364,9.0,2.0,32.157345,11.856516,0.7451754,74.0,73.0,56.0,1.0,3.31,27.0,40.0,5.57,1.734,-0.598,5.719302818005542,,
3772,78,14419,508.455,115.545,4.727,506.09073,112.60806,6.9724755,78.0,60.0,69.0,1.0,2.54,30.0,8.0,1.054,-1.383,0.5244,4.388342445343136,,
3774,92,12413,32.273,260.909,-0.455,34.738876,258.5207,3.0543532,92.0,55.0,57.0,1.0,5.3,42.0,33.0,14.23,1.724,-0.3848,4.909183355684149,,
3778,60,12729,173.364,210.636,9.545,176.33534,217.52338,6.137349,60.0,55.0,59.0,1.0,3.637,7.0,4.0,7.723,-2.303,-0.04193,8.238746870598773,,
3783,59,12381,442.455,483.273,8.727,448.38745,492.87973,6.0018387,59.0,55.0,57.0,1.0,3.74,12.0,33.0,7.527,-1.15,-0.0969,11.61506471813297,,
3786,64,11518,280.273,280.727,8.364,283.19962,279.54727,6.537271,64.0,55.0,53.0,1.0,4.598,45.0,20.0,5.816,-2.324,-0.268,3.646067242487532,,
3791,68,10319,418.909,366.636,0.182,426.77142,354.03745,2.997579,68.0,55.0,46.0,1.0,2.654,45.0,45.0,6.81,-0.463,0.10583,15.115177652417518,,
3791,96,19361,372.636,424.273,8.091,380.10678,427.04376,0.0,96.0,55.0,95.0,1.0,1.937,45.0,4.0,-0.989,0.426,-0.0516,11.355789086893074,,
3791,97,10319,373.182,423.182,8.182,367.205,424.76288,6.021595,97.0,55.0,46.0,1.0,4.547,45.0,45.0,10.13,-1.758,0.2269,6.549126685171491,,
3795,55,4155,158.091,478.273,3.909,169.20732,473.20203,7.9999986,55.0,55.0,13.0,1.0,3.07,8.0,55.0,-6.305,-1.694,0.0258,12.885013644870636,,
3797,63,12102,100.545,301.636,7.273,97.973656,299.28162,6.3010435,63.0,55.0,56.0,1.0,5.2,17.0,34.0,10.51,-1.428,-0.2766,3.619338971225058,,
3807,87,15326,90.909,292.909,7.727,92.52953,291.8706,3.7588496,87.0,55.0,74.0,1.0,6.586,39.0,25.0,17.34,0.4255,-1.301,4.410284530267867,,
3810,55,11600,17.0,500.182,5.0,23.91959,510.99985,2.1306527,55.0,55.0,54.0,1.0,3.664,16.0,14.0,-10.164,0.02576,-1.158,13.15825817950904,,
3812,59,11798,71.636,46.818,7.273,70.83048,44.879894,4.1110077,59.0,55.0,54.0,1.0,4.027,44.0,15.0,6.09,-0.518,-0.1454,3.795169646128521,,
3813,57,7840,84.727,447.636,1.091,80.99815,451.8002,6.3058095,57.0,55.0,33.0,1.0,4.613,9.0,39.0,11.41,-3.178,0.2942,7.644548520598862,,
3815,88,16957,453.0,207.091,-0.818,455.22733,205.1735,7.9999967,88.0,88.0,82.0,1.0,1.067,5.0,6.0,-3.73,-1.672,-0.05957,9.294884129461268,,
3815,89,18024,451.909,211.909,-0.727,456.34946,221.70515,0.0,89.0,88.0,88.0,1.0,4.152,5.0,6.0,-8.01,-0.9326,-0.757,10.780109871151614,,
3815,90,17539,450.364,217.727,-0.818,456.87018,213.78719,7.8888564,90.0,88.0,85.0,1.0,2.992,5.0,10.0,-3.129,-0.03833,0.03006,11.561220930279,,
3818,86,12111,39.545,32.182,5.091,36.378605,31.42737,3.3478656,86.0,55.0,56.0,1.0,5.39,34.0,40.0,12.02,-0.2256,-0.4675,3.692430266015646,,
3820,59,10233,477.636,182.909,1.818,483.00912,188.0479,3.634111,59.0,55.0,46.0,1.0,3.504,15.0,13.0,6.914,-0.1388,0.2079,7.65355936206944,,
3820,68,12552,434.091,190.091,0.0,438.1951,190.5101,2.3794518,68.0,55.0,58.0,1.0,4.004,15.0,18.0,8.38,1.09,0.01846,4.762464959296117,,
3824,62,12527,191.818,267.455,-0.818,192.6911,253.48761,7.9999995,62.0,62.0,58.0,1.0,1.866,20.0,6.0,-5.69,-1.405,0.3274,16.54108225613125,,
3825,57,11246,339.818,29.818,9.0,342.203,29.836824,5.9404254,57.0,56.0,52.0,1.0,4.15,13.0,7.0,6.64,-1.038,0.4758,3.879378310495268,,
3825,59,11444,340.636,30.818,9.545,341.89774,29.71691,5.8981266,59.0,56.0,53.0,1.0,3.92,13.0,13.0,6.58,-0.2827,0.4656,4.012987990429014,,
3825,60,11444,341.364,30.636,9.273,342.1939,29.519148,5.958827,60.0,56.0,53.0,1.0,4.92,13.0,13.0,6.527,-1.181,-0.4563,3.594417209205549,,
3825,61,11444,340.909,29.909,9.273,341.9118,29.183771,5.9088397,61.0,56.0,53.0,1.0,5.086,13.0,13.0,5.33,-0.729,0.00528,3.584569634773073,,
3825,62,11444,340.636,30.273,9.091,341.9892,29.51725,5.7584367,62.0,56.0,53.0,1.0,4.574,13.0,13.0,5.508,-0.509,0.2449,3.675362084340368,,
3825,65,7890,329.455,37.636,9.364,328.7355,39.66223,6.162067,65.0,56.0,33.0,1.0,5.645,13.0,36.0,9.24,-1.987,0.0394,3.856898131839752,,
3825,66,7890,323.909,41.455,9.364,323.94135,43.019695,6.114146,66.0,56.0,33.0,1.0,4.664,13.0,36.0,11.93,-2.56,-0.656,3.6070580792164977,,
3826,62,11424,226.182,75.182,9.909,229.33221,74.87074,6.729161,62.0,56.0,53.0,1.0,3.162,7.0,7.0,4.38,-2.826,-1.159,4.48687885925407,,
3828,67,13016,207.818,192.273,-0.818,220.57996,185.54184,1.8742766,67.0,67.0,61.0,1.0,3.38,33.0,39.0,7.49,1.563,-0.6685,14.677346193304398,,
3830,65,12938,125.455,366.364,1.0,127.88809,363.38095,1.948329,65.0,61.0,60.0,1.0,5.11,20.0,31.0,14.17,1.825,0.1327,3.9645733872437,,
3833,72,12045,79.909,76.182,8.818,80.54193,77.18062,5.007269,72.0,56.0,56.0,1.0,3.54,25.0,35.0,6.34,-1.311,0.1045,3.989926445896088,,
3833,77,12045,81.273,78.182,8.818,80.95194,78.93941,4.7662244,77.0,56.0,56.0,1.0,4.152,25.0,35.0,6.297,-0.666,0.2417,4.134444937891344,,
3843,61,10326,452.364,390.818,9.091,454.90955,392.59192,6.721851,61.0,56.0,46.0,1.0,4.33,10.0,34.0,5.652,-1.509,-0.4392,3.903778163920352,,
3845,64,11499,328.0,274.182,9.455,329.8282,275.0934,6.0179744,64.0,56.0,53.0,1.0,4.273,22.0,14.0,8.43,-0.7705,-0.11194,3.9982633949072457,,
3845,65,11499,329.364,273.455,9.727,330.45267,274.55542,5.887454,65.0,56.0,53.0,1.0,4.324,22.0,14.0,10.08,-1.984,0.1788,4.139835749328248,,
3847,83,15848,155.091,54.818,2.636,158.5352,48.497993,4.267601,83.0,56.0,76.0,1.0,2.71,33.0,16.0,4.684,-0.581,0.1726,7.380184546693255,,
3849,72,9899,392.364,390.091,9.273,394.69467,391.17877,6.810592,72.0,56.0,44.0,1.0,3.033,19.0,29.0,3.861,-1.675,0.1676,3.5607189414869493,,
3858,67,12141,38.727,358.818,5.909,43.21577,362.20486,1.4777014,67.0,57.0,56.0,1.0,4.434,14.0,17.0,12.305,2.81,-0.9644,7.159349415614666,,
3860,57,11536,305.727,479.182,1.182,302.38504,478.5719,4.184209,57.0,57.0,53.0,1.0,4.117,5.0,15.0,3.055,-0.812,0.8535,4.533671528825264,,
3863,58,12481,270.455,185.273,8.545,265.3368,195.20062,7.999998,58.0,57.0,58.0,1.0,3.549,16.0,4.0,-3.871,-2.46,-0.1908,11.18260422640468,,
3865,69,13138,382.727,238.364,9.273,384.95642,236.85031,6.2066317,69.0,59.0,62.0,1.0,4.46,14.0,22.0,8.336,-1.369,0.0504,4.08217901417183,,
3865,70,13138,378.545,242.182,9.182,381.14713,238.57043,5.696161,70.0,59.0,62.0,1.0,3.695,14.0,22.0,4.953,-1.011,0.2057,5.653812159571712,,
3865,71,13138,378.909,241.273,9.273,376.57285,240.45007,6.0470543,71.0,59.0,62.0,1.0,4.305,14.0,22.0,8.91,-2.12,-0.4407,4.067128749713777,,
3865,72,11945,379.818,241.818,9.091,378.58945,243.94736,5.9490604,72.0,59.0,55.0,1.0,4.582,14.0,28.0,7.582,-0.384,0.10144,3.9893976440244816,,
3871,68,13303,197.182,308.182,6.909,192.6854,319.70633,7.9437604,68.0,57.0,63.0,1.0,1.158,18.0,9.0,-3.496,-2.81,-0.3115,12.413715100416448,,
3871,73,12611,182.455,312.0,6.818,179.58101,319.87436,7.1062026,73.0,57.0,59.0,1.0,3.133,18.0,24.0,2.96,-2.213,-0.1277,8.387396775421278,,
3872,57,12169,485.909,334.727,3.364,476.74673,335.9367,7.999997,57.0,57.0,57.0,1.0,3.344,5.0,12.0,-7.215,-2.238,-0.000778,10.339392333542072,,
3873,57,11315,317.636,38.0,9.545,316.7815,38.999264,6.0297856,57.0,57.0,52.0,1.0,5.46,22.0,13.0,10.2,-2.586,0.05515,3.7530562305490975,,
3873,58,11315,318.455,39.0,9.545,316.58282,38.947723,6.1606035,58.0,57.0,52.0,1.0,5.18,22.0,13.0,9.6,-2.018,-0.255,3.868065473378274,,
3873,59,6629,314.091,42.182,9.545,315.9007,40.536865,6.3189006,59.0,57.0,26.0,1.0,4.53,22.0,35.0,11.14,-2.809,-0.009796,4.0483577654285,,
3873,63,6629,310.273,43.727,9.364,312.23965,42.47302,5.8771434,63.0,57.0,26.0,1.0,4.25,22.0,35.0,10.26,-1.693,0.3398,4.195038380261067,,
3873,64,6629,310.636,43.364,9.182,309.7387,44.96996,5.8674154,64.0,57.0,26.0,1.0,4.617,22.0,35.0,6.312,-2.268,-0.1564,3.7908740261524425,,
3874,72,8416,487.182,334.182,8.545,487.0019,333.65182,4.4636736,72.0,68.0,36.0,1.0,5.484,32.0,47.0,5.96,-0.8276,0.0231,4.119557260888239,,
3874,94,14895,466.818,338.545,6.727,467.03574,339.1934,3.2897954,94.0,68.0,71.0,1.0,4.906,32.0,24.0,15.88,0.9077,0.07935,3.5045982265961864,,
3875,71,14950,253.0,498.818,6.455,248.22685,493.41656,7.999997,71.0,57.0,71.0,1.0,0.716,23.0,10.0,-2.908,-2.826,0.3264,7.371942127154055,,
3876,82,10326,406.273,412.909,2.182,403.00864,411.30707,1.9944553,82.0,75.0,46.0,1.0,5.168,8.0,34.0,12.96,2.309,-0.5366,3.6410711266052056,,
3878,67,13356,284.909,368.273,1.818,283.56967,374.88303,3.096335,67.0,57.0,63.0,1.0,3.07,13.0,26.0,5.484,-0.9756,-0.3083,6.864433102742351,,
3882,78,15075,13.273,29.364,5.455,18.037374,40.79678,7.9999976,78.0,67.0,72.0,1.0,2.297,14.0,14.0,-5.44,0.03604,0.188,12.644553409443994,,
3883,58,7279,259.0,66.636,1.727,258.53116,75.55536,6.699031,58.0,57.0,30.0,1.0,3.238,23.0,36.0,7.113,-2.365,-0.2333,10.222322926818588,,
3883,63,11427,235.727,76.818,1.182,236.65178,67.92899,6.3735156,63.0,57.0,53.0,1.0,3.945,23.0,16.0,7.63,-1.61,-0.6655,10.335451178034916,,
3883,73,8627,203.0,89.455,-0.182,200.05247,93.51889,2.4697895,73.0,57.0,37.0,1.0,4.09,23.0,37.0,10.98,0.5293,0.06143,5.677598311373416,,
3886,57,11227,475.727,323.455,3.0,480.90408,313.78696,0.27746978,57.0,57.0,52.0,1.0,2.709,27.0,6.0,3.482,2.773,0.0003662,11.299793164780183,,
3891,57,7027,8.091,233.091,2.636,15.3098545,229.86478,5.080701,57.0,57.0,28.0,1.0,4.484,6.0,31.0,11.1,-2.28,-0.791,8.27628653201249,,
3891,58,8688,6.455,233.182,2.818,4.986986,242.86356,0.0,58.0,57.0,37.0,1.0,2.27,6.0,18.0,-6.3,-0.8716,0.05096,10.189641462671608,,
3891,59,2548,5.818,234.091,2.818,16.798662,227.03665,1.3855865,59.0,57.0,4.0,1.0,5.973,6.0,53.0,11.25,2.752,-0.978,13.12976010122524,,
3891,61,13061,5.182,235.091,2.909,3.0304568,237.93692,5.0510964,61.0,57.0,61.0,1.0,2.85,6.0,12.0,6.637,-1.057,-0.3801,4.161367055999636,,
3895,90,17321,368.818,443.455,0.545,374.082,444.20178,6.420805,90.0,76.0,84.0,1.0,3.615,24.0,12.0,3.414,-1.189,0.3027,7.924169405459799,,
3909,61,12905,176.091,218.182,7.636,173.25836,209.60815,7.0988097,61.0,57.0,60.0,1.0,2.229,27.0,7.0,0.4683,-1.593,-0.54,9.045624721958896,,
3909,65,13306,175.909,217.636,8.0,174.3718,218.00037,4.380534,65.0,57.0,63.0,1.0,3.736,27.0,9.0,11.19,-1.431,0.1153,3.94921301806524,,
3909,66,13306,175.545,217.455,7.909,175.20894,216.92487,4.4580827,66.0,57.0,63.0,1.0,5.285,27.0,9.0,11.91,-1.39,-0.2688,3.5075353671687024,,
3909,67,13306,174.091,218.091,7.909,174.88785,217.042,4.5041056,67.0,57.0,63.0,1.0,5.13,27.0,9.0,11.32,-1.428,-0.532,3.65084603861233,,
3909,68,13306,173.182,218.545,7.909,174.48634,217.07681,4.4631515,68.0,57.0,63.0,1.0,5.582,27.0,9.0,12.26,-1.968,0.2025,3.966201784661528,,
3910,66,8738,450.636,158.364,7.818,451.33252,156.72067,4.7989244,66.0,58.0,38.0,1.0,4.73,22.0,30.0,7.66,0.1071,0.03442,3.5072055938902813,,
3912,63,12585,475.455,247.455,8.818,476.92575,247.98131,5.033493,63.0,58.0,58.0,1.0,3.934,25.0,19.0,6.996,-1.779,-0.67,4.094215555103202,,
3912,66,11474,459.545,251.636,8.636,462.494,257.99167,7.059612,66.0,58.0,53.0,1.0,2.873,25.0,35.0,2.584,-3.414,0.374,7.181653101859217,,
3914,62,12781,22.0,24.727,8.727,23.349922,24.018602,5.221293,62.0,58.0,59.0,1.0,5.133,16.0,12.0,10.1,-1.686,-0.02296,3.822839089255131,,
3914,63,12781,22.091,25.0,8.727,23.26417,24.191462,5.2480283,63.0,58.0,59.0,1.0,4.688,16.0,12.0,9.08,-2.334,-0.07983,3.759428897551447,,
3917,71,9899,402.091,390.091,9.545,399.80096,388.844,6.5733404,71.0,58.0,44.0,1.0,3.52,16.0,29.0,6.484,-2.035,0.01184,3.953486180559171,,
3917,72,9899,397.182,393.091,9.636,394.69467,391.17877,6.810592,72.0,58.0,44.0,1.0,3.033,16.0,29.0,3.861,-1.675,0.1676,4.22212795498482,,
3923,81,10900,435.909,253.182,9.636,437.9964,251.9337,6.0203886,81.0,58.0,50.0,1.0,5.086,24.0,31.0,9.234,-2.033,-0.2742,4.357538002795841,,
3925,60,11340,182.636,377.364,1.636,183.72546,381.96368,5.908535,60.0,58.0,53.0,1.0,4.54,21.0,22.0,5.54,-1.208,0.1635,6.371697930710881,,
3926,58,9973,164.455,74.909,9.909,164.65256,77.22869,6.818878,58.0,58.0,44.0,1.0,4.293,4.0,21.0,6.348,-1.497,0.0789,3.8689592430760977,,
3926,59,9973,163.273,74.0,9.636,164.77641,75.817635,7.0195966,59.0,58.0,44.0,1.0,3.668,4.0,21.0,5.965,-2.432,-0.0892,3.52272697960778,,
3926,60,9973,161.818,74.091,9.727,164.42665,75.41428,6.917196,60.0,58.0,44.0,1.0,3.217,4.0,21.0,3.463,-2.502,-0.4014,4.055998434333517,,
3926,61,9973,162.182,73.727,9.818,163.98055,74.71821,6.859558,61.0,58.0,44.0,1.0,3.016,4.0,21.0,5.438,-2.584,-0.3518,3.601341199326164,,
3927,62,13172,214.455,245.0,0.818,211.7609,241.64333,3.1929939,62.0,58.0,62.0,1.0,3.268,26.0,22.0,7.434,0.8315,0.5986,4.915893034224542,,
3929,62,9309,76.727,328.545,0.455,76.909195,333.03598,3.8871305,62.0,58.0,41.0,1.0,3.607,12.0,31.0,6.09,0.1626,0.4832,5.655229097698435,,
3933,61,4966,433.0,91.909,1.364,430.07214,93.89955,1.419558,61.0,58.0,17.0,1.0,5.062,22.0,49.0,7.625,2.887,-0.389,3.540867149931504,,
3936,67,13787,28.909,485.091,9.727,29.189863,484.22446,5.8973064,67.0,67.0,65.0,1.0,4.74,10.0,12.0,8.2,-1.562,0.3042,3.936537649540512,,
3939,59,8755,194.0,135.273,8.909,190.20403,133.96353,4.5236197,59.0,58.0,38.0,1.0,4.402,16.0,39.0,3.604,-0.12384,0.2355,5.9460625877489885,,
3943,80,7461,298.909,83.636,1.182,296.88138,86.93573,1.8545285,80.0,58.0,31.0,1.0,4.117,34.0,46.0,8.52,1.342,0.1388,3.930872106875569,,
3944,88,15726,486.182,175.182,1.727,492.99866,178.99951,7.999978,88.0,58.0,76.0,1.0,9.414,41.0,17.0,-4.746,-1.409,-0.3027,10.019505434111176,,
3948,72,12628,126.273,359.545,2.818,129.7299,358.63956,1.5497785,72.0,58.0,59.0,1.0,4.707,20.0,34.0,5.793,0.701,-0.212,3.7918814560402834,,
3948,74,14732,126.0,359.091,2.636,123.6248,361.79825,2.0838091,74.0,58.0,70.0,1.0,4.918,20.0,21.0,10.4,1.766,-0.0351,3.643582357041319,,
3951,88,15232,421.0,454.909,4.818,418.66882,454.1881,1.9923532,88.0,58.0,73.0,1.0,5.2,42.0,21.0,9.84,1.557,0.02524,3.7334135641193407,,
3954,59,7246,183.909,380.818,7.364,182.02693,377.26498,1.3538871,59.0,58.0,29.0,1.0,4.633,19.0,30.0,8.46,1.799,0.1119,7.231016227062862,,
3956,58,10287,223.273,410.091,7.091,215.19576,412.71228,3.4953609,58.0,58.0,46.0,1.0,2.727,4.0,37.0,2.975,-0.153,-0.06085,9.22179675515833,,
3959,58,3373,335.545,161.182,4.545,332.96274,163.9609,4.0229897,58.0,58.0,8.0,1.0,4.09,5.0,45.0,9.03,0.6333,0.2842,3.829209666616116,,
3959,60,10751,335.091,160.364,4.455,334.37955,164.64833,4.0553308,60.0,58.0,49.0,1.0,5.562,5.0,24.0,14.42,-0.9116,0.1323,4.361350722061746,,
3961,84,17413,229.182,272.273,7.545,239.10542,273.77206,7.9999976,84.0,77.0,84.0,1.0,2.252,23.0,13.0,-4.816,1.378,0.4473,10.0463161505104,,
3964,59,12549,454.636,61.091,9.0,454.15942,63.611687,6.2588916,59.0,58.0,58.0,1.0,4.24,7.0,12.0,5.55,-0.921,0.04794,3.75428644470818,,
3970,61,10031,95.545,243.182,9.909,93.62487,242.10611,5.584398,61.0,59.0,45.0,1.0,3.438,8.0,14.0,6.258,-0.8975,-0.184,4.85248606050589,,
3972,59,7775,366.0,133.636,0.0,371.16165,132.69295,2.6061287,59.0,59.0,32.0,1.0,4.324,16.0,43.0,11.61,1.32,0.1862,5.858658620022486,,
3974,75,13367,174.182,374.091,8.364,175.27525,369.60114,6.946238,75.0,59.0,63.0,1.0,3.395,17.0,8.0,2.922,-2.354,-0.66,4.833641222799249,,
3975,92,12788,54.727,437.182,3.273,58.388412,431.48615,0.26032603,92.0,59.0,59.0,1.0,3.219,41.0,34.0,2.283,2.65,-0.1214,7.4111301098928015,,
3975,98,18335,26.545,451.636,2.273,29.51749,449.77594,1.7272614,98.0,59.0,89.0,1.0,4.523,41.0,10.0,10.41,3.084,-0.8057,3.5487111214115563,,
3975,99,18335,26.545,452.545,2.273,30.583672,450.09378,1.9957194,99.0,59.0,89.0,1.0,4.383,41.0,10.0,11.12,1.777,-0.592,4.732466116426035,,
3980,60,11414,162.636,141.636,8.909,160.6072,141.37178,5.584643,60.0,59.0,53.0,1.0,5.152,21.0,32.0,10.375,-2.383,-0.1587,3.903484483362136,,
3981,69,11522,326.545,185.273,3.0,334.7946,185.79965,3.516295,69.0,59.0,53.0,1.0,2.76,38.0,30.0,7.656,0.6963,-0.1566,8.282500884969757,,
3981,79,12653,277.545,197.455,4.455,271.63715,197.37347,0.0,79.0,59.0,59.0,1.0,5.676,38.0,23.0,-5.008,-1.526,1.233,7.399754304259025,,
3983,89,15609,9.818,80.0,0.545,8.825228,83.34752,1.6607076,89.0,72.0,75.0,1.0,4.29,25.0,13.0,11.45,1.108,0.2915,3.6655545069036655,,
3983,90,15609,10.364,80.091,0.455,8.8632765,83.65177,1.8551278,90.0,72.0,75.0,1.0,3.826,25.0,13.0,9.93,1.333,-0.297,4.10994061668598,,
3985,68,14320,359.455,224.818,3.727,352.93445,224.3725,5.746703,68.0,59.0,68.0,1.0,3.3,21.0,29.0,6.746,-2.547,-0.05014,6.840704843852603,,
3993,74,14442,68.909,246.091,2.909,61.097153,238.86037,5.94203,74.0,59.0,69.0,1.0,3.092,30.0,13.0,2.791,-2.004,0.2483,11.068253463361298,,
3993,83,14441,45.091,283.455,3.455,46.841846,280.65414,5.8163333,83.0,59.0,69.0,1.0,4.473,30.0,22.0,9.2,-1.937,0.0784,4.060316909922781,,
4007,64,13205,134.182,328.455,0.455,131.00458,327.3778,1.8041501,64.0,59.0,62.0,1.0,3.822,15.0,33.0,5.555,0.11066,0.3887,3.616153161680229,,
4007,66,13205,129.182,331.727,0.091,129.37462,328.0551,1.8340791,66.0,59.0,62.0,1.0,3.914,15.0,33.0,8.73,2.717,-0.2466,4.069186260575543,,
4009,61,12339,320.0,486.818,9.182,318.0224,485.4508,6.408327,61.0,59.0,57.0,1.0,3.951,7.0,32.0,5.37,-2.562,0.1448,3.670612961199927,,
4009,62,12339,315.273,489.091,9.273,316.32007,486.6665,6.855304,62.0,59.0,57.0,1.0,3.805,7.0,32.0,5.664,-2.08,0.1327,3.580476195049484,,
4011,60,10788,159.0,449.091,-0.727,156.23256,454.17166,1.311409,60.0,59.0,49.0,1.0,4.793,4.0,14.0,9.16,2.832,0.02158,6.134080325564756,,
4011,62,10788,159.091,450.727,-0.909,157.22499,453.99777,1.2764198,62.0,59.0,49.0,1.0,4.113,4.0,14.0,6.902,1.472,0.03296,4.353847656410624,,
4013,59,11680,123.0,258.182,8.273,122.01965,254.87628,3.498951,59.0,59.0,54.0,1.0,3.812,12.0,16.0,7.04,-0.6035,-0.04498,5.88900795510594,,
4013,65,9830,121.727,260.909,8.364,122.54207,253.36244,0.0,65.0,59.0,43.0,1.0,2.625,12.0,12.0,-2.193,1.007,0.00916,11.294751123353716,,
4019,74,9721,47.455,370.636,9.364,45.271046,369.5983,6.3679013,74.0,73.0,43.0,1.0,4.797,10.0,36.0,8.65,-4.258,-0.2488,3.850075815390881,,
4019,77,13849,50.182,375.182,8.455,46.36393,384.05023,0.45131883,77.0,73.0,66.0,1.0,0.971,10.0,11.0,1.643,2.902,1.1,12.541215018043996,,
4019,78,13507,50.273,376.0,8.727,39.69225,389.66113,7.999992,78.0,73.0,64.0,1.0,3.389,10.0,19.0,-4.742,-1.261,0.00987,17.294718386590294,,
4020,60,12807,176.0,454.364,5.0,183.59702,448.49008,1.4617914,60.0,60.0,60.0,1.0,3.814,11.0,7.0,5.723,-0.00803,0.1064,10.234088583939156,,
4021,77,12111,36.545,27.091,0.091,33.975803,24.714104,1.1803575,77.0,60.0,56.0,1.0,4.22,40.0,40.0,9.6,2.463,-0.6626,3.665666048950896,,
4021,79,12111,37.0,25.545,0.091,34.36465,28.991566,2.7705433,79.0,60.0,56.0,1.0,5.145,40.0,40.0,15.945,1.205,0.3135,5.099395955545214,,
4021,80,12111,36.727,26.091,0.091,33.8379,29.354332,2.7450674,80.0,60.0,56.0,1.0,5.23,40.0,40.0,12.13,0.8364,-0.4001,5.102970538418456,,
4021,82,12111,36.818,26.818,0.0,34.39596,30.042105,2.7878323,82.0,60.0,56.0,1.0,5.535,40.0,40.0,13.484,0.3428,-0.3345,4.902360629895383,,
4025,61,8871,163.091,9.273,-0.091,163.90392,12.510337,1.5161163,61.0,60.0,39.0,1.0,3.904,8.0,39.0,5.832,1.642,0.3215,3.704593443239714,,
4026,79,12339,319.364,489.455,9.182,318.32733,490.41153,5.333994,79.0,60.0,57.0,1.0,3.832,34.0,32.0,11.81,-0.915,-0.03006,4.098388037489374,,
4026,87,12339,320.0,490.273,9.182,322.68573,492.99722,6.338552,87.0,60.0,57.0,1.0,4.113,34.0,32.0,8.48,-2.621,0.307,4.766520404865996,,
4026,91,17784,319.273,489.545,9.0,319.94458,492.18472,6.78138,91.0,60.0,86.0,1.0,3.723,34.0,11.0,7.625,-2.354,-0.539,3.513035166234461,,
4029,64,11758,349.182,195.0,1.636,340.35004,194.4153,3.8350372,64.0,60.0,54.0,1.0,5.41,10.0,12.0,16.58,-1.023,0.0864,9.120370394813168,,
4030,60,11351,429.455,95.636,2.0,430.13184,100.16954,3.4786668,60.0,60.0,53.0,1.0,3.043,32.0,15.0,6.0,-0.987,0.4756,4.816383791043058,,
4030,69,10946,429.0,92.0,2.091,424.7918,93.605736,2.3393366,69.0,60.0,50.0,1.0,6.492,32.0,24.0,16.55,1.867,-0.843,4.5109872986515205,,
4030,78,13305,412.909,108.909,3.727,409.13144,109.55141,2.6334932,78.0,60.0,63.0,1.0,5.12,32.0,21.0,9.93,1.27,0.1455,3.984771923629531,,
4032,60,6523,190.364,401.364,9.091,190.24622,404.60785,7.0736175,60.0,60.0,26.0,1.0,4.508,4.0,36.0,4.11,-3.312,0.1907,3.821814634726063,,
4033,60,4029,41.545,381.909,9.545,41.92691,380.17352,6.121706,60.0,60.0,12.0,1.0,4.523,11.0,53.0,10.055,-1.514,0.2656,3.857030968106944,,
4033,63,9702,41.273,382.636,9.273,40.929897,380.16547,6.3689003,63.0,60.0,43.0,1.0,4.12,11.0,32.0,9.14,-2.818,-0.3323,3.828189286993144,,
4033,64,13383,41.636,383.545,9.091,44.215645,382.4741,6.9145055,64.0,60.0,63.0,1.0,3.674,11.0,5.0,5.48,-2.197,-0.2445,3.540977752620769,,
4033,65,13383,40.545,382.455,9.0,43.473663,381.89212,6.7438173,65.0,60.0,63.0,1.0,4.234,11.0,5.0,3.9,-1.189,0.1935,3.7395536147711934,,
4041,74,12315,356.182,364.091,8.818,353.91455,358.47583,5.802057,74.0,60.0,57.0,1.0,4.215,21.0,19.0,7.83,-1.39,-0.02042,6.765158964181801,,
4042,60,5439,38.364,231.364,9.364,36.95856,236.78578,6.570571,60.0,60.0,20.0,1.0,4.31,38.0,66.0,10.445,-3.479,-0.1037,6.258930063520507,,
4042,64,13183,39.636,232.091,9.636,37.373066,235.04842,6.103436,64.0,60.0,62.0,1.0,3.973,38.0,5.0,6.465,-1.716,-0.2269,5.132856101514235,,
4042,65,13183,40.273,232.727,9.455,36.41803,235.63327,6.293031,65.0,60.0,62.0,1.0,4.074,38.0,5.0,7.39,-2.047,-0.3293,5.771069828962482,,
4042,94,8787,42.455,231.364,9.0,39.52698,231.2628,6.025613,94.0,60.0,38.0,1.0,3.834,38.0,52.0,6.234,-2.625,-0.128,4.174987495330852,,
4046,86,15120,223.364,380.182,5.909,216.57562,373.9624,3.840938,86.0,60.0,72.0,1.0,2.438,40.0,15.0,6.707,-1.767,0.253,9.43622846375841,,
4046,87,8656,221.364,385.727,6.273,216.75746,396.0018,0.9466688,87.0,60.0,37.0,1.0,2.967,40.0,45.0,5.703,1.651,-0.0315,12.45638510418227,,
4048,64,11977,317.455,267.818,8.909,316.88135,265.21436,6.3615046,64.0,60.0,55.0,1.0,4.1,20.0,24.0,6.9,-1.307,-0.0158,3.6875124928766096,,
4048,66,11977,318.545,267.273,9.182,317.7223,265.00937,6.3378053,66.0,60.0,55.0,1.0,3.803,20.0,24.0,4.555,-2.957,0.11755,3.726969218870508,,
4049,66,11186,98.909,487.364,6.909,99.886604,489.96692,4.5921593,66.0,60.0,51.0,1.0,5.992,14.0,29.0,12.71,-0.5044,-0.2654,3.619206119633517,,
4055,62,10586,253.455,351.909,3.091,255.48212,352.98322,5.9083877,62.0,60.0,48.0,1.0,4.867,14.0,33.0,12.69,-3.588,-0.02873,3.6332956877897136,,
4056,60,10691,136.182,215.091,6.091,126.994606,223.7203,7.9999967,60.0,60.0,49.0,1.0,3.98,40.0,8.0,-7.27,1.075,-0.129,12.7482271474055,,
4061,61,11523,353.909,169.727,0.727,354.26385,163.63393,4.1317544,61.0,61.0,53.0,1.0,5.34,13.0,16.0,11.73,-0.4285,-0.194,6.988832024860771,,
4061,62,11523,354.636,168.364,0.909,353.73697,163.62675,4.142677,62.0,61.0,53.0,1.0,3.588,13.0,16.0,9.64,-0.2756,-0.2487,5.805726435488434,,
4062,68,13822,180.909,289.091,5.182,186.64642,281.02563,0.0,68.0,61.0,65.0,1.0,4.9,23.0,6.0,-4.617,-0.827,-0.5264,11.1723455681115,,
4062,71,14231,181.545,288.273,5.091,181.26588,300.5982,5.79602,71.0,61.0,68.0,1.0,4.324,23.0,4.0,4.008,-1.328,0.1945,12.348502589982312,,
4062,79,13172,168.909,300.545,6.818,166.22137,298.3963,4.51099,79.0,61.0,62.0,1.0,4.664,23.0,22.0,12.92,0.4128,-0.2295,4.142772241748272,,
4062,83,11982,147.909,305.909,9.182,145.554,306.22488,6.313303,83.0,61.0,55.0,1.0,4.46,23.0,33.0,11.56,-2.201,-0.6177,3.7249466643441953,,
4063,64,13489,132.545,314.0,5.636,136.77715,312.46808,7.123963,64.0,61.0,64.0,1.0,3.764,39.0,6.0,6.348,-4.25,-0.0799,4.740454239655647,,
4066,83,15955,18.091,285.364,-0.818,15.565458,282.85034,0.6647315,83.0,77.0,77.0,1.0,3.12,7.0,8.0,4.594,2.297,-0.147,3.859448366082392,,
4067,61,7032,322.091,441.909,1.909,317.79633,431.31934,5.806579,61.0,61.0,28.0,1.0,3.527,8.0,60.0,3.033,-1.109,0.3894,12.073781983526974,,
4069,75,14150,206.909,479.545,0.909,205.00258,482.01535,2.605361,75.0,61.0,67.0,1.0,4.824,18.0,20.0,11.555,0.1532,-0.1644,3.5517188769975827,,
4071,81,11564,312.545,493.0,0.455,316.36017,497.0815,2.010528,81.0,61.0,53.0,1.0,3.236,22.0,37.0,7.316,-0.7524,-0.3215,5.79946822887097,,
4071,82,11564,309.909,493.636,-0.455,316.68185,497.38162,1.9124527,82.0,61.0,53.0,1.0,3.418,22.0,37.0,8.14,1.871,-0.4958,8.09357761398735,,
4076,90,14895,474.091,337.273,7.818,467.10306,338.24234,5.3417892,90.0,73.0,71.0,1.0,3.285,27.0,24.0,6.652,-0.1952,-0.4568,7.476800479164623,,
4076,98,18782,452.545,358.273,8.364,458.0836,350.58258,6.1234903,98.0,73.0,92.0,1.0,3.854,27.0,8.0,5.52,-2.098,-0.498,9.738507763112072,,
4076,99,17314,448.364,361.273,8.909,439.92538,357.01367,1.903591,99.0,73.0,84.0,1.0,3.164,27.0,12.0,8.86,1.637,-0.0629,11.765540990986372,,
4079,74,15467,148.727,57.0,-0.455,141.52025,61.550785,1.4409804,74.0,73.0,74.0,1.0,3.676,24.0,20.0,4.082,1.471,-0.272,8.731645397971057,,
4079,79,15467,142.636,66.455,-0.273,142.07333,60.17441,1.2533207,79.0,73.0,74.0,1.0,3.334,24.0,20.0,5.375,3.54,0.00525,6.487839637063207,,
4082,92,18745,36.091,274.364,-0.636,35.81803,271.03708,1.454377,92.0,92.0,91.0,1.0,3.674,8.0,9.0,6.367,1.778,0.1428,3.938601948588969,,
4087,96,19150,72.909,6.727,1.818,71.41456,16.552479,1.561173,96.0,94.0,94.0,1.0,3.148,6.0,5.0,5.918,0.8594,-0.587,9.941798056738532,,
4087,97,19150,68.818,8.455,1.091,73.46381,17.474154,7.9999948,97.0,94.0,94.0,1.0,5.105,6.0,5.0,-1.327,-2.477,-1.196,12.27448160120186,,
4087,98,17286,64.273,9.091,0.727,53.10361,13.091377,3.3433468,98.0,94.0,84.0,1.0,3.178,6.0,16.0,4.152,-0.381,0.7593,12.149220538458389,,
4087,99,17286,60.818,10.273,0.545,52.413315,13.016075,3.5954483,99.0,94.0,84.0,1.0,3.098,6.0,16.0,5.82,0.404,1.165,9.35245557251265,,
4089,70,10702,220.182,179.818,7.364,226.1249,180.74007,7.999998,70.0,61.0,49.0,1.0,3.36,28.0,16.0,-5.4,0.767,-0.0938,6.047542223986872,,
4093,71,12759,371.0,370.909,5.636,369.1424,367.94482,4.248793,71.0,61.0,59.0,1.0,4.367,16.0,11.0,14.06,-0.2673,-0.2554,3.7631614492669536,,
4094,99,18034,479.091,489.455,0.182,476.5152,491.0779,4.4201927,99.0,87.0,88.0,1.0,3.395,13.0,10.0,10.875,-0.947,-0.306,5.21831653048504,,
4102,63,12535,184.545,321.636,5.273,180.6174,325.77625,3.3069172,63.0,61.0,58.0,1.0,4.57,9.0,17.0,8.21,0.1465,0.5493,6.035991500901534,,
4104,72,11663,369.091,3.818,3.455,376.80246,0.0,7.9999905,72.0,61.0,54.0,1.0,3.887,20.0,12.0,-6.28,-3.836,0.0859,9.731427335015663,,
4104,73,8775,369.0,3.364,3.455,356.40387,0.0,7.808525,73.0,61.0,38.0,1.0,2.598,20.0,27.0,-10.34,0.1117,-0.384,13.745259797563865,,
4107,62,11050,272.273,366.273,7.727,270.4395,363.96252,4.855695,62.0,62.0,51.0,1.0,4.105,9.0,34.0,8.0,-1.742,0.174,4.116361558880032,,
4113,79,13840,478.545,116.455,-0.545,481.89407,116.216835,1.3859358,79.0,62.0,66.0,1.0,3.727,38.0,16.0,9.62,1.845,0.4565,3.873177700008938,,
4117,65,13472,197.091,46.636,6.273,190.12206,41.89759,6.403945,65.0,62.0,64.0,1.0,4.59,27.0,7.0,4.984,-1.081,-0.0938,8.428273882873354,,
4123,72,12845,235.636,116.364,-0.455,233.74916,119.6719,1.3551867,72.0,62.0,60.0,1.0,3.686,15.0,25.0,7.19,1.235,-0.1826,4.216532163337171,,
4123,73,12845,235.091,117.273,-0.636,233.67021,119.857315,1.2967438,73.0,62.0,60.0,1.0,4.12,15.0,25.0,6.848,-0.04257,-0.872,3.5260213895782724,,
4123,74,12845,235.273,118.364,-0.636,233.69675,120.94073,1.4896543,74.0,62.0,60.0,1.0,3.857,15.0,25.0,9.34,0.4272,-0.12006,3.693576553763092,,
4123,75,12845,235.091,118.091,-0.727,233.04767,121.69994,1.5308686,75.0,62.0,60.0,1.0,3.371,15.0,25.0,8.13,1.116,0.2905,4.72203515736234,,
4123,76,12845,235.0,117.0,-0.818,233.68477,120.911316,1.2502964,76.0,62.0,60.0,1.0,3.928,15.0,25.0,9.66,0.664,-0.155,4.615850171204541,,
4125,66,12741,257.091,416.0,7.545,254.73288,414.97592,5.1388116,66.0,62.0,59.0,1.0,4.26,38.0,10.0,7.434,-1.102,-0.105,3.521251538458262,,
4126,71,14723,159.727,368.364,9.0,162.94518,368.80423,6.912766,71.0,62.0,70.0,1.0,5.33,23.0,11.0,11.516,-2.69,-1.083,3.86096241059868,,
4126,72,15116,160.0,368.545,9.0,162.75168,367.7965,6.5105495,72.0,62.0,72.0,1.0,3.504,23.0,13.0,4.453,-2.002,-0.1855,3.785413962085292,,
4128,74,12685,73.818,246.091,0.545,74.59734,234.5062,0.0,74.0,62.0,59.0,1.0,2.666,24.0,22.0,-8.734,-0.718,-0.3562,11.623768187451091,,
4129,62,11728,361.545,220.727,9.636,363.03107,222.03381,6.393317,62.0,62.0,54.0,1.0,4.81,6.0,15.0,5.785,-1.701,-0.5723,3.798835276698492,,
4129,63,11728,361.273,220.455,9.545,363.40036,221.70483,6.4124384,63.0,62.0,54.0,1.0,4.89,6.0,15.0,6.21,-0.9023,-0.6836,3.987565394610388,,
4129,66,12655,356.909,221.0,9.545,366.29337,220.56343,5.903908,66.0,62.0,59.0,1.0,3.74,6.0,10.0,5.79,-1.683,0.1838,10.075442651033445,,
4130,74,12043,81.818,87.727,5.091,83.25424,95.20219,1.2634995,74.0,62.0,56.0,1.0,3.906,38.0,26.0,4.473,1.414,-0.4517,8.520035853868233,,
4130,94,18076,49.545,94.818,6.182,49.335903,97.117874,2.3038929,94.0,62.0,88.0,1.0,6.53,38.0,8.0,16.89,1.363,-0.5938,4.513630096757534,,
4130,95,18076,48.818,94.909,6.364,48.738842,97.36324,2.477805,95.0,62.0,88.0,1.0,6.684,38.0,8.0,17.45,0.1727,-0.3115,4.596963295980183,,
4134,67,11186,100.636,492.545,7.182,100.40169,492.41574,3.4009788,67.0,62.0,51.0,1.0,4.65,10.0,29.0,13.83,-0.2141,0.4187,3.79047894579952,,
4137,64,12400,36.727,458.0,-0.455,38.14042,461.1909,1.0847963,64.0,62.0,57.0,1.0,3.924,16.0,34.0,6.688,1.031,-0.0524,3.814521143196573,,
4138,62,13006,177.273,470.818,7.455,165.56804,468.9993,0.0,62.0,62.0,61.0,1.0,4.707,38.0,9.0,-7.56,1.423,0.548,13.99609885973945,,
4145,95,19269,377.273,416.182,7.0,372.63657,412.56152,1.3282006,95.0,62.0,94.0,1.0,3.836,38.0,4.0,5.95,1.959,0.03125,8.171515588257838,,
4145,96,19361,371.909,420.818,7.455,380.10678,427.04376,0.0,96.0,62.0,95.0,1.0,1.937,38.0,4.0,-0.989,0.426,-0.0516,12.709866620307263,,
4145,98,19361,363.0,429.455,7.818,373.5588,424.2837,6.400196,98.0,62.0,95.0,1.0,3.707,38.0,4.0,6.758,-2.5,-0.2465,11.8423295559791,,
4145,99,10319,358.545,433.091,7.727,361.59207,427.1375,1.2542503,99.0,62.0,46.0,1.0,3.418,38.0,45.0,7.7,1.319,-0.2252,9.307270626437704,,
4147,78,13507,47.455,384.182,-0.636,39.69225,389.66113,7.999992,78.0,77.0,64.0,1.0,3.389,19.0,19.0,-4.742,-1.261,0.00987,12.83984076783914,,
4147,79,11029,47.273,384.818,-0.727,49.763817,375.02786,6.75759,79.0,77.0,51.0,1.0,3.926,19.0,27.0,3.889,-0.919,-0.642,12.572593130106023,,
4147,85,12059,47.364,382.182,-0.545,49.967873,379.4606,0.82726824,85.0,77.0,56.0,1.0,3.137,19.0,33.0,5.285,3.49,-0.265,4.008652227699703,,
4151,62,11719,388.909,466.909,8.364,393.1525,462.76904,4.3026276,62.0,62.0,54.0,1.0,3.658,16.0,16.0,6.42,-1.458,0.4104,7.186188615885434,,
4151,74,11611,355.091,494.0,7.455,363.16965,495.91223,5.6373386,74.0,62.0,54.0,1.0,3.252,16.0,21.0,11.47,-4.13,-0.01988,8.498535306771972,,
4152,76,9194,223.909,497.727,6.091,229.77495,492.67688,0.03446977,76.0,62.0,40.0,1.0,3.6,18.0,37.0,-2.006,-0.001385,1.14,9.828257212944916,,
4156,62,10287,224.455,423.091,6.636,215.62851,411.58167,3.4757762,62.0,62.0,46.0,1.0,3.96,15.0,37.0,3.904,0.7417,0.1111,14.844481036233208,,
4156,63,3531,225.636,422.818,6.636,228.49646,433.77023,1.3831639,63.0,62.0,9.0,1.0,5.066,15.0,47.0,7.082,1.551,-0.3325,12.479016807343609,,
4157,75,13178,182.364,363.818,1.545,188.05074,362.14694,2.2674897,75.0,62.0,62.0,1.0,3.072,38.0,26.0,9.98,2.584,-0.17,5.971050553948272,,
4165,92,17735,479.909,485.364,-0.818,479.23074,488.69586,2.5587056,92.0,79.0,86.0,1.0,5.25,16.0,10.0,15.32,1.725,0.1863,4.792021326775513,,
4165,94,17604,469.364,491.545,-0.727,466.83133,499.02472,1.8096176,94.0,79.0,85.0,1.0,4.504,16.0,10.0,15.43,3.02,-0.2344,8.29427859767982,,
4166,84,14993,492.818,457.0,7.455,491.6177,460.05908,5.6829877,84.0,63.0,71.0,1.0,4.215,24.0,23.0,9.195,-1.656,-0.1238,3.73345927093777,,
4168,71,13288,244.091,32.818,-0.727,247.56061,32.952644,0.25580823,71.0,63.0,63.0,1.0,2.299,23.0,27.0,4.18,0.9727,-0.4973,3.6086333390622634,,
4170,78,13869,399.818,399.727,5.455,399.77,410.26828,1.9301696,78.0,63.0,66.0,1.0,3.547,25.0,20.0,6.66,0.8,0.3206,11.115094124080317,,
4170,87,15263,376.727,403.545,9.727,375.6519,406.00403,6.0207524,87.0,63.0,73.0,1.0,4.703,25.0,18.0,7.156,-1.997,0.686,4.575908633638308,,
4175,65,13706,339.636,194.545,5.455,344.93185,197.97101,1.7022707,65.0,63.0,65.0,1.0,3.5,19.0,35.0,7.84,0.7285,0.09076,7.339383416996167,,
4175,81,11118,317.818,219.818,1.727,311.35858,217.014,0.19179751,81.0,63.0,51.0,1.0,3.443,19.0,38.0,1.057,-0.3694,-0.11554,7.2071748571615615,,
4176,86,13173,201.636,302.0,9.364,203.11307,299.74713,6.3046,86.0,85.0,62.0,1.0,4.184,15.0,24.0,8.11,-0.9834,-0.4502,4.0764061845944495,,
4176,87,13173,201.636,301.818,9.364,200.27805,302.10147,6.029675,87.0,85.0,62.0,1.0,4.69,15.0,24.0,6.957,-2.258,0.1846,3.61138569651941,,
4176,88,13173,201.636,300.636,9.182,200.5231,302.49432,6.2189026,88.0,85.0,62.0,1.0,5.055,15.0,24.0,7.82,-2.3,-1.408,3.67040131787884,,
4176,89,13173,201.727,300.727,9.182,200.40419,302.26846,6.1167455,89.0,85.0,62.0,1.0,5.18,15.0,24.0,7.695,-1.953,-0.3953,3.6771878354892817,,
4182,78,15675,215.545,390.182,9.364,215.05092,381.35724,0.88188446,78.0,78.0,75.0,1.0,2.55,7.0,23.0,3.55,0.9277,-0.09784,12.250175024786786,,
4184,65,9919,100.545,381.182,2.364,97.66336,390.831,6.8694153,65.0,63.0,44.0,1.0,4.4,37.0,21.0,3.709,-1.938,0.03415,11.03203594605611,,
4184,67,9919,98.727,386.182,2.636,85.49068,385.6758,7.9999976,67.0,63.0,44.0,1.0,0.577,37.0,21.0,-6.293,0.3699,0.1466,14.29086686787075,,
4190,64,13362,229.182,396.364,9.455,225.68556,391.64243,0.0,64.0,63.0,63.0,1.0,6.1,37.0,25.0,-4.04,1.735,0.4236,11.131726772540716,,
4190,72,10455,230.273,396.545,8.727,232.5478,394.42496,6.6702437,72.0,63.0,47.0,1.0,4.375,37.0,22.0,5.406,-1.942,-0.2395,3.728207494116946,,
4192,87,15164,476.273,277.818,4.182,479.4335,276.3157,4.398287,87.0,63.0,73.0,1.0,5.066,27.0,21.0,12.55,-0.8853,0.9214,3.506058414568801,,
4194,74,13535,135.909,88.727,9.727,137.92712,89.78448,6.606937,74.0,63.0,64.0,1.0,4.4,37.0,25.0,8.875,-2.633,-1.273,3.863400756945756,,
4194,75,13535,135.545,88.545,9.636,137.90277,90.17269,6.9165206,75.0,63.0,64.0,1.0,3.785,37.0,25.0,9.945,-3.53,-1.261,3.95019269353084,,
4194,79,13535,135.273,88.273,9.818,132.85265,87.695305,6.8811913,79.0,63.0,64.0,1.0,4.54,37.0,25.0,9.0,-1.88,-0.6577,3.8492429094460383,,
4194,81,13535,136.0,88.364,9.818,134.19513,87.55329,6.597651,81.0,63.0,64.0,1.0,3.059,37.0,25.0,4.16,-1.991,-0.0951,3.779610310971354,,
4194,82,13535,136.364,88.0,9.727,133.93277,87.22247,6.766263,82.0,63.0,64.0,1.0,3.049,37.0,25.0,5.4,-0.5933,-0.3374,3.909142591025428,,
4200,65,10977,47.182,137.545,1.273,39.542454,125.636696,0.0,65.0,63.0,50.0,1.0,2.785,4.0,16.0,-6.6,0.5703,-0.3152,14.205312254312885,,
4205,63,12373,450.091,182.727,4.364,448.08667,187.52583,0.9460226,63.0,63.0,57.0,1.0,3.521,23.0,8.0,10.09,2.682,-0.506,6.223236908933387,,
4205,67,12552,445.909,188.0,4.364,436.7204,190.35265,1.0599616,67.0,63.0,58.0,1.0,4.707,23.0,18.0,7.434,2.08,0.2251,10.044003272160696,,
4205,80,14298,405.727,227.818,8.455,404.1626,227.64296,5.1021705,80.0,63.0,68.0,1.0,4.53,23.0,30.0,5.973,-1.096,-0.11053,3.703977864090199,,
4205,81,14911,406.636,229.273,8.818,402.79517,224.5723,7.9999967,81.0,63.0,71.0,1.0,2.936,23.0,6.0,-2.166,-1.8955,-0.1333,6.125168159137432,,
4205,83,16168,413.727,226.455,9.364,410.3319,237.92746,7.9999986,83.0,63.0,78.0,1.0,1.748,23.0,4.0,-4.37,-0.8286,0.1404,12.04178318525962,,
4206,63,13168,102.636,150.545,1.273,104.02154,161.31647,0.0,63.0,63.0,62.0,1.0,3.385,6.0,25.0,-6.06,-1.717,-0.6123,10.934569769885805,,
4208,70,9826,122.636,29.636,5.182,133.94788,34.825886,4.0787983,70.0,63.0,43.0,1.0,3.367,9.0,18.0,2.201,-0.417,0.11285,12.494422748501789,,
4209,81,15185,124.091,26.545,-0.455,121.29901,30.012123,0.9904417,81.0,74.0,73.0,1.0,3.434,18.0,14.0,5.855,2.455,-0.3345,4.68032603194776,,
4209,82,15185,118.455,29.818,-0.364,115.268906,32.624554,1.2215694,82.0,74.0,73.0,1.0,3.498,18.0,14.0,6.45,1.789,-0.587,4.532325082556231,,
4209,84,16578,117.818,31.0,-0.273,115.05226,32.990112,1.3175948,84.0,74.0,80.0,1.0,3.672,18.0,20.0,7.293,2.51,-0.3167,3.7602998999988047,,
4210,97,14062,138.455,319.182,-0.545,138.29282,315.9895,0.98707074,97.0,64.0,67.0,1.0,3.168,36.0,18.0,7.49,2.232,0.388,3.544798915984392,,
4212,73,11967,318.273,397.091,0.273,318.88028,394.2812,3.3458664,73.0,64.0,55.0,1.0,4.953,36.0,38.0,8.67,-0.132,0.1912,4.207882240587174,,
4212,93,14574,310.727,396.0,0.0,307.73093,399.8607,5.9097133,93.0,64.0,69.0,1.0,3.662,36.0,27.0,5.383,-2.393,-0.3577,7.668516885493362,,
4213,91,13508,51.273,442.091,3.909,52.387207,448.22165,6.7838497,91.0,64.0,64.0,1.0,4.004,36.0,30.0,9.77,-4.64,-0.933,6.862294620528845,,
4213,94,18353,39.545,447.818,2.273,42.511715,445.3075,2.0792627,94.0,64.0,89.0,1.0,4.836,36.0,7.0,11.77,1.546,0.09735,3.8912134717381135,,
4213,95,18656,36.091,449.545,1.364,39.85747,446.4977,1.715942,95.0,64.0,91.0,1.0,4.43,36.0,4.0,10.18,1.779,0.223,4.857591658658026,,
4215,68,13879,419.364,497.364,3.818,424.00928,493.74408,4.6847057,68.0,64.0,66.0,1.0,3.68,17.0,25.0,4.57,0.06714,0.4915,5.952615043425239,,
4222,67,1271,358.909,362.636,-0.818,359.28598,359.1536,1.3852481,67.0,64.0,0.0,1.0,4.76,5.0,94.0,10.05,1.584,-0.799,4.138058224645214,,
4225,64,13607,118.091,463.273,5.727,116.7844,454.56866,7.999995,64.0,64.0,64.0,1.0,5.566,15.0,23.0,-1.815,-0.1765,-0.666,9.09061299724199,,
4230,67,10851,9.364,470.909,3.818,18.536072,481.14056,1.0004113,67.0,64.0,50.0,1.0,3.443,16.0,41.0,5.566,2.68,0.622,14.02677906324726,,
4230,73,10851,6.818,471.0,3.182,4.5968637,473.14035,1.4558797,73.0,64.0,50.0,1.0,4.76,16.0,41.0,13.95,1.281,-0.0946,3.5346903507591483,,
4231,86,16176,287.364,278.182,9.727,288.09766,278.98486,5.880063,86.0,67.0,78.0,1.0,4.65,31.0,20.0,9.766,-1.659,-0.1586,3.997720032364583,,
4231,87,16176,287.364,278.182,9.545,285.52078,279.2224,6.5325747,87.0,67.0,78.0,1.0,4.94,31.0,20.0,9.56,-2.889,0.0956,3.6816570069032704,,
4233,97,17890,105.0,313.364,6.727,100.387886,317.35004,2.376135,97.0,64.0,87.0,1.0,3.842,36.0,9.0,6.484,0.8184,0.1619,7.489334862243848,,
4233,98,17336,105.818,313.364,6.636,112.376015,316.4306,1.768282,98.0,64.0,84.0,1.0,4.004,36.0,13.0,9.33,3.135,-0.2355,8.72389103713184,,
4233,99,17336,105.909,313.455,6.545,111.97312,317.30014,1.7090244,99.0,64.0,84.0,1.0,4.953,36.0,13.0,9.93,1.497,-0.01358,8.657096106535686,,
4240,67,12627,348.727,11.455,4.455,355.9493,12.3249445,1.166061,67.0,64.0,59.0,1.0,-0.618,16.0,7.0,0.745,-0.713,0.8174,7.983454169017413,,
4240,76,15056,286.455,30.455,0.727,287.5553,35.018013,3.0358474,76.0,64.0,72.0,1.0,4.133,16.0,11.0,9.984,-0.685,-0.3962,5.230919999833281,,
4242,71,12185,490.545,497.182,0.273,493.98373,492.93625,2.0018406,71.0,64.0,57.0,1.0,4.08,11.0,24.0,4.844,1.383,0.312,5.73063232947364,,
4244,65,12881,497.182,139.818,2.273,491.18277,146.12764,4.7211523,65.0,64.0,60.0,1.0,3.76,6.0,28.0,8.89,0.1681,0.186,9.044101238182568,,
4252,92,15276,220.091,440.636,6.636,226.42839,444.59308,7.999994,92.0,64.0,73.0,1.0,4.535,36.0,18.0,-3.29,-0.821,-0.02657,7.594832043602786,,
4257,73,14609,488.818,96.545,7.182,498.57776,104.393394,0.0,73.0,71.0,69.0,1.0,3.709,11.0,4.0,-10.09,-1.254,-0.2291,14.437150952900526,,
4260,64,9410,469.091,453.273,-0.636,462.5291,452.41638,0.5753937,64.0,64.0,41.0,1.0,1.902,35.0,54.0,2.443,2.857,-0.05286,6.7275407193713415,,
4267,75,13531,187.636,8.182,8.455,186.46281,9.473891,4.898675,75.0,65.0,64.0,1.0,3.83,25.0,29.0,7.1,0.04453,-0.9453,3.9614144743520607,,
4267,85,9167,167.364,24.455,8.727,169.57573,22.445768,5.8704357,85.0,65.0,40.0,1.0,4.094,25.0,46.0,7.36,-1.27,-0.2092,4.133850798318491,,
4267,87,9167,166.909,23.727,8.636,169.2527,22.750635,5.4873695,87.0,65.0,40.0,1.0,3.943,25.0,46.0,5.996,-1.8125,-0.472,4.044761096623051,,
4270,71,13765,372.545,427.091,4.182,373.44806,419.74792,5.85119,71.0,65.0,65.0,1.0,3.934,13.0,23.0,7.52,0.134,0.01111,7.584361311679433,,
4271,71,14558,216.182,56.182,3.636,220.97572,53.12246,7.318397,71.0,65.0,69.0,1.0,2.764,28.0,4.0,6.246,-2.703,-0.5024,6.774996982701107,,
4273,74,15321,498.636,91.364,0.455,492.159,102.08276,0.0,74.0,72.0,74.0,1.0,2.408,7.0,12.0,-8.414,-0.6235,-0.421,12.531973904281806,,
4273,77,15711,480.182,96.455,0.182,469.9993,93.46648,0.0,77.0,72.0,75.0,1.0,3.736,7.0,12.0,-7.27,0.0489,0.635,10.61375311001722,,
4274,65,13801,353.636,72.182,6.182,354.55145,62.517124,0.0,65.0,65.0,65.0,1.0,5.223,24.0,24.0,-5.547,1.323,0.5815,11.50934406462314,,
4285,67,7569,276.545,201.727,9.0,273.8238,202.26064,6.310285,67.0,65.0,31.0,1.0,4.164,4.0,31.0,9.1,-2.604,-0.1057,3.863193998600775,,
4295,65,7228,294.818,170.545,1.727,292.79208,180.22798,3.3391416,65.0,65.0,29.0,1.0,3.33,17.0,47.0,5.812,0.2598,0.1348,10.0231459165898,,
4295,66,12703,295.545,170.0,1.636,301.39432,163.08162,3.774053,66.0,65.0,59.0,1.0,3.557,17.0,15.0,4.734,0.1831,0.411,9.308587267550802,,
4295,69,12223,295.091,167.455,1.727,284.46057,166.91943,1.8650426,69.0,65.0,57.0,1.0,4.68,17.0,21.0,10.6,0.958,0.1523,10.644807793906592,,
4297,68,13522,254.182,355.182,5.727,259.5533,358.52588,6.945759,68.0,65.0,64.0,1.0,5.55,24.0,26.0,5.414,-2.533,-0.468,6.4434284852460815,,
4297,86,14193,192.636,370.455,0.455,193.25394,358.65512,5.040008,86.0,65.0,67.0,1.0,3.744,24.0,28.0,4.14,-0.4639,0.0551,12.674435538439706,,
4298,67,14150,228.455,488.273,7.364,230.65556,486.7809,3.9080858,67.0,65.0,67.0,1.0,5.336,11.0,20.0,12.06,-0.887,0.02377,4.360294678271386,,
4304,66,11772,486.091,298.909,4.909,496.07764,287.40436,0.9872159,66.0,65.0,54.0,1.0,3.158,21.0,15.0,2.34,1.512,-0.03119,15.73118274467028,,
4304,67,11772,486.909,299.273,5.0,491.23242,289.88202,0.9194985,67.0,65.0,54.0,1.0,3.71,21.0,15.0,5.242,2.379,-0.6016,11.11453815272153,,
4305,83,16863,345.364,379.364,5.455,344.23813,375.76712,4.611716,83.0,65.0,81.0,1.0,3.865,28.0,7.0,10.836,-1.08,-0.0576,3.862157026320384,,
4312,66,9579,193.636,502.0,9.545,194.38806,499.6428,6.4304194,66.0,66.0,42.0,1.0,4.21,8.0,36.0,11.18,-2.727,-0.3806,3.977762989105341,,
4312,67,9579,193.636,501.364,9.545,194.57346,499.57953,6.407426,67.0,66.0,42.0,1.0,4.816,8.0,36.0,11.25,-3.371,-0.3086,3.729280766847144,,
4312,68,9579,192.727,501.182,9.273,193.7157,499.2662,6.342411,68.0,66.0,42.0,1.0,4.844,8.0,36.0,9.77,-2.04,-0.03378,3.638154644448329,,
4312,69,9579,192.636,501.545,9.545,190.5371,500.67828,6.2090883,69.0,66.0,42.0,1.0,4.23,8.0,36.0,9.11,-2.53,-0.11615,4.035454328647136,,
4315,67,10013,442.818,456.636,6.364,438.09024,455.41135,6.6024575,67.0,66.0,44.0,1.0,5.58,19.0,23.0,2.385,-1.479,0.1421,4.889615958273834,,
4318,77,9468,391.364,245.727,9.636,389.89655,244.72655,6.577443,77.0,77.0,42.0,1.0,4.66,23.0,32.0,6.582,-0.867,-0.1537,3.536817867412592,,
4318,78,9468,388.545,248.364,8.818,385.9728,248.19362,6.222658,78.0,77.0,42.0,1.0,4.05,23.0,32.0,7.64,-2.975,-0.4387,3.658010700006773,,
4324,72,13627,266.727,221.545,8.273,265.7422,220.94972,4.5838637,72.0,66.0,65.0,1.0,4.215,10.0,15.0,7.5,-0.1594,-0.05164,3.86444251585886,,
4325,90,16904,482.273,38.273,-0.364,485.46945,50.2674,6.8782606,90.0,82.0,82.0,1.0,2.855,10.0,7.0,3.67,-2.729,0.2449,14.371265169107838,,
4327,66,7697,142.0,89.818,8.727,140.92136,87.17483,6.584618,66.0,66.0,32.0,1.0,5.023,15.0,38.0,7.36,-1.393,-0.0819,3.5692593814997537,,
4327,67,7697,142.818,89.545,8.727,140.72025,86.41246,6.384325,67.0,66.0,32.0,1.0,3.396,15.0,38.0,6.41,-0.6904,0.5166,4.438635834321748,,
4330,80,13447,324.273,319.818,7.364,321.65314,320.1121,3.9860983,80.0,66.0,63.0,1.0,4.438,34.0,33.0,7.895,0.3223,-0.2217,4.284901530311168,,
4330,98,15132,296.727,329.0,6.727,291.40436,327.23785,4.034979,98.0,66.0,72.0,1.0,4.816,34.0,18.0,8.14,-0.10345,-0.1388,6.219537463231558,,
4330,99,15132,296.727,328.818,6.455,290.50433,327.8546,4.2347426,99.0,66.0,72.0,1.0,3.295,34.0,18.0,8.6,-0.1376,0.2313,6.676773503059291,,
4331,67,1906,445.818,175.182,5.273,433.94876,177.57494,7.999999,67.0,66.0,2.0,1.0,1.487,34.0,54.0,-7.047,0.1455,1.013,12.41134737114391,,
4333,73,11967,318.273,391.909,6.909,318.88028,394.2812,3.3458664,73.0,66.0,55.0,1.0,4.953,34.0,38.0,8.67,-0.132,0.1912,4.323429528724744,,
4339,89,12030,119.091,489.455,7.0,114.37061,492.82025,7.048428,89.0,81.0,56.0,1.0,4.1,19.0,33.0,6.14,-1.353,0.1464,5.7973558270804775,,
4344,69,12741,260.364,407.818,7.727,256.60858,417.5626,5.8511105,69.0,66.0,59.0,1.0,3.877,17.0,10.0,9.94,-3.184,0.1671,10.610342593555108,,
4344,74,10595,231.0,429.091,8.273,228.46614,430.4483,6.009067,74.0,66.0,48.0,1.0,4.36,17.0,27.0,5.59,-0.8574,-0.0935,3.658975596815186,,
4349,99,17228,452.364,418.818,7.091,453.70328,418.67267,3.8229203,99.0,88.0,83.0,1.0,4.336,12.0,14.0,11.445,-0.4783,-0.09314,3.534846057871852,,
4354,73,11257,39.727,325.545,9.818,40.090145,323.18542,5.225523,73.0,70.0,52.0,1.0,3.447,5.0,29.0,7.707,-2.209,0.284,5.17593827851086,,
4355,86,15912,343.818,177.818,5.364,335.12784,177.70306,2.1279285,86.0,67.0,77.0,1.0,4.742,21.0,15.0,6.07,0.7085,0.0415,9.273847679486227,,
4355,87,15912,343.545,177.364,5.182,336.1172,177.27487,2.3173923,87.0,67.0,77.0,1.0,3.123,21.0,15.0,6.11,1.217,0.6074,7.961540948321446,,
4356,76,7786,225.909,5.636,8.727,229.52133,6.4060063,6.2448554,76.0,67.0,33.0,1.0,4.44,13.0,46.0,8.85,-2.22,-0.2126,4.450042645441609,,
4356,77,7786,225.727,6.091,8.909,229.52275,6.652025,6.2745647,77.0,67.0,33.0,1.0,4.84,13.0,46.0,8.016,-2.574,-0.2898,4.6543223419753685,,
4367,70,13726,359.909,509.545,8.545,361.0995,502.76114,6.86773,70.0,67.0,65.0,1.0,1.558,4.0,22.0,2.521,-3.63,0.3252,7.088813821966268,,
4369,98,18034,486.091,484.727,1.909,480.8406,487.91336,4.5919,98.0,90.0,88.0,1.0,3.377,10.0,10.0,9.99,-2.396,-0.1282,6.702055104190085,,
4369,99,18500,479.818,486.091,2.0,478.7508,481.4767,3.342753,99.0,90.0,90.0,1.0,2.936,10.0,6.0,7.93,0.03857,0.6836,4.922770149926669,,
4376,68,13056,82.091,479.182,9.455,81.36578,480.6352,5.7301335,68.0,67.0,61.0,1.0,4.773,11.0,19.0,11.1,-1.946,-0.2393,4.063540910489543,,
4376,73,13780,82.091,480.273,9.273,82.74361,481.12378,5.7552686,73.0,67.0,65.0,1.0,5.39,11.0,25.0,13.07,-2.908,-0.4834,3.6775209887974736,,
4376,74,13780,81.727,480.273,9.182,82.556595,481.22113,5.5931664,74.0,67.0,65.0,1.0,5.242,11.0,25.0,12.95,-2.086,-0.4045,3.8035384800753542,,
4380,68,12631,426.818,292.727,5.0,421.41104,302.4258,0.0,68.0,67.0,59.0,1.0,2.02,4.0,8.0,-5.695,-0.428,-0.3586,12.177928308279688,,
4383,67,12673,172.455,55.909,1.273,175.68713,54.21285,1.1171716,67.0,67.0,59.0,1.0,3.984,15.0,23.0,7.97,2.697,0.7964,3.653473915282062,,
4384,83,9198,267.818,429.636,7.182,267.28943,427.6291,4.33479,83.0,67.0,40.0,1.0,5.586,33.0,49.0,15.83,-0.7725,-0.017,3.5232993967303043,,
4384,89,9198,266.182,430.545,7.091,263.56015,429.86035,4.5060754,89.0,67.0,40.0,1.0,4.266,33.0,49.0,7.406,-0.00798,-0.1929,3.7449537023420167,,
4384,95,16252,262.364,435.182,7.364,262.4321,431.6453,4.479844,95.0,67.0,78.0,1.0,5.535,33.0,14.0,11.78,-0.502,0.1693,4.56412536334575,,
4387,68,14226,422.091,289.364,5.455,419.84482,279.77588,0.0,68.0,67.0,68.0,1.0,2.164,18.0,13.0,-6.883,-0.3164,-0.6006,11.257637173350364,,
4387,69,13080,421.0,288.727,5.273,426.77026,292.89883,4.3738446,69.0,67.0,61.0,1.0,3.348,18.0,6.0,8.85,-0.02492,-0.3003,7.176945481878015,,
4387,71,14929,419.909,288.182,5.273,427.55423,277.1449,7.999998,71.0,67.0,71.0,1.0,3.008,18.0,6.0,-7.973,1.917,0.3516,13.700497664497616,,
4387,72,1274,419.909,287.091,5.364,430.7833,294.47034,1.3493824,72.0,67.0,0.0,1.0,4.47,18.0,95.0,3.607,1.11,0.145,13.741259541971765,,
4388,76,12030,133.636,470.364,7.0,126.30337,475.15277,5.3449597,76.0,67.0,56.0,1.0,4.92,21.0,33.0,4.87,-1.155,0.7974,8.912852474063733,,
4388,79,16422,114.0,477.364,7.364,102.388535,478.1564,7.999998,79.0,67.0,79.0,1.0,1.128,21.0,8.0,-4.965,-0.7812,0.197,11.65583590576965,,
4388,85,16423,109.818,478.727,7.455,100.746735,475.4871,5.3954573,85.0,67.0,79.0,1.0,3.465,21.0,6.0,5.4,-0.7075,-0.0803,9.85020389856718,,
4392,82,16606,308.364,435.273,-0.636,309.51004,439.95673,0.6791352,82.0,67.0,80.0,1.0,2.533,26.0,15.0,6.516,2.494,-0.1492,4.998031111225581,,
4394,90,16154,183.0,18.545,8.909,181.67082,20.055458,5.2622914,90.0,70.0,78.0,1.0,4.49,30.0,12.0,6.504,-0.749,-0.2113,4.164935348295096,,
4395,93,18536,196.909,210.0,4.091,200.36278,208.70596,3.8368735,93.0,67.0,90.0,1.0,4.316,31.0,7.0,10.63,-0.3115,0.291,3.696987434114728,,
4395,95,13154,183.545,210.636,3.273,192.51973,203.99971,0.0,95.0,67.0,62.0,1.0,8.57,31.0,32.0,-9.19,-0.621,-0.525,11.631794897478224,,
4396,67,12627,353.273,11.0,4.545,355.9493,12.3249445,1.166061,67.0,67.0,59.0,1.0,-0.618,16.0,7.0,0.745,-0.713,0.8174,4.509466529845973,,
4396,68,12257,354.091,10.818,4.455,342.45593,12.504148,3.376326,68.0,67.0,57.0,1.0,3.67,16.0,17.0,2.541,-0.159,0.244,11.805993671905794,,
4400,81,9439,366.0,201.091,-0.364,364.91895,200.06873,3.3652368,81.0,67.0,42.0,1.0,4.477,17.0,51.0,10.68,-0.3804,0.02957,4.015085573916736,,
4402,71,13273,40.455,169.818,8.818,40.620182,173.03131,6.720217,71.0,67.0,63.0,1.0,4.547,7.0,32.0,10.516,-2.984,-0.547,3.841007649603534,,
4402,73,13273,34.455,183.0,9.727,33.179718,181.09427,6.593798,73.0,67.0,63.0,1.0,4.93,7.0,32.0,6.508,-1.501,-0.2418,3.882667354439216,,
4413,74,9886,239.182,507.182,9.273,238.95943,505.59564,6.0637174,74.0,68.0,44.0,1.0,4.28,13.0,31.0,7.375,-2.9,-0.287,3.586860780844832,,
4414,71,10462,114.909,362.636,9.0,116.04244,360.24066,6.377413,71.0,68.0,47.0,1.0,4.4,9.0,32.0,8.32,-1.451,-0.3853,3.728310947569844,,
4423,89,15326,97.818,292.909,-0.727,93.705986,291.62152,2.415489,89.0,89.0,74.0,1.0,5.957,11.0,25.0,16.28,0.8794,-0.834,5.333057378438475,,
4426,70,11287,218.182,94.545,5.909,212.4119,96.82672,1.5353955,70.0,68.0,52.0,1.0,4.695,9.0,8.0,6.746,2.355,-0.2556,7.59135801361127,,
4429,81,12333,363.545,489.818,-0.455,363.4672,492.84756,1.6082416,81.0,78.0,57.0,1.0,3.172,9.0,28.0,8.734,0.8853,0.2957,3.66623138025556,,
4429,82,12333,358.182,493.0,-0.273,361.49228,493.99774,1.3951132,82.0,78.0,57.0,1.0,3.807,9.0,28.0,7.516,1.632,-0.4885,3.838755063039856,,
4433,69,12838,448.636,119.091,8.909,438.37726,117.423775,4.440612,69.0,68.0,60.0,1.0,3.357,7.0,11.0,3.168,-0.7964,-0.4912,11.313172716208744,,
4437,75,13672,96.636,232.636,-0.364,95.55948,231.68864,3.3953624,75.0,69.0,65.0,1.0,4.52,10.0,22.0,8.625,-0.532,-0.0299,4.023579492756888,,
4439,68,12273,394.0,76.636,9.818,387.9497,82.64018,1.7846274,68.0,68.0,57.0,1.0,3.684,32.0,22.0,7.016,1.532,-0.3389,11.712872529521984,,
4440,83,17149,352.364,305.818,4.818,355.7734,304.58023,6.6386933,83.0,68.0,83.0,1.0,4.316,23.0,5.0,8.67,-3.05,-0.4707,4.0584488447638405,,
4440,90,15792,376.727,313.455,3.455,371.104,308.64627,5.979379,90.0,68.0,76.0,1.0,6.324,23.0,20.0,12.93,-1.14,-0.2355,7.817576513763111,,
4441,71,14070,175.091,399.727,2.909,175.96382,392.1536,3.5868976,71.0,68.0,67.0,1.0,2.883,5.0,4.0,4.133,-0.7686,0.04187,7.653610093837131,,
4449,76,13154,219.182,191.182,3.727,223.26642,193.3103,3.868961,76.0,68.0,62.0,1.0,4.008,20.0,32.0,8.44,-2.365,0.567,4.60785205404007,,
4454,68,12698,170.727,378.364,6.273,168.78052,377.59207,3.1296341,68.0,68.0,59.0,1.0,4.477,12.0,32.0,12.555,-0.2668,-0.3054,3.7769577038382143,,
4458,68,11238,232.364,452.455,-0.727,229.99033,450.2084,1.8377662,68.0,68.0,52.0,1.0,3.443,5.0,21.0,6.527,1.125,-0.05865,4.154461034786879,,
4459,74,12931,178.909,434.0,9.091,177.82304,434.40903,5.6129546,74.0,68.0,60.0,1.0,4.453,17.0,14.0,10.67,-0.536,-0.513,3.666526212501573,,
4459,77,13752,179.273,433.909,9.182,177.64914,433.8462,5.666634,77.0,68.0,65.0,1.0,4.5,17.0,15.0,9.06,-0.781,-0.0842,3.872810769138614,,
4459,78,13752,178.727,434.0,9.273,177.64862,433.82782,5.6628327,78.0,68.0,65.0,1.0,4.95,17.0,15.0,11.01,-1.209,-0.2341,3.7717180847445793,,
4460,69,14358,209.182,332.091,0.091,212.86348,333.31967,1.4498434,69.0,68.0,68.0,1.0,3.266,18.0,9.0,6.656,1.913,-0.265,4.112101694392253,,
4460,70,14358,208.636,331.0,0.364,209.10677,334.65894,1.2718465,70.0,68.0,68.0,1.0,3.93,18.0,9.0,8.9,0.6143,-0.487,3.799164590283246,,
4461,91,18463,145.909,82.182,3.364,149.00143,76.67578,2.1596107,91.0,68.0,90.0,1.0,4.203,32.0,7.0,8.94,2.021,0.649,6.429007355669654,,
4467,69,9439,363.091,206.545,6.273,362.2234,199.17998,3.1628177,69.0,68.0,42.0,1.0,4.47,18.0,51.0,11.57,-0.52,-0.0658,8.041733849092063,,
4467,72,14686,357.182,206.182,5.364,360.15454,203.96532,0.75949854,72.0,68.0,70.0,1.0,3.334,18.0,30.0,10.81,3.04,-0.10315,5.911945362496342,,
4470,99,15253,462.636,384.545,-0.273,460.91324,382.64206,2.1190324,99.0,85.0,73.0,1.0,4.08,15.0,18.0,6.504,1.138,-0.2708,3.508689451041505,,
4471,78,13896,146.545,389.273,7.636,145.74266,389.92273,4.272448,78.0,69.0,66.0,1.0,5.31,28.0,30.0,12.91,-0.731,0.1531,3.5184343968879044,,
4472,72,14465,182.364,300.455,7.273,189.03592,309.45172,5.6513553,72.0,69.0,69.0,1.0,4.15,6.0,12.0,2.219,0.7905,-0.1387,11.3174740458213,,
4476,77,10353,193.455,82.818,9.727,194.30826,82.54499,6.1154776,77.0,75.0,46.0,1.0,3.127,6.0,33.0,13.92,-5.273,-0.4812,3.7209785182666297,,
4477,82,12419,98.182,86.727,8.818,102.52481,85.269066,6.820141,82.0,69.0,58.0,1.0,4.004,30.0,23.0,11.21,-3.977,-0.6587,4.997700554088553,,
4477,89,7924,94.364,87.273,8.0,97.46303,86.95872,6.310395,89.0,69.0,33.0,1.0,5.594,30.0,56.0,12.45,-2.701,-0.12054,3.5436596782598904,,
4477,90,7924,94.0,87.818,8.273,97.19153,86.86913,6.297334,90.0,69.0,33.0,1.0,5.69,30.0,56.0,9.81,-2.756,-0.8687,3.871624227808789,,
4477,91,7924,93.455,87.364,8.182,96.51268,86.68896,6.291726,91.0,69.0,33.0,1.0,5.492,30.0,56.0,9.625,-2.418,0.1726,3.657625155627083,,
4479,75,15126,51.182,453.636,-0.818,51.09411,457.4432,1.4854869,75.0,69.0,72.0,1.0,4.113,7.0,7.0,11.1,1.372,-1.232,4.450679542561041,,
4481,77,13441,474.455,444.273,3.636,473.60974,449.21002,1.1541033,77.0,69.0,63.0,1.0,5.355,9.0,19.0,14.805,0.8594,-1.229,5.590030606130033,,
4489,69,14245,403.545,283.364,5.182,410.57068,284.25403,7.9999986,69.0,69.0,68.0,1.0,2.145,11.0,10.0,-1.971,-0.6074,0.05075,7.621905862243479,,
4494,95,12497,156.364,156.727,8.818,155.35248,155.62848,5.3267756,95.0,84.0,58.0,1.0,4.055,16.0,33.0,10.195,-1.188,0.2979,3.797178783248868,,
4495,86,13493,99.0,478.091,6.273,94.14196,473.74796,1.6910241,86.0,69.0,64.0,1.0,5.074,31.0,26.0,7.81,2.102,-0.1838,7.965993486777472,,
4495,97,19341,74.636,486.727,7.273,75.10259,486.17163,1.0422187,97.0,69.0,95.0,1.0,1.474,31.0,5.0,2.879,0.2039,0.192,6.272860406021297,,
4495,99,19341,64.273,488.455,8.0,75.0113,486.32535,0.3075522,99.0,69.0,95.0,1.0,2.455,31.0,5.0,1.725,0.964,-0.513,13.379844885805849,,
4505,76,14567,238.909,110.091,9.727,236.51784,109.412315,5.861782,76.0,69.0,69.0,1.0,3.969,9.0,9.0,6.848,-1.153,0.4868,4.595450974860783,,
4508,78,15185,145.636,11.455,1.636,142.01175,16.984146,1.2981766,78.0,69.0,73.0,1.0,3.008,18.0,14.0,8.266,1.232,-0.6084,6.61972568928679,,
4512,78,13305,405.273,109.364,3.273,409.13144,109.55141,2.6334932,78.0,69.0,63.0,1.0,5.12,18.0,21.0,9.93,1.27,0.1455,3.915565181291972,,
4519,71,12759,367.909,364.636,5.182,369.1424,367.94482,4.248793,71.0,69.0,59.0,1.0,4.367,5.0,11.0,14.06,-0.2673,-0.2554,3.652456797451386,,
4521,95,16699,479.182,1.364,7.455,488.90768,0.0,7.62577,95.0,92.0,80.0,1.0,4.375,5.0,13.0,-7.453,-4.61,0.6055,9.822347471724884,,
4522,71,10165,124.909,420.455,9.455,138.71114,419.50497,4.45684,71.0,69.0,45.0,1.0,4.0,31.0,24.0,8.68,-0.687,-0.4902,14.70997039310752,,
4522,72,10165,125.091,421.455,9.545,133.42757,422.41205,4.208449,72.0,69.0,45.0,1.0,3.305,31.0,24.0,2.545,-1.17,0.09406,9.94450203092147,,
4523,75,11524,240.545,436.636,5.273,243.3584,433.05103,4.0083117,75.0,69.0,53.0,1.0,6.2,12.0,22.0,13.17,-1.557,-0.1755,4.729340964347664,,
4530,72,13618,11.273,472.273,4.909,8.4924755,470.77777,3.1884143,72.0,70.0,65.0,1.0,5.523,30.0,31.0,11.76,0.11597,0.2264,3.5954755456051832,,
4531,71,14084,255.545,237.273,8.909,248.13115,242.58313,0.0,71.0,70.0,67.0,1.0,3.812,10.0,6.0,-3.969,2.047,-0.3457,12.748840474309814,,
4531,72,14085,254.636,239.727,9.091,261.7437,236.18039,2.0139074,72.0,70.0,67.0,1.0,3.584,10.0,16.0,4.46,2.326,0.1764,10.63875375460278,,
4531,75,3565,254.727,239.273,9.273,256.42743,238.05867,6.122659,75.0,70.0,10.0,1.0,5.215,10.0,67.0,8.766,-1.675,0.00461,3.7803052720753936,,
4543,70,8591,123.818,315.091,-0.636,123.966156,316.69455,3.24686,70.0,70.0,37.0,1.0,3.654,5.0,36.0,8.65,0.4026,-0.02278,4.203560940730603,,
4543,71,8591,124.273,315.727,-0.727,124.813774,315.46228,3.8318446,71.0,70.0,37.0,1.0,3.309,5.0,36.0,10.26,0.1912,0.1274,4.598432046298514,,
4543,72,8591,124.364,316.364,-0.727,125.02605,316.13538,3.2488537,72.0,70.0,37.0,1.0,2.797,5.0,36.0,5.99,-0.2461,-0.0123,4.037076906711548,,
4543,73,14857,123.636,316.091,-0.545,119.63811,315.60397,0.0,73.0,70.0,71.0,1.0,1.502,5.0,5.0,-1.222,3.201,-0.5566,4.064153992284248,,
4552,70,10149,414.091,163.545,0.182,418.68878,156.08293,1.7286489,70.0,70.0,45.0,1.0,3.936,29.0,29.0,7.36,2.445,-0.2273,8.900235526836969,,
4553,92,8774,371.818,131.091,3.909,378.59973,126.18168,7.9999948,92.0,79.0,38.0,1.0,3.541,21.0,46.0,-4.727,0.87,0.2218,9.31823605136335,,
4553,94,17055,372.091,130.818,4.0,381.46136,134.06027,5.575201,94.0,79.0,83.0,1.0,6.227,21.0,11.0,7.637,-0.9883,-0.1105,10.039781843889887,,
4553,95,17055,372.909,131.182,4.091,378.4003,137.1301,5.88217,95.0,79.0,83.0,1.0,5.895,21.0,11.0,12.12,-2.084,-0.532,8.29111327077977,,
4553,96,17055,372.545,131.091,3.909,373.29398,140.44685,6.076043,96.0,79.0,83.0,1.0,4.043,21.0,11.0,5.574,-0.572,-0.0946,9.63270344330962,,
4557,84,14063,218.0,372.636,9.182,217.4945,373.2566,4.9964466,84.0,83.0,67.0,1.0,3.6,13.0,18.0,11.1,-1.487,-0.04956,4.261400224603591,,
4557,86,13868,201.364,380.182,8.273,209.97913,370.86984,1.5517482,86.0,83.0,66.0,1.0,3.9,13.0,25.0,9.625,1.957,-0.00522,14.356601775542265,,
4561,88,17379,493.727,97.273,1.545,501.99902,92.527626,7.9999843,88.0,86.0,84.0,1.0,0.4358,13.0,4.0,-5.87,-2.867,0.0891,11.515715852413276,,
4567,93,15887,223.091,504.818,8.182,222.32362,504.14377,4.749338,93.0,70.0,77.0,1.0,3.984,29.0,14.0,6.375,-2.375,0.1296,3.5814280061930552,,
4567,98,14056,220.727,510.818,8.545,224.33203,504.53406,6.9053383,98.0,70.0,67.0,1.0,1.772,29.0,18.0,-1.433,-1.986,-0.1183,7.427828331009444,,
4569,71,7240,134.182,34.909,5.455,126.99385,44.177883,5.135584,71.0,70.0,29.0,1.0,3.201,30.0,43.0,2.406,-0.7456,-0.00148,11.733870592061468,,
4570,71,8210,212.091,97.091,1.909,218.14745,94.1283,4.8317776,71.0,70.0,35.0,1.0,4.438,30.0,27.0,7.332,-1.039,-0.0931,7.348524123357122,,
4570,75,12671,210.455,98.455,2.273,201.69136,93.14131,1.5183936,75.0,70.0,59.0,1.0,4.14,30.0,30.0,10.43,2.957,-0.802,10.27648375100263,,
4570,76,12671,210.636,97.727,2.455,201.92369,93.15863,1.3846093,76.0,70.0,59.0,1.0,4.105,30.0,30.0,7.816,2.732,0.08167,9.89545785922241,,
4571,72,12574,149.818,446.545,8.818,149.73404,448.18933,5.503823,72.0,70.0,58.0,1.0,4.758,22.0,27.0,6.7,-0.725,0.05286,3.7006269222699135,,
4571,84,16422,106.545,461.455,8.0,103.83932,473.0576,5.926789,84.0,70.0,79.0,1.0,3.334,22.0,8.0,4.992,-1.828,-0.05463,12.092941531030442,,
4573,77,8956,27.273,154.545,8.636,27.74206,167.93233,7.0526786,77.0,70.0,39.0,1.0,3.41,9.0,35.0,1.662,-2.682,0.2391,13.488792698688734,,
4584,83,13204,443.364,31.909,8.0,437.6097,28.416636,0.67411685,83.0,71.0,62.0,1.0,3.102,29.0,25.0,3.385,2.7,-0.2986,9.948725482490202,,
4584,84,13204,439.0,32.0,7.727,432.0827,29.55548,0.49361128,84.0,71.0,62.0,1.0,2.727,29.0,25.0,2.87,2.246,-0.4404,10.302748647570873,,
4585,91,18481,41.0,402.091,8.818,41.652813,398.90872,6.5286674,91.0,76.0,90.0,1.0,4.457,20.0,6.0,9.164,-1.94,-0.4163,3.9741809929583862,,
4592,77,14966,122.818,116.909,0.0,125.35159,118.13573,2.3603864,77.0,71.0,71.0,1.0,3.314,11.0,29.0,4.797,1.021,0.2747,3.673604325224064,,
4593,71,10409,265.636,331.455,1.091,270.69193,324.90924,0.42878684,71.0,71.0,47.0,1.0,4.88,21.0,43.0,6.36,4.03,0.4434,8.29746517990746,,
4595,82,14974,471.727,247.545,8.727,470.5628,247.45004,5.004326,82.0,71.0,71.0,1.0,3.934,29.0,29.0,7.83,-2.154,0.03015,3.901625398712181,,
4597,83,10271,90.091,203.636,9.091,90.10327,201.22816,6.3396673,83.0,78.0,46.0,1.0,4.39,10.0,28.0,11.51,-3.42,-0.591,3.656183207196988,,
4597,84,10271,91.273,202.909,9.273,89.035225,203.92088,6.670169,84.0,78.0,46.0,1.0,3.77,10.0,28.0,8.59,-2.975,-0.473,3.5785845385551585,,
4597,87,16226,80.636,212.091,9.727,82.830765,209.669,6.907462,87.0,78.0,78.0,1.0,3.688,10.0,17.0,6.293,-2.066,-0.251,4.316581047387968,,
4601,78,7963,451.909,124.727,0.727,439.80573,131.9774,1.1464322,78.0,71.0,34.0,1.0,4.312,23.0,41.0,3.877,2.953,-0.2498,14.115005073442122,,
4601,80,16509,452.182,125.091,1.0,445.9584,115.439804,0.0,80.0,71.0,80.0,1.0,2.496,23.0,15.0,-7.934,1.394,-0.15,11.527305894718696,,
4610,71,13270,381.909,379.455,0.182,382.8204,369.01477,1.6327536,71.0,71.0,63.0,1.0,2.473,7.0,16.0,4.3,0.619,-0.4167,10.579874215736815,,
4611,93,17784,308.0,497.727,1.545,318.88644,495.43063,6.853077,93.0,71.0,86.0,1.0,2.885,27.0,11.0,4.242,-4.746,-0.662,12.327350586741204,,
4611,94,18822,301.091,498.455,0.909,291.24664,495.9873,0.0,94.0,71.0,92.0,1.0,3.375,27.0,5.0,-7.438,-2.219,-0.5474,10.189565648230536,,
4619,73,14743,220.0,52.909,9.636,226.59654,51.764923,1.1014675,73.0,71.0,70.0,1.0,3.994,28.0,21.0,10.68,2.686,-0.8594,10.84718844434286,,
4619,83,14557,200.636,58.727,9.545,201.61418,56.706062,6.4712777,83.0,71.0,69.0,1.0,3.879,28.0,14.0,6.746,-2.254,-0.2021,3.80641501806638,,
4619,90,15064,184.182,62.636,8.727,176.21703,65.03187,3.8716207,90.0,71.0,72.0,1.0,3.36,28.0,22.0,7.926,-0.4688,0.3774,9.630973383031872,,
4620,78,15004,190.182,163.636,7.091,199.01,156.4411,5.830883,78.0,71.0,72.0,1.0,3.594,29.0,14.0,3.14,-0.1721,0.01682,11.458100403805547,,
4622,73,13763,189.455,362.818,9.727,190.30698,363.014,5.7732353,73.0,71.0,65.0,1.0,2.4,5.0,30.0,8.3,-2.656,-0.1165,4.049264281738857,,
4622,74,13303,183.182,365.818,9.455,181.99979,358.4713,7.9999905,74.0,71.0,63.0,1.0,7.836,5.0,9.0,-0.4458,-0.4026,-0.7217,7.582128594213516,,
4630,77,13999,509.909,40.545,7.0,509.2898,42.3308,4.0192404,77.0,71.0,66.0,1.0,5.523,12.0,12.0,10.26,0.5547,0.4243,3.529506774748015,,
4632,71,14002,261.909,235.818,2.364,265.84503,222.05116,7.0618944,71.0,71.0,66.0,1.0,4.37,5.0,9.0,4.152,-2.553,-0.714,15.069453458571466,,
4633,79,16116,503.636,424.545,9.273,505.02087,423.33096,5.0229526,79.0,79.0,78.0,1.0,4.78,14.0,9.0,6.996,-0.2761,-0.3481,4.631917631040812,,
4641,74,14809,151.364,410.0,-0.727,148.50931,406.99445,1.484195,74.0,71.0,71.0,1.0,4.863,7.0,9.0,10.984,3.5,0.03375,4.698081430395305,,
4641,75,14809,151.182,410.727,-0.727,148.36835,408.88147,1.5276288,75.0,71.0,71.0,1.0,5.035,7.0,9.0,13.2,2.24,0.0586,4.050426931718359,,
4641,76,14809,150.545,411.273,-0.818,146.91612,412.44534,1.7683332,76.0,71.0,71.0,1.0,3.285,7.0,9.0,7.6,1.737,0.6597,4.607848798671894,,
4654,71,13056,74.455,477.909,9.091,80.66078,479.18887,7.0589867,71.0,71.0,61.0,1.0,3.418,4.0,19.0,7.81,-2.006,-0.577,6.654235544123531,,
4654,72,13056,74.636,476.182,9.182,81.24084,480.01306,7.309319,72.0,71.0,61.0,1.0,5.12,4.0,19.0,9.21,-5.652,0.5034,7.861797903594379,,
4655,96,5745,339.909,288.636,-0.636,334.49988,287.13794,0.0,96.0,96.0,21.0,1.0,3.18,4.0,55.0,-2.34,1.5625,0.2915,5.64865107242426,,
4659,78,14054,28.0,377.545,6.818,21.176662,368.66165,7.9999986,78.0,72.0,67.0,1.0,1.271,11.0,10.0,-7.336,2.621,0.0327,11.263612625403365,,
4662,72,12361,4.364,275.636,0.182,12.696587,278.33133,7.9999967,72.0,72.0,57.0,1.0,1.409,13.0,13.0,-6.96,0.5024,0.3484,11.739586122290667,,
4662,73,2491,4.0,276.636,0.182,10.871254,267.56387,0.41935575,73.0,72.0,4.0,1.0,2.945,13.0,71.0,2.688,2.643,-0.7715,11.383058113770408,,
4662,74,2491,4.182,277.818,0.091,5.739756,271.08142,0.67706,74.0,72.0,4.0,1.0,2.805,13.0,71.0,1.983,3.092,0.419,6.939133964374521,,
4662,75,2491,4.091,277.818,-0.182,4.0962543,275.2235,2.4089718,75.0,72.0,4.0,1.0,4.29,13.0,71.0,11.21,1.136,0.1921,3.666686886831713,,
4670,94,18099,162.818,205.455,4.364,163.66496,202.1103,3.0672162,94.0,72.0,88.0,1.0,4.773,28.0,10.0,14.98,1.2705,0.4658,3.6859201775869415,,
4672,97,18748,284.909,129.727,8.545,284.19366,130.05075,4.500976,97.0,72.0,91.0,1.0,5.59,28.0,9.0,14.97,-1.446,-0.1678,4.11954554419246,,
4673,82,5671,333.455,198.909,9.091,332.7314,198.37851,4.3815036,82.0,72.0,21.0,1.0,3.988,28.0,59.0,9.14,-1.506,-0.0375,4.794202013027079,,
4676,73,12287,352.182,143.364,6.727,354.92227,142.74503,4.599023,73.0,72.0,57.0,1.0,4.145,26.0,32.0,6.67,-1.324,0.318,3.524271505762438,,
4676,74,12287,351.636,144.091,6.909,353.99283,143.09694,4.500695,74.0,72.0,57.0,1.0,4.758,26.0,32.0,8.055,-1.203,0.3125,3.513223008225502,,
4683,72,8627,196.727,95.455,5.545,198.89723,94.62821,2.5762804,72.0,72.0,37.0,1.0,4.773,9.0,37.0,12.33,-0.3245,-0.2289,3.769187713609417,,
4683,73,8627,196.909,94.909,5.636,200.05247,93.51889,2.4697895,73.0,72.0,37.0,1.0,4.09,9.0,37.0,10.98,0.5293,0.06143,4.673189316014312,,
4687,76,7582,140.455,117.0,-0.909,134.67876,110.851,4.6257663,76.0,76.0,31.0,1.0,3.22,4.0,36.0,2.955,-2.03,0.6904,10.09003406997299,,
4688,72,13250,350.091,99.455,2.455,345.97598,89.10312,0.0,72.0,72.0,62.0,1.0,2.975,28.0,9.0,-9.336,-1.42,0.0787,11.407095780030955,,
4688,73,12985,348.909,100.182,2.455,353.00006,91.71249,7.999999,73.0,72.0,61.0,1.0,1.996,28.0,8.0,-5.715,0.417,-0.1882,10.918625622014028,,
4691,79,12175,467.364,53.545,-0.636,466.0833,54.45739,2.943902,79.0,72.0,57.0,1.0,3.402,26.0,38.0,6.703,-0.7383,0.4072,3.910031500091004,,
4691,80,14781,467.909,53.545,-0.727,470.22006,59.563904,2.9607818,80.0,72.0,71.0,1.0,4.656,26.0,15.0,5.348,0.918,0.1616,7.427512254397647,,
4697,92,12605,118.909,58.273,8.818,120.24284,56.081547,5.5622644,92.0,89.0,59.0,1.0,4.277,8.0,29.0,6.39,-1.504,0.3447,4.145046404313993,,
4697,94,12605,118.727,60.091,9.182,115.691414,61.545963,6.382143,94.0,89.0,59.0,1.0,4.812,8.0,29.0,5.824,-0.5137,-0.10754,4.378458509020504,,
4697,95,19399,119.182,60.909,9.0,124.66644,67.130516,3.7743456,95.0,89.0,95.0,1.0,2.865,8.0,5.0,5.64,0.6616,-0.1182,9.80274488906527,,
4697,96,19399,118.818,60.818,8.909,123.88445,67.095795,3.5975733,96.0,89.0,95.0,1.0,3.094,8.0,5.0,5.805,-0.3936,-0.01576,9.658720373527638,,
4698,73,12982,85.818,239.091,6.455,87.24632,233.20253,7.9233613,73.0,72.0,61.0,1.0,2.648,19.0,16.0,-2.055,-1.784,-0.3225,6.234601981733705,,
4699,78,11377,159.091,335.818,0.545,162.47987,336.22266,1.3949077,78.0,72.0,53.0,1.0,4.527,11.0,31.0,9.5,2.275,-0.1559,3.5171768069034144,,
4700,94,14569,303.909,317.818,4.818,306.22513,314.62665,0.7747327,94.0,72.0,69.0,1.0,5.316,28.0,30.0,0.7144,2.143,0.814,5.647759153739581,,
4700,98,19355,292.273,336.182,7.0,285.09586,336.4699,6.9137177,98.0,72.0,95.0,1.0,3.486,28.0,4.0,5.844,-1.555,-0.6685,7.183430212989711,,
4700,99,19355,291.636,340.0,7.909,280.382,340.91354,6.838255,99.0,72.0,95.0,1.0,3.037,28.0,4.0,5.734,-1.464,0.4402,11.341673870581248,,
4702,72,15007,149.455,290.273,3.182,155.53821,292.8286,2.2441604,72.0,72.0,72.0,1.0,4.223,22.0,26.0,5.715,0.7505,-0.1208,6.664538872227228,,
4705,87,15434,355.545,139.273,8.0,353.31076,141.56258,4.763931,87.0,73.0,74.0,1.0,5.207,17.0,24.0,11.0,-0.628,0.0944,4.550400809462943,,
4707,75,15020,202.818,173.636,5.091,206.99976,171.61517,7.9999905,75.0,73.0,72.0,1.0,5.95,20.0,4.0,1.096,-3.52,-0.546,5.480246008674262,,
4709,74,15386,508.182,445.455,1.818,508.0806,439.49176,3.7884212,74.0,73.0,74.0,1.0,4.5,15.0,5.0,6.133,0.235,0.3743,6.281168120899906,,
4709,81,15213,500.636,447.727,1.273,498.3,447.31152,3.8659847,81.0,73.0,73.0,1.0,5.91,15.0,11.0,15.91,-0.0246,-0.633,3.5146961867043576,,
4709,83,14993,486.0,451.727,0.455,494.32098,455.2077,4.761706,83.0,73.0,71.0,1.0,4.758,15.0,23.0,9.45,-1.397,0.3325,9.995083652518192,,
4710,88,17431,24.0,244.545,5.818,27.61722,234.04774,0.0,88.0,73.0,84.0,1.0,2.164,19.0,13.0,-7.45,-0.3916,0.10046,12.534985920853666,,
4714,93,18699,187.636,190.364,8.545,185.4619,189.3699,5.2550097,93.0,81.0,91.0,1.0,3.678,19.0,9.0,5.96,-1.009,0.4268,4.066814698765364,,
4714,95,18699,183.909,190.182,8.636,183.76685,189.24988,5.06495,95.0,81.0,91.0,1.0,4.094,19.0,9.0,7.16,-1.591,0.3386,3.6934336895902153,,
4714,98,18699,185.364,189.364,8.636,186.24294,188.3051,3.9009678,98.0,81.0,91.0,1.0,4.7,19.0,9.0,11.26,-0.648,0.11633,4.930956770104238,,
4718,81,12555,380.727,180.818,9.909,381.3855,179.98116,4.9734273,81.0,73.0,58.0,1.0,3.672,17.0,30.0,7.1,-1.015,0.405,5.049138670366,,
4718,86,12555,382.091,179.0,9.545,382.18347,180.79718,4.634488,86.0,73.0,58.0,1.0,3.95,17.0,30.0,5.55,-0.74,0.0323,5.229869477859269,,
4719,84,12167,345.636,0.273,2.636,329.86276,8.722716,2.8372364,84.0,84.0,57.0,1.0,3.049,6.0,34.0,4.81,1.065,0.2559,17.895063472000942,,
4721,73,12379,486.364,487.545,8.364,486.51068,497.98517,7.9999957,73.0,73.0,57.0,1.0,5.008,11.0,12.0,-2.848,-0.8896,-1.266,10.447543432870608,,
4722,87,17571,202.545,362.636,5.091,202.8049,365.25647,7.412546,87.0,73.0,85.0,1.0,2.271,23.0,4.0,0.7188,-3.068,0.1733,3.510553640241916,,
4738,93,13929,82.455,53.909,2.545,86.700676,50.398666,1.6267921,93.0,73.0,66.0,1.0,4.754,27.0,27.0,7.87,2.354,0.1522,5.584918552329518,,
4753,86,17782,484.273,467.636,7.818,478.36395,467.95374,4.352393,86.0,82.0,86.0,1.0,3.133,18.0,7.0,4.52,-0.451,0.7095,6.857715544446955,,
4753,93,17604,478.273,494.364,3.636,476.02576,496.97147,1.7818831,93.0,82.0,85.0,1.0,4.965,18.0,10.0,14.586,3.66,0.3396,3.909825686314665,,
4758,75,11524,247.091,431.091,2.909,243.3584,433.05103,4.0083117,75.0,74.0,53.0,1.0,6.2,10.0,22.0,13.17,-1.557,-0.1755,4.356891847941271,,
4758,83,15574,246.364,432.727,3.545,242.77596,430.04053,3.894338,83.0,74.0,75.0,1.0,4.5,10.0,17.0,13.09,0.10474,-0.1663,4.495908044071182,,
4767,93,15867,505.364,110.0,0.909,501.99896,118.99975,7.9999833,93.0,92.0,76.0,1.0,14.26,8.0,17.0,-1.189,-1.871,-1.184,11.941567670326153,,
4767,96,18058,493.545,110.727,0.0,492.69937,97.7599,0.0,96.0,92.0,88.0,1.0,-0.29,8.0,10.0,-6.715,0.355,0.3057,12.994643993080384,,
4767,97,18058,492.091,111.0,-0.182,497.64896,113.16322,0.44321877,97.0,92.0,88.0,1.0,0.726,8.0,10.0,3.328,1.621,0.4653,5.996777354576379,,
4767,99,16467,491.091,111.727,-0.182,478.53125,102.45561,7.999994,99.0,92.0,79.0,1.0,2.242,8.0,17.0,0.3,-1.745,-0.003754,17.625294846062474,,
4769,74,12366,10.727,433.182,8.727,0.0,428.10416,7.591282,74.0,74.0,57.0,1.0,6.855,5.0,10.0,-2.656,-5.234,-0.624,11.922367358923497,,
4773,82,16581,405.545,237.727,4.0,406.31195,243.94617,3.3948996,82.0,74.0,80.0,1.0,2.697,15.0,18.0,7.426,-0.695,0.2047,6.295429634701675,,
4776,92,16741,452.182,507.636,2.455,442.5665,510.9996,6.9999948,92.0,87.0,81.0,1.0,4.504,7.0,10.0,-3.783,-1.163,1.042,11.154757861201054,,
4776,93,16741,452.182,510.273,2.545,445.9463,510.3748,7.9999976,93.0,87.0,81.0,1.0,1.433,7.0,10.0,-3.133,-0.1508,-0.05475,8.285609002723087,,
4778,78,15303,158.545,449.909,1.636,167.10081,453.62497,1.0063186,78.0,74.0,73.0,1.0,4.332,6.0,23.0,3.398,0.593,0.0003967,9.349161270536856,,
4778,79,8944,153.364,450.818,1.273,145.72238,457.98218,1.5194678,79.0,74.0,39.0,1.0,5.746,6.0,46.0,9.95,3.416,0.596,10.47762271096062,,
4780,91,18588,225.909,228.818,9.636,221.97638,221.50705,7.999997,91.0,90.0,91.0,1.0,3.885,10.0,4.0,-4.902,0.5903,-0.00627,8.461205338656494,,
4781,89,14896,423.273,392.273,7.636,423.32016,392.46915,4.118836,89.0,74.0,71.0,1.0,4.38,17.0,25.0,9.805,-1.734,-0.2484,3.522945002550564,,
4781,90,14896,419.273,395.636,8.273,423.10056,392.39523,2.1597242,90.0,74.0,71.0,1.0,3.855,17.0,25.0,6.887,0.7446,0.0974,7.907271764228496,,
4782,78,15881,41.909,154.091,5.273,42.999893,146.99963,0.0,78.0,74.0,77.0,1.0,8.6,17.0,4.0,-7.523,-2.576,0.05292,8.90404992204947,,
4782,89,17521,22.636,168.182,5.636,13.364696,168.10593,3.9206128,89.0,74.0,85.0,1.0,4.316,17.0,12.0,4.17,-0.1716,0.03906,9.428966950373717,,
4782,90,15951,23.182,168.909,5.727,25.182207,175.97446,1.3332436,90.0,74.0,77.0,1.0,3.867,17.0,19.0,8.33,0.5293,-0.2812,8.55725705801748,,
4783,91,12700,397.091,217.455,6.0,391.5569,218.44946,6.961131,91.0,74.0,59.0,1.0,4.215,26.0,31.0,9.0,-2.453,-0.6104,5.704295425445741,,
4784,97,19003,203.0,510.0,4.818,206.62013,505.53067,5.0865784,97.0,74.0,93.0,1.0,4.67,24.0,7.0,8.13,0.0428,0.353,5.757810888067322,,
4786,74,14963,178.091,243.909,-0.818,174.13228,246.51671,0.6487366,74.0,74.0,71.0,1.0,3.115,4.0,5.0,2.104,1.337,-0.1882,4.962149910701967,,
4787,76,15363,492.0,324.909,4.818,495.82602,328.83887,5.9540257,76.0,74.0,74.0,1.0,4.04,19.0,6.0,6.676,-3.607,-0.1305,5.6011482437408,,
4789,78,9625,210.455,40.0,7.909,212.58084,45.183735,3.8462799,78.0,75.0,43.0,1.0,3.385,5.0,44.0,6.25,0.1045,-0.1816,6.920693524984972,,
4789,79,9655,207.0,45.0,8.364,208.38683,46.11239,5.2300053,79.0,75.0,43.0,1.0,4.16,5.0,29.0,7.836,-2.174,-0.2267,3.6031419262399447,,
4794,75,1274,428.091,286.636,-0.818,420.29355,295.92917,1.1604242,75.0,75.0,0.0,1.0,4.06,17.0,95.0,5.52,2.838,0.451,12.291354582247864,,
4799,84,16649,490.818,261.636,3.545,492.4657,265.43024,6.757683,84.0,81.0,80.0,1.0,2.008,6.0,10.0,0.3677,-1.431,-0.2319,5.237604846309919,,
4799,85,11279,490.818,261.091,3.636,496.9831,258.1213,1.9077922,85.0,81.0,52.0,1.0,4.535,6.0,39.0,10.125,1.86,0.00963,7.05792308685641,,
4799,86,17391,491.818,261.091,3.727,487.37515,260.68488,7.6410966,86.0,81.0,84.0,1.0,3.246,6.0,4.0,0.449,-2.459,-0.239,5.934981193822878,,
4801,77,11357,344.818,154.182,1.364,339.1082,152.31421,3.366121,77.0,75.0,53.0,1.0,3.328,7.0,22.0,5.375,-0.882,0.0001526,6.332372700871344,,
4816,75,15020,200.636,174.091,7.818,206.99976,171.61517,7.9999905,75.0,75.0,72.0,1.0,5.95,17.0,4.0,1.096,-3.52,-0.546,6.830834214690797,,
4816,83,15829,201.273,172.273,8.182,202.60393,173.3202,4.0007606,83.0,75.0,76.0,1.0,5.918,17.0,18.0,16.58,0.4673,-0.6143,4.511182264663263,,
4817,78,14321,281.727,253.273,8.182,283.03122,252.86272,4.593652,78.0,75.0,68.0,1.0,4.293,5.0,11.0,7.773,0.3652,-0.2021,3.839994903109133,,
4818,80,13193,445.727,272.636,6.273,444.65427,274.38797,3.3754082,80.0,75.0,62.0,1.0,4.47,7.0,14.0,9.805,0.6494,-0.1582,3.5519271914310258,,
4820,95,16383,213.273,268.455,4.818,217.46764,261.51157,0.0,95.0,75.0,79.0,1.0,2.34,25.0,16.0,-5.77,0.4783,0.397,9.43500656568397,,
4820,96,17099,209.909,271.455,4.545,226.57916,273.60687,5.818731,96.0,75.0,83.0,1.0,3.633,25.0,17.0,6.285,-0.832,0.2573,16.856665434861707,,
4820,98,16147,200.545,277.727,3.455,191.6784,284.24225,1.3189708,98.0,75.0,78.0,1.0,4.32,25.0,14.0,6.65,0.3022,-0.61,11.2083762814135,,
4820,99,16383,200.091,277.182,3.455,202.79677,270.1952,7.999996,99.0,75.0,79.0,1.0,3.766,25.0,16.0,-2.896,-3.105,-0.5664,8.76319314935579,,
4829,81,15921,142.727,86.091,-0.909,147.2653,86.14763,1.3292149,81.0,75.0,77.0,1.0,3.23,7.0,8.0,7.113,1.274,-0.03552,5.060531571434165,,
4830,81,15811,255.909,131.455,-0.636,261.46814,137.66643,4.7576823,81.0,81.0,76.0,1.0,3.75,19.0,22.0,8.97,0.02744,0.3342,9.928630768531638,,
4834,95,15930,48.0,69.727,6.364,50.402916,69.93906,0.88828444,95.0,75.0,77.0,1.0,3.865,21.0,22.0,9.875,4.848,-0.006714,5.98351365342155,,
4836,76,15179,38.182,88.091,7.636,39.023144,87.74303,4.210414,76.0,76.0,73.0,1.0,5.06,21.0,9.0,7.297,-2.191,-0.4187,3.544466926497128,,
4837,87,8748,116.727,319.273,6.545,112.352264,317.97592,1.938976,87.0,76.0,38.0,1.0,3.936,24.0,59.0,5.117,0.999,0.5024,6.483532114879367,,
4837,97,8748,78.091,319.182,8.909,78.225105,321.92853,6.3940253,97.0,76.0,38.0,1.0,3.225,24.0,59.0,3.379,-1.602,0.1284,3.726460644306489,,
4837,98,17067,73.636,317.727,9.273,71.85044,315.45126,6.816306,98.0,76.0,83.0,1.0,5.086,24.0,13.0,9.73,-3.555,-0.6196,3.795070812361199,,
4838,77,15911,353.909,455.455,9.455,353.8413,448.8229,7.9999967,77.0,76.0,77.0,1.0,1.214,22.0,4.0,-3.928,-1.559,-0.3274,6.790167030567851,,
4838,78,15908,353.909,457.273,9.455,347.36017,461.19925,1.1488687,78.0,76.0,77.0,1.0,3.23,22.0,11.0,6.42,1.574,0.3196,11.282483352712722,,
4838,83,13765,353.455,456.545,9.0,351.7822,456.20935,1.6180627,83.0,76.0,65.0,1.0,5.33,22.0,23.0,10.414,1.758,-0.5986,7.576537405941536,,
4843,77,8067,244.091,461.727,-0.182,241.39244,458.7277,5.4991,77.0,76.0,34.0,1.0,3.668,24.0,42.0,6.355,-0.418,0.07465,6.9679928080904165,,
4843,89,11312,245.545,462.818,-0.182,246.77864,466.25348,1.9735981,89.0,76.0,52.0,1.0,5.062,24.0,37.0,11.8,0.4172,0.3132,4.239220877558035,,
4845,84,15667,421.455,344.727,8.909,424.2552,344.02856,6.536392,84.0,76.0,75.0,1.0,4.33,24.0,15.0,7.527,-2.549,-0.76,3.736068414157325,,
4845,88,13227,411.091,354.727,9.0,408.11417,350.56625,1.1243289,88.0,76.0,62.0,1.0,3.793,24.0,32.0,6.52,1.011,0.2656,9.391461690640858,,
4845,95,18289,400.182,361.545,8.818,398.98474,359.35727,6.323769,95.0,76.0,89.0,1.0,5.03,24.0,10.0,7.16,-1.428,-0.446,3.5271493223084573,,
4846,92,16730,292.727,1.909,5.0,301.44647,0.0,0.0,92.0,90.0,81.0,1.0,5.785,10.0,10.0,-7.863,-3.295,0.5317,10.23100376702599,,
4847,76,13510,60.818,481.364,9.727,62.77182,480.7249,6.4725327,76.0,76.0,64.0,1.0,4.152,7.0,7.0,6.86,-3.527,-0.3093,3.849340048523808,,
4848,76,15699,81.364,395.273,0.0,83.49875,392.39218,0.71631366,76.0,76.0,75.0,1.0,3.605,12.0,21.0,7.227,3.023,-0.797,3.656417193702429,,
4855,92,15068,235.909,76.545,9.727,235.63513,75.06638,5.229134,92.0,92.0,72.0,1.0,3.562,8.0,21.0,9.2,-0.4233,0.3618,4.7425858384699815,,
4855,99,18325,211.455,82.091,8.727,212.2744,77.79539,0.8738915,99.0,92.0,89.0,1.0,1.55,8.0,9.0,3.357,2.023,0.6104,8.988603603723563,,
4863,78,14134,334.0,237.364,9.545,333.60086,238.08936,6.0487137,78.0,76.0,67.0,1.0,4.746,4.0,11.0,5.133,-0.955,-0.359,3.592976170359006,,
4867,76,15779,8.182,318.455,8.091,15.808979,322.02234,7.999994,76.0,76.0,76.0,1.0,4.047,7.0,14.0,-6.707,-0.937,-0.463,8.420510996019008,,
4867,77,12141,8.455,319.0,8.0,0.0,318.53592,7.3719597,77.0,76.0,56.0,1.0,3.352,7.0,17.0,-8.914,-0.4922,0.69,8.4909852116715,,
4868,88,7791,233.091,107.273,4.727,229.92668,107.56554,2.4321787,88.0,76.0,33.0,1.0,5.477,24.0,55.0,13.12,0.502,-0.416,3.9197838604869166,,
4877,99,13896,100.0,360.545,-0.455,96.30315,359.15088,0.40490237,99.0,76.0,66.0,1.0,3.443,24.0,30.0,6.902,3.27,-0.1164,4.04347654659103,,
4878,83,12525,152.364,216.0,9.545,161.66852,216.05525,2.550405,83.0,81.0,58.0,1.0,3.666,5.0,30.0,12.02,0.47,0.03745,11.64051133786334,,
4878,85,16806,144.091,222.455,9.545,142.09157,223.25938,1.4052869,85.0,81.0,81.0,1.0,3.611,5.0,12.0,2.533,0.3555,-0.2827,8.420194585614496,,
4883,84,17387,197.273,38.273,-0.909,194.86166,26.396273,0.0,84.0,76.0,84.0,1.0,3.254,9.0,4.0,-6.957,-0.976,-0.652,12.153085444780228,,
4885,90,13718,140.364,136.091,6.091,140.37672,134.78645,2.5120876,90.0,76.0,65.0,1.0,4.61,24.0,15.0,11.25,0.95,-0.3257,3.809281620958705,,
4887,78,11350,393.182,127.455,0.909,394.90875,133.35094,6.6174164,78.0,76.0,53.0,1.0,3.543,8.0,24.0,4.3,-1.551,-0.2964,8.38628593847652,,
4891,81,15688,212.0,258.0,3.545,214.99931,252.99919,7.9999747,81.0,76.0,75.0,1.0,5.043,7.0,5.0,-9.016,1.464,0.3435,7.338307755187169,,
4891,82,15570,206.273,260.636,3.818,214.18477,262.18704,7.9999986,82.0,76.0,75.0,1.0,2.17,7.0,7.0,-5.945,-1.257,0.1747,9.082452416880685,,
4897,77,15065,245.455,95.273,0.364,235.6782,82.55365,0.0,77.0,77.0,72.0,1.0,4.484,23.0,5.0,-6.754,2.012,-1.2705,16.046812102797862,,
4897,79,15206,244.364,94.636,0.364,250.87123,86.39535,4.209013,79.0,77.0,73.0,1.0,3.045,23.0,5.0,3.77,0.4607,0.07086,11.181971188729156,,
4897,90,16784,229.0,108.455,1.182,229.24403,112.043274,3.8111541,90.0,77.0,81.0,1.0,4.71,23.0,16.0,12.96,-2.344,-0.5703,4.455077128571716,,
4897,98,16784,206.818,132.273,1.273,208.09702,125.668045,0.6339306,98.0,77.0,81.0,1.0,2.426,23.0,16.0,5.086,3.201,0.2281,6.757938473413409,,
4897,99,16784,202.273,136.909,1.364,209.50931,126.082726,0.7116129,99.0,77.0,81.0,1.0,2.95,23.0,16.0,2.713,3.164,0.11163,13.03832811626638,,
4902,77,13535,132.364,85.545,9.727,134.05423,87.370605,7.0413103,77.0,77.0,64.0,1.0,2.736,6.0,25.0,4.703,-3.012,-0.5107,3.6609616542120498,,
4902,78,13535,132.273,85.909,9.545,134.43987,87.21006,6.510553,78.0,77.0,64.0,1.0,5.285,6.0,25.0,10.44,-3.115,-0.8257,3.949170965697618,,
4902,80,13535,132.364,86.0,9.636,134.36398,87.518906,6.7680206,80.0,77.0,64.0,1.0,2.932,6.0,25.0,4.19,-2.17,-0.4844,3.812125558800541,,
4902,81,13535,132.273,86.455,9.818,134.19513,87.55329,6.597651,81.0,77.0,64.0,1.0,3.059,6.0,25.0,4.16,-1.991,-0.0951,3.907873122659057,,
4911,84,15106,216.727,471.727,7.727,205.7382,461.70813,1.302675,84.0,77.0,72.0,1.0,3.879,23.0,9.0,4.43,2.541,-0.2966,16.198871356441003,,
4912,92,15088,464.818,487.636,4.182,460.53745,482.51733,5.5507064,92.0,77.0,72.0,1.0,4.453,22.0,21.0,9.66,-0.601,-0.2145,6.811552545550911,,
4919,79,13142,334.455,302.273,4.636,325.11075,295.37354,0.0,79.0,77.0,62.0,1.0,-0.517,23.0,22.0,-9.66,-3.143,-0.2744,12.50640045553077,,
4919,81,15888,333.909,302.818,4.545,334.0869,313.80972,0.24095118,81.0,77.0,77.0,1.0,2.248,23.0,4.0,-2.729,0.3228,0.4163,11.805693254245782,,
4919,97,17147,323.818,322.091,6.182,328.71487,318.34338,7.023575,97.0,77.0,83.0,1.0,4.336,23.0,17.0,3.76,-1.302,-0.3042,6.223523113311722,,
4919,98,15531,318.909,325.273,6.455,322.82465,328.816,4.1031766,98.0,77.0,74.0,1.0,4.92,23.0,22.0,10.84,-0.749,-0.516,5.7806779210822175,,
4919,99,18530,318.727,324.818,6.636,318.44116,332.94156,4.0440283,99.0,77.0,90.0,1.0,3.514,23.0,4.0,3.354,-0.2439,0.3936,8.531837367929656,,
4924,78,14198,362.545,474.091,-0.545,356.11005,476.62354,3.2563279,78.0,77.0,67.0,1.0,3.182,4.0,25.0,5.965,0.6055,0.436,7.891288497920889,,
4927,79,16167,415.091,199.182,8.636,411.77414,192.78958,6.19641,79.0,77.0,78.0,1.0,3.547,16.0,15.0,6.027,-0.8574,0.1968,7.603696014708897,,
4927,80,16167,414.364,198.455,8.455,411.63535,191.96614,6.441576,80.0,77.0,78.0,1.0,4.746,16.0,15.0,7.203,-1.27,0.1033,7.321523825398371,,
4927,88,12700,397.455,207.727,8.545,398.2336,209.71024,5.035377,88.0,77.0,59.0,1.0,4.555,16.0,31.0,8.1,-1.058,-0.1472,4.105717045745973,,
4927,92,12700,389.818,220.091,9.273,391.07727,220.75526,5.897738,92.0,77.0,59.0,1.0,4.684,16.0,31.0,6.94,-0.796,-0.2286,3.663249356670115,,
4937,85,16994,484.091,422.364,9.545,481.6422,421.298,6.432395,85.0,82.0,82.0,1.0,4.707,6.0,12.0,7.16,-1.669,-0.493,4.101376272182908,,
4937,86,16994,484.0,422.727,9.364,482.0068,421.24982,6.713471,86.0,82.0,82.0,1.0,4.4,6.0,12.0,7.164,-2.668,-0.3677,3.630456028137641,,
4940,77,13441,476.818,446.273,4.818,473.60974,449.21002,1.1541033,77.0,77.0,63.0,1.0,5.355,17.0,19.0,14.805,0.8594,-1.229,5.68710451251519,,
4940,86,14217,475.545,446.364,6.0,473.87518,446.94357,2.1854527,86.0,77.0,67.0,1.0,5.5,17.0,25.0,13.56,1.012,0.1092,4.204161191157803,,
4940,92,14217,459.545,456.636,6.818,467.4452,456.01685,5.577453,92.0,77.0,67.0,1.0,2.918,17.0,25.0,6.94,-2.012,-0.2212,8.020939073556711,,
4943,78,9798,308.182,433.545,6.455,305.12274,437.1821,6.550996,78.0,77.0,43.0,1.0,5.094,23.0,53.0,6.707,-2.258,0.1676,4.7536074080234885,,
4945,86,15611,226.0,245.455,-0.364,226.83278,243.89864,3.086162,86.0,78.0,75.0,1.0,4.07,12.0,25.0,10.8,0.608,1.282,3.8754866538596233,,
4945,88,15611,220.818,248.182,-0.455,226.94374,245.09619,3.3408728,88.0,78.0,75.0,1.0,3.55,12.0,25.0,10.04,0.3008,-0.2341,7.839359936721841,,
4945,89,12722,216.818,250.545,-0.636,209.95618,249.37201,6.9901886,89.0,78.0,59.0,1.0,2.697,12.0,24.0,3.764,-2.377,0.802,10.325658904654476,,
4947,78,13851,125.818,257.091,8.818,114.88585,267.44946,2.8910515,78.0,78.0,66.0,1.0,3.453,22.0,23.0,5.94,1.355,-0.1777,16.184508510169582,,
4951,92,14008,277.273,56.455,0.818,282.4048,59.19008,7.999995,92.0,79.0,66.0,1.0,5.914,17.0,26.0,-3.066,0.6245,-0.1603,9.241054378501676,,
4957,92,14303,160.818,229.364,-0.455,157.93086,231.42816,2.907303,92.0,78.0,68.0,1.0,3.732,18.0,24.0,9.25,-0.5854,0.4502,4.888907377830863,,
4958,82,7962,493.364,63.636,-0.636,494.3856,65.257164,2.614146,82.0,78.0,34.0,1.0,3.498,10.0,46.0,11.28,-0.2429,0.3403,3.772968101669039,,
4958,84,7962,493.182,63.727,-0.727,495.053,64.66713,2.621106,84.0,78.0,34.0,1.0,3.701,10.0,46.0,8.95,0.538,0.0645,3.9489617881331713,,
4958,87,7962,493.182,64.091,-0.818,495.81223,64.54156,2.4868171,87.0,78.0,34.0,1.0,4.312,10.0,46.0,8.94,-0.2754,0.1775,4.2476970502794025,,
4959,87,9121,184.818,195.273,5.909,185.13608,191.57327,4.035175,87.0,78.0,40.0,1.0,5.58,22.0,45.0,13.055,-0.5405,-0.1008,4.159374603221607,,
4964,86,16364,250.455,225.0,-0.545,252.62317,223.12141,1.8313012,86.0,78.0,79.0,1.0,3.283,13.0,12.0,5.227,0.2861,0.5684,3.725166966744087,,
4967,90,15285,111.636,249.091,-0.909,109.63355,252.49698,1.5943953,90.0,90.0,73.0,1.0,3.496,10.0,25.0,4.086,1.857,-0.123,4.677338323337545,,
4967,91,15285,107.455,247.818,-0.273,109.04599,251.54868,1.509816,91.0,90.0,73.0,1.0,3.842,10.0,25.0,4.824,0.6187,-0.4163,4.430310974678398,,
4967,92,18773,103.636,246.545,0.364,103.99974,248.99937,7.99998,92.0,90.0,92.0,1.0,8.38,10.0,4.0,0.586,-0.0705,-0.1604,8.028974370671516,,
4968,85,10681,68.091,28.455,0.0,72.635254,25.606564,1.1113198,85.0,78.0,49.0,1.0,3.256,10.0,47.0,7.902,2.27,0.08435,5.4771218500672525,,
4968,86,15558,62.182,31.273,-0.364,65.79335,37.42198,0.7036538,86.0,78.0,75.0,1.0,2.18,10.0,11.0,4.344,2.688,-0.0696,7.210526229031722,,
4970,79,16497,462.727,320.455,0.182,454.73434,320.54138,7.999998,79.0,78.0,79.0,1.0,3.643,22.0,4.0,-6.902,-1.137,-0.005196,11.180839329317095,,
4970,80,13265,462.364,320.818,0.455,465.9522,329.1494,7.018664,80.0,78.0,63.0,1.0,3.484,22.0,18.0,3.047,-0.11426,-0.2864,11.196833941114637,,
4972,94,16308,105.182,388.455,9.0,106.97537,387.1876,5.8962,94.0,78.0,79.0,1.0,4.125,17.0,16.0,10.695,-1.96,-0.006332,3.802111670756135,,
4976,87,14462,129.091,510.545,4.545,122.48207,501.92407,0.0,87.0,78.0,69.0,1.0,3.584,11.0,17.0,-5.934,-0.904,0.705,11.775203387194676,,
4976,88,9579,129.909,510.273,4.364,135.34119,510.9998,7.394154,88.0,78.0,42.0,1.0,7.445,11.0,36.0,-1.041,-0.5107,1.031,6.26248829937559,,
4977,78,16090,354.545,305.545,8.182,354.42572,295.7386,2.6936076,78.0,78.0,78.0,1.0,3.586,6.0,7.0,5.785,-0.8574,0.468,11.23842336872827,,
4977,81,13692,354.545,304.0,7.909,353.3303,303.6512,4.4202895,81.0,78.0,65.0,1.0,5.812,6.0,13.0,14.16,-1.595,-0.0001984,3.710560400102688,,
4977,82,16029,355.0,304.545,8.0,353.6842,304.21442,4.651132,82.0,78.0,77.0,1.0,4.14,6.0,5.0,10.945,-1.673,-0.1763,3.613243647724862,,
4988,78,15965,23.727,213.273,4.182,21.652416,205.03206,0.0,78.0,78.0,77.0,1.0,3.234,22.0,19.0,-4.582,2.334,0.1355,9.471331208265074,,
4989,79,13708,265.636,210.091,5.545,257.8868,205.46071,0.0,79.0,78.0,65.0,1.0,1.582,22.0,19.0,-4.74,-0.1582,0.3352,10.594182890817985,,
4989,80,16373,265.364,210.636,5.727,266.90375,203.08325,7.9999967,80.0,78.0,79.0,1.0,4.1,22.0,16.0,-4.758,-2.111,0.3574,8.036253892406027,,
4990,84,13422,490.636,213.818,2.364,492.54224,211.11287,1.1588534,84.0,78.0,63.0,1.0,4.227,12.0,23.0,8.04,2.88,0.02791,3.521911069574525,,
4997,84,16908,428.727,80.909,8.818,427.34787,78.45584,6.3608127,84.0,79.0,82.0,1.0,4.242,21.0,18.0,8.56,-1.367,-0.2448,3.7360089627544086,,
4998,79,7889,324.273,42.455,4.364,333.94516,38.984325,7.9999957,79.0,79.0,33.0,1.0,1.471,21.0,46.0,-5.445,0.2583,-0.4236,10.90030865396218,,
5002,79,14983,292.636,391.0,8.818,287.00906,386.79022,6.1244726,79.0,79.0,71.0,1.0,3.81,4.0,17.0,5.195,-2.117,0.541,7.52594122130591,,
5012,79,13214,6.818,476.091,3.364,10.092044,473.8565,3.2687283,79.0,79.0,62.0,1.0,3.385,6.0,19.0,13.92,0.785,0.2007,3.965025984877905,,
5015,88,17290,132.0,68.727,-0.273,131.78696,65.04999,0.89132446,88.0,86.0,84.0,1.0,3.33,7.0,12.0,8.31,3.56,-0.02925,3.862827983466824,,
5015,89,17290,131.455,68.727,-0.091,128.7032,66.13899,0.6135836,89.0,86.0,84.0,1.0,2.348,7.0,12.0,6.81,3.8,0.7915,3.842738222867772,,
5016,96,17315,454.636,357.273,-0.182,456.87488,353.77393,1.023257,96.0,79.0,84.0,1.0,3.307,21.0,16.0,11.84,2.555,0.08405,4.325357667910146,,
5016,97,16461,448.273,361.0,-0.364,448.35883,352.72635,2.2863727,97.0,79.0,79.0,1.0,2.94,21.0,12.0,8.484,1.108,1.472,8.688217686056495,,
5016,98,17314,442.636,365.091,-0.364,439.27698,357.13852,1.2813607,98.0,79.0,84.0,1.0,2.98,21.0,12.0,3.18,0.4763,0.03082,8.788183278920876,,
5019,80,16568,251.0,85.909,4.909,244.7176,94.064445,0.6286452,80.0,79.0,80.0,1.0,3.42,21.0,6.0,0.7534,2.383,-0.707,11.149047946883536,,
5021,99,15694,121.909,104.0,8.0,127.99833,109.58762,4.096893,99.0,84.0,75.0,1.0,3.668,16.0,22.0,5.84,-1.628,0.704,9.1397856302404,,
5030,86,11564,320.182,502.545,-0.818,317.65958,498.81818,2.0155802,86.0,79.0,53.0,1.0,3.594,8.0,37.0,7.273,1.145,-0.4092,5.317985212336748,,
5032,85,630,103.182,382.909,3.727,108.770256,382.52722,7.999999,85.0,79.0,0.0,1.0,2.227,21.0,77.0,-1.369,-2.291,-0.0659,7.045060790648794,,
5038,81,14050,473.818,45.182,9.0,472.2805,39.13447,5.3057423,81.0,79.0,67.0,1.0,3.434,8.0,17.0,4.797,-1.355,0.2842,7.2514871098905775,,
5038,82,14050,474.273,45.364,9.0,472.78336,45.578915,1.636559,82.0,79.0,67.0,1.0,3.256,8.0,17.0,7.848,3.158,0.09064,7.515682214363911,,
5038,83,17232,474.909,44.364,9.0,469.7588,49.29395,5.8835697,83.0,79.0,83.0,1.0,3.385,8.0,7.0,9.46,-1.44,0.4114,7.780816464694305,,
5044,92,16509,427.0,130.636,-0.545,431.8913,129.27338,3.940608,92.0,82.0,80.0,1.0,3.578,12.0,15.0,6.043,-1.946,-0.2246,6.775118307754042,,
5044,93,16509,423.636,132.545,-0.636,431.38965,129.48575,4.3373427,93.0,82.0,80.0,1.0,3.385,12.0,15.0,4.36,-0.831,0.2783,9.706298805242044,,
5047,81,15401,265.455,182.091,-0.273,264.1317,178.7075,3.1756165,81.0,79.0,74.0,1.0,4.21,6.0,19.0,10.81,0.11035,0.02611,5.00920661423265,,
5048,93,14320,317.727,250.545,6.727,320.47205,249.03549,4.5780544,93.0,79.0,68.0,1.0,4.66,21.0,29.0,12.23,-1.13,-0.2048,3.79893236770011,,
5049,79,13697,375.636,233.818,5.818,373.60812,225.99965,0.0,79.0,79.0,65.0,1.0,5.395,21.0,9.0,-10.26,-0.1566,0.6587,9.954296460167352,,
5049,85,15367,363.091,239.455,6.364,358.98285,244.63637,7.125303,85.0,79.0,74.0,1.0,3.838,21.0,24.0,1.773,-1.557,-0.297,6.656055420232696,,
5049,94,16032,314.273,250.909,7.182,310.82632,249.03793,6.410603,94.0,79.0,77.0,1.0,5.58,21.0,17.0,11.97,-1.43,-0.11847,3.99694374477664,,
5050,87,16458,497.455,469.091,5.909,494.848,476.1408,0.72721356,87.0,79.0,79.0,1.0,2.088,21.0,15.0,1.546,2.396,0.1907,9.129459992232167,,
5050,92,13547,472.818,476.636,6.0,466.32697,478.1101,3.2879665,92.0,79.0,64.0,1.0,4.523,21.0,33.0,8.23,1.007,0.267,7.187598136792409,,
5054,89,16125,452.273,197.364,-0.273,452.7436,193.86653,1.2203013,89.0,80.0,78.0,1.0,4.55,11.0,21.0,8.87,2.867,-0.03583,3.83193287173479,,
5057,89,15792,369.909,307.636,8.545,370.93857,310.0043,5.108708,89.0,80.0,76.0,1.0,6.04,13.0,20.0,13.11,-1.135,-0.725,4.298483684296587,,
5058,82,16348,142.182,307.545,8.818,140.72083,308.9129,5.072505,82.0,80.0,79.0,1.0,4.03,8.0,21.0,6.75,-1.04,0.2041,4.2467518144959735,,
5063,97,18076,42.364,96.636,5.636,47.460632,97.26372,1.2250067,97.0,80.0,88.0,1.0,4.92,18.0,8.0,10.09,1.483,0.06903,6.7695311532239,,
5068,96,17645,417.727,451.818,3.364,423.06195,453.63943,5.3675895,96.0,80.0,86.0,1.0,3.535,20.0,8.0,6.89,-2.678,0.4265,5.98278109510208,,
5068,97,15232,412.091,452.909,2.909,407.166,450.4598,4.485366,97.0,80.0,73.0,1.0,3.754,20.0,21.0,7.836,0.0491,0.1906,5.721812248401393,,
5068,98,15232,408.273,454.091,2.727,406.37082,450.1046,4.7260523,98.0,80.0,73.0,1.0,3.41,20.0,21.0,7.82,0.07196,0.5835,4.848286688154433,,
5068,99,15232,405.545,455.909,2.636,409.9569,449.2257,7.7204285,99.0,80.0,73.0,1.0,2.582,20.0,21.0,3.828,-5.918,-0.01091,9.485925029832986,,
5069,83,15757,204.818,375.364,3.091,202.8339,367.36023,7.999998,83.0,80.0,76.0,1.0,1.28,5.0,7.0,-3.701,-2.99,-0.1827,9.59662692756698,,
5071,96,16914,39.727,100.091,2.0,42.334232,98.51244,3.9393835,96.0,80.0,82.0,1.0,6.156,20.0,15.0,17.58,-0.3013,-0.5493,3.6125778518249616,,
5078,82,13763,158.182,378.636,0.364,152.99379,379.297,3.95881,82.0,80.0,65.0,1.0,3.883,5.0,30.0,10.58,0.2396,0.3938,6.346424421688167,,
5078,83,13763,158.182,379.091,0.727,152.77771,379.86285,3.970576,83.0,80.0,65.0,1.0,3.3,5.0,30.0,11.87,0.1627,0.313,6.350030558538729,,
5078,84,13763,157.364,379.364,0.636,153.44344,380.11783,3.8037958,84.0,80.0,65.0,1.0,4.203,5.0,30.0,14.92,0.1876,0.2886,5.096467464136083,,
5080,80,16147,189.636,303.636,9.182,195.83199,289.15744,7.9999986,80.0,80.0,78.0,1.0,3.83,10.0,14.0,-5.12,-0.2932,0.00653,15.792913571070487,,
5080,81,16884,189.909,304.364,9.273,187.90443,305.56628,4.1923604,81.0,80.0,81.0,1.0,3.508,10.0,12.0,8.33,0.4956,0.1754,5.592555482817156,,
5080,82,16884,190.0,304.0,9.273,187.84793,303.4035,4.754336,82.0,80.0,81.0,1.0,5.168,10.0,12.0,10.11,-0.948,0.04968,5.040391044333369,,
5080,83,16884,189.0,303.364,9.182,187.59894,303.29297,5.137519,83.0,80.0,81.0,1.0,4.465,10.0,12.0,10.96,-1.593,0.2449,4.280869180886167,,
5080,84,16884,189.273,303.364,9.182,187.78667,302.98236,5.119968,84.0,80.0,81.0,1.0,5.094,10.0,12.0,10.8,-2.137,-0.0348,4.342226379119817,,
5080,85,16884,188.909,303.273,9.273,187.673,302.98746,5.1812797,85.0,80.0,81.0,1.0,4.824,10.0,12.0,12.0,-1.367,0.00235,4.283853884650138,,
5080,86,16884,189.182,302.727,9.455,186.99771,301.36877,6.3533206,86.0,80.0,81.0,1.0,4.816,10.0,12.0,9.766,-2.04,-0.3015,4.029432545332436,,
5081,84,14320,336.636,238.636,9.455,336.8136,238.38593,5.062183,84.0,84.0,68.0,1.0,3.893,16.0,29.0,7.316,-1.49,0.6196,4.403512002980007,,
5081,85,14320,331.727,241.455,9.091,332.0276,241.99739,4.9990788,85.0,84.0,68.0,1.0,3.992,16.0,29.0,9.016,-1.167,-0.3857,4.138643060123624,,
5089,90,16606,302.364,450.727,0.909,305.3741,444.8844,0.1986669,90.0,80.0,80.0,1.0,1.349,11.0,15.0,1.468,2.52,0.565,6.610692088046087,,
5091,80,15441,439.545,158.909,-0.091,443.61655,169.79012,4.6734285,80.0,80.0,74.0,1.0,3.822,20.0,25.0,6.418,-0.4084,0.2751,12.556913266743244,,
5091,86,17535,440.727,159.909,-0.273,442.52783,155.52805,7.999994,86.0,80.0,85.0,1.0,4.74,20.0,5.0,-2.21,-2.17,-0.314,9.533002743912116,,
5095,80,13995,79.545,205.182,1.818,87.42092,199.34572,2.6051047,80.0,80.0,66.0,1.0,4.094,20.0,17.0,6.53,-0.1748,0.1881,9.834216486002424,,
5097,96,17300,35.818,90.0,5.727,39.534435,81.74128,0.0,96.0,80.0,84.0,1.0,-2.693,20.0,8.0,-6.33,-0.3625,0.6753,10.715263606072646,,
5097,97,19152,35.909,89.091,5.727,35.06242,80.47655,0.0,97.0,80.0,94.0,1.0,2.64,20.0,5.0,-1.298,0.6997,-0.748,10.379016114203688,,
5097,99,15928,34.909,89.273,5.909,31.551025,82.32792,5.783351,99.0,80.0,77.0,1.0,3.736,20.0,18.0,7.01,-1.276,0.9624,7.715304269970554,,
5099,97,19288,471.273,222.545,1.727,479.5252,220.55106,0.0,97.0,81.0,94.0,1.0,1.265,19.0,4.0,-5.88,0.895,-0.0429,8.663551844572712,,
5099,98,17539,471.091,221.455,1.818,463.55807,214.82495,7.999996,98.0,81.0,85.0,1.0,2.742,19.0,10.0,-5.46,-2.588,0.506,11.786418961305271,,
5099,99,16955,471.545,221.364,1.818,478.58856,212.11096,7.9999943,99.0,81.0,82.0,1.0,4.793,19.0,14.0,-0.648,-1.824,0.3242,13.169948376528737,,
5100,82,12912,180.364,270.273,6.273,189.74257,272.88892,1.86859,82.0,81.0,60.0,1.0,3.977,19.0,31.0,4.53,0.4407,0.04407,10.686413810975116,,
5102,99,15926,198.636,145.545,4.636,195.55016,153.31322,7.999998,99.0,81.0,77.0,1.0,3.867,19.0,20.0,-5.145,-3.957,-0.6196,9.010223805100743,,
5105,88,15064,189.364,60.727,6.727,185.06401,61.997425,7.018188,88.0,81.0,72.0,1.0,5.57,10.0,22.0,7.84,-2.205,-0.6626,4.49318196071215,,
5111,89,15326,91.909,289.091,4.909,93.705986,291.62152,2.415489,89.0,81.0,74.0,1.0,5.957,19.0,25.0,16.28,0.8794,-0.834,3.98124192454023,,
5111,99,18932,65.545,309.364,4.091,60.063797,307.1513,0.5801705,99.0,81.0,92.0,1.0,2.992,19.0,7.0,4.99,2.82,-0.53,6.874994646927312,,
5114,81,15395,417.909,430.818,7.364,417.0628,435.27878,1.1111829,81.0,81.0,74.0,1.0,5.02,18.0,17.0,9.516,3.848,-0.4453,7.727375643415585,,
5115,90,16144,235.727,234.636,1.364,232.11816,226.13834,6.7949543,90.0,81.0,78.0,1.0,2.967,13.0,9.0,3.186,-1.383,-0.1276,10.711172495571551,,
5115,93,18068,235.545,229.091,-0.727,231.63567,217.93788,2.024909,93.0,81.0,88.0,1.0,3.852,13.0,11.0,7.164,-0.608,-0.1166,12.134576627455154,,
5130,96,19162,290.909,101.636,2.545,296.41104,107.13287,1.0420209,96.0,81.0,94.0,1.0,4.094,19.0,5.0,8.67,3.785,-0.363,7.921298513093486,,
5138,82,15901,509.727,194.0,4.727,500.51578,191.83295,0.0,82.0,81.0,77.0,1.0,2.611,19.0,17.0,-7.99,-0.435,-0.1696,10.577675008757804,,
5140,84,16288,358.273,504.545,2.636,354.10605,500.99225,1.9952476,84.0,81.0,79.0,1.0,4.17,9.0,13.0,11.91,2.521,-0.2734,5.51326296335538,,
5146,82,10220,36.364,473.364,6.909,45.01036,474.1229,7.2822094,82.0,82.0,46.0,1.0,3.982,6.0,28.0,2.758,-1.573,-0.486,8.68762083172651,,
5149,82,15038,307.545,132.364,2.909,312.99927,136.99968,0.0,82.0,82.0,72.0,1.0,10.914,8.0,14.0,-9.3,-1.202,-0.583,7.726633891630958,,
5149,83,16179,307.182,132.727,2.909,298.41678,126.05376,1.1367882,83.0,82.0,78.0,1.0,2.451,8.0,4.0,1.531,1.651,0.291,11.158044112211572,,
5158,82,16884,187.273,300.182,7.364,187.84793,303.4035,4.754336,82.0,82.0,81.0,1.0,5.168,7.0,12.0,10.11,-0.948,0.04968,4.18556483019866,,
5158,83,16884,187.091,300.545,7.273,187.59894,303.29297,5.137519,83.0,82.0,81.0,1.0,4.465,7.0,12.0,10.96,-1.593,0.2449,3.517047236796947,,
5158,85,16884,186.091,300.636,7.273,187.673,302.98746,5.1812797,85.0,82.0,81.0,1.0,4.824,7.0,12.0,12.0,-1.367,0.00235,3.522411382140358,,
5160,82,15395,413.364,438.182,3.818,417.627,434.7691,0.6745998,82.0,82.0,74.0,1.0,5.02,18.0,17.0,10.81,5.824,-1.174,6.30095391408004,,
5165,82,14369,325.364,438.909,6.091,322.77304,428.4803,7.999998,82.0,82.0,68.0,1.0,2.148,18.0,10.0,-5.66,-1.91,-0.3105,10.91398784934287,,
5165,84,17426,325.273,440.455,6.273,330.87772,432.05322,7.999996,84.0,82.0,84.0,1.0,4.43,18.0,8.0,-4.715,-1.792,-0.2019,10.246233875469338,,
5167,82,15105,288.909,439.818,8.636,291.52353,445.4877,0.0,82.0,82.0,72.0,1.0,3.602,18.0,9.0,-4.527,1.338,-0.5986,10.656536079369335,,
5168,98,19243,342.273,292.727,3.909,339.0956,292.5828,6.5298357,98.0,82.0,94.0,1.0,5.355,18.0,4.0,12.24,-3.344,-0.604,4.12134009351263,,
5168,99,17865,338.273,299.0,4.182,340.53244,300.6297,6.922863,99.0,82.0,87.0,1.0,4.12,18.0,8.0,9.5,-4.684,-0.3782,3.908109669439814,,
5169,86,16784,237.0,99.455,3.091,243.46654,94.98533,0.63644814,86.0,82.0,81.0,1.0,3.236,14.0,16.0,5.29,1.768,-0.6753,8.235223999013598,,
5169,94,10924,205.545,110.909,0.182,208.71698,111.539986,1.6921992,94.0,82.0,50.0,1.0,3.596,14.0,37.0,6.797,0.9727,0.1965,3.569355975001198,,
5174,82,15820,100.091,449.727,-0.455,102.89181,451.20206,1.7327744,82.0,82.0,76.0,1.0,3.35,18.0,8.0,7.51,1.495,-0.1326,3.8479469181624055,,
5180,92,16781,73.636,18.182,8.0,74.87105,16.279604,5.1721025,92.0,89.0,81.0,1.0,4.875,6.0,17.0,9.055,-0.9136,-0.3857,3.62511562764862,,
5182,83,13931,92.727,89.909,7.818,93.217995,89.73044,4.323657,83.0,82.0,66.0,1.0,4.656,18.0,18.0,12.08,0.08795,-0.145,3.53318450767491,,
5182,85,7924,94.909,90.273,8.091,98.30507,86.6894,6.2689447,85.0,82.0,33.0,1.0,5.496,18.0,56.0,11.39,-1.025,-0.0395,5.262638684268375,,
5182,87,7924,94.909,89.364,8.273,96.56883,87.030876,6.148398,87.0,82.0,33.0,1.0,5.637,18.0,56.0,11.44,-2.1,0.04895,3.5654504465326657,,
5186,88,16228,90.273,254.0,5.0,87.07608,253.77007,2.8432508,88.0,82.0,78.0,1.0,3.908,14.0,20.0,8.9,-0.5405,0.1776,3.863254120945266,,
5197,87,12339,325.182,493.909,9.818,322.68573,492.99722,6.338552,87.0,87.0,57.0,1.0,4.113,13.0,32.0,8.48,-2.621,0.307,4.378271926914103,,
5197,88,17998,319.818,495.727,9.545,317.95703,497.01642,6.414796,88.0,87.0,88.0,1.0,5.117,13.0,6.0,12.234,-3.598,0.02434,3.863158081015589,,
5197,89,12339,320.364,495.545,9.636,320.23956,492.90155,6.724383,89.0,87.0,57.0,1.0,3.824,13.0,32.0,7.758,-2.805,-0.866,3.934568180981129,,
5198,93,12150,160.364,466.636,8.364,163.1424,466.90036,6.1862035,93.0,83.0,56.0,1.0,4.645,17.0,35.0,8.28,-1.295,0.04407,3.540083383906692,,
5203,98,18335,32.273,446.909,2.545,29.51749,449.77594,1.7272614,98.0,83.0,89.0,1.0,4.523,17.0,10.0,10.41,3.084,-0.8057,4.059664609500394,,
5204,83,15211,440.273,92.364,1.545,431.99896,89.99979,0.0,83.0,83.0,73.0,1.0,12.16,17.0,10.0,0.3943,3.117,0.556,8.742782843334279,,
5205,85,17435,194.091,442.545,4.273,193.3134,447.7943,4.9039955,85.0,83.0,84.0,1.0,4.402,17.0,13.0,10.016,-0.673,-0.4133,5.3439655286145245,,
5205,96,16683,173.455,460.455,3.364,181.2195,465.4615,3.163326,96.0,83.0,80.0,1.0,3.795,17.0,16.0,6.6,-1.247,0.874,9.240820989191173,,
5207,83,16005,506.091,400.727,-0.273,501.72803,397.01773,1.4659808,83.0,83.0,77.0,1.0,3.756,17.0,15.0,5.707,1.956,0.3901,5.984834615640504,,
5207,84,16005,505.0,401.455,-0.273,501.0018,397.37128,1.3630979,84.0,83.0,77.0,1.0,3.729,17.0,15.0,5.38,2.229,0.4177,5.94467733495975,,
5207,87,16005,506.0,401.182,-0.364,504.07245,398.33957,0.82747775,87.0,83.0,77.0,1.0,3.887,17.0,15.0,2.299,2.309,0.3281,3.635172146700243,,
5207,89,15697,507.182,401.364,-0.545,504.68533,403.37735,1.6003124,89.0,83.0,75.0,1.0,3.613,17.0,18.0,10.24,0.812,-0.3572,3.8586661691566095,,
5208,83,11045,260.0,378.818,-0.455,265.25372,375.1358,4.2759504,83.0,83.0,51.0,1.0,3.074,17.0,22.0,5.312,0.19,0.1266,7.971327515894687,,
5210,88,17983,455.818,144.727,1.909,461.34055,152.54056,7.9999986,88.0,83.0,88.0,1.0,1.659,17.0,4.0,-0.4287,-3.582,0.541,11.34242224224183,,
5210,90,17983,455.091,145.364,2.0,457.5763,134.68227,7.9999967,90.0,83.0,88.0,1.0,6.75,17.0,4.0,-5.527,0.1746,-0.847,12.501041247948557,,
5212,90,15187,11.909,19.455,8.091,10.702123,17.081518,2.957149,90.0,83.0,73.0,1.0,3.787,16.0,22.0,10.39,1.674,0.03827,5.783285829669324,,
5212,97,15187,7.818,20.818,7.818,10.32009,14.993291,3.3060708,97.0,83.0,73.0,1.0,4.35,16.0,22.0,5.594,0.3865,-0.324,7.7810792573134515,,
5213,92,12788,54.273,433.545,4.909,58.388412,431.48615,0.26032603,92.0,83.0,59.0,1.0,3.219,17.0,34.0,2.283,2.65,-0.1214,6.54107398915496,,
5213,93,12400,54.364,434.364,5.091,50.159687,439.39474,2.084924,93.0,83.0,57.0,1.0,4.234,17.0,34.0,10.586,1.316,0.0864,7.212564430724024,,
5216,83,7422,208.909,217.273,5.727,211.40942,222.76784,7.7503915,83.0,83.0,30.0,1.0,2.223,17.0,52.0,-2.994,-3.025,-0.2104,6.36706211405798,,
5218,86,15576,66.455,315.273,5.273,59.299274,315.0492,7.999999,86.0,83.0,75.0,1.0,2.559,7.0,11.0,-1.697,-2.807,-0.6133,7.661006759759257,,
5218,87,16520,66.636,315.727,5.182,80.55693,324.58228,0.0,87.0,83.0,80.0,1.0,1.887,7.0,5.0,-8.14,1.621,-1.123,17.29339179985525,,
5222,93,18503,453.273,461.727,9.545,454.63828,457.30356,5.7041097,93.0,93.0,90.0,1.0,3.29,4.0,8.0,6.65,-1.726,0.1221,6.015251383660852,,
5225,96,18677,373.273,412.545,2.0,381.61487,402.28793,0.0,96.0,83.0,91.0,1.0,0.4824,17.0,6.0,-10.984,0.342,-0.3606,13.37139783574625,,
5227,97,18410,30.182,360.364,7.455,31.759062,355.8175,5.5192842,97.0,83.0,90.0,1.0,4.867,17.0,7.0,8.72,0.1531,-0.0793,5.1869820184972175,,
5227,99,18410,24.545,363.636,7.364,25.691164,370.39688,0.0,99.0,83.0,90.0,1.0,1.407,17.0,7.0,-4.008,2.766,-0.03705,10.062389690788953,,
5237,96,17622,336.273,278.273,0.364,337.83292,275.91934,2.5297358,96.0,84.0,85.0,1.0,4.54,16.0,12.0,13.266,0.8423,-0.4915,3.558577996532013,,
5237,97,17622,335.909,278.636,0.364,332.08392,276.63007,1.2124076,97.0,84.0,85.0,1.0,3.162,16.0,12.0,6.83,3.043,0.2391,4.4016800914012375,,
5238,93,14569,303.0,314.909,-0.727,307.98727,312.9665,4.3511243,93.0,92.0,69.0,1.0,4.24,8.0,30.0,11.98,-1.382,-0.2566,7.377907203885849,,
5242,93,15536,65.0,292.727,-0.182,69.23715,293.0728,0.9764422,93.0,84.0,74.0,1.0,3.273,10.0,25.0,6.13,3.562,-0.5005,4.406246258805883,,
5247,90,15829,183.727,190.364,5.545,181.35008,187.5993,4.0725913,90.0,84.0,76.0,1.0,4.855,16.0,18.0,11.875,-1.139,-0.2612,3.932086234587916,,
5252,93,16027,382.182,196.545,7.091,382.89902,200.41566,5.24743,93.0,84.0,77.0,1.0,5.766,16.0,13.0,13.1,-1.7295,-0.2627,4.346823766947552,,
5254,95,17147,332.727,318.818,9.182,330.67178,317.63998,5.3229175,95.0,84.0,83.0,1.0,5.695,14.0,17.0,11.6,-1.102,-0.36,4.528153940692179,,
5254,96,17147,332.455,317.909,9.273,330.58365,317.8736,5.485331,96.0,84.0,83.0,1.0,5.895,14.0,17.0,12.87,-1.477,-0.5166,4.224883481950836,,
5260,91,17498,37.182,125.909,-0.727,40.6799,120.243126,6.180345,91.0,84.0,85.0,1.0,4.645,9.0,14.0,6.176,-1.863,-0.1102,9.594209062913995,,
5260,92,17682,30.636,128.273,-0.818,30.57301,138.41562,7.999994,92.0,84.0,86.0,1.0,4.22,9.0,8.0,-3.916,-1.157,0.4612,13.440004701953637,,
5263,98,16094,224.364,5.909,3.636,216.43513,5.552986,7.9999943,98.0,91.0,78.0,1.0,3.355,9.0,10.0,-4.637,-3.46,-0.0704,9.057492572203897,,
5263,99,16094,224.727,6.455,3.727,213.3576,13.98543,7.9999995,99.0,91.0,78.0,1.0,1.844,9.0,10.0,-5.555,-1.95,-0.2058,14.29087670760267,,
5274,86,17259,429.182,51.545,-0.273,429.69257,56.29263,2.2204092,86.0,84.0,83.0,1.0,3.871,16.0,14.0,8.92,0.5283,-0.2505,5.3868136946106295,,
5274,88,14943,428.909,51.182,0.182,425.1678,50.181854,1.0679654,88.0,84.0,71.0,1.0,4.74,16.0,22.0,8.164,2.916,0.705,3.972631892248904,,
5276,98,17112,31.727,233.636,6.636,28.13759,242.22127,0.69711065,98.0,85.0,83.0,1.0,3.04,15.0,14.0,4.914,2.002,-0.529,11.039072960740118,,
5276,99,17112,26.636,238.091,6.364,28.317244,242.63905,0.8522838,99.0,85.0,83.0,1.0,3.404,15.0,14.0,7.65,3.174,-0.2188,7.341005085094161,,
5277,88,16071,279.0,458.545,3.818,276.03204,443.63754,5.8789477,88.0,85.0,78.0,1.0,4.344,15.0,19.0,6.41,-2.262,0.633,15.339121736114352,,
5277,89,18033,278.909,458.273,4.0,286.59525,447.5079,5.559124,89.0,85.0,88.0,1.0,3.229,15.0,12.0,1.352,-1.743,-0.4204,13.319034676727773,,
5279,97,18124,328.0,43.364,6.727,317.86804,39.071377,6.8576493,97.0,85.0,88.0,1.0,3.773,15.0,12.0,2.479,-2.62,-0.266,11.004557914851432,,
5279,99,2437,328.182,43.818,6.455,314.1242,53.57153,3.8309329,99.0,85.0,4.0,1.0,3.496,15.0,89.0,6.684,0.6484,0.3708,17.310078464472763,,
5285,85,16784,236.455,99.455,4.455,242.98918,95.47332,1.6329824,85.0,85.0,81.0,1.0,4.78,15.0,16.0,12.28,1.267,-0.351,8.155554379041908,,
5285,86,16784,236.909,99.182,4.364,243.46654,94.98533,0.63644814,86.0,85.0,81.0,1.0,3.236,15.0,16.0,5.29,1.768,-0.6753,8.631802407926727,,
5286,90,16608,217.818,158.364,-0.455,217.26265,161.56702,1.1155053,90.0,85.0,80.0,1.0,3.523,15.0,19.0,5.113,0.8936,-0.77,3.610296059913668,,
5287,89,14686,341.909,223.818,9.273,339.56696,214.72021,1.0145543,89.0,85.0,70.0,1.0,2.812,9.0,30.0,3.086,1.211,-0.5156,12.508271648215374,,
5295,85,16341,265.364,415.0,6.636,264.38586,420.09122,0.5281986,85.0,85.0,79.0,1.0,2.1,10.0,12.0,5.215,3.81,-0.2556,8.011399184277499,,
5299,85,15978,94.182,272.182,-0.091,90.9748,260.4717,0.0,85.0,85.0,77.0,1.0,2.91,4.0,10.0,-9.055,-0.303,0.441,12.141891900770672,,
5299,88,17900,86.727,274.182,-0.818,89.08842,271.30286,1.1583139,88.0,85.0,87.0,1.0,2.172,4.0,10.0,4.02,1.562,0.11597,4.215633782402502,,
5302,85,15600,477.818,255.273,9.182,475.40436,257.0545,6.2514315,85.0,85.0,75.0,1.0,4.29,5.0,24.0,9.26,-2.5,-0.338,4.193761084371912,,
5309,86,16515,328.182,33.727,8.364,333.84543,38.355167,4.032241,86.0,86.0,80.0,1.0,3.146,14.0,8.0,3.646,-0.05957,0.2003,8.500500289916477,,
5310,97,16495,205.545,424.455,4.545,199.07831,415.6621,5.925348,97.0,86.0,79.0,1.0,4.137,14.0,19.0,2.357,-1.087,0.2189,11.00175125001486,,
5310,98,16495,199.182,427.636,4.273,199.85681,415.55203,6.2325134,98.0,86.0,79.0,1.0,4.113,14.0,19.0,3.854,-1.826,-0.4785,12.26039935164349,,
5310,99,17058,193.545,430.182,4.091,180.75772,434.96072,7.999996,99.0,86.0,83.0,1.0,1.329,14.0,12.0,-8.33,1.051,0.6133,14.19968113602609,,
5318,89,17400,328.909,290.364,8.273,330.777,288.0743,6.1758394,89.0,86.0,84.0,1.0,4.27,14.0,15.0,7.0,-1.607,-0.0393,3.623566291954965,,
5323,96,15146,239.636,510.0,0.182,235.24303,509.4557,1.6626006,96.0,95.0,73.0,1.0,7.1,4.0,22.0,14.35,4.984,-0.7188,4.667614599302336,,
5323,97,15146,240.182,509.364,0.273,234.10342,509.21317,1.967585,97.0,95.0,73.0,1.0,3.877,4.0,22.0,9.17,2.543,0.5254,6.312171007468416,,
5323,98,15146,240.273,510.182,0.273,233.97229,508.2785,2.0466444,98.0,95.0,73.0,1.0,4.945,4.0,22.0,9.61,4.816,0.0703,6.816749460831865,,
5325,97,15401,246.091,197.727,1.182,242.53947,204.61726,5.975672,97.0,86.0,74.0,1.0,4.6,13.0,19.0,6.773,-1.969,0.1206,9.11418342212202,,
5327,95,18449,243.273,487.909,0.273,240.97464,491.2727,1.6495838,95.0,86.0,90.0,1.0,3.611,14.0,8.0,8.29,2.238,0.1032,4.300223173048396,,
5347,96,17077,72.364,293.0,-0.818,69.004944,303.36993,3.56265,96.0,96.0,83.0,1.0,3.076,4.0,10.0,4.707,-0.1133,-0.1444,11.747714664501189,,
5348,96,13647,153.182,133.545,-0.636,150.61714,132.47725,1.7869252,96.0,96.0,65.0,1.0,4.227,4.0,26.0,10.195,1.526,-0.1693,3.68634824818477,,
5348,98,13647,150.091,138.545,0.273,149.67464,133.77068,2.097442,98.0,96.0,65.0,1.0,4.34,4.0,26.0,7.914,1.996,0.4214,5.1279699417375575,,
5348,99,18524,149.182,142.091,0.909,148.06442,149.39894,1.7747031,99.0,96.0,90.0,1.0,4.355,4.0,7.0,12.53,1.704,0.652,7.443414133134713,,
5361,94,14569,303.0,317.545,7.091,306.22513,314.62665,0.7747327,94.0,87.0,69.0,1.0,5.316,13.0,30.0,0.7144,2.143,0.814,7.668993600496048,,
5367,88,17728,128.091,433.727,9.545,114.99994,437.21393,7.9999957,88.0,87.0,86.0,1.0,3.578,13.0,8.0,-8.03,2.523,-0.08154,13.635306048472804,,
5367,89,18262,122.818,437.091,9.545,111.47931,440.6155,7.9999976,89.0,87.0,89.0,1.0,2.652,13.0,4.0,-5.113,-0.5894,-0.03513,11.97393099955506,,
5369,98,19583,390.182,361.636,7.273,397.14032,366.3575,6.879363,98.0,87.0,96.0,1.0,3.775,13.0,4.0,1.294,-0.9004,-0.0872,8.418178517955551,,
5377,95,18311,149.545,126.182,9.727,151.76303,126.261795,6.3980694,95.0,95.0,89.0,1.0,4.336,5.0,11.0,8.64,-2.734,0.04187,4.00097528891911,,
5377,98,18712,131.909,133.545,8.364,134.74445,133.99466,6.345691,98.0,95.0,91.0,1.0,4.484,5.0,9.0,6.977,-2.63,0.207,3.509350657540661,,
5385,87,15807,348.364,368.455,5.182,344.89026,380.2384,5.4549203,87.0,87.0,76.0,1.0,4.848,13.0,23.0,11.836,-1.835,0.2703,12.287793562627607,,
5385,88,17828,347.636,367.364,5.364,358.9989,370.99884,7.999975,88.0,87.0,87.0,1.0,5.812,13.0,8.0,-5.324,1.361,0.1821,12.217852611495372,,
5387,90,18304,234.091,213.364,5.273,231.50339,215.39246,0.67691797,90.0,87.0,89.0,1.0,2.703,5.0,7.0,3.824,0.365,-0.2263,5.651048178009896,,
5387,91,18304,234.364,212.545,5.182,231.84972,214.86919,0.41329274,91.0,87.0,89.0,1.0,2.48,5.0,7.0,4.18,1.713,0.1835,5.870607464826519,,
5389,93,13737,415.364,358.727,8.364,414.78,362.0387,6.5291615,93.0,88.0,65.0,1.0,3.742,10.0,32.0,7.895,-3.58,-0.241,3.8308021628743054,,
5391,89,12721,2.818,209.455,1.091,2.9291985,218.63286,4.508629,89.0,88.0,59.0,1.0,3.902,4.0,19.0,6.793,-0.3293,0.1209,9.794164960201709,,
5398,94,17518,72.818,176.364,0.364,76.07176,176.48814,1.7940564,94.0,88.0,85.0,1.0,4.04,10.0,11.0,7.707,0.6543,-0.2969,3.5563220023475037,,
5398,96,17518,71.364,176.273,0.364,74.633865,176.79109,1.565546,96.0,88.0,85.0,1.0,4.54,10.0,11.0,9.086,0.05838,-0.5083,3.5219521797493183,,
5399,90,14593,150.818,76.545,3.273,146.72269,72.900894,7.999997,90.0,88.0,69.0,1.0,3.264,12.0,13.0,-0.674,-4.02,0.272,7.238478650472428,,
5399,97,9372,131.182,92.818,5.727,127.1415,97.56222,6.1852145,97.0,88.0,41.0,1.0,4.24,12.0,39.0,4.17,-1.9375,0.248,6.248457744628685,,
5402,98,16274,250.273,63.909,7.818,251.5816,64.930115,4.569192,98.0,88.0,78.0,1.0,5.914,12.0,18.0,14.3,-1.227,-0.3713,3.6482685241205903,,
5402,99,16274,246.545,65.909,7.818,249.34753,65.52982,4.782559,99.0,88.0,78.0,1.0,5.344,12.0,18.0,13.555,-2.092,0.1565,4.148717143621761,,
5406,88,15853,179.273,56.455,3.0,186.03441,55.353817,6.187642,88.0,88.0,76.0,1.0,5.07,9.0,13.0,10.51,-3.053,0.1752,7.555814364299401,,
5406,89,15064,179.364,56.636,3.182,183.35916,63.659454,5.842275,89.0,88.0,72.0,1.0,4.74,9.0,22.0,8.0,-3.18,0.03543,8.506895590715859,,
5412,88,16915,65.273,57.636,5.182,61.572388,61.494743,0.60789496,88.0,88.0,82.0,1.0,3.686,12.0,8.0,5.336,2.982,-0.0303,7.036111399881782,,
5413,95,19242,375.909,275.091,4.909,370.1393,271.2121,6.9276466,95.0,88.0,94.0,1.0,4.273,12.0,6.0,6.32,-3.871,-0.8896,7.239491514995474,,
5413,99,18157,369.636,277.636,4.727,364.07828,279.9596,6.107792,99.0,88.0,88.0,1.0,6.51,12.0,9.0,14.13,-1.156,-0.6533,6.180125816329647,,
5415,97,17253,422.182,114.727,2.727,430.16058,112.33427,3.2118464,97.0,88.0,83.0,1.0,4.0,12.0,11.0,4.46,-0.3772,0.298,8.34373847270469,,
5415,98,16184,417.455,115.545,1.909,412.9014,122.315506,6.586166,98.0,88.0,78.0,1.0,4.47,12.0,21.0,12.016,-5.56,-0.03888,9.40483419564596,,
5415,99,16184,412.182,116.273,1.091,412.93658,123.27319,7.217566,99.0,88.0,78.0,1.0,3.852,12.0,21.0,8.3,-3.48,-0.4924,9.333105697722276,,
5417,92,18126,313.545,84.727,0.455,315.92795,87.61467,1.9614189,92.0,88.0,88.0,1.0,4.47,11.0,11.0,8.28,1.022,-0.1652,4.035639556957135,,
5420,88,14781,449.273,72.909,9.545,457.2122,70.44242,7.9999948,88.0,88.0,71.0,1.0,4.33,7.0,15.0,-0.41,0.105,0.8833,8.45588284003667,,
5423,94,18745,23.818,274.0,2.455,31.252586,271.82108,0.6340566,94.0,88.0,91.0,1.0,3.043,12.0,9.0,3.26,0.778,-0.682,7.95842925606552,,
5424,89,17731,99.727,172.727,8.545,90.99985,174.40439,0.0,89.0,88.0,86.0,1.0,3.486,6.0,8.0,-2.303,-0.7207,-0.7656,12.32857693874683,,
5433,88,18050,435.273,483.909,1.727,435.49802,471.93567,7.999998,88.0,88.0,88.0,1.0,2.992,11.0,6.0,-4.95,-1.362,-0.05804,13.51894112707439,,
5439,89,16516,389.727,229.545,5.545,380.04236,234.98189,1.7683784,89.0,89.0,80.0,1.0,4.63,11.0,14.0,7.55,2.361,-0.0683,11.730937537609115,,
5442,90,15739,135.091,2.455,6.091,126.42856,6.9243717,7.999995,90.0,89.0,76.0,1.0,6.21,11.0,14.0,-5.445,2.95,0.2673,9.932643759663684,,
5442,91,18195,134.636,3.636,6.0,133.71979,12.556721,3.268845,91.0,89.0,88.0,1.0,3.846,11.0,11.0,8.65,0.921,0.6494,9.374321925236302,,
5442,99,19082,122.636,21.364,6.455,125.42863,22.570808,4.1061726,99.0,89.0,93.0,1.0,5.094,11.0,6.0,13.625,-0.429,0.12366,3.84345651995112,,
5443,90,18385,221.091,140.636,4.182,219.72813,149.15218,7.999997,90.0,89.0,90.0,1.0,1.987,6.0,5.0,-5.25,-0.8716,-0.8413,9.43185228474815,,
5445,92,18318,134.727,18.273,8.364,134.18358,15.872732,4.471374,92.0,89.0,89.0,1.0,5.066,11.0,9.0,11.086,-1.035,0.153,4.605337006571832,,
5445,93,17488,134.364,17.636,8.364,130.65024,19.946352,4.6540713,93.0,89.0,85.0,1.0,3.29,11.0,15.0,9.56,-1.836,0.1812,5.735269013794188,,
5446,97,18403,432.364,248.364,6.636,436.1928,246.6322,4.1341195,97.0,89.0,90.0,1.0,5.965,10.0,9.0,12.65,-1.154,0.3364,4.890628458212731,,
5449,89,18304,231.0,215.818,-0.545,234.14488,212.51857,4.0363336,89.0,89.0,89.0,1.0,3.434,11.0,7.0,7.383,-1.302,0.77,6.462594377940563,,
5449,93,18068,232.091,214.909,-0.273,231.63567,217.93788,2.024909,93.0,89.0,88.0,1.0,3.852,11.0,11.0,7.164,-0.608,-0.1166,3.8290762901228654,,
5457,97,17518,71.909,181.364,2.909,70.86698,175.56973,0.97108674,97.0,89.0,85.0,1.0,3.389,11.0,11.0,2.8,1.266,-0.325,6.197973726677451,,
5457,98,13037,67.636,186.818,3.273,57.497475,197.59477,2.6253412,98.0,89.0,61.0,1.0,3.297,11.0,23.0,5.203,2.703,0.454,14.810399141472937,,
5457,99,13037,62.182,192.636,3.545,56.782352,198.49104,2.9246092,99.0,89.0,61.0,1.0,4.16,11.0,23.0,5.71,1.11,0.1735,7.988903345906037,,
5458,89,18281,130.455,476.364,5.182,138.85011,469.43054,7.999998,89.0,89.0,89.0,1.0,3.555,11.0,5.0,-5.52,-0.2256,0.1692,11.24685965999858,,
5458,90,18271,130.273,475.727,5.182,130.3849,462.51074,3.3083434,90.0,89.0,89.0,1.0,3.246,11.0,7.0,4.93,-0.1193,-0.0395,13.348881565596534,,
5470,90,16200,215.909,130.182,5.455,209.35963,130.79541,4.4920354,90.0,89.0,78.0,1.0,3.33,11.0,18.0,6.742,-0.1088,-0.548,6.648144105376548,,
5471,89,5240,363.0,20.182,8.727,364.8465,14.192239,4.2821865,89.0,89.0,19.0,1.0,4.81,11.0,64.0,4.66,0.05,0.1338,7.683955110286837,,
5472,98,16555,174.091,309.818,8.727,166.93217,308.49677,6.9999986,98.0,89.0,80.0,1.0,0.734,11.0,10.0,2.021,-2.166,-0.2202,7.481779836202197,,
5472,99,16216,173.364,310.364,8.727,178.09477,309.54004,1.8257837,99.0,89.0,78.0,1.0,4.7,11.0,16.0,7.715,3.316,-0.07697,8.40748959522911,,
5475,94,15031,497.636,114.636,-0.818,499.82126,111.6171,0.93949866,94.0,94.0,72.0,1.0,4.004,6.0,17.0,4.93,2.742,0.01712,4.120427164445657,,
5475,96,17642,497.364,113.545,-0.636,510.99942,115.9191,0.0,96.0,94.0,85.0,1.0,3.756,6.0,4.0,-5.855,3.637,1.133,13.85516240923939,,
5475,98,18978,497.545,112.818,-0.636,491.68893,111.65578,0.71876013,98.0,94.0,93.0,1.0,2.576,6.0,6.0,4.637,1.907,0.01897,6.122065516076865,,
5475,99,18422,497.455,112.455,-0.636,510.9999,127.45394,2.1460314,99.0,94.0,90.0,1.0,2.604,6.0,7.0,-2.695,1.3,1.5,20.40029940574861,,
5488,91,18729,282.364,4.182,7.0,282.20297,9.208301,5.392568,91.0,89.0,91.0,1.0,4.605,11.0,5.0,11.14,-1.682,0.3972,5.279533126908572,,
5489,97,16326,132.909,203.636,-0.273,127.5458,206.42363,2.9852424,97.0,96.0,79.0,1.0,4.527,4.0,16.0,4.855,-0.633,0.397,6.866654119296946,,
5489,99,17469,126.364,211.0,0.182,127.68766,205.26585,2.688867,99.0,96.0,85.0,1.0,3.723,4.0,8.0,8.945,-0.5474,0.829,6.3966345974886645,,
5493,91,17882,14.909,417.273,5.727,22.999928,418.99866,0.0,91.0,90.0,87.0,1.0,3.857,4.0,9.0,0.572,3.445,-0.476,10.061786488332167,,
5493,92,18868,15.364,416.545,5.455,16.05754,426.61142,0.0,92.0,90.0,92.0,1.0,2.73,4.0,4.0,-3.693,1.121,0.05768,11.47043304971525,,
5493,93,12574,15.636,416.182,5.455,19.913136,422.60736,7.9999976,93.0,90.0,58.0,1.0,3.055,4.0,27.0,-1.201,-3.898,-0.582,8.127493849650207,,
5502,90,17926,412.455,180.0,2.818,397.83908,183.46779,1.5433382,90.0,90.0,87.0,1.0,3.771,6.0,12.0,5.36,1.061,0.4526,15.07565745282368,,
5502,91,18045,413.0,179.182,2.909,395.627,184.51381,6.5236616,91.0,90.0,88.0,1.0,3.328,6.0,10.0,5.99,-0.748,-0.577,18.528764269605634,,
5502,92,16866,412.364,179.273,2.727,404.41376,165.72847,0.0,92.0,90.0,81.0,1.0,4.324,6.0,6.0,-8.07,-0.02165,-1.229,15.940424648625251,,
5502,93,16167,411.273,180.182,2.727,403.46997,194.99974,0.0,93.0,90.0,78.0,1.0,7.688,6.0,15.0,-9.805,-2.398,-1.771,16.967298691556678,,
5502,94,16907,410.0,179.727,2.727,417.99902,170.9996,0.0,94.0,90.0,82.0,1.0,12.9,6.0,15.0,-2.26,0.03506,0.5415,12.148595010140056,,
5503,99,18481,27.0,405.727,7.182,21.481968,408.985,4.1101665,99.0,90.0,90.0,1.0,3.984,10.0,6.0,6.086,0.307,-0.2467,7.106293140924213,,
5511,97,17483,190.364,218.909,4.909,182.33672,213.74738,0.0,97.0,90.0,85.0,1.0,4.17,8.0,6.0,-6.58,-0.1611,-0.0491,10.732093282430965,,
5513,93,14741,31.182,423.727,5.909,28.533392,425.2633,3.8309467,93.0,90.0,70.0,1.0,6.902,10.0,26.0,18.1,-0.6055,-0.494,3.700492878699405,,
5513,94,14741,31.273,423.091,6.0,27.792013,424.27,4.0849037,94.0,90.0,70.0,1.0,6.812,10.0,26.0,18.66,-0.4055,-0.3293,4.144261735513651,,
5514,90,15181,212.273,188.182,2.636,211.90231,177.2633,5.968141,90.0,90.0,73.0,1.0,3.377,10.0,27.0,3.143,0.01743,-0.336,11.421846803822095,,
5516,99,15232,406.182,451.091,6.091,409.9569,449.2257,7.7204285,99.0,90.0,73.0,1.0,2.582,10.0,21.0,3.828,-5.918,-0.01091,4.514892173309594,,
5518,90,18473,94.091,244.818,2.818,92.8682,249.75652,4.389718,90.0,90.0,90.0,1.0,3.62,10.0,9.0,10.57,-1.042,0.479,5.324895970995472,,
5518,91,18473,94.455,245.0,2.727,93.01272,249.75372,4.7362566,91.0,90.0,90.0,1.0,4.047,10.0,9.0,9.07,-0.828,0.5503,5.3586507183659045,,
5527,98,15424,336.818,509.0,9.0,334.6379,508.12296,1.424058,98.0,91.0,74.0,1.0,4.293,8.0,24.0,5.555,4.2,0.4636,7.932019437631501,,
5531,95,18656,43.091,445.364,0.455,39.85747,446.4977,1.715942,95.0,91.0,91.0,1.0,4.43,9.0,4.0,10.18,1.779,0.223,3.651159634727587,,
5542,94,15275,279.636,489.091,7.909,280.74905,485.10233,6.381508,94.0,91.0,73.0,1.0,4.438,9.0,21.0,7.535,-1.613,-0.5386,4.413796606263601,,
5547,98,19402,96.182,124.273,5.455,97.65902,123.80792,1.9984219,98.0,91.0,95.0,1.0,5.76,9.0,5.0,11.0,3.205,-0.4805,3.787587576307589,,
5549,91,16637,152.636,509.182,2.182,164.93532,510.99942,7.999991,91.0,91.0,80.0,1.0,4.523,9.0,14.0,-9.484,3.158,0.9565,13.726809796703703,,
5555,95,14425,3.364,27.909,9.545,11.237273,18.326939,6.3330927,95.0,91.0,69.0,1.0,3.44,5.0,23.0,8.92,-3.1,-0.3582,12.810958950993609,,
5556,92,17022,64.545,481.545,8.727,71.4847,467.79587,7.9999986,92.0,91.0,82.0,1.0,3.33,9.0,10.0,-7.99,1.346,-0.1913,15.418383277195536,,
5556,94,18212,57.909,484.909,8.545,47.201897,478.43573,4.401775,94.0,91.0,89.0,1.0,2.861,9.0,9.0,2.24,-0.678,0.3936,13.1799693681789,,
5556,95,16087,50.727,487.182,8.091,46.090927,498.06207,2.0716102,95.0,91.0,78.0,1.0,3.291,9.0,14.0,6.977,0.7466,0.4321,13.27034851202382,,
5558,93,17221,171.364,23.0,-0.636,170.92894,19.860743,1.1101354,93.0,91.0,83.0,1.0,3.541,7.0,11.0,8.64,3.508,-0.02892,3.618452784102918,,
5559,91,15369,446.818,227.0,8.545,449.216,221.49411,0.20972307,91.0,91.0,74.0,1.0,1.866,9.0,19.0,1.596,2.234,0.5376,10.273367032861731,,
5568,92,18349,91.182,414.909,6.091,85.99284,404.67343,0.49877843,92.0,92.0,89.0,1.0,3.107,8.0,9.0,2.242,2.092,-0.852,12.76586138176634,,
5568,94,18348,90.818,416.636,5.818,86.28417,401.92355,2.1476161,94.0,92.0,89.0,1.0,3.977,8.0,9.0,8.16,1.423,-0.1847,15.826671079060832,,
5568,95,18660,91.0,417.182,6.091,80.999565,418.99774,7.999957,95.0,92.0,91.0,1.0,-5.0,8.0,4.0,-2.26,-1.843,0.4402,10.34165019543177,,
5569,96,15597,139.364,237.455,2.818,139.73868,240.96756,2.1563458,96.0,92.0,75.0,1.0,4.83,6.0,20.0,11.99,1.291,-0.5728,3.593918354161302,,
5569,97,15597,139.455,237.636,2.636,136.90837,243.85811,0.9519363,97.0,92.0,75.0,1.0,4.844,6.0,20.0,5.992,2.797,-0.575,6.930804264633217,,
5571,98,18239,339.545,275.636,4.818,335.7961,279.58734,0.72425735,98.0,92.0,89.0,1.0,2.691,8.0,8.0,5.586,0.5522,-0.1722,6.81366772671141,,
5571,99,18239,340.364,276.273,4.909,336.0251,279.81552,0.80741495,99.0,92.0,89.0,1.0,3.031,8.0,8.0,6.895,0.6494,-0.326,6.942514031875123,,
5572,92,15693,101.091,129.0,5.636,99.3634,125.04608,3.735268,92.0,92.0,75.0,1.0,4.58,8.0,16.0,13.33,1.106,0.2725,4.7149620637099465,,
5576,96,18034,492.364,483.636,5.545,487.6741,484.39053,1.0333474,96.0,92.0,88.0,1.0,5.76,8.0,10.0,11.27,4.95,-0.1454,6.551296567396902,,
5578,96,18863,259.727,324.273,6.0,252.94221,326.95093,6.093889,96.0,92.0,92.0,1.0,3.842,5.0,5.0,3.941,-2.13,-0.1337,7.2947583629151715,,
5582,92,14630,183.182,366.818,8.273,184.8748,368.53043,5.66082,92.0,92.0,69.0,1.0,4.66,8.0,20.0,7.953,-1.651,0.509,3.5526712059097383,,
5591,99,19217,109.818,238.091,0.727,106.55312,238.42537,7.9999948,99.0,92.0,94.0,1.0,5.934,8.0,6.0,-4.574,-2.227,-0.353,7.979204100167319,,
5595,94,18411,238.818,117.091,6.455,233.27402,108.3449,3.3912096,94.0,92.0,90.0,1.0,3.312,8.0,9.0,8.35,0.2908,0.04834,10.79892545883766,,
5595,95,18411,238.909,117.727,6.545,233.94131,108.401344,3.4877293,95.0,92.0,90.0,1.0,3.697,8.0,9.0,9.52,0.1028,0.4668,10.999668535893012,,
5597,94,19253,431.818,419.455,4.182,424.4688,418.407,7.9999933,94.0,92.0,94.0,1.0,2.912,8.0,5.0,-3.504,-1.705,-0.4119,8.34782112163676,,
5598,96,18466,398.545,487.909,3.727,402.52606,480.81396,4.7342486,96.0,92.0,90.0,1.0,4.27,6.0,9.0,7.832,-0.311,-0.288,8.19774243724462,,
5598,97,18466,398.727,487.545,3.727,402.44138,480.58765,4.6296077,97.0,92.0,90.0,1.0,2.6,6.0,9.0,6.785,-0.9873,0.0722,7.938264197354457,,
5602,96,14993,482.182,457.636,8.727,480.76044,456.52484,5.4759107,96.0,92.0,71.0,1.0,5.11,8.0,23.0,9.72,-2.28,-0.5264,3.718210727725714,,
5602,98,14993,471.273,465.0,8.636,481.1792,456.1073,4.7279377,98.0,92.0,71.0,1.0,4.152,8.0,23.0,5.152,-0.6147,-0.1307,13.87392744217297,,
5602,99,14217,472.545,464.818,8.727,485.52344,464.49966,7.999994,99.0,92.0,67.0,1.0,3.326,8.0,25.0,-3.25,-3.52,-0.3835,13.002683681195794,,
5603,94,18411,231.727,102.727,5.727,233.27402,108.3449,3.3912096,94.0,92.0,90.0,1.0,3.312,8.0,9.0,8.35,0.2908,0.04834,6.277737497150711,,
5603,95,18411,231.636,103.545,5.636,233.94131,108.401344,3.4877293,95.0,92.0,90.0,1.0,3.697,8.0,9.0,9.52,0.1028,0.4668,5.789093041480192,,
5603,96,18411,231.727,103.545,5.727,233.35019,108.74614,3.7369218,96.0,92.0,90.0,1.0,4.074,8.0,9.0,9.195,-0.2961,-0.1575,5.800604651052782,,
5606,95,12445,355.455,280.091,6.455,352.4553,282.02695,4.697878,95.0,93.0,58.0,1.0,4.69,7.0,37.0,13.15,-1.684,-0.4468,3.9791431509036888,,
5613,93,11774,507.364,156.091,8.0,499.8357,163.57837,5.9972014,93.0,93.0,54.0,1.0,4.29,7.0,34.0,4.035,-1.509,0.217,10.804962408035577,,
5626,97,16184,417.273,115.273,8.364,413.30707,121.67651,6.5424695,97.0,93.0,78.0,1.0,3.463,7.0,21.0,7.816,-3.406,0.112,7.749291222262222,,
5626,98,16184,412.091,118.0,8.273,412.9014,122.315506,6.586166,98.0,93.0,78.0,1.0,4.47,7.0,21.0,12.016,-5.56,-0.03888,4.703801562522809,,
5626,99,16184,407.182,120.727,8.273,412.93658,123.27319,7.217566,99.0,93.0,78.0,1.0,3.852,7.0,21.0,8.3,-3.48,-0.4924,6.380612464399927,,
5630,98,16924,39.0,253.818,5.455,35.239372,260.56012,3.6735525,98.0,93.0,82.0,1.0,4.95,7.0,10.0,11.97,0.0927,-0.3137,7.922882066775943,,
5630,99,997,38.818,253.545,5.545,35.840088,258.09937,4.776513,99.0,93.0,0.0,1.0,3.756,7.0,77.0,9.055,0.3843,-0.07776,5.495527112644727,,
5632,93,15401,243.091,203.364,7.364,242.00075,203.98383,3.7674563,93.0,93.0,74.0,1.0,4.168,7.0,19.0,8.91,0.05,-0.0914,3.808931723910221,,
5638,94,17452,261.727,9.909,1.727,268.06232,4.785002,7.999999,94.0,93.0,84.0,1.0,2.924,7.0,10.0,-2.807,-1.79,0.212,10.283100284467,,
5640,93,1324,373.091,427.455,9.455,372.00177,425.36322,6.5269628,93.0,93.0,0.0,1.0,4.645,7.0,69.0,7.438,-1.94,-0.3801,3.759703100762571,,
5640,96,19361,372.818,426.0,9.727,380.10678,427.04376,0.0,96.0,93.0,95.0,1.0,1.937,7.0,4.0,-0.989,0.426,-0.0516,12.199601543739062,,
5640,97,10319,372.364,426.455,9.909,367.205,424.76288,6.021595,97.0,93.0,46.0,1.0,4.547,7.0,45.0,10.13,-1.758,0.2269,6.677609507033552,,
5640,98,19361,371.818,426.273,9.636,373.5588,424.2837,6.400196,98.0,93.0,95.0,1.0,3.707,7.0,4.0,6.758,-2.5,-0.2465,4.178292313423772,,
5640,99,19361,372.091,426.909,9.545,373.22696,424.13968,6.522273,99.0,93.0,95.0,1.0,3.744,7.0,4.0,7.062,-2.566,0.0169,4.253988352185392,,
5641,94,17833,258.818,8.545,0.818,251.75298,9.69851,7.74855,94.0,93.0,87.0,1.0,3.482,7.0,11.0,-0.851,0.2183,-0.7856,9.963815344685973,,
5642,94,15765,292.545,368.273,-0.727,292.5554,375.33188,6.083231,94.0,94.0,76.0,1.0,3.404,5.0,17.0,2.982,-1.758,-0.2306,9.808523909730804,,
5643,96,18984,318.909,111.364,6.455,321.1011,109.71631,4.2647586,96.0,93.0,93.0,1.0,4.355,7.0,6.0,7.438,-0.549,0.301,3.5096071199457524,,
5651,95,15164,450.364,280.455,-0.545,452.02838,279.61215,2.603673,95.0,94.0,73.0,1.0,3.557,6.0,21.0,6.363,0.2742,0.0952,3.6598768514567768,,
5653,95,16719,256.182,124.0,9.636,267.0595,134.54236,7.999999,95.0,94.0,81.0,1.0,2.467,4.0,14.0,-8.8,2.053,-0.388,15.236071012291882,,
5653,96,18328,251.818,127.0,9.545,239.61005,117.55469,5.36265,96.0,94.0,89.0,1.0,3.459,4.0,7.0,2.889,-2.016,-0.1221,15.991872176862232,,
5653,97,18794,247.273,130.182,9.273,254.64752,137.32375,0.0,97.0,94.0,92.0,1.0,5.926,4.0,5.0,-4.855,2.186,-0.1161,13.83389559353763,,
5658,97,19150,70.455,16.636,1.636,73.46381,17.474154,7.9999948,97.0,94.0,94.0,1.0,5.105,6.0,5.0,-1.327,-2.477,-1.196,7.089137434007259,,
5658,98,19150,70.545,17.727,1.636,74.99981,21.999945,7.99998,98.0,94.0,94.0,1.0,5.973,6.0,5.0,1.352,-7.637,0.5044,8.8658689675364,,
5658,99,15468,70.636,16.818,1.818,74.81279,25.098324,3.1289012,99.0,94.0,74.0,1.0,2.764,6.0,17.0,6.707,-0.1616,0.992,9.366312092026272,,
5659,97,18780,390.091,349.909,1.636,402.08722,347.12643,0.0,97.0,94.0,92.0,1.0,0.866,4.0,4.0,-6.953,-0.592,0.05618,12.422901677679802,,
5660,95,12633,297.182,172.455,2.909,290.9996,165.03839,7.999989,95.0,94.0,59.0,1.0,0.54,6.0,22.0,-10.44,2.004,0.00209,10.91541765807528,,
5665,94,16032,309.636,245.818,8.545,310.82632,249.03793,6.410603,94.0,94.0,77.0,1.0,5.58,6.0,17.0,11.97,-1.43,-0.11847,4.042333665212313,,
5665,97,16032,307.182,245.273,8.636,308.4666,247.54608,6.1179247,97.0,94.0,77.0,1.0,3.865,6.0,17.0,8.92,-2.166,0.1772,3.6273672357331135,,
5668,94,17833,260.0,9.091,4.455,251.75298,9.69851,7.74855,94.0,94.0,87.0,1.0,3.482,6.0,11.0,-0.851,0.2183,-0.7856,8.901116721119877,,
5671,98,18457,458.727,404.636,4.818,466.51517,411.9992,0.0,98.0,94.0,90.0,1.0,-1.814,5.0,6.0,-4.402,-0.003874,-0.4814,11.750975712207891,,
5674,95,18498,458.273,479.091,9.182,461.07376,481.04755,5.6537333,95.0,94.0,90.0,1.0,5.83,6.0,9.0,12.89,-2.268,-0.0931,4.911314527336717,,
5674,97,18498,458.545,478.182,8.909,461.30435,481.894,5.010874,97.0,94.0,90.0,1.0,5.754,6.0,9.0,14.02,-1.471,-0.571,6.048829864889227,,
5674,98,18498,458.545,478.727,8.909,462.2087,482.1278,5.201965,98.0,94.0,90.0,1.0,4.31,6.0,9.0,13.266,-2.582,-0.4548,6.223362983245078,,
5674,99,18498,458.818,479.182,8.909,461.95395,482.18085,4.348068,99.0,94.0,90.0,1.0,4.797,6.0,9.0,12.9,-1.279,0.00919,6.2951874025817744,,
5676,99,18099,168.909,201.818,5.455,162.89682,202.09808,3.1276517,99.0,94.0,88.0,1.0,4.207,6.0,10.0,11.29,-0.4766,0.6772,6.453007304219708,,
5682,95,17834,343.818,18.909,8.636,338.9986,29.999876,7.999967,95.0,94.0,87.0,1.0,0.0857,6.0,6.0,-4.723,-1.214,0.2705,12.109446097343378,,
5682,97,19497,342.818,19.091,8.818,355.818,7.7024465,7.9999957,97.0,94.0,96.0,1.0,2.459,6.0,4.0,-6.273,-1.883,-0.11505,17.302262333497918,,
5682,98,19497,342.364,18.727,8.818,352.52142,1.0177864,7.9392624,98.0,94.0,96.0,1.0,1.811,6.0,4.0,-5.17,-2.457,0.2208,20.43432424026982,,
5682,99,19497,342.182,18.0,8.636,347.07004,0.42690042,7.999997,99.0,94.0,96.0,1.0,2.527,6.0,4.0,-9.73,3.967,0.44,18.25133594305373,,
5686,95,17576,49.0,318.091,9.091,50.4663,318.38586,1.3581947,95.0,94.0,85.0,1.0,4.695,6.0,15.0,6.836,2.877,-0.2175,7.876119343770003,,
5686,96,17576,49.364,317.909,9.182,49.90892,318.0486,1.3377762,96.0,94.0,85.0,1.0,4.023,6.0,15.0,5.945,2.557,0.01314,7.864367297557156,,
5687,94,9087,128.818,382.636,6.545,129.13084,385.92014,1.2088959,94.0,94.0,40.0,1.0,4.477,6.0,41.0,8.164,2.305,-0.07983,6.273551734961359,,
5687,98,14620,121.545,391.273,7.364,116.420074,394.44278,2.0201232,98.0,94.0,69.0,1.0,5.582,6.0,26.0,14.33,1.792,-0.862,8.054153649357223,,
5687,99,14620,119.091,394.182,7.273,117.78902,394.44128,3.525364,99.0,94.0,69.0,1.0,5.27,6.0,26.0,13.47,0.4219,-0.4385,3.975821126169536,,
5689,98,19149,81.727,19.273,3.818,82.028465,14.216933,2.1459796,98.0,94.0,94.0,1.0,4.387,6.0,6.0,8.555,2.805,0.51,5.333886657281926,,
5691,99,17930,128.0,449.545,0.545,144.51639,449.0609,0.0,99.0,95.0,87.0,1.0,2.496,5.0,11.0,-5.137,-4.055,-0.3875,16.532468552581616,,
5699,95,18503,438.818,471.091,0.455,441.91785,462.49915,3.4283469,95.0,95.0,90.0,1.0,3.363,5.0,8.0,8.13,-0.572,0.415,9.605714353068178,,
5699,96,18503,439.727,470.727,0.273,440.67944,463.74625,3.239847,96.0,95.0,90.0,1.0,3.719,5.0,8.0,9.92,-0.9272,0.0762,7.644618606412556,,
5699,97,19266,434.545,473.727,0.273,444.45212,478.06332,0.0,97.0,95.0,94.0,1.0,2.527,5.0,4.0,-6.934,1.125,-0.2063,10.81800475304015,,
5699,98,18504,430.182,477.636,0.545,434.72034,474.7004,3.1581795,98.0,95.0,90.0,1.0,1.522,5.0,9.0,1.265,1.544,0.2427,6.003580965958603,,
5709,99,18503,441.364,464.364,4.0,446.99878,463.99872,7.999978,99.0,95.0,90.0,1.0,4.645,5.0,8.0,0.62,-4.42,0.04593,6.919826524363482,,
5712,97,15694,116.545,108.545,7.273,126.22456,109.072174,4.1976657,97.0,95.0,75.0,1.0,3.658,5.0,22.0,8.69,-0.1464,0.4495,10.170028282980947,,
5712,99,15178,105.364,113.0,6.818,113.61581,118.817024,0.0,99.0,95.0,73.0,1.0,0.4727,5.0,17.0,-2.086,0.0379,0.917,12.182580206699887,,
5716,95,15930,48.545,72.909,6.818,50.402916,69.93906,0.88828444,95.0,95.0,77.0,1.0,3.865,5.0,22.0,9.875,4.848,-0.006714,6.887228912208607,,
5716,96,15930,48.364,72.818,7.091,50.85445,71.03363,1.0620744,96.0,95.0,77.0,1.0,3.336,5.0,22.0,5.16,2.701,-0.329,6.762711097609845,,
5716,97,19152,42.455,75.545,7.273,35.06242,80.47655,0.0,97.0,95.0,94.0,1.0,2.64,5.0,5.0,-1.298,0.6997,-0.748,11.483333725835015,,
5716,98,19065,37.0,79.364,7.273,35.464245,89.05221,4.342783,98.0,95.0,93.0,1.0,2.545,5.0,4.0,5.562,-1.206,0.8896,10.23748641470229,,
5720,99,19259,505.182,376.818,3.455,510.74207,380.35544,7.795553,99.0,95.0,94.0,1.0,3.473,5.0,6.0,-1.778,-1.008,-0.4895,7.891024046618346,,
5723,98,17961,249.364,483.091,4.0,243.40471,488.18045,0.7609525,98.0,95.0,87.0,1.0,3.652,5.0,9.0,5.594,3.682,-0.561,8.479803495002486,,
5723,99,17961,249.182,483.182,4.182,243.80907,487.30756,0.527396,99.0,95.0,87.0,1.0,3.771,5.0,9.0,8.234,4.215,-1.099,7.69706128956474,,
5725,96,9625,185.364,45.182,7.364,178.86555,43.921604,2.0869422,96.0,95.0,43.0,1.0,4.316,5.0,44.0,7.992,1.945,0.2927,8.465564925263802,,
5725,97,9625,185.0,45.273,7.273,179.89441,43.780567,2.4199588,97.0,95.0,43.0,1.0,4.125,5.0,44.0,6.305,0.1906,0.498,7.200445430422102,,
5728,97,17412,253.364,325.727,7.091,246.22185,318.83688,6.9073663,97.0,95.0,84.0,1.0,3.486,5.0,8.0,0.31,-1.761,0.658,9.925612402903685,,
5728,98,17412,253.455,325.091,7.0,247.03143,318.30783,6.883206,98.0,95.0,84.0,1.0,4.78,5.0,8.0,1.592,-1.155,-0.05542,9.342766594121676,,
5729,98,18293,500.273,458.818,0.636,510.99985,457.64056,6.9708443,98.0,95.0,89.0,1.0,3.166,5.0,7.0,-5.746,0.771,-0.6206,12.513270083449072,,
5729,99,15636,500.0,459.091,0.545,494.3929,444.74982,0.8447158,99.0,95.0,75.0,1.0,3.516,5.0,22.0,1.442,3.297,-0.10223,15.401261109505608,,
5738,97,18782,453.636,361.818,8.818,456.21402,353.1964,6.335115,97.0,96.0,92.0,1.0,5.02,4.0,8.0,12.664,-3.484,-0.378,9.335035704464389,,
5738,98,16981,453.818,361.364,8.818,461.02173,370.29584,7.9999986,98.0,96.0,82.0,1.0,4.773,4.0,8.0,-5.08,0.00161,0.003159,11.503939237882928,,
5738,99,18782,454.455,361.455,8.909,457.04315,351.15247,5.9644413,99.0,96.0,92.0,1.0,2.916,4.0,8.0,2.893,-2.19,-0.1672,11.023206011009034,,
5747,97,19217,118.091,230.182,-0.818,115.96597,232.649,0.8215362,97.0,96.0,94.0,1.0,3.627,4.0,6.0,6.24,2.234,-0.4788,3.645534316394578,,
5747,98,19217,118.273,231.909,-0.727,109.6046,237.54257,1.0000061,98.0,96.0,94.0,1.0,3.781,4.0,6.0,1.887,2.377,0.2266,10.481451215091225,,
5747,99,17277,117.909,231.182,-0.636,110.671524,226.83517,1.7215022,99.0,96.0,84.0,1.0,4.152,4.0,15.0,7.02,0.67,0.7734,8.765489519843184,,
5752,99,15490,291.727,231.727,0.455,277.42966,237.34254,2.7636552,99.0,96.0,74.0,1.0,3.34,4.0,22.0,4.934,2.371,-0.08575,15.533129414245092,,
5764,98,19204,127.545,205.545,3.818,129.93677,207.50468,0.3487713,98.0,96.0,94.0,1.0,4.066,4.0,4.0,8.02,1.342,-0.6226,4.647198856107164,,
5765,96,16936,169.364,300.455,0.091,166.71304,302.6867,1.4106625,96.0,96.0,82.0,1.0,4.785,4.0,16.0,8.94,0.9043,0.01485,3.708043004808088,,
5765,98,12912,169.909,300.182,-0.273,165.96733,301.52472,3.2421157,98.0,96.0,60.0,1.0,4.082,4.0,31.0,6.645,1.209,0.1492,5.449375906623286,,
5765,99,12912,169.636,299.364,-0.182,164.7325,300.96875,2.9713452,99.0,96.0,60.0,1.0,3.795,4.0,31.0,6.79,1.936,-0.001839,6.046744641777358,,
5766,98,14984,445.909,20.091,1.273,434.27042,27.169,7.9999976,98.0,96.0,71.0,1.0,1.809,4.0,17.0,-7.098,0.4966,-0.484,15.19233771105703,,
5770,97,10319,361.182,426.727,0.636,367.205,424.76288,6.021595,97.0,96.0,46.0,1.0,4.547,4.0,45.0,10.13,-1.758,0.2269,8.314982253644594,,
5770,98,18438,361.818,427.0,0.636,355.7776,415.5108,0.0,98.0,96.0,90.0,1.0,0.888,4.0,5.0,-8.15,3.697,-0.507,12.99587029790615,,
5774,99,11153,145.273,282.455,9.818,147.48866,280.93942,6.211244,99.0,96.0,51.0,1.0,4.97,4.0,31.0,9.21,-2.842,-0.2825,4.496089502616252,,
