ID (GT),Track Length (GT),Track Coverage,Missing Time Points,Dino Data
0,32.0,32,[],"496,1,8.0;1235,9,5.0;349,10,23.0;2382,11,24.0;2578,29,13.0;2382,32,24.0"
1,17.0,17,[],"173,1,25.0"
2,12.0,12,[],"136,1,7.0;132,7,33.0"
3,9.0,8,[1.0],"943,1,14.0"
4,11.0,11,[],"247,1,11.0;808,7,7.0;488,8,22.0;808,10,7.0"
5,34.0,34,[],"790,1,27.0;1148,4,14.0;790,11,27.0;1111,15,13.0;767,16,25.0;2777,31,13.0;4025,32,4.0;4247,33,42.0;4025,34,4.0"
6,11.0,11,[],"445,1,34.0"
7,4.0,4,[],"4766,1,24.0;4090,2,11.0"
8,4.0,4,[],"488,1,22.0"
9,5.0,5,[],"684,1,6.0"
10,69.0,69,[],"583,1,24.0;1158,20,58.0;822,21,11.0;1158,23,58.0;3223,24,6.0;3643,25,8.0;3223,28,6.0;1158,29,58.0;6310,51,12.0;6513,52,35.0"
11,10.0,10,[],"288,1,18.0"
12,73.0,73,[],"498,1,11.0;881,8,26.0;1953,19,40.0;1765,20,25.0;1953,22,40.0;3446,37,42.0;4060,49,29.0;3446,55,42.0;7416,73,8.0"
13,17.0,17,[],"218,1,40.0;779,3,5.0;1365,4,18.0;1749,5,68.0;1113,11,16.0;2563,12,15.0"
14,34.0,34,[],"218,1,40.0;747,15,27.0;2806,28,16.0;747,32,27.0;200,33,59.0;218,34,40.0"
15,6.0,6,[],"436,1,20.0"
16,16.0,16,[],"509,1,17.0"
17,21.0,21,[],"245,1,13.0;1140,6,22.0;822,7,11.0;1140,9,22.0"
18,15.0,15,[],"137,1,7.0;135,8,21.0;2236,9,7.0"
19,10.0,10,[],"674,1,9.0;99,3,15.0"
20,85.0,85,[],"530,1,37.0;800,12,15.0;530,13,37.0;184,21,12.0;2777,22,13.0;4247,31,42.0;4444,32,37.0;5365,53,22.0;6757,56,18.0;8016,70,27.0"
21,15.0,15,[],"501,1,16.0"
22,20.0,20,[],"1350,1,26.0;2628,2,18.0;3249,18,17.0;4280,19,14.0;3705,20,4.0"
23,21.0,21,[],"506,1,14.0;1308,14,33.0"
24,6.0,6,[],"5912,1,20.0"
25,5.0,5,[],"207,1,14.0"
26,15.0,15,[],"601,1,19.0"
27,21.0,21,[],"756,1,17.0;580,3,36.0"
28,22.0,22,[],"489,1,8.0;1885,8,45.0"
29,51.0,50,[48.0],"462,1,8.0;19,7,15.0;1312,17,25.0;1723,28,26.0;994,29,44.0;2727,31,17.0;3828,33,56.0;4655,36,7.0;4474,37,5.0;4655,39,7.0;4474,41,5.0;3828,42,56.0;4655,44,7.0;1038,45,26.0;5956,46,22.0;1525,47,27.0;4225,48,8.0;36,50,35.0;2099,51,25.0"
30,19.0,19,[],"512,1,37.0"
31,45.0,42,"[3.0, 8.0, 9.0]","858,1,26.0;1797,6,42.0;865,35,29.0;1797,36,42.0;3190,45,21.0"
32,16.0,16,[],"326,1,16.0;2058,8,5.0;888,10,17.0;2058,11,5.0;1632,12,28.0"
33,11.0,11,[],"520,1,63.0"
34,31.0,31,[],"401,1,5.0;1653,5,6.0;229,6,7.0;1652,7,23.0;2029,8,16.0;2453,11,28.0"
35,8.0,8,[],"563,1,14.0;817,4,16.0;1750,5,6.0;807,6,5.0;803,7,6.0"
36,6.0,6,[],"581,1,7.0"
37,7.0,7,[],"374,1,8.0"
38,9.0,9,[],"1543,1,4.0;1104,3,23.0"
39,26.0,26,[],"456,1,8.0;832,4,25.0;486,26,26.0"
40,5.0,5,[],"586,1,7.0;858,3,26.0;1797,5,42.0"
41,6.0,6,[],"500,1,9.0"
42,33.0,33,[],"6803,1,40.0;9705,33,6.0"
43,14.0,14,[],"534,1,18.0"
44,20.0,20,[],"162,1,65.0;1442,13,15.0"
45,9.0,9,[],"95,1,8.0;1050,6,33.0;2034,7,4.0"
46,36.0,36,[],"2291,1,17.0;1301,18,51.0"
47,41.0,40,[18.0],"670,1,18.0;1977,19,56.0;1057,20,39.0;1324,22,35.0"
48,15.0,15,[],"446,1,40.0"
49,15.0,14,[3.0],"516,1,13.0;1046,3,20.0;686,4,25.0;1046,5,20.0;1491,14,7.0"
50,8.0,8,[],"286,1,10.0"
51,9.0,9,[],"251,1,9.0"
52,7.0,7,[],"425,1,11.0"
53,42.0,42,[],"682,1,53.0"
54,5.0,5,[],"169,1,4.0;1105,4,4.0;740,5,7.0"
55,43.0,43,[],"412,1,67.0;3824,32,8.0;4384,33,22.0"
56,16.0,16,[],"759,1,21.0"
57,20.0,20,[],"519,1,16.0;1036,6,15.0;1985,13,13.0;2744,14,18.0;1985,15,13.0;519,19,16.0"
58,18.0,18,[],"642,1,26.0"
59,9.0,9,[],"1503,1,19.0;1030,2,12.0;592,5,16.0"
60,26.0,26,[],"198,1,18.0;757,16,42.0;1614,17,19.0"
61,33.0,33,[],"627,1,12.0;51,4,35.0;576,5,54.0;2320,16,30.0;2710,19,27.0;512,20,37.0"
62,5.0,5,[],"767,1,25.0"
63,7.0,7,[],"203,1,15.0;771,6,11.0"
64,20.0,20,[],"1318,1,31.0"
65,4.0,4,[],"257,1,5.0"
66,7.0,7,[],"516,1,13.0"
67,11.0,11,[],"155,1,10.0;180,10,22.0"
68,13.0,13,[],"114,1,26.0;118,5,4.0;100,6,15.0;1605,13,6.0"
69,11.0,11,[],"422,1,7.0;874,6,8.0"
70,17.0,17,[],"941,1,25.0"
71,10.0,10,[],"394,1,4.0;94,2,19.0;1399,3,74.0"
72,24.0,24,[],"689,1,6.0;127,7,34.0"
73,10.0,9,[4.0],"141,1,16.0;704,2,5.0;107,3,7.0;1867,4,15.0"
74,9.0,9,[],"467,1,4.0;639,2,4.0;1298,3,37.0;1502,4,7.0"
75,23.0,22,[6.0],"67,1,15.0;433,3,24.0"
76,8.0,8,[],"544,1,12.0;1224,3,13.0;376,6,17.0"
77,12.0,11,[7.0],"1580,1,16.0;530,3,37.0;2108,5,10.0;1790,11,10.0;483,12,13.0"
78,14.0,14,[],"513,1,13.0;1514,9,17.0;2480,13,11.0"
79,11.0,11,[],"156,1,24.0"
80,8.0,8,[],"438,1,8.0"
81,28.0,27,[12.0],"212,1,12.0;773,10,32.0;416,11,8.0;2365,12,5.0;2519,13,18.0;2691,14,31.0;2519,15,18.0"
82,10.0,10,[],"556,1,24.0;1100,6,13.0"
83,7.0,7,[],"1053,1,39.0"
84,21.0,19,"[18.0, 19.0]","90,1,14.0;1709,13,17.0;2686,14,10.0;1709,18,17.0;3249,20,17.0;3463,21,13.0"
85,14.0,10,"[2.0, 6.0, 10.0, 11.0]","801,1,6.0;790,3,27.0;1148,7,14.0;790,8,27.0;1366,13,7.0"
86,12.0,10,"[0.0, 5.0]","397,1,57.0;522,7,24.0"
87,15.0,15,[],"219,1,9.0;227,2,13.0;1258,8,23.0"
88,10.0,10,[],"802,1,6.0;1151,7,6.0;563,8,14.0"
89,9.0,9,[],"111,1,13.0"
90,26.0,26,[],"693,1,26.0;2495,18,5.0;1357,19,16.0"
91,15.0,15,[],"533,1,9.0;244,7,7.0;248,8,16.0"
92,46.0,46,[],"167,1,19.0;3181,18,26.0;3011,24,11.0;1777,27,27.0;3325,30,23.0;4377,31,11.0;3325,36,23.0;4377,41,11.0"
93,5.0,5,[],"892,1,7.0"
94,32.0,29,"[5.0, 7.0, 35.0]","479,1,12.0;1864,2,5.0;2220,4,24.0;1863,5,19.0;479,9,12.0;2620,10,33.0;2935,18,5.0;2945,19,19.0;2216,27,12.0;2987,31,26.0"
95,12.0,10,"[4.0, 6.0]","127,1,34.0;686,2,25.0;689,3,6.0;1491,4,7.0;1837,5,20.0;1827,6,12.0;519,9,16.0;2253,10,7.0"
96,7.0,7,[],"903,1,7.0"
97,58.0,58,[],"120,1,10.0;132,11,33.0;1766,34,41.0"
98,18.0,18,[],"435,1,11.0;1032,5,56.0;97,6,9.0;654,7,7.0;2264,10,27.0"
99,18.0,18,[],"662,1,12.0;1779,10,16.0;669,13,54.0;2142,14,10.0"
100,33.0,33,[],"687,1,34.0"
101,6.0,5,[4.0],"291,1,5.0;308,2,16.0;1599,5,75.0;332,6,19.0"
102,9.0,9,[],"878,1,19.0;882,2,17.0;422,8,7.0"
103,5.0,5,[],"899,1,12.0;1810,3,8.0;1566,4,16.0"
104,10.0,10,[],"458,1,6.0;1200,6,22.0"
105,61.0,61,[],"1338,1,19.0;2285,9,23.0;1494,28,32.0;4637,39,9.0;1250,40,55.0;5036,41,13.0;5223,42,10.0;5588,43,5.0;5036,45,13.0;4635,49,52.0;2741,50,47.0;4197,51,37.0"
106,60.0,59,[42.0],"448,1,61.0;4894,60,34.0"
107,28.0,28,[],"569,1,38.0;958,6,5.0;1924,7,9.0;1205,8,16.0;1830,11,22.0"
108,22.0,21,[6.0],"1506,1,4.0;1970,2,29.0"
109,27.0,27,[],"254,1,37.0"
110,18.0,18,[],"423,1,17.0;347,3,24.0"
111,42.0,41,[0.0],"783,1,22.0;2031,19,35.0;488,20,22.0;2031,22,35.0"
112,54.0,54,[],"487,1,15.0;416,4,8.0;773,6,32.0;416,7,8.0;773,8,32.0;416,10,8.0;2365,11,5.0;2506,12,59.0"
113,8.0,8,[],"1344,1,23.0"
114,13.0,13,[],"1595,1,17.0;1580,2,16.0"
115,17.0,17,[],"964,1,11.0;389,2,5.0;1209,3,6.0;423,4,17.0;896,5,11.0;1941,7,9.0;2384,8,10.0"
116,4.0,4,[],"356,1,8.0"
117,37.0,37,[],"408,1,14.0;22,6,37.0;3996,34,13.0;4539,35,24.0"
118,8.0,8,[],"5854,1,6.0;2573,2,26.0;6422,3,18.0;6152,4,12.0"
119,44.0,43,[23.0],"196,1,25.0;3029,23,7.0;3031,25,6.0;196,26,25.0;2825,27,5.0;2342,28,33.0;2517,29,13.0;2342,33,33.0;2517,34,13.0;4226,35,13.0"
120,11.0,11,[],"440,1,31.0"
121,9.0,9,[],"538,1,11.0"
122,11.0,11,[],"427,1,14.0"
123,26.0,26,[],"17,1,26.0;2613,19,6.0;2615,20,42.0;1282,21,18.0;3473,22,63.0;2196,26,17.0"
124,19.0,16,"[16.0, 17.0, 18.0]","459,1,15.0;2060,12,6.0;2185,13,10.0;459,14,15.0;2185,15,10.0;1591,16,29.0;2288,17,50.0"
125,22.0,22,[],"610,1,11.0;1287,10,19.0"
126,12.0,12,[],"574,1,5.0;24,5,21.0;999,6,10.0"
127,19.0,19,[],"544,1,12.0;1224,2,13.0;902,5,10.0;1224,6,13.0;376,12,17.0"
128,31.0,31,[],"554,1,32.0"
129,40.0,40,[],"490,1,12.0;1446,9,36.0;1550,29,15.0;813,30,15.0;4159,31,17.0;2995,32,18.0;1446,37,36.0"
130,20.0,20,[],"428,1,13.0;1519,8,4.0;2203,9,15.0;1529,10,5.0;1291,11,19.0"
131,24.0,24,[],"839,1,25.0"
132,4.0,4,[],"706,1,8.0"
133,17.0,16,[6.0],"476,1,11.0;2151,8,26.0;1097,9,13.0;718,12,15.0"
134,35.0,35,[],"1206,1,81.0;339,4,30.0;2673,15,20.0;1831,17,35.0;2673,18,20.0;1831,22,35.0;4459,28,7.0;339,31,30.0"
135,5.0,4,[2.0],"746,1,51.0;742,4,9.0;1745,5,4.0"
136,7.0,7,[],"468,1,38.0"
137,17.0,17,[],"460,1,11.0;891,2,13.0;894,3,16.0"
138,14.0,13,[8.0],"57,1,10.0;463,9,26.0;69,10,17.0"
139,14.0,14,[],"478,1,4.0;556,3,24.0;1784,13,5.0;556,14,24.0"
140,5.0,5,[],"2778,1,5.0"
141,6.0,6,[],"135,1,21.0"
142,11.0,11,[],"7104,1,26.0;7148,2,4.0;7487,3,6.0;7591,4,4.0;7487,7,6.0"
143,23.0,23,[],"342,1,20.0;910,6,45.0;3366,23,6.0"
144,17.0,17,[],"421,1,19.0;2384,13,10.0;421,14,19.0;2843,15,6.0"
145,11.0,11,[],"276,1,70.0"
146,22.0,22,[],"486,1,26.0;2494,11,17.0;1258,21,23.0"
147,71.0,71,[],"200,1,59.0;1749,10,68.0"
148,5.0,5,[],"263,1,5.0"
149,6.0,6,[],"532,1,26.0"
150,7.0,7,[],"499,1,11.0"
151,6.0,6,[],"666,1,6.0"
152,30.0,30,[],"529,1,21.0;1365,14,18.0;1155,19,56.0;3329,22,17.0"
153,5.0,5,[],"402,1,11.0"
154,4.0,4,[],"883,1,14.0"
155,12.0,12,[],"210,1,13.0"
156,33.0,28,"[20.0, 22.0, 27.0, 28.0, 29.0]","582,1,21.0;2371,21,12.0;582,22,21.0;1916,23,26.0;2371,24,12.0;3410,25,4.0;1916,26,26.0;3651,31,6.0;3648,32,12.0;757,33,42.0"
157,4.0,4,[],"417,1,5.0"
158,12.0,12,[],"793,1,10.0;800,7,15.0;1378,8,41.0"
159,10.0,10,[],"575,1,54.0"
160,19.0,19,[],"547,1,31.0;1006,13,19.0;547,15,31.0"
161,10.0,10,[],"700,1,14.0"
162,6.0,6,[],"430,1,11.0"
163,15.0,13,"[0.0, 11.0]","651,1,21.0;645,2,5.0;1351,3,4.0;1350,4,26.0;1743,11,75.0;1742,13,13.0"
164,5.0,5,[],"578,1,6.0"
165,4.0,4,[],"542,1,17.0"
166,29.0,29,[],"1183,1,15.0;1631,2,32.0"
167,24.0,24,[],"429,1,19.0;24,9,21.0;1289,12,12.0;1006,17,19.0"
168,11.0,11,[],"561,1,30.0;1675,11,17.0"
169,43.0,43,[],"415,1,21.0;1675,20,17.0;415,22,21.0;583,23,24.0;3109,24,4.0;3724,25,17.0;240,29,32.0"
170,6.0,6,[],"809,1,7.0"
171,13.0,12,[9.0],"418,1,7.0;791,6,19.0;1746,7,5.0;1370,8,7.0;2029,10,16.0"
172,19.0,19,[],"791,1,19.0"
173,4.0,4,[],"872,1,13.0"
174,7.0,7,[],"4253,1,35.0"
175,19.0,19,[],"69,1,17.0;577,8,30.0;2119,13,6.0;577,15,30.0;69,16,17.0;463,17,26.0"
176,5.0,5,[],"307,1,32.0;842,2,11.0;311,3,44.0"
177,10.0,10,[],"472,1,7.0;1537,6,11.0"
178,31.0,31,[],"756,1,17.0;580,4,36.0;1916,7,26.0;189,8,18.0;211,12,11.0;1916,13,26.0;211,16,11.0;2459,17,5.0;2245,18,9.0;2753,19,9.0;1433,20,39.0;2753,25,9.0"
179,43.0,43,[],"453,1,6.0;788,2,10.0;789,3,19.0;788,5,10.0;789,8,19.0;1416,9,41.0;2239,34,71.0"
180,15.0,15,[],"535,1,35.0"
181,31.0,31,[],"192,1,6.0;195,5,18.0;754,6,27.0;482,29,22.0;3689,30,14.0"
182,11.0,11,[],"970,1,26.0;1286,6,9.0;984,8,7.0;2613,9,6.0;2615,10,42.0"
183,4.0,4,[],"454,1,26.0"
184,5.0,1,"[0.0, 2.0, 3.0, 4.0]","513,1,13.0"
185,10.0,10,[],"536,1,14.0"
186,20.0,20,[],"397,1,57.0"
187,6.0,6,[],"246,1,6.0"
188,28.0,25,"[10.0, 12.0, 25.0]","730,1,12.0;445,11,34.0;730,12,12.0;445,14,34.0"
189,16.0,16,[],"743,1,20.0;558,10,16.0;743,12,20.0"
190,12.0,10,"[10.0, 11.0]","893,1,32.0;2382,10,24.0"
191,24.0,24,[],"606,1,27.0"
192,11.0,11,[],"507,1,4.0;593,3,26.0;30,4,27.0"
193,21.0,21,[],"679,1,37.0;2915,19,22.0"
194,12.0,12,[],"377,1,24.0;2087,11,9.0;377,12,24.0"
195,27.0,27,[],"798,1,53.0;3347,27,21.0"
196,7.0,7,[],"477,1,9.0"
197,31.0,26,"[10.0, 11.0, 12.0, 18.0, 19.0]","638,1,14.0;1007,10,6.0;1642,11,21.0;626,12,52.0;2642,13,18.0;1439,21,34.0;2142,22,10.0;3489,23,16.0;1439,24,34.0;3489,25,16.0"
198,12.0,12,[],"493,1,13.0"
199,14.0,14,[],"416,1,8.0;487,2,15.0"
200,21.0,21,[],"523,1,41.0;2800,20,8.0;173,21,25.0"
201,21.0,21,[],"696,1,34.0;2255,10,17.0;1735,15,37.0"
202,10.0,10,[],"539,1,11.0;1178,8,7.0;539,9,11.0"
203,12.0,11,[5.0],"650,1,7.0;552,6,8.0;650,8,7.0;2035,9,15.0;662,10,12.0;2145,11,5.0"
204,7.0,7,[],"457,1,7.0;319,4,7.0"
205,75.0,75,[],"441,1,23.0;688,4,23.0;94,15,19.0;1606,16,20.0;2407,25,10.0;3503,26,32.0;3239,27,13.0;3503,30,32.0;1314,31,12.0;3060,32,18.0;3504,33,8.0;3678,34,6.0;3787,35,19.0;3835,43,36.0;5748,44,7.0;3835,48,36.0;3134,49,28.0;5748,51,7.0;4747,54,38.0;7228,61,21.0;4747,62,38.0;7228,64,21.0"
206,10.0,10,[],"692,1,10.0"
207,29.0,29,[],"193,1,36.0"
208,6.0,3,"[2.0, 3.0, 4.0]","311,1,44.0"
209,16.0,15,[12.0],"160,1,7.0;163,2,47.0;156,12,24.0;163,13,47.0;156,14,24.0;160,15,7.0"
210,9.0,9,[],"585,1,9.0"
211,20.0,20,[],"333,1,11.0;878,6,19.0"
212,7.0,7,[],"132,1,33.0;136,5,7.0"
213,20.0,20,[],"108,1,21.0"
214,5.0,5,[],"466,1,10.0;1023,3,5.0;1300,4,17.0;1687,5,68.0"
215,10.0,10,[],"749,1,12.0"
216,10.0,10,[],"399,1,7.0;563,4,14.0;1668,8,13.0"
217,24.0,24,[],"396,1,37.0"
218,14.0,13,[22.0],"322,1,20.0;2419,2,8.0;3671,3,7.0;1592,4,51.0;2066,5,21.0;4062,6,40.0"
219,9.0,9,[],"267,1,33.0"
220,10.0,10,[],"720,1,26.0;521,8,9.0"
221,39.0,39,[],"709,1,10.0;2039,2,75.0;1773,24,27.0;4765,31,48.0"
222,5.0,5,[],"515,1,8.0"
223,4.0,4,[],"745,1,41.0"
224,76.0,76,[],"560,1,60.0;0,22,65.0;560,24,60.0;7106,61,19.0;8446,75,4.0"
225,12.0,11,[3.0],"816,1,5.0;1164,2,29.0;958,3,5.0;275,4,62.0;1753,5,6.0;1756,6,20.0;1552,7,21.0;1165,8,9.0;1757,9,10.0;1753,10,6.0"
226,4.0,4,[],"806,1,14.0"
227,36.0,36,[],"537,1,60.0;825,19,31.0"
228,13.0,13,[],"15,1,15.0"
229,34.0,33,[4.0],"470,1,5.0;54,6,6.0;1608,7,10.0;2028,8,14.0;1691,9,5.0;2308,10,14.0;2045,23,13.0;1608,24,10.0;2028,25,14.0;1608,29,10.0;1514,30,17.0;2028,31,14.0;1514,33,17.0"
230,6.0,6,[],"699,1,21.0;1339,6,13.0"
231,12.0,10,"[20.0, 21.0]","1988,1,24.0;2220,2,24.0;3033,11,4.0;2620,12,33.0"
232,5.0,5,[],"449,1,6.0"
233,9.0,9,[],"81,1,17.0"
234,28.0,27,[27.0],"407,1,25.0;2725,25,8.0;2685,26,12.0;2535,27,18.0"
235,18.0,18,[],"327,1,19.0"
236,6.0,6,[],"260,1,7.0"
237,11.0,5,"[33.0, 36.0, 37.0, 38.0, 39.0, 41.0]","2623,1,10.0;2006,2,19.0;4622,3,24.0;2512,7,41.0;3543,8,11.0;4870,9,5.0;4004,11,22.0"
238,21.0,21,[],"668,1,21.0"
239,7.0,7,[],"709,1,10.0;153,6,16.0"
240,29.0,29,[],"604,1,23.0;3827,21,8.0;2788,27,40.0"
241,7.0,6,[1.0],"142,1,6.0;152,3,81.0"
242,50.0,50,[],"364,1,22.0;405,14,16.0;2278,15,50.0;5612,48,10.0"
243,37.0,37,[],"550,1,41.0;468,14,38.0;2205,24,12.0;66,26,32.0;1014,29,50.0;468,31,38.0"
244,12.0,12,[],"572,1,12.0"
245,17.0,17,[],"553,1,12.0;1321,7,10.0;1984,8,6.0;2206,9,5.0;1984,10,6.0;1076,11,14.0"
246,8.0,8,[],"349,1,23.0"
247,21.0,21,[],"570,1,10.0;872,9,13.0;909,14,15.0;890,15,17.0"
248,32.0,32,[],"661,1,24.0;1053,21,39.0;655,22,30.0"
249,15.0,15,[],"579,1,15.0"
250,25.0,24,[1.0],"111,1,13.0;681,2,25.0"
251,18.0,18,[],"120,1,10.0;1120,2,18.0"
252,5.0,5,[],"3777,1,9.0"
253,15.0,14,[11.0],"398,1,11.0;453,9,6.0;2254,11,10.0;1416,12,41.0;2254,13,10.0;789,14,19.0;242,15,10.0"
254,13.0,13,[],"411,1,9.0;508,8,5.0;622,9,16.0;2306,10,13.0;622,12,16.0;1843,13,11.0"
255,10.0,10,[],"283,1,12.0"
256,12.0,12,[],"646,1,5.0;656,3,27.0"
257,26.0,26,[],"828,1,19.0;1458,18,40.0"
258,24.0,24,[],"567,1,27.0"
259,4.0,4,[],"363,1,15.0"
260,20.0,20,[],"166,1,20.0"
261,17.0,17,[],"521,1,9.0;720,7,26.0"
262,24.0,24,[],"31,1,10.0;409,6,22.0;1851,17,12.0;39,19,15.0;1851,20,12.0;39,22,15.0;2099,24,25.0"
263,7.0,7,[],"655,1,30.0"
264,4.0,2,"[1.0, 3.0]","471,1,4.0;103,3,25.0"
265,10.0,8,"[7.0, 8.0]","876,1,11.0"
266,4.0,4,[],"557,1,5.0"
267,17.0,17,[],"244,1,7.0;533,6,9.0;810,7,9.0;1444,14,12.0;1600,15,46.0"
268,6.0,6,[],"275,1,62.0"
269,4.0,4,[],"469,1,9.0"
270,42.0,41,[5.0],"474,1,16.0;1404,7,5.0;125,8,12.0;653,13,28.0;2732,14,14.0;3244,19,11.0;1314,25,12.0;2407,26,10.0;3339,27,28.0"
271,13.0,13,[],"443,1,13.0"
272,20.0,20,[],"414,1,42.0"
273,6.0,6,[],"850,1,10.0"
274,29.0,29,[],"131,1,41.0;1909,14,47.0;131,15,41.0"
275,26.0,26,[],"562,1,11.0;1392,9,28.0"
276,10.0,4,"[3.0, 5.0, 6.0, 7.0, 8.0, 9.0]","742,1,9.0;746,6,51.0"
277,12.0,12,[],"66,1,32.0"
278,6.0,6,[],"602,1,13.0;1022,3,8.0"
279,11.0,11,[],"74,1,33.0"
280,20.0,19,[12.0],"677,1,16.0;1046,13,20.0"
281,14.0,14,[],"1793,1,14.0;1460,13,26.0;3190,14,21.0"
282,11.0,11,[],"313,1,11.0;841,8,10.0"
283,10.0,6,"[2.0, 3.0, 4.0, 5.0]","179,1,48.0;1674,2,5.0;169,3,4.0;711,4,15.0"
284,10.0,10,[],"909,1,15.0;1227,7,24.0"
285,5.0,5,[],"153,1,16.0"
286,6.0,6,[],"616,1,12.0"
287,6.0,5,[5.0],"331,1,22.0"
288,5.0,5,[],"125,1,12.0"
289,5.0,5,[],"325,1,10.0"
290,20.0,19,[5.0],"178,1,71.0;1333,7,33.0"
291,23.0,21,"[0.0, 1.0]","466,1,10.0;639,4,4.0;1300,5,17.0;2487,15,6.0;2965,16,9.0;2487,18,6.0;2965,20,9.0"
292,8.0,8,[],"528,1,5.0;1109,5,7.0"
293,5.0,5,[],"555,1,10.0"
294,5.0,5,[],"846,1,9.0"
295,23.0,22,[8.0],"1174,1,42.0;1131,7,19.0;1174,11,42.0;1964,22,11.0"
296,6.0,6,[],"39,1,15.0"
297,34.0,34,[],"3578,1,33.0;5977,22,48.0;7501,23,20.0"
298,27.0,27,[],"64,1,29.0;2685,24,12.0;3829,25,7.0;549,26,49.0;2983,27,9.0"
299,10.0,10,[],"525,1,16.0"
300,4.0,4,[],"424,1,47.0"
301,43.0,43,[],"426,1,27.0;3017,26,47.0"
302,4.0,4,[],"43,1,16.0"
303,11.0,10,[4.0],"548,1,33.0;615,2,5.0;43,3,16.0"
304,41.0,41,[],"59,1,73.0;74,13,33.0;432,14,15.0;2523,15,11.0;2887,16,20.0;3240,36,16.0"
305,9.0,9,[],"479,1,12.0"
306,28.0,28,[],"484,1,5.0;763,2,9.0;716,8,53.0;2218,9,27.0"
307,9.0,5,"[0.0, 1.0, 2.0, 3.0]","158,1,6.0;713,2,6.0;179,3,48.0;1674,4,5.0;169,5,4.0;711,6,15.0;1102,7,4.0;1674,8,5.0;121,9,7.0"
308,46.0,46,[],"403,1,35.0;1183,15,15.0;1814,16,54.0;4860,45,11.0"
309,21.0,21,[],"637,1,26.0"
310,24.0,24,[],"97,1,9.0;1032,6,56.0"
311,10.0,10,[],"850,1,10.0;1219,2,8.0;850,9,10.0"
312,6.0,6,[],"522,1,24.0"
313,13.0,13,[],"5212,1,7.0;5880,3,6.0;3865,6,30.0;6234,7,10.0"
314,10.0,10,[],"437,1,16.0"
315,15.0,14,[4.0],"494,1,4.0;1385,4,5.0;840,5,6.0;1551,6,5.0;544,7,12.0;2174,8,10.0;896,15,11.0"
316,12.0,12,[],"461,1,13.0"
317,14.0,14,[],"5099,1,22.0"
318,8.0,8,[],"139,1,10.0;477,7,9.0"
319,8.0,8,[],"527,1,17.0;485,6,10.0;1175,7,6.0;2129,8,18.0"
320,13.0,13,[],"571,1,8.0;315,3,8.0;1797,9,42.0;858,11,26.0"
321,92.0,92,[],"473,1,39.0;2018,10,6.0;2433,11,11.0;100,12,15.0;89,19,85.0;4053,40,6.0;89,41,85.0"
322,15.0,15,[],"410,1,17.0"
323,7.0,2,"[0.0, 1.0, 3.0, 5.0, 6.0]","286,1,10.0;1179,2,6.0;286,4,10.0;351,5,21.0;1178,7,7.0"
324,13.0,13,[],"324,1,12.0;1636,11,9.0;2438,12,7.0;977,13,11.0"
325,12.0,12,[],"815,1,14.0;2133,8,5.0"
326,22.0,22,[],"261,1,8.0;266,3,14.0;566,5,51.0"
327,15.0,15,[],"336,1,29.0"
328,10.0,6,"[0.0, 1.0, 2.0, 3.0]","286,1,10.0;1178,2,7.0;1179,3,6.0;1178,4,7.0;1386,5,4.0;351,6,21.0;1386,9,4.0;318,10,11.0"
329,5.0,5,[],"195,1,18.0"
330,55.0,52,"[9.0, 19.0, 23.0]","859,1,16.0;867,2,47.0;1410,9,15.0;289,10,16.0;867,14,47.0;289,15,16.0;867,16,47.0;3073,17,22.0;2180,18,10.0;2811,19,6.0;2556,20,5.0;3423,21,23.0;2082,22,17.0;1568,23,20.0;2076,24,23.0;2811,25,6.0;867,26,47.0"
331,84.0,84,[],"485,1,10.0;527,9,17.0;1913,21,14.0;1170,28,56.0;1654,29,23.0;2918,37,36.0;4836,59,41.0"
332,35.0,35,[],"34,1,17.0;2197,14,8.0;17,19,26.0;2613,20,6.0;2615,21,42.0;3473,22,63.0;3476,23,13.0;3731,31,22.0;3476,33,13.0"
333,11.0,11,[],"549,1,49.0"
334,20.0,20,[],"1818,1,6.0;2324,3,22.0"
335,4.0,3,[13.0],"1948,1,9.0;2579,2,5.0;544,3,12.0;2772,4,45.0"
336,17.0,17,[],"442,1,19.0"
337,10.0,10,[],"297,1,5.0;289,5,16.0"
338,10.0,10,[],"2839,1,13.0"
339,7.0,7,[],"355,1,8.0"
340,7.0,7,[],"465,1,38.0;432,5,15.0"
341,17.0,17,[],"316,1,26.0;2180,13,10.0"
342,12.0,12,[],"564,1,68.0;490,9,12.0;565,10,10.0"
343,22.0,22,[],"395,1,35.0;3300,21,24.0"
344,19.0,18,[14.0],"869,1,11.0;1926,12,13.0;289,16,16.0;867,17,47.0;3073,18,22.0"
345,5.0,5,[],"566,1,51.0"
346,5.0,5,[],"358,1,10.0;460,2,11.0;891,3,13.0"
347,11.0,9,"[6.0, 8.0]","674,1,9.0;99,8,15.0"
348,38.0,38,[],"159,1,38.0"
349,27.0,27,[],"879,1,9.0;893,8,32.0"
350,17.0,17,[],"463,1,26.0;48,4,7.0;463,6,26.0;548,7,33.0"
351,9.0,6,"[0.0, 1.0, 4.0]","17,1,26.0;970,3,26.0;605,4,6.0;17,5,26.0;599,6,11.0"
352,7.0,7,[],"3368,1,11.0"
353,4.0,4,[],"1053,1,39.0;437,3,16.0"
354,5.0,5,[],"450,1,15.0;449,5,6.0"
355,6.0,6,[],"565,1,10.0"
356,11.0,11,[],"447,1,27.0"
357,7.0,7,[],"164,1,8.0"
358,20.0,20,[],"671,1,6.0;1398,5,46.0;1399,15,74.0"
359,17.0,17,[],"1279,1,18.0;1503,13,19.0"
360,10.0,9,[8.0],"510,1,5.0;55,2,27.0"
361,10.0,10,[],"98,1,7.0;437,3,16.0;1041,4,15.0"
362,13.0,13,[],"432,1,15.0"
363,20.0,20,[],"602,1,13.0;608,2,29.0"
364,23.0,22,[12.0],"483,1,13.0;2218,13,27.0;2447,14,14.0;2952,20,37.0"
365,14.0,14,[],"444,1,57.0"
366,27.0,27,[],"272,1,28.0"
367,34.0,34,[],"291,1,5.0;1599,4,75.0;1377,9,32.0;194,28,28.0;3821,30,6.0;3820,31,6.0"
368,9.0,9,[],"413,1,9.0"
369,46.0,46,[],"546,1,45.0;45,14,16.0;546,21,45.0;3556,43,26.0"
370,8.0,8,[],"2502,1,17.0"
371,11.0,11,[],"285,1,22.0"
372,29.0,29,[],"691,1,20.0;1735,5,37.0;2255,17,17.0;1770,18,17.0"
373,4.0,4,[],"726,1,7.0"
374,30.0,28,"[24.0, 25.0]","340,1,30.0;3364,23,4.0;3365,24,7.0;342,25,20.0;3190,27,21.0;2665,28,18.0"
375,10.0,10,[],"517,1,13.0"
376,48.0,48,[],"5657,1,43.0;3828,21,56.0"
377,7.0,7,[],"518,1,37.0"
378,21.0,21,[],"38,1,52.0;1297,3,29.0;431,17,35.0;2260,18,12.0"
379,56.0,56,[],"172,1,22.0;718,10,15.0;172,13,22.0;3103,23,34.0;1542,24,26.0;4029,41,18.0;3765,42,9.0;972,43,56.0;3987,50,42.0;4743,51,27.0;5142,52,29.0;6748,56,40.0"
380,6.0,6,[],"71,1,9.0"
381,7.0,7,[],"168,1,26.0"
382,7.0,7,[],"870,1,7.0;330,5,6.0"
383,10.0,10,[],"776,1,24.0"
384,15.0,14,[9.0],"800,1,15.0;2431,11,18.0;1142,12,16.0"
385,7.0,7,[],"102,1,8.0"
386,6.0,6,[],"474,1,16.0"
387,16.0,16,[],"491,1,14.0;1631,12,32.0;491,13,14.0;2678,16,17.0"
388,29.0,29,[],"204,1,59.0;716,25,53.0"
389,7.0,7,[],"49,1,11.0"
390,14.0,14,[],"404,1,73.0"
391,20.0,20,[],"797,1,21.0"
392,28.0,28,[],"307,1,32.0;311,7,44.0;569,21,38.0;2770,24,19.0"
393,13.0,13,[],"761,1,15.0"
394,29.0,27,"[12.0, 13.0]","424,1,47.0;2419,2,8.0;1821,3,12.0;2589,4,5.0;2663,5,7.0;2780,6,20.0;3699,22,5.0;3373,23,12.0;3274,24,18.0;3772,28,20.0"
395,19.0,19,[],"719,1,21.0"
396,10.0,10,[],"1262,1,15.0;1418,2,47.0"
397,43.0,43,[],"633,1,20.0;66,21,32.0;2609,22,33.0"
398,18.0,14,"[57.0, 58.0, 60.0, 64.0]","5563,1,20.0;6702,3,10.0;5563,4,20.0;7421,9,31.0;7925,10,13.0"
399,11.0,11,[],"765,1,17.0"
400,9.0,9,[],"439,1,14.0"
401,8.0,8,[],"84,1,8.0"
402,31.0,31,[],"275,1,62.0;1165,2,9.0;1757,8,10.0;1753,9,6.0;255,10,27.0;842,18,11.0;255,20,27.0"
403,9.0,9,[],"2307,1,5.0;1683,2,22.0"
404,45.0,45,[],"289,1,16.0;826,6,51.0;2077,7,17.0;826,9,51.0;980,25,23.0;4455,36,13.0;4163,37,6.0;1698,38,26.0"
405,18.0,18,[],"420,1,18.0"
406,7.0,7,[],"3948,1,10.0"
407,40.0,40,[],"455,1,41.0"
408,21.0,21,[],"541,1,21.0"
409,14.0,14,[],"451,1,34.0;2371,10,12.0;1173,11,13.0"
410,4.0,4,[],"916,1,13.0"
411,11.0,11,[],"312,1,20.0;846,10,9.0"
412,6.0,6,[],"568,1,8.0"
413,16.0,16,[],"2250,1,11.0;2892,4,9.0;3006,5,18.0"
414,27.0,27,[],"751,1,66.0;2834,18,37.0"
415,32.0,32,[],"419,1,33.0;891,29,13.0;3663,30,13.0;980,31,23.0"
416,4.0,4,[],"47,1,4.0"
417,39.0,39,[],"514,1,17.0;2696,17,33.0;2793,19,26.0"
418,8.0,8,[],"526,1,11.0;1393,8,4.0"
419,14.0,14,[],"780,1,14.0"
420,5.0,5,[],"3477,1,10.0;3267,2,36.0"
421,15.0,15,[],"482,1,22.0;1137,4,11.0;482,9,22.0;731,14,17.0;181,15,15.0"
422,6.0,6,[],"2550,1,17.0;2916,6,14.0"
423,6.0,6,[],"282,1,15.0"
424,26.0,26,[],"889,1,31.0;3204,24,23.0"
425,4.0,4,[],"625,1,4.0"
426,14.0,14,[],"814,1,27.0"
427,7.0,7,[],"1,1,14.0;2685,2,12.0;3551,3,9.0;4536,4,10.0;2549,5,18.0;3400,6,17.0"
428,14.0,14,[],"511,1,17.0;982,10,9.0"
429,16.0,15,[1.0],"810,1,9.0;564,2,68.0;249,3,16.0"
430,18.0,18,[],"452,1,19.0;2763,18,8.0"
431,45.0,44,[38.0],"4363,1,23.0;4073,2,13.0;3740,3,8.0;4073,4,13.0;38,5,52.0;4501,6,11.0;4363,7,23.0;4154,9,20.0;4363,17,23.0;6449,35,29.0"
432,19.0,18,[16.0],"300,1,16.0;2773,14,6.0;2835,15,5.0;1476,16,6.0;3198,18,4.0"
433,7.0,7,[],"497,1,8.0"
434,28.0,28,[],"298,1,40.0;295,20,15.0;1924,21,9.0;3442,25,14.0"
435,8.0,8,[],"783,1,22.0;784,2,28.0;1430,3,6.0;1176,7,8.0"
436,4.0,4,[],"524,1,35.0"
437,31.0,30,[15.0],"580,1,36.0;756,17,17.0;3185,18,74.0;2805,29,8.0;3695,30,4.0"
438,8.0,8,[],"3602,1,25.0"
439,9.0,9,[],"261,1,8.0;247,7,11.0;808,8,7.0"
440,4.0,4,[],"2387,1,18.0"
441,5.0,5,[],"683,1,10.0"
442,14.0,14,[],"79,1,16.0"
443,5.0,5,[],"1344,1,23.0"
444,7.0,7,[],"25,1,14.0;32,4,17.0"
445,22.0,22,[],"551,1,32.0"
446,15.0,15,[],"559,1,16.0"
447,25.0,25,[],"409,1,22.0;1029,6,31.0;39,19,15.0;1310,21,31.0;45,25,16.0"
448,58.0,56,"[22.0, 23.0]","241,1,22.0;1416,23,41.0;3076,28,38.0"
449,9.0,8,[8.0],"651,1,21.0;661,9,24.0"
450,12.0,12,[],"146,1,21.0;1332,9,24.0;1081,10,7.0"
451,16.0,16,[],"558,1,16.0"
452,35.0,35,[],"229,1,7.0;1652,6,23.0;2029,7,16.0;1652,10,23.0;1164,29,29.0"
453,11.0,11,[],"600,1,7.0;933,8,6.0;987,11,10.0"
454,19.0,19,[],"796,1,5.0;236,5,21.0"
455,39.0,39,[],"632,1,10.0;2354,11,8.0;2355,12,31.0"
456,9.0,9,[],"1994,1,40.0"
457,23.0,22,[8.0],"897,1,10.0;885,3,4.0;897,4,10.0;912,5,7.0;1477,6,7.0;2064,7,9.0;1235,10,5.0;349,11,23.0;927,12,12.0;349,17,23.0;893,20,32.0;1815,21,12.0"
458,28.0,28,[],"464,1,8.0;1009,9,5.0;1642,10,21.0;1010,11,8.0;2539,12,22.0"
459,27.0,24,"[5.0, 23.0, 25.0]","548,1,33.0;615,3,5.0;463,4,26.0;69,17,17.0;3098,20,19.0;1642,25,21.0;4038,27,47.0"
460,4.0,4,[],"262,1,6.0"
461,42.0,42,[],"431,1,35.0;2260,16,12.0;1327,17,47.0"
462,8.0,8,[],"357,1,8.0"
463,12.0,12,[],"481,1,7.0;771,4,11.0;1436,5,5.0;1915,7,13.0"
464,19.0,19,[],"405,1,16.0;364,10,22.0;460,11,11.0;405,14,16.0;460,15,11.0;364,16,22.0;899,17,12.0;1810,18,8.0;1566,19,16.0"
465,6.0,6,[],"584,1,15.0"
466,18.0,18,[],"543,1,23.0"
467,11.0,9,"[24.0, 25.0]","589,1,7.0;2203,2,15.0;3064,10,9.0"
468,6.0,6,[],"492,1,10.0"
469,10.0,10,[],"728,1,10.0;1618,4,11.0"
470,70.0,70,[],"152,1,81.0;8046,68,8.0"
471,4.0,4,[],"781,1,61.0"
472,13.0,11,"[1.0, 7.0]","896,1,11.0;423,2,17.0;896,6,11.0"
473,23.0,23,[],"887,1,14.0;2076,11,23.0;2183,12,19.0"
474,50.0,50,[],"552,1,8.0;650,7,7.0;2035,8,15.0;669,9,54.0;2921,30,15.0;4114,31,55.0;669,32,54.0;1435,41,45.0;5734,44,15.0;5055,45,29.0"
475,4.0,4,[],"1199,1,12.0"
476,10.0,10,[],"531,1,10.0"
477,39.0,38,[13.0],"731,1,17.0;1958,12,6.0;732,13,8.0;444,14,57.0"
478,4.0,4,[],"598,1,48.0"
479,14.0,14,[],"576,1,54.0;51,7,35.0"
480,6.0,6,[],"329,1,7.0"
481,16.0,15,[7.0],"1162,1,7.0;260,6,7.0;1162,7,7.0;1444,8,12.0"
482,4.0,4,[],"1171,1,4.0"
483,7.0,6,[4.0],"634,1,26.0;54,2,6.0;1622,3,18.0;1510,5,6.0"
484,20.0,20,[],"3178,1,9.0;4420,2,47.0"
485,18.0,18,[],"590,1,22.0"
486,20.0,20,[],"1131,1,19.0;1174,8,42.0;1131,12,19.0"
487,14.0,14,[],"350,1,35.0;876,7,11.0;350,9,35.0;381,11,20.0;350,14,35.0"
488,10.0,8,"[8.0, 9.0]","977,1,11.0;1945,7,18.0;343,8,7.0;2232,9,6.0;343,10,7.0"
489,7.0,7,[],"855,1,8.0"
490,36.0,36,[],"2568,1,9.0;1236,6,44.0"
491,62.0,61,[20.0],"981,1,20.0;1883,19,12.0;3426,20,7.0;2646,21,48.0;276,32,70.0;3957,33,12.0;2646,37,48.0"
492,11.0,11,[],"1238,1,6.0;1477,2,7.0;912,3,7.0;1477,5,7.0;2064,7,9.0"
493,16.0,15,[1.0],"728,1,10.0;1114,9,21.0;2247,13,16.0;2041,14,22.0"
494,34.0,34,[],"86,1,15.0;1058,3,35.0;2552,25,45.0;1975,26,37.0;2320,27,30.0;576,32,54.0"
495,28.0,28,[],"972,1,56.0"
496,16.0,16,[],"2162,1,39.0"
497,12.0,12,[],"1091,1,6.0;1087,3,11.0"
498,35.0,34,[1.0],"982,1,9.0;1526,3,13.0;994,5,44.0;3829,31,7.0;2727,32,17.0;55,33,27.0;2477,34,16.0"
499,43.0,37,"[22.0, 23.0, 24.0, 25.0, 40.0, 41.0]","976,1,19.0;1633,14,72.0;282,22,15.0;3725,23,8.0;976,24,19.0;2898,25,5.0;1633,26,72.0;4498,33,24.0;2422,34,16.0;4251,35,4.0;3459,36,37.0;3414,37,15.0;3387,38,14.0;5365,39,22.0;5547,41,29.0"
500,10.0,10,[],"365,1,19.0;499,6,11.0"
501,21.0,21,[],"1186,1,11.0;1481,7,25.0"
502,4.0,2,"[1.0, 2.0]","527,1,17.0;1362,2,4.0;1426,4,4.0"
503,13.0,13,[],"119,1,12.0;94,7,19.0"
504,12.0,12,[],"1176,1,8.0;1430,6,6.0;804,8,7.0"
505,15.0,15,[],"969,1,29.0"
506,10.0,10,[],"979,1,10.0"
507,32.0,32,[],"644,1,31.0;124,17,28.0;1533,25,23.0"
508,6.0,6,[],"980,1,23.0"
509,12.0,12,[],"978,1,13.0;1252,10,10.0;523,12,41.0"
510,43.0,43,[],"805,1,27.0;2373,15,39.0;3074,22,11.0;3848,23,9.0;814,24,27.0;3848,26,9.0;3074,27,11.0;4311,28,36.0"
511,26.0,25,[25.0],"1118,1,32.0;2344,23,49.0"
512,75.0,75,[],"1058,1,35.0;577,2,30.0;469,3,9.0;86,7,15.0;1058,8,35.0;1975,9,37.0;2316,20,34.0;2320,28,30.0;576,32,54.0;4780,43,10.0;2552,44,45.0;576,45,54.0;2552,48,45.0;6246,52,35.0;2617,53,25.0;6595,60,18.0;6317,66,11.0;7057,67,5.0;1687,68,68.0;8299,69,9.0;6594,70,16.0;8497,71,6.0;1687,73,68.0"
513,28.0,28,[],"863,1,13.0;875,2,7.0;1479,5,4.0;846,6,9.0;1765,7,25.0"
514,13.0,13,[],"1133,1,16.0"
515,4.0,4,[],"618,1,6.0;19,2,15.0;462,3,8.0"
516,13.0,12,[2.0],"1332,1,24.0"
517,9.0,9,[],"392,1,12.0;1271,9,13.0"
518,37.0,37,[],"224,1,5.0;216,2,32.0;2154,10,17.0;2763,15,8.0;759,16,21.0;3222,17,27.0;4349,29,7.0;4786,36,6.0;3723,37,54.0"
519,4.0,4,[],"1287,1,19.0"
520,9.0,9,[],"337,1,15.0"
521,8.0,8,[],"942,1,15.0"
522,30.0,29,[2.0],"37,1,73.0;29,2,4.0;1288,3,28.0;2639,12,7.0;1288,13,28.0;3242,20,26.0;3241,21,19.0;3574,22,23.0;3241,24,19.0"
523,9.0,9,[],"948,1,10.0"
524,20.0,20,[],"201,1,26.0"
525,13.0,13,[],"250,1,18.0"
526,21.0,21,[],"746,1,51.0;742,2,9.0;746,3,51.0;1744,13,8.0;2342,14,33.0;745,15,41.0;1541,16,43.0;745,19,41.0;1541,20,43.0;2010,21,16.0"
527,4.0,3,[5.0],"1326,1,14.0"
528,19.0,18,[28.0],"1291,1,19.0;3721,2,4.0;2786,4,21.0;4260,18,20.0;4340,19,8.0"
529,6.0,6,[],"2309,1,29.0;89,2,85.0"
530,15.0,15,[],"1056,1,8.0;473,7,39.0"
531,43.0,41,"[19.0, 20.0]","1237,1,21.0;863,2,13.0;1953,12,40.0;1765,18,25.0;1953,20,40.0;2059,21,18.0;881,22,26.0;2287,23,27.0;3874,26,30.0;4216,29,21.0;4408,43,9.0"
532,23.0,23,[],"26,1,51.0"
533,7.0,7,[],"643,1,10.0"
534,8.0,7,[3.0],"1103,1,21.0;717,2,65.0"
535,4.0,3,[5.0],"548,1,33.0;463,4,26.0"
536,10.0,10,[],"1588,1,9.0;1474,2,20.0"
537,60.0,60,[],"1541,1,43.0;5487,41,5.0;4101,42,28.0;2941,43,54.0;2940,48,48.0;2741,58,47.0;4635,59,52.0"
538,12.0,12,[],"1559,1,26.0;1382,2,16.0"
539,6.0,5,[3.0],"1628,1,20.0;1751,2,10.0"
540,7.0,7,[],"1080,1,8.0"
541,11.0,11,[],"978,1,13.0"
542,4.0,4,[],"624,1,11.0"
543,7.0,7,[],"1232,1,9.0"
544,16.0,16,[],"636,1,21.0"
545,21.0,20,[36.0],"2644,1,14.0;1304,9,57.0;2592,11,14.0;1304,14,57.0;2592,18,14.0;1014,19,50.0"
546,6.0,6,[],"660,1,13.0"
547,19.0,19,[],"1400,1,20.0;1036,5,15.0;2253,7,7.0;1036,8,15.0;1985,14,13.0"
548,10.0,9,[3.0],"691,1,20.0"
549,10.0,10,[],"1657,1,5.0;1021,5,7.0;1650,6,10.0"
550,21.0,21,[],"1539,1,4.0;695,3,19.0;2040,18,42.0;1124,20,41.0"
551,5.0,1,"[5.0, 7.0, 8.0, 9.0]","1396,1,4.0;2043,2,21.0"
552,16.0,16,[],"99,1,15.0;664,2,17.0"
553,17.0,17,[],"1563,1,24.0"
554,19.0,19,[],"1576,1,19.0"
555,23.0,23,[],"936,1,8.0;1245,2,26.0"
556,5.0,4,[8.0],"539,1,11.0;837,5,65.0"
557,16.0,16,[],"1342,1,38.0"
558,21.0,21,[],"1310,1,31.0;39,18,15.0"
559,11.0,11,[],"1182,1,78.0"
560,7.0,7,[],"1732,1,45.0;104,4,29.0"
561,20.0,20,[],"5089,1,24.0;798,13,53.0"
562,26.0,26,[],"58,1,21.0;3125,19,12.0;3128,20,12.0"
563,9.0,6,"[6.0, 8.0, 9.0]","1325,1,4.0;88,2,5.0;53,3,5.0;88,4,5.0;1643,5,11.0;577,7,30.0;2119,8,6.0"
564,7.0,6,[6.0],"706,1,8.0;1738,2,11.0;167,3,19.0;1738,4,11.0"
565,4.0,4,[],"1477,1,7.0;2062,3,5.0"
566,20.0,20,[],"1160,1,20.0;1158,7,58.0;1154,8,10.0;1158,12,58.0;822,17,11.0;1158,19,58.0"
567,12.0,12,[],"1094,1,6.0;725,2,27.0;1784,10,5.0;556,11,24.0"
568,4.0,4,[],"1336,1,8.0"
569,10.0,10,[],"1304,1,57.0"
570,14.0,13,[4.0],"436,1,20.0;1319,2,18.0;436,14,20.0"
571,17.0,17,[],"1057,1,39.0"
572,7.0,7,[],"655,1,30.0"
573,8.0,8,[],"1775,1,20.0"
574,12.0,12,[],"1351,1,4.0;103,2,25.0;2012,3,12.0"
575,35.0,34,[9.0],"1175,1,6.0;2129,5,18.0;531,6,10.0;454,7,26.0;562,10,11.0;454,13,26.0;954,25,12.0;773,26,32.0;2129,27,18.0;3111,28,19.0"
576,35.0,35,[],"1698,1,26.0;2051,2,27.0;1698,7,26.0;2559,14,26.0;2809,15,24.0;2559,19,26.0"
577,19.0,19,[],"1837,1,20.0"
578,50.0,50,[],"331,1,22.0;2059,16,18.0;881,18,26.0;3373,19,12.0;3775,20,47.0;1953,34,40.0;3775,37,47.0"
579,20.0,20,[],"764,1,22.0;1675,11,17.0;2154,12,17.0;2359,13,15.0;216,14,32.0;2154,15,17.0"
580,21.0,18,"[14.0, 20.0, 22.0]","1013,1,38.0;2539,10,22.0;2888,11,4.0;1013,14,38.0;468,16,38.0"
581,17.0,17,[],"966,1,9.0;917,5,36.0"
582,34.0,34,[],"1086,1,28.0;1398,9,46.0"
583,13.0,13,[],"124,1,28.0;517,7,13.0;115,8,13.0;1315,11,6.0;115,12,13.0"
584,8.0,7,[6.0],"1836,1,20.0;1727,2,10.0"
585,12.0,11,[14.0],"1054,1,14.0;2405,9,13.0;1869,10,5.0;2873,11,4.0"
586,22.0,20,"[5.0, 6.0]","1653,1,6.0;1838,2,20.0;1164,3,29.0"
587,4.0,4,[],"2794,1,16.0"
588,9.0,9,[],"902,1,10.0;1269,2,7.0;377,6,24.0;1224,7,13.0;902,8,10.0"
589,10.0,9,[5.0],"597,1,7.0;1307,2,6.0;983,3,23.0;2266,4,14.0;1626,6,10.0;983,9,23.0"
590,67.0,67,[],"209,1,12.0;1675,4,17.0;561,5,30.0;761,7,15.0;1881,8,23.0;1155,9,56.0;1881,13,23.0;3216,26,9.0;1881,27,23.0;1253,28,16.0;4313,29,36.0;6088,58,23.0"
591,8.0,8,[],"171,1,16.0"
592,7.0,7,[],"1851,1,12.0"
593,29.0,29,[],"1357,1,16.0;693,7,26.0;947,8,8.0;2126,9,26.0;2361,23,16.0;2126,24,26.0"
594,21.0,21,[],"588,1,13.0;591,11,13.0;2303,14,8.0;591,15,13.0;3064,16,9.0;3552,17,7.0"
595,26.0,23,"[26.0, 41.0, 42.0]","2508,1,19.0;3405,2,48.0;2508,18,19.0;3405,19,48.0;2508,22,19.0;3555,25,32.0;4392,26,15.0"
596,84.0,81,"[75.0, 76.0, 78.0]","1552,1,21.0;275,2,62.0;1168,3,8.0;275,5,62.0;2575,8,25.0;3492,21,32.0;1182,22,78.0;4803,57,45.0;7810,75,8.0;7730,76,17.0;8518,77,6.0;9508,78,10.0"
597,31.0,31,[],"1617,1,12.0;1049,5,6.0;1120,6,18.0;1046,7,20.0;686,9,25.0;3246,16,6.0;686,19,25.0"
598,19.0,19,[],"1326,1,14.0;627,3,12.0;935,8,18.0"
599,13.0,13,[],"1942,1,5.0;423,2,17.0;1268,3,26.0;1944,8,10.0;423,13,17.0"
600,11.0,11,[],"1745,1,4.0;2011,2,13.0"
601,7.0,7,[],"1326,1,14.0;627,3,12.0;1640,4,26.0"
602,6.0,6,[],"934,1,21.0;992,3,25.0;427,6,14.0"
603,9.0,9,[],"836,1,15.0"
604,11.0,11,[],"1838,1,20.0"
605,28.0,28,[],"1835,1,10.0;36,2,35.0;2016,3,16.0;1017,9,31.0;2403,10,47.0;1017,14,31.0"
606,44.0,44,[],"1790,1,10.0;184,2,12.0;1586,3,42.0;204,25,59.0;3347,36,21.0"
607,38.0,38,[],"1648,1,15.0;1712,4,14.0;28,5,22.0;2263,6,23.0;1638,7,69.0;4154,28,20.0;4607,35,9.0"
608,16.0,16,[],"569,1,38.0;958,2,5.0;871,3,29.0;1548,13,10.0"
609,20.0,20,[],"1615,1,59.0"
610,18.0,18,[],"1691,1,5.0;1683,3,22.0;1510,4,6.0;1622,5,18.0"
611,54.0,54,[],"837,1,65.0"
612,39.0,39,[],"1957,1,4.0;126,3,19.0;3011,16,11.0;1777,19,27.0;3325,35,23.0"
613,4.0,4,[],"553,1,12.0;1321,2,10.0;553,4,12.0"
614,22.0,22,[],"1881,1,23.0;1155,9,56.0;3327,14,11.0;2806,20,16.0;747,22,27.0"
615,16.0,16,[],"1901,1,24.0"
616,17.0,17,[],"1237,1,21.0"
617,8.0,7,[6.0],"1790,1,10.0;1380,2,4.0;2107,3,8.0"
618,13.0,13,[],"1882,1,22.0;529,9,21.0;1155,10,56.0;1882,11,22.0;1155,13,56.0"
619,10.0,9,[6.0],"102,1,8.0;659,2,21.0"
620,5.0,5,[],"1481,1,25.0;1186,2,11.0"
621,21.0,21,[],"151,1,8.0;161,4,26.0"
622,19.0,19,[],"28,1,22.0;1647,4,20.0;28,7,22.0"
623,40.0,38,"[6.0, 25.0]","1988,1,24.0;738,2,7.0;1346,3,32.0;2620,21,33.0"
624,8.0,6,"[12.0, 13.0]","433,1,24.0"
625,15.0,15,[],"1347,1,9.0;97,3,9.0;1658,4,19.0"
626,18.0,17,[21.0],"1474,1,20.0;909,2,15.0;2288,3,50.0;2680,15,5.0;2577,16,20.0;2932,17,10.0"
627,10.0,10,[],"2014,1,46.0"
628,23.0,23,[],"857,1,28.0"
629,33.0,33,[],"333,1,11.0;865,4,29.0;1559,29,26.0;2230,30,23.0;910,31,45.0;858,32,26.0;1797,33,42.0"
630,7.0,7,[],"1710,1,11.0;1711,5,10.0;38,6,52.0"
631,37.0,34,"[35.0, 36.0, 38.0]","1964,1,11.0;742,2,9.0;2282,3,14.0;2341,4,18.0;212,7,12.0;2209,9,5.0;2940,12,48.0;2491,13,44.0;2940,16,48.0;4321,29,23.0;2942,31,58.0;4321,32,23.0;2942,33,58.0;3038,34,28.0;5410,35,5.0"
632,20.0,20,[],"1835,1,10.0;36,2,35.0"
633,9.0,9,[],"1271,1,13.0;3671,2,7.0;1592,3,51.0;2066,4,21.0;4061,5,11.0;4055,6,12.0"
634,31.0,31,[],"129,1,35.0;2038,2,4.0;129,4,35.0"
635,15.0,15,[],"1458,1,40.0;828,13,19.0;276,14,70.0"
636,6.0,6,[],"1327,1,47.0;37,5,73.0"
637,20.0,20,[],"2040,1,42.0;1767,11,22.0;180,14,22.0"
638,22.0,22,[],"1494,1,32.0;975,14,21.0"
639,8.0,8,[],"1201,1,15.0"
640,16.0,16,[],"295,1,15.0;871,3,29.0"
641,22.0,22,[],"1977,1,56.0"
642,18.0,18,[],"1643,1,11.0;512,4,37.0;2320,5,30.0;576,9,54.0"
643,20.0,20,[],"2043,1,21.0"
644,5.0,5,[],"1381,1,18.0"
645,20.0,19,[23.0],"2113,1,17.0;3599,16,7.0;2916,17,14.0;3599,18,7.0"
646,4.0,4,[],"178,1,71.0"
647,7.0,7,[],"2721,1,23.0"
648,12.0,12,[],"690,1,7.0;1424,2,14.0"
649,5.0,3,"[22.0, 24.0]","1458,1,40.0;3426,4,7.0"
650,68.0,68,[],"1487,1,66.0;1298,3,37.0;598,37,48.0;1687,38,68.0;6649,60,40.0;7942,62,4.0;6649,63,40.0;6465,64,36.0;4336,65,24.0"
651,36.0,36,[],"876,1,11.0;350,3,35.0;2417,12,5.0;3366,13,6.0;910,18,45.0"
652,15.0,15,[],"2136,1,17.0"
653,4.0,4,[],"2084,1,8.0;2277,2,4.0;2390,3,17.0"
654,7.0,6,[8.0],"1507,1,4.0;2090,2,30.0;1309,3,5.0;1507,5,4.0;604,6,23.0;2298,7,5.0"
655,39.0,39,[],"1737,1,18.0;162,16,65.0;3307,18,36.0;523,19,41.0;2515,36,37.0;3487,37,69.0"
656,34.0,34,[],"1866,1,14.0;171,10,16.0;1103,11,21.0;2109,27,31.0"
657,26.0,26,[],"1421,1,23.0;1130,19,26.0;1114,25,21.0;3938,26,6.0"
658,12.0,12,[],"2010,1,16.0"
659,46.0,46,[],"3032,1,52.0;3158,6,7.0;3032,7,52.0;3034,31,14.0;5358,35,19.0"
660,22.0,22,[],"570,1,10.0;2059,2,18.0;881,14,26.0;3373,15,12.0;3775,16,47.0;3877,17,8.0;3775,22,47.0"
661,34.0,34,[],"742,1,9.0;2282,2,14.0;163,15,47.0;1494,22,32.0;3810,23,8.0;4442,24,16.0"
662,7.0,7,[],"884,1,6.0;2194,2,8.0;501,7,16.0"
663,32.0,32,[],"519,1,16.0;1922,7,9.0;2849,8,5.0;2744,9,18.0;3326,14,11.0;2348,15,16.0;2351,16,16.0;2851,17,12.0;2351,19,16.0;3844,22,8.0;3941,26,29.0"
664,24.0,24,[],"2247,1,16.0;446,16,40.0"
665,24.0,24,[],"2271,1,70.0"
666,18.0,18,[],"4869,1,29.0;4877,2,5.0;5029,3,4.0;4869,4,29.0"
667,5.0,5,[],"966,1,9.0;917,2,36.0"
668,70.0,70,[],"1301,1,51.0;3314,19,18.0;4280,27,14.0;3100,28,35.0;5442,42,14.0;6126,43,23.0;1684,45,40.0;6126,47,23.0;7646,65,26.0"
669,17.0,17,[],"1981,1,23.0"
670,8.0,8,[],"68,1,20.0"
671,8.0,7,[8.0],"37,1,73.0;46,2,44.0;60,3,9.0;1849,4,6.0;46,5,44.0"
672,5.0,4,[9.0],"2254,1,10.0;1764,2,4.0;2451,3,5.0"
673,12.0,12,[],"55,1,27.0;2354,2,8.0;511,3,17.0;1983,4,14.0"
674,4.0,3,[9.0],"398,1,11.0;241,2,22.0;398,3,11.0"
675,9.0,9,[],"2006,1,19.0"
676,31.0,31,[],"2090,1,30.0;1305,25,51.0"
677,4.0,4,[],"2413,1,47.0"
678,6.0,6,[],"31,1,10.0;2200,2,6.0"
679,7.0,7,[],"1732,1,45.0"
680,8.0,8,[],"266,1,14.0"
681,6.0,5,[13.0],"1006,1,19.0"
682,38.0,38,[],"2944,1,26.0;2941,17,54.0;4101,24,28.0"
683,16.0,14,"[25.0, 26.0]","3213,1,23.0;2357,4,11.0;3330,5,8.0;4392,6,15.0"
684,6.0,6,[],"1435,1,45.0"
685,21.0,21,[],"2230,1,23.0"
686,4.0,4,[],"223,1,11.0"
687,7.0,7,[],"6356,1,9.0;6697,2,6.0;6888,3,18.0;7146,4,5.0"
688,9.0,9,[],"1165,1,9.0;1167,2,7.0;1757,3,10.0"
689,24.0,24,[],"1628,1,20.0;3056,16,15.0"
690,5.0,3,"[20.0, 23.0]","2513,1,9.0;3314,3,18.0;2956,4,23.0"
691,15.0,15,[],"2511,1,23.0"
692,15.0,15,[],"1897,1,13.0;1738,8,11.0;3180,9,4.0;167,10,19.0;525,11,16.0;3501,12,35.0"
693,53.0,53,[],"1472,1,36.0;275,32,62.0;5395,33,29.0"
694,19.0,19,[],"535,1,35.0;4586,18,37.0"
695,43.0,43,[],"975,1,21.0;717,2,65.0;530,34,37.0"
696,26.0,26,[],"1050,1,33.0;2921,15,15.0;3014,17,16.0"
697,39.0,39,[],"1281,1,27.0;1002,8,57.0"
698,15.0,14,[10.0],"526,1,11.0;198,2,18.0;1614,3,19.0;757,8,42.0;1916,12,26.0"
699,24.0,24,[],"1909,1,47.0"
700,17.0,17,[],"1293,1,22.0;1,2,14.0;2784,3,5.0;3400,4,17.0;590,5,22.0;2785,6,19.0;3064,7,9.0;2785,11,19.0;4260,13,20.0;4329,14,19.0"
701,8.0,8,[],"2187,1,9.0"
702,19.0,19,[],"2294,1,22.0"
703,13.0,13,[],"638,1,14.0;1642,2,21.0;626,3,52.0;2642,4,18.0;37,5,73.0;2313,6,7.0;2642,7,18.0;2313,8,7.0;2642,10,18.0"
704,16.0,16,[],"1504,1,44.0;598,6,48.0;1281,8,27.0"
705,20.0,20,[],"1206,1,81.0"
706,21.0,21,[],"2380,1,4.0;2060,4,6.0;1227,5,24.0"
707,25.0,24,[33.0],"1973,1,11.0;638,2,14.0;1010,3,8.0;2313,4,7.0;1439,6,34.0;37,9,73.0;1439,24,34.0;3489,25,16.0"
708,34.0,34,[],"1121,1,62.0;1611,6,16.0;2147,18,8.0;3001,19,9.0;4178,20,14.0;3991,32,8.0"
709,4.0,0,"[9.0, 10.0, 11.0, 12.0]","2287,1,27.0;2421,2,6.0;1474,3,20.0"
710,16.0,15,[20.0],"3211,1,4.0;1,2,14.0;3400,3,17.0;590,5,22.0;3721,6,4.0;2785,7,19.0;3121,14,8.0;4260,15,20.0;969,16,29.0"
711,9.0,9,[],"955,1,15.0"
712,9.0,9,[],"1015,1,13.0;1004,4,33.0;1015,5,13.0"
713,23.0,22,[26.0],"2151,1,26.0;445,17,34.0;1104,18,23.0;445,19,34.0"
714,32.0,32,[],"318,1,11.0;1185,2,30.0;1458,25,40.0"
715,25.0,25,[],"1886,1,34.0;1264,8,8.0;1886,9,34.0"
716,31.0,31,[],"116,1,16.0;518,9,37.0"
717,6.0,6,[],"1843,1,11.0;32,3,17.0;2513,6,9.0"
718,5.0,5,[],"324,1,12.0;1636,2,9.0;403,5,35.0"
719,14.0,14,[],"908,1,19.0;2279,12,21.0"
720,44.0,43,[17.0],"1503,1,19.0;1030,2,12.0;2981,4,16.0;1030,5,12.0;2981,8,16.0;5,20,15.0;4602,21,33.0;2268,22,49.0"
721,8.0,8,[],"2310,1,26.0"
722,13.0,11,"[11.0, 12.0]","2475,1,4.0;1318,3,31.0;2331,4,4.0;2604,5,17.0;2472,6,13.0"
723,7.0,7,[],"928,1,17.0;2064,2,9.0;965,5,11.0"
724,11.0,10,[19.0],"1350,1,26.0;1743,2,75.0;2957,11,7.0"
725,19.0,19,[],"1250,1,55.0;2716,13,21.0"
726,4.0,2,"[12.0, 13.0]","773,1,32.0;416,2,8.0;2365,3,5.0;2691,4,31.0"
727,27.0,25,"[15.0, 27.0]","2260,1,12.0;1650,5,10.0;1240,6,13.0;1640,7,26.0;2271,17,70.0;1640,19,26.0"
728,12.0,12,[],"587,1,14.0;2088,6,15.0;2084,7,8.0;587,11,14.0"
729,4.0,4,[],"1387,1,4.0;342,2,20.0"
730,10.0,10,[],"3955,1,4.0;4254,2,36.0;4457,3,17.0"
731,31.0,30,[32.0],"1349,1,14.0;2686,10,10.0;2476,11,15.0;3101,13,18.0;1976,14,16.0;2476,19,15.0;4282,20,7.0;1058,23,35.0;548,28,33.0;1058,29,35.0"
732,90.0,90,[],"27,1,59.0;2508,15,19.0;3213,16,23.0;2508,22,19.0;3405,28,48.0;2508,30,19.0;3405,31,48.0;4392,34,15.0;3405,35,48.0;5111,36,8.0;5560,37,9.0;5693,38,29.0;4539,40,24.0;5103,41,53.0;4992,51,20.0;5103,53,53.0"
733,90.0,89,[70.0],"1989,1,29.0;451,14,34.0;1412,20,40.0;3650,21,47.0;8444,62,10.0;8578,63,28.0"
734,16.0,16,[],"766,1,7.0;1661,2,5.0;766,4,7.0;750,5,21.0"
735,5.0,5,[],"189,1,18.0"
736,7.0,7,[],"10,1,19.0"
737,19.0,19,[],"1014,1,50.0;66,16,32.0;468,19,38.0"
738,16.0,16,[],"2109,1,31.0"
739,15.0,15,[],"975,1,21.0;2518,2,6.0;975,6,21.0;1494,9,32.0;975,10,21.0;2947,11,11.0"
740,8.0,8,[],"1668,1,13.0;1883,3,12.0;1113,4,16.0"
741,19.0,19,[],"1980,1,27.0"
742,45.0,45,[],"2373,1,39.0;5511,36,12.0;1141,37,32.0;5514,45,31.0"
743,15.0,14,[20.0],"2535,1,18.0;1725,8,14.0;58,10,21.0;1725,11,14.0"
744,32.0,32,[],"821,1,47.0;2822,2,20.0;2413,3,47.0"
745,30.0,30,[],"163,1,47.0;2941,13,54.0;4197,22,37.0"
746,34.0,34,[],"2395,1,47.0;3241,27,19.0;4762,30,13.0;1439,31,34.0"
747,28.0,28,[],"1605,1,6.0;1896,2,35.0;2433,11,11.0;1896,13,35.0"
748,11.0,11,[],"482,1,22.0"
749,23.0,23,[],"81,1,17.0;2625,4,29.0;2476,5,15.0;2602,12,8.0;2686,14,10.0;2625,15,29.0"
750,6.0,6,[],"465,1,38.0"
751,28.0,28,[],"194,1,28.0;1377,15,32.0;2324,17,22.0;1819,18,18.0;4250,19,10.0;1377,20,32.0;3665,26,10.0;4989,27,6.0"
752,19.0,18,[12.0],"1419,1,51.0;1610,2,11.0;2738,3,5.0;1610,8,11.0;523,9,41.0;2800,10,8.0;173,11,25.0;1610,12,11.0;3482,13,7.0;3856,18,42.0;2797,19,18.0"
753,5.0,5,[],"1948,1,9.0;2579,2,5.0"
754,37.0,37,[],"2021,1,64.0"
755,11.0,7,"[13.0, 16.0, 17.0, 18.0]","2323,1,11.0;2832,4,9.0"
756,52.0,52,[],"2284,1,6.0;146,5,21.0;2714,6,29.0;1338,7,19.0;2714,12,29.0;3988,22,37.0"
757,34.0,34,[],"1305,1,51.0;3632,21,4.0;4315,22,5.0;2728,23,49.0;4552,24,24.0"
758,6.0,6,[],"2484,1,13.0"
759,4.0,4,[],"1841,1,6.0;2614,2,13.0"
760,71.0,71,[],"1415,1,4.0;1412,2,40.0;1418,18,47.0;4454,21,11.0;4290,29,11.0;5077,33,12.0;1418,34,47.0;4694,39,27.0;4858,40,44.0"
761,6.0,6,[],"3463,1,13.0"
762,86.0,86,[],"520,1,63.0;2834,28,37.0;5171,36,46.0;6226,60,22.0;751,61,66.0;8042,62,18.0;7087,63,31.0"
763,15.0,15,[],"423,1,17.0;2661,2,20.0"
764,4.0,4,[],"83,1,12.0;1034,4,12.0"
765,19.0,19,[],"2031,1,35.0;488,9,22.0"
766,16.0,16,[],"2359,1,15.0;2458,2,9.0;2805,3,8.0;2458,6,9.0;3323,13,42.0;188,14,11.0"
767,20.0,19,[16.0],"2646,1,48.0;2690,2,10.0;1883,3,12.0;2808,4,4.0;253,5,8.0;1748,6,15.0;1258,7,23.0;3057,8,10.0;2704,9,29.0;3208,10,22.0"
768,7.0,6,[20.0],"1011,1,8.0;1968,2,9.0;631,3,14.0;548,5,33.0"
769,10.0,10,[],"2257,1,14.0;1840,2,66.0;3213,8,23.0;2357,9,11.0;2789,10,21.0"
770,27.0,27,[],"452,1,19.0;764,3,22.0;1675,4,17.0;415,10,21.0;583,11,24.0;3109,12,4.0;2359,13,15.0;240,14,32.0;1675,15,17.0;240,17,32.0;3222,18,27.0;3724,21,17.0"
771,13.0,13,[],"59,1,73.0;2523,7,11.0"
772,7.0,7,[],"2499,1,17.0"
773,14.0,14,[],"1533,1,23.0;3890,10,5.0;644,11,31.0;4270,12,29.0;4098,13,4.0"
774,6.0,6,[],"2644,1,14.0;2695,2,4.0;2313,6,7.0"
775,33.0,33,[],"1047,1,19.0;2462,13,17.0;4380,20,15.0"
776,9.0,9,[],"920,1,13.0;1470,3,32.0"
777,22.0,22,[],"1272,1,32.0;4534,22,5.0"
778,8.0,8,[],"361,1,15.0"
779,7.0,7,[],"1064,1,12.0"
780,16.0,16,[],"2549,1,18.0"
781,21.0,21,[],"1687,1,68.0"
782,8.0,8,[],"741,1,17.0"
783,24.0,24,[],"2635,1,30.0"
784,18.0,18,[],"1999,1,25.0"
785,7.0,7,[],"2519,1,18.0;2506,2,59.0;234,5,11.0;2506,7,59.0"
786,20.0,20,[],"2625,1,29.0;2476,7,15.0;3101,9,18.0;4036,19,7.0"
787,7.0,7,[],"964,1,11.0;2175,2,8.0;1812,3,21.0;2174,7,10.0"
788,21.0,20,[24.0],"124,1,28.0;3717,14,6.0;1044,15,13.0;3890,16,5.0;644,17,31.0;4270,18,29.0"
789,7.0,7,[],"699,1,21.0"
790,5.0,5,[],"1433,1,39.0;1173,4,13.0;1915,5,13.0"
791,20.0,20,[],"1684,1,40.0;3627,10,15.0;1684,15,40.0"
792,37.0,37,[],"2625,1,29.0;2686,7,10.0;2625,8,29.0;2686,11,10.0;3101,13,18.0;2476,15,15.0;1975,19,37.0;5326,32,6.0;51,33,35.0"
793,10.0,10,[],"2125,1,10.0;2035,2,15.0;2125,6,10.0"
794,8.0,8,[],"2699,1,31.0;3099,5,4.0"
795,27.0,26,[13.0],"2232,1,6.0;1945,2,18.0;2287,14,27.0"
796,15.0,15,[],"2746,1,10.0;2748,11,14.0;3717,12,6.0;124,13,28.0;3890,14,5.0;644,15,31.0"
797,10.0,10,[],"923,1,19.0"
798,14.0,14,[],"529,1,21.0;1882,2,22.0;1253,11,16.0"
799,10.0,9,[13.0],"2153,1,4.0;2796,2,11.0"
800,23.0,23,[],"777,1,73.0;2952,4,37.0;777,8,73.0;2952,12,37.0"
801,7.0,7,[],"2489,1,16.0"
802,12.0,12,[],"1863,1,19.0"
803,20.0,20,[],"439,1,14.0;940,3,27.0;3261,10,36.0;940,12,27.0"
804,26.0,26,[],"550,1,41.0;4549,24,7.0"
805,43.0,42,[13.0],"1400,1,20.0;555,2,10.0;1425,4,63.0;5398,39,20.0;6093,43,6.0"
806,5.0,5,[],"146,1,21.0"
807,9.0,9,[],"4524,1,5.0;1601,5,26.0"
808,83.0,82,[95.0],"518,1,37.0;3567,9,74.0;3568,10,76.0;7939,74,29.0;10288,82,5.0;9563,83,17.0"
809,7.0,7,[],"421,1,19.0;1941,5,9.0"
810,12.0,12,[],"1769,1,18.0"
811,8.0,8,[],"2731,1,8.0"
812,4.0,4,[],"2329,1,65.0"
813,6.0,6,[],"300,1,16.0;2773,2,6.0;2835,3,5.0"
814,7.0,7,[],"1474,1,20.0"
815,22.0,22,[],"2745,1,24.0"
816,8.0,8,[],"768,1,15.0"
817,46.0,46,[],"1184,1,23.0;891,12,13.0;3355,13,35.0"
818,46.0,43,"[43.0, 53.0, 54.0]","2514,1,27.0;4598,23,19.0;4610,24,15.0;2985,25,20.0;4906,26,7.0;4598,27,19.0;5109,32,22.0;6794,43,36.0;3028,44,33.0"
819,6.0,2,"[13.0, 15.0, 16.0, 18.0]","2323,1,11.0;2832,3,9.0"
820,27.0,27,[],"2309,1,29.0;698,2,11.0;2309,3,29.0;3009,20,78.0"
821,10.0,9,[19.0],"2704,1,29.0;1883,2,12.0;2808,3,4.0;2047,4,7.0;2690,5,10.0;486,7,26.0"
822,6.0,6,[],"1273,1,10.0;2732,3,14.0"
823,32.0,32,[],"2699,1,31.0;141,20,16.0;4236,21,32.0"
824,20.0,20,[],"746,1,51.0;4397,17,12.0"
825,21.0,21,[],"825,1,31.0;537,3,60.0;2557,4,5.0;814,5,27.0;1373,6,27.0"
826,14.0,14,[],"2077,1,17.0"
827,5.0,5,[],"2790,1,37.0;2793,2,26.0;2012,3,12.0;3149,4,16.0"
828,55.0,55,[],"4227,1,21.0;2822,13,20.0;4227,16,21.0;2822,20,20.0;5846,21,50.0;6430,53,28.0"
829,35.0,33,"[47.0, 48.0]","1242,1,62.0;465,7,38.0;5703,22,21.0"
830,7.0,6,[44.0],"1989,1,29.0;5078,4,36.0;451,5,34.0;5078,6,36.0"
831,8.0,8,[],"295,1,15.0"
832,15.0,15,[],"2831,1,9.0;679,4,37.0"
833,35.0,35,[],"2283,1,16.0;2517,11,13.0;2283,14,16.0;3809,16,31.0;3909,35,37.0"
834,6.0,6,[],"173,1,25.0;3001,3,9.0"
835,16.0,16,[],"2851,1,12.0;2849,2,5.0;1922,3,9.0;2851,5,12.0;3326,6,11.0;2736,12,9.0;3183,13,7.0;2736,16,9.0"
836,86.0,86,[],"1617,1,12.0;2141,2,34.0;1617,3,12.0;2141,4,34.0;5695,35,5.0;4550,37,22.0;5278,38,7.0;4784,39,19.0;7344,49,22.0;4550,50,22.0;1766,54,41.0;6392,55,37.0;5699,78,43.0;10384,79,9.0;6392,86,37.0"
837,14.0,14,[],"2319,1,6.0;1297,5,29.0"
838,6.0,6,[],"1300,1,17.0;2697,2,6.0"
839,22.0,21,[35.0],"656,1,27.0;3680,13,16.0;4473,18,4.0;1980,19,27.0;4666,20,8.0;3550,21,6.0;4751,22,4.0"
840,8.0,8,[],"2781,1,8.0"
841,10.0,10,[],"2826,1,13.0"
842,22.0,22,[],"3451,1,4.0;3311,2,44.0"
843,17.0,17,[],"1086,1,28.0"
844,5.0,5,[],"652,1,18.0"
845,21.0,21,[],"1625,1,15.0;2512,2,41.0;1625,4,15.0;4003,5,12.0;2512,12,41.0"
846,12.0,11,[16.0],"2885,1,12.0;2639,2,7.0;3176,3,12.0"
847,16.0,16,[],"1781,1,12.0;3175,7,7.0;1322,11,31.0"
848,17.0,17,[],"1968,1,9.0;17,2,26.0;2613,4,6.0;2615,5,42.0;3473,6,63.0"
849,4.0,4,[],"1183,1,15.0;1383,2,15.0"
850,26.0,26,[],"1282,1,18.0;2511,5,23.0;1504,8,44.0;3736,9,20.0"
851,14.0,14,[],"2129,1,18.0"
852,14.0,14,[],"2389,1,18.0"
853,19.0,19,[],"326,1,16.0;336,5,29.0;888,7,17.0;1632,8,28.0;3459,9,37.0;888,10,17.0;1632,11,28.0"
854,12.0,12,[],"4437,1,27.0;2570,2,19.0;5360,3,19.0"
855,6.0,6,[],"961,1,13.0;980,2,23.0;961,3,13.0;891,6,13.0"
856,14.0,14,[],"2820,1,19.0"
857,30.0,29,[36.0],"1559,1,26.0;2230,21,23.0;910,22,45.0;858,23,26.0;910,24,45.0;858,25,26.0;1140,30,22.0"
858,15.0,15,[],"1586,1,42.0"
859,7.0,7,[],"2892,1,9.0;2970,6,9.0"
860,8.0,8,[],"1816,1,33.0"
861,7.0,6,[23.0],"1647,1,20.0;3318,2,10.0;3286,3,4.0;3522,4,4.0;3789,6,18.0;3390,7,11.0"
862,7.0,7,[],"3606,1,30.0"
863,37.0,37,[],"1435,1,45.0;669,24,54.0;1435,26,45.0;5642,35,4.0;5176,36,9.0;4320,37,14.0"
864,6.0,6,[],"2934,1,6.0"
865,5.0,5,[],"1787,1,21.0;179,3,48.0"
866,4.0,4,[],"1552,1,21.0"
867,7.0,7,[],"1710,1,11.0;2633,3,5.0;3237,4,5.0;2693,5,10.0;1712,6,14.0"
868,4.0,4,[],"2674,1,12.0"
869,9.0,9,[],"603,1,23.0"
870,20.0,20,[],"2418,1,10.0;2389,3,18.0;342,4,20.0;3190,12,21.0;2665,13,18.0"
871,18.0,18,[],"1684,1,40.0;3627,9,15.0;1684,13,40.0;3627,14,15.0"
872,14.0,14,[],"784,1,28.0"
873,47.0,47,[],"773,1,32.0;1913,12,14.0;1170,13,56.0;4808,38,15.0;6528,46,5.0;7353,47,16.0"
874,73.0,73,[],"1872,1,52.0;6706,49,22.0;1872,52,52.0;8064,53,5.0;7855,54,20.0;4071,55,37.0"
875,23.0,23,[],"2526,1,33.0;5467,21,29.0"
876,10.0,10,[],"2828,1,12.0"
877,47.0,47,[],"178,1,71.0;2800,6,8.0;173,7,25.0;3856,9,42.0;1333,20,33.0;5080,21,7.0;4049,22,6.0;3856,23,42.0"
878,9.0,9,[],"1992,1,15.0;2563,2,15.0;1628,8,20.0"
879,24.0,24,[],"569,1,38.0;311,6,44.0;2673,23,20.0;4651,24,26.0"
880,16.0,13,"[16.0, 19.0, 20.0]","2686,1,10.0;1709,3,17.0;3249,4,17.0;3101,5,18.0;3545,6,17.0"
881,18.0,18,[],"3031,1,6.0;2220,5,24.0"
882,16.0,16,[],"162,1,65.0;1737,6,18.0;3524,8,13.0;162,9,65.0"
883,6.0,6,[],"167,1,19.0;3181,3,26.0;1777,4,27.0;3498,5,9.0"
884,12.0,12,[],"1647,1,20.0;2960,4,4.0;3491,5,27.0;3390,6,11.0;38,7,52.0;608,8,29.0"
885,23.0,23,[],"4437,1,27.0"
886,7.0,7,[],"2734,1,7.0;3184,2,12.0;3227,5,4.0;3584,6,37.0"
887,51.0,50,[17.0],"218,1,40.0;747,2,27.0;218,3,40.0;200,20,59.0;782,51,44.0"
888,7.0,5,"[16.0, 17.0]","194,1,28.0;2118,3,10.0;1378,6,41.0"
889,15.0,15,[],"2713,1,9.0;3346,5,25.0;2101,15,22.0"
890,13.0,13,[],"233,1,31.0"
891,14.0,13,[17.0],"1289,1,12.0;1006,2,19.0;3241,3,19.0;1289,5,12.0;547,6,31.0;3016,7,36.0"
892,25.0,25,[],"1994,1,40.0;2909,6,11.0;2763,7,8.0;1994,10,40.0;1160,25,20.0"
893,35.0,35,[],"2477,1,16.0;1825,8,10.0;1723,9,26.0;2478,10,7.0;3829,11,7.0;4082,12,9.0;409,13,22.0;4096,14,35.0"
894,9.0,9,[],"404,1,73.0;335,2,31.0;1202,3,7.0;3194,4,31.0"
895,14.0,13,[27.0],"1114,1,21.0;1125,2,16.0;153,3,16.0;719,4,21.0;3487,5,69.0;3586,6,4.0;3647,7,11.0;3008,8,25.0;2249,9,8.0;2338,10,7.0;3991,11,8.0;3483,12,43.0;2346,13,13.0"
896,10.0,10,[],"2806,1,16.0;195,6,18.0;2806,8,16.0"
897,23.0,23,[],"2987,1,26.0;1346,10,32.0;5455,11,8.0;5729,12,22.0;1346,13,32.0;5729,14,22.0;5818,21,8.0"
898,9.0,9,[],"2794,1,16.0;1827,9,12.0"
899,4.0,4,[],"2167,1,8.0"
900,22.0,22,[],"5563,1,20.0;5452,6,42.0;5563,7,20.0;7169,8,4.0;5563,9,20.0;4539,15,24.0;5563,16,20.0;7421,17,31.0;8648,18,5.0"
901,19.0,19,[],"267,1,33.0"
902,21.0,21,[],"1148,1,14.0;2691,2,31.0"
903,17.0,17,[],"2766,1,23.0"
904,22.0,22,[],"5028,1,9.0;6706,2,22.0;5028,7,9.0;7282,8,11.0;3889,18,31.0"
905,27.0,27,[],"3712,1,32.0;4236,15,32.0;6016,22,15.0"
906,26.0,26,[],"6620,1,5.0;5183,6,34.0;4855,7,41.0;4743,13,27.0;972,14,56.0;6535,15,8.0;6913,16,17.0;6466,17,17.0;6579,20,18.0;1077,21,63.0;3501,25,35.0"
907,9.0,9,[],"3069,1,13.0"
908,21.0,21,[],"3153,1,60.0;3025,19,17.0"
909,35.0,35,[],"3182,1,52.0;6051,21,18.0;6565,24,34.0"
910,5.0,5,[],"2322,1,15.0;1064,2,12.0;1054,3,14.0"
911,10.0,10,[],"2668,1,15.0"
912,12.0,12,[],"1591,1,29.0"
913,31.0,31,[],"2375,1,21.0;2586,15,14.0;3535,18,7.0;4827,19,26.0;5051,20,4.0;4021,21,23.0"
914,23.0,23,[],"5381,1,27.0"
915,5.0,5,[],"2311,1,9.0"
916,33.0,33,[],"2243,1,28.0;3567,7,74.0;1324,28,35.0"
917,21.0,21,[],"4233,1,10.0;4188,2,19.0;6343,11,23.0;5739,12,22.0;6343,13,23.0"
918,12.0,12,[],"2689,1,17.0"
919,7.0,7,[],"659,1,21.0"
920,12.0,12,[],"1609,1,13.0;532,7,26.0;3947,8,33.0"
921,19.0,19,[],"267,1,33.0;1260,4,27.0;3054,13,15.0"
922,26.0,25,[20.0],"3227,1,4.0;3184,2,12.0;3227,3,4.0;3584,6,37.0;3500,21,49.0"
923,50.0,50,[],"1916,1,26.0;757,4,42.0;4566,15,20.0;4685,30,33.0"
924,9.0,9,[],"2161,1,20.0"
925,6.0,6,[],"786,1,13.0"
926,16.0,15,[32.0],"1483,1,13.0;3130,7,11.0;3925,8,13.0;22,13,37.0;2358,14,45.0;3996,15,13.0"
927,4.0,4,[],"969,1,29.0"
928,26.0,26,[],"2353,1,5.0;414,2,42.0;2749,23,16.0"
929,4.0,4,[],"2368,1,8.0"
930,38.0,38,[],"2513,1,9.0;3314,4,18.0;2956,5,23.0;1012,7,26.0;3100,14,35.0;3314,15,18.0;4508,16,19.0;3314,17,18.0;3797,19,10.0;3921,22,44.0;5796,35,9.0;6647,36,19.0"
931,20.0,20,[],"3045,1,23.0;3596,19,9.0"
932,10.0,10,[],"2405,1,13.0;2714,5,29.0;1338,7,19.0;2322,8,15.0;1338,10,19.0"
933,13.0,13,[],"3252,1,61.0"
934,16.0,16,[],"3254,1,22.0"
935,11.0,11,[],"2325,1,16.0;3543,11,11.0"
936,8.0,8,[],"345,1,15.0"
937,9.0,9,[],"1205,1,16.0;298,7,40.0"
938,5.0,5,[],"1148,1,14.0;3342,2,6.0;1148,3,14.0;3342,4,6.0"
939,38.0,34,"[19.0, 21.0, 24.0, 26.0]","2673,1,20.0;1831,3,35.0;2673,6,20.0;1831,8,35.0;2975,10,58.0;4793,20,4.0;4306,21,5.0;3193,22,11.0;2673,23,20.0;5582,24,16.0"
940,82.0,81,[94.0],"2650,1,7.0;446,3,40.0;2041,7,22.0;2833,9,23.0;446,14,40.0;1654,28,23.0;4900,29,37.0;5626,30,34.0;4046,31,43.0;5626,32,34.0;6035,35,16.0;2344,36,49.0;4046,50,43.0;7912,55,25.0;2239,76,71.0;9821,77,14.0;10332,78,8.0;7912,81,25.0"
941,4.0,4,[],"2601,1,6.0"
942,19.0,19,[],"534,1,18.0;1696,4,23.0;537,6,60.0"
943,11.0,11,[],"1527,1,22.0"
944,31.0,31,[],"2639,1,7.0;1641,2,7.0;2782,3,12.0;2639,6,7.0;2782,7,12.0;1287,9,19.0;3242,10,26.0"
945,16.0,16,[],"2754,1,9.0;2833,2,23.0"
946,24.0,24,[],"2208,1,7.0;724,2,14.0;2572,3,55.0"
947,20.0,20,[],"351,1,21.0;2586,5,14.0;2418,6,10.0;2912,11,16.0"
948,10.0,10,[],"2525,1,16.0;2852,8,11.0"
949,14.0,14,[],"3253,1,6.0;2885,2,12.0;3241,3,19.0;1289,4,12.0;547,5,31.0"
950,35.0,31,"[19.0, 38.0, 39.0, 42.0]","2613,1,6.0;2615,2,42.0;1282,3,18.0;3476,4,13.0;2614,5,13.0;3732,6,33.0;2614,10,13.0;3731,11,22.0;1504,20,44.0;3731,21,22.0;1504,23,44.0;3731,25,22.0;1504,26,44.0"
951,27.0,27,[],"3334,1,10.0;1312,8,25.0;2199,9,17.0;994,12,44.0;1723,24,26.0"
952,12.0,12,[],"2788,1,40.0;3827,11,8.0;2788,12,40.0"
953,37.0,37,[],"2344,1,49.0;397,8,57.0"
954,56.0,56,[],"1743,1,75.0"
955,7.0,7,[],"2494,1,17.0"
956,7.0,7,[],"2182,1,12.0"
957,43.0,43,[],"1787,1,21.0;179,8,48.0;3012,19,55.0;2776,30,16.0;6104,31,5.0;5578,33,18.0;6104,35,5.0;1909,36,47.0"
958,11.0,11,[],"564,1,68.0"
959,18.0,18,[],"3318,1,10.0;3737,3,28.0;4237,10,18.0;4151,11,26.0"
960,5.0,5,[],"867,1,47.0"
961,7.0,7,[],"3164,1,17.0"
962,10.0,7,"[25.0, 27.0, 28.0]","504,1,17.0;2235,3,9.0;504,5,17.0;1699,6,12.0;423,8,17.0;3610,9,19.0;377,10,24.0"
963,25.0,25,[],"2985,1,20.0;4272,13,25.0;2985,14,20.0;3593,18,50.0;5004,19,13.0;5227,20,8.0"
964,18.0,18,[],"3298,1,28.0;4922,17,13.0"
965,27.0,27,[],"835,1,57.0;3384,12,30.0;835,14,57.0;3384,17,30.0;4149,18,26.0;2367,20,26.0;307,21,32.0;5061,22,5.0;5624,23,8.0"
966,28.0,26,"[24.0, 28.0]","2239,1,71.0;2453,6,28.0;781,7,61.0"
967,12.0,12,[],"3073,1,22.0"
968,7.0,6,[33.0],"3269,1,7.0;1012,2,26.0;4619,3,11.0;2467,4,18.0;1301,7,51.0"
969,38.0,38,[],"3359,1,46.0"
970,26.0,26,[],"3732,1,33.0"
971,17.0,17,[],"2916,1,14.0;2114,8,14.0"
972,25.0,25,[],"2992,1,4.0;3223,2,6.0;583,3,24.0;3643,4,8.0;216,5,32.0;3109,6,4.0;1369,7,21.0;2379,10,54.0;3724,11,17.0;3222,14,27.0"
973,18.0,18,[],"2042,1,7.0;1432,2,43.0"
974,29.0,29,[],"1096,1,38.0;3043,5,44.0"
975,5.0,5,[],"1291,1,19.0;2968,3,9.0;2203,5,15.0"
976,30.0,30,[],"3184,1,12.0;751,8,66.0"
977,27.0,27,[],"3412,1,27.0"
978,26.0,26,[],"2983,1,9.0;3027,6,7.0;3830,7,16.0;4767,18,46.0"
979,11.0,11,[],"3268,1,12.0"
980,20.0,20,[],"1004,1,33.0"
981,22.0,22,[],"2075,1,28.0;3964,10,15.0;2075,11,28.0;1567,21,17.0"
982,29.0,29,[],"3503,1,32.0;3239,6,13.0;3060,7,18.0;3504,12,8.0;3678,13,6.0;3835,14,36.0"
983,36.0,36,[],"3301,1,36.0;74,3,33.0;30,14,27.0;412,21,67.0;4240,29,22.0;412,31,67.0"
984,28.0,28,[],"3291,1,4.0;1418,3,47.0;3110,15,13.0;5077,19,12.0"
985,4.0,4,[],"3077,1,16.0;3276,3,5.0;3441,4,29.0"
986,5.0,4,[22.0],"474,1,16.0;2525,3,16.0;474,4,16.0"
987,32.0,32,[],"2756,1,21.0;4449,12,13.0;2919,20,37.0"
988,16.0,15,[20.0],"1155,1,56.0"
989,17.0,17,[],"3383,1,39.0"
990,21.0,20,[21.0],"2220,1,24.0;2620,3,33.0;2935,4,5.0;1863,5,19.0;1346,6,32.0;2935,9,5.0;4298,10,16.0"
991,15.0,15,[],"3361,1,46.0;2075,10,28.0;3788,12,27.0"
992,25.0,25,[],"2577,1,20.0;336,13,29.0;5459,23,8.0"
993,15.0,15,[],"275,1,62.0;4649,6,14.0;4806,7,4.0;275,8,62.0;4649,10,14.0;4221,11,27.0;6054,13,15.0;4644,14,29.0"
994,14.0,14,[],"2907,1,22.0"
995,12.0,12,[],"1756,1,20.0"
996,7.0,7,[],"584,1,15.0"
997,6.0,5,[20.0],"454,1,26.0;3596,2,9.0"
998,12.0,12,[],"2371,1,12.0;1609,3,13.0;532,4,26.0;189,9,18.0;532,11,26.0"
999,13.0,12,[31.0],"3408,1,6.0;450,4,15.0;3408,7,6.0;450,9,15.0;3088,10,17.0;3412,12,27.0"
1000,22.0,21,[21.0],"991,1,21.0;575,3,54.0;3752,4,10.0;934,5,21.0;3301,13,36.0"
1001,15.0,15,[],"593,1,26.0;1483,6,13.0;3130,7,11.0;3925,11,13.0;22,13,37.0;3996,14,13.0"
1002,15.0,15,[],"2827,1,27.0"
1003,19.0,19,[],"1038,1,26.0;549,12,49.0;3891,13,12.0"
1004,5.0,5,[],"3467,1,16.0"
1005,10.0,10,[],"2257,1,14.0;27,4,59.0;2508,6,19.0;3405,7,48.0;992,9,25.0"
1006,8.0,8,[],"1777,1,27.0"
1007,10.0,10,[],"4186,1,19.0"
1008,5.0,5,[],"983,1,23.0"
1009,36.0,34,"[34.0, 37.0]","1695,1,6.0;1104,2,23.0;445,4,34.0;4111,7,23.0;1104,13,23.0;4742,14,12.0;4516,15,7.0;4746,16,12.0;4557,18,9.0;5240,19,22.0;3256,23,36.0"
1010,70.0,70,[],"2342,1,33.0;2517,14,13.0;3909,15,37.0;3809,30,31.0;5307,37,8.0;5303,38,14.0;6040,39,4.0;6384,40,24.0;7153,52,8.0;6741,56,39.0"
1011,24.0,23,[21.0],"2337,1,6.0;2264,2,27.0;2959,8,9.0;2264,10,27.0;2999,13,12.0;1324,16,35.0;4335,17,15.0"
1012,12.0,12,[],"4235,1,23.0"
1013,12.0,12,[],"3262,1,13.0;2749,12,16.0"
1014,10.0,10,[],"3613,1,21.0"
1015,15.0,15,[],"3439,1,19.0"
1016,5.0,4,[21.0],"2780,1,20.0;3388,2,11.0"
1017,15.0,15,[],"3010,1,17.0"
1018,4.0,4,[],"4727,1,24.0;3616,2,32.0"
1019,16.0,16,[],"2802,1,23.0"
1020,13.0,12,[21.0],"1582,1,13.0;2949,2,22.0"
1021,11.0,11,[],"3572,1,52.0"
1022,37.0,37,[],"2040,1,42.0;1124,3,41.0;4929,21,41.0"
1023,29.0,29,[],"2744,1,18.0;2351,2,16.0;2744,3,18.0;3941,5,29.0;1096,15,38.0"
1024,23.0,20,"[31.0, 32.0, 34.0]","2716,1,21.0;1250,2,55.0;691,10,20.0;1250,11,55.0;4089,13,31.0;1250,15,55.0"
1025,10.0,10,[],"838,1,22.0"
1026,14.0,14,[],"3532,1,35.0;3611,2,11.0;3767,3,13.0;2674,4,12.0;3965,5,16.0"
1027,10.0,10,[],"3589,1,44.0"
1028,9.0,9,[],"1104,1,23.0;2972,2,19.0;556,3,24.0;2972,6,19.0"
1029,13.0,13,[],"335,1,31.0;404,4,73.0;3194,10,31.0;363,11,15.0;1470,13,32.0"
1030,4.0,4,[],"3616,1,32.0"
1031,14.0,14,[],"3195,1,29.0;1631,4,32.0;3975,5,10.0"
1032,74.0,72,"[26.0, 94.0]","203,1,15.0;2346,2,13.0;168,3,26.0;3001,4,9.0;1442,5,15.0;4048,6,21.0;3483,7,43.0;1419,29,51.0;5079,47,31.0;6759,53,40.0;8120,72,16.0;6759,73,40.0;10726,74,6.0"
1033,12.0,10,"[25.0, 26.0]","350,1,35.0;889,4,31.0;3204,6,23.0"
1034,5.0,4,[24.0],"2852,1,11.0;2525,2,16.0"
1035,9.0,9,[],"2908,1,8.0;1458,5,40.0"
1036,6.0,5,[25.0],"2322,1,15.0;1338,6,19.0"
1037,6.0,6,[],"1310,1,31.0"
1038,16.0,16,[],"3796,1,8.0;3318,5,10.0;4237,6,18.0;5127,13,13.0"
1039,23.0,21,"[31.0, 33.0]","3080,1,13.0;2839,9,13.0;4490,10,13.0;3875,11,6.0;4702,12,15.0"
1040,4.0,4,[],"3540,1,5.0;693,4,26.0"
1041,21.0,21,[],"2919,1,37.0"
1042,16.0,16,[],"3642,1,16.0"
1043,46.0,46,[],"1020,1,13.0;3593,6,50.0"
1044,15.0,14,[25.0],"3633,1,7.0;2921,5,15.0;4114,6,55.0"
1045,13.0,13,[],"2797,1,18.0"
1046,19.0,18,[38.0],"1114,1,21.0;1130,10,26.0"
1047,15.0,15,[],"3179,1,19.0"
1048,18.0,18,[],"276,1,70.0;3957,11,12.0;4021,12,23.0;3865,13,30.0"
1049,26.0,25,[44.0],"3353,1,26.0;5852,23,13.0;5359,24,5.0;2572,25,55.0;1346,26,32.0"
1050,12.0,12,[],"3038,1,28.0"
1051,24.0,24,[],"4464,1,20.0;3835,17,36.0"
1052,5.0,4,[24.0],"3165,1,5.0;3029,2,7.0;3031,3,6.0;196,5,25.0"
1053,5.0,5,[],"3638,1,10.0"
1054,4.0,3,[23.0],"3618,1,11.0;3904,3,7.0"
1055,65.0,65,[],"524,1,35.0;1659,2,8.0;2909,4,11.0;524,8,35.0;4786,16,6.0;524,17,35.0;3723,18,54.0;5495,24,24.0;524,25,35.0;3723,26,54.0;5495,30,24.0;5542,41,40.0"
1056,19.0,18,[39.0],"1050,1,33.0;1615,17,59.0;5467,18,29.0"
1057,12.0,11,[44.0],"3919,1,14.0;3920,2,17.0;4431,11,51.0;3919,12,14.0"
1058,30.0,30,[],"2732,1,14.0;1399,6,74.0"
1059,9.0,9,[],"1816,1,33.0"
1060,18.0,18,[],"403,1,35.0;881,2,26.0;3874,3,30.0;4056,4,15.0;403,7,35.0"
1061,6.0,6,[],"2586,1,14.0"
1062,18.0,18,[],"3728,1,16.0;4527,15,4.0;2437,16,36.0;5256,17,6.0"
1063,10.0,10,[],"2976,1,7.0;3729,2,4.0;3730,3,13.0;3225,4,32.0;2730,5,29.0;4018,6,35.0"
1064,7.0,6,[44.0],"3190,1,21.0"
1065,14.0,14,[],"4565,1,25.0;3499,11,21.0;727,13,54.0"
1066,36.0,35,[58.0],"1979,1,44.0;4559,16,28.0;5827,28,15.0;1979,29,44.0;5827,31,15.0;1979,34,44.0;6107,35,15.0;1979,36,44.0"
1067,26.0,26,[],"3098,1,19.0;1642,3,21.0;2710,12,27.0;4038,13,47.0;2710,22,27.0"
1068,7.0,7,[],"889,1,31.0;350,7,35.0"
1069,10.0,9,[23.0],"2511,1,23.0;1504,2,44.0"
1070,5.0,5,[],"2422,1,16.0"
1071,17.0,17,[],"1696,1,23.0;4694,11,27.0;168,16,26.0;580,17,36.0"
1072,7.0,7,[],"1184,1,23.0"
1073,9.0,9,[],"2893,1,27.0"
1074,20.0,20,[],"1053,1,39.0"
1075,26.0,26,[],"2199,1,17.0;1723,6,26.0;994,18,44.0;4097,24,30.0;5956,25,22.0;1525,26,27.0"
1076,16.0,15,[35.0],"1342,1,38.0;5038,14,22.0"
1077,4.0,4,[],"5007,1,9.0"
1078,7.0,7,[],"2288,1,50.0"
1079,4.0,4,[],"3758,1,15.0"
1080,5.0,5,[],"3729,1,4.0;3730,2,13.0;3225,3,32.0;4018,4,35.0"
1081,19.0,19,[],"3843,1,21.0"
1082,11.0,10,[24.0],"3860,1,5.0;3610,2,19.0"
1083,21.0,21,[],"2632,1,26.0;2872,2,57.0;3153,17,60.0"
1084,7.0,7,[],"3787,1,19.0"
1085,10.0,10,[],"1895,1,7.0;3192,2,21.0;3571,3,6.0;3931,4,17.0"
1086,15.0,15,[],"727,1,54.0"
1087,43.0,43,[],"777,1,73.0;4103,9,6.0;3347,11,21.0;204,15,59.0;5351,17,19.0;204,20,59.0;5488,30,38.0;5454,41,18.0"
1088,36.0,35,[59.0],"2772,1,45.0;5656,34,17.0;5063,35,12.0;5656,36,17.0"
1089,15.0,15,[],"2727,1,17.0;619,8,47.0"
1090,4.0,4,[],"2903,1,22.0"
1091,23.0,23,[],"3520,1,49.0;3621,5,33.0;2265,6,17.0;2266,7,14.0;2966,8,29.0;2266,13,14.0;4494,14,12.0"
1092,19.0,19,[],"3580,1,4.0;2735,2,14.0;2648,4,13.0;3949,8,17.0"
1093,16.0,16,[],"653,1,28.0"
1094,42.0,41,[41.0],"1567,1,17.0;3964,2,15.0;3782,17,28.0;2914,18,22.0;3361,19,46.0;2914,36,22.0;7357,37,24.0"
1095,12.0,9,"[31.0, 32.0, 33.0]","2257,1,14.0;4265,2,37.0;3513,3,8.0;3233,5,20.0;4720,6,20.0;3394,7,20.0"
1096,36.0,36,[],"2853,1,15.0;114,2,26.0;3987,3,42.0;972,26,56.0"
1097,10.0,9,[24.0],"560,1,60.0;3949,2,17.0;2648,6,13.0"
1098,34.0,34,[],"3384,1,30.0;835,13,57.0"
1099,26.0,26,[],"3788,1,27.0;3782,4,28.0;3955,5,4.0;4254,6,36.0;4255,7,15.0;4254,12,36.0;4457,19,17.0"
1100,18.0,18,[],"127,1,34.0;132,14,33.0;4931,15,5.0;4287,16,19.0"
1101,8.0,7,[24.0],"3800,1,11.0;1949,2,14.0"
1102,18.0,18,[],"2296,1,15.0;3980,2,21.0"
1103,6.0,6,[],"1037,1,32.0;1981,2,23.0;3067,6,5.0"
1104,38.0,38,[],"725,1,27.0;3323,14,42.0;3677,24,21.0;5314,25,48.0"
1105,24.0,23,[43.0],"3500,1,49.0;3584,13,37.0;3852,19,38.0;5032,21,7.0"
1106,44.0,44,[],"1840,1,66.0;3389,9,24.0;3591,23,26.0;4074,24,11.0;3591,27,26.0;1840,28,66.0"
1107,14.0,14,[],"3261,1,36.0"
1108,28.0,28,[],"3658,1,11.0;4016,2,52.0"
1109,32.0,32,[],"3097,1,21.0;4621,12,22.0;3314,13,18.0;4508,14,19.0;2467,15,18.0;5440,16,11.0;4509,17,17.0;4508,19,19.0"
1110,12.0,12,[],"6277,1,35.0"
1111,4.0,4,[],"642,1,26.0"
1112,5.0,5,[],"3517,1,10.0"
1113,6.0,6,[],"3087,1,46.0"
1114,5.0,5,[],"6145,1,8.0"
1115,11.0,11,[],"2006,1,19.0;4006,2,22.0"
1116,12.0,11,[33.0],"1304,1,57.0;2592,5,14.0;1304,7,57.0"
1117,5.0,5,[],"3910,1,12.0"
1118,8.0,8,[],"3976,1,8.0"
1119,10.0,10,[],"3064,1,9.0;2785,3,19.0;4260,5,20.0;3121,7,8.0"
1120,13.0,13,[],"1140,1,22.0;1260,3,27.0"
1121,13.0,13,[],"2853,1,15.0;3007,2,21.0;114,3,26.0"
1122,15.0,15,[],"1767,1,22.0;4782,15,7.0"
1123,4.0,2,"[25.0, 28.0]","2304,1,7.0;2685,2,12.0;2535,3,18.0"
1124,9.0,9,[],"3914,1,10.0"
1125,9.0,9,[],"3008,1,25.0"
1126,10.0,10,[],"3701,1,7.0;3375,5,7.0;2780,6,20.0;3699,7,5.0;3373,8,12.0"
1127,29.0,29,[],"2346,1,13.0;4288,2,8.0;2515,5,37.0"
1128,19.0,18,[42.0],"3134,1,28.0;3261,18,36.0;3134,19,28.0"
1129,6.0,4,"[27.0, 28.0]","3890,1,5.0;644,3,31.0"
1130,6.0,6,[],"2947,1,11.0;4197,6,37.0"
1131,8.0,8,[],"3540,1,5.0;693,2,26.0"
1132,11.0,11,[],"1037,1,32.0;634,2,26.0"
1133,17.0,17,[],"1787,1,21.0;5137,2,4.0;179,3,48.0;5821,17,7.0"
1134,24.0,23,[58.0],"4450,1,23.0;6158,20,8.0;4209,21,28.0;6962,22,22.0;6614,23,15.0;5757,24,16.0"
1135,11.0,11,[],"1916,1,26.0"
1136,12.0,12,[],"1058,1,35.0;2552,2,45.0;1975,3,37.0;1976,4,16.0;1975,6,37.0;1058,7,35.0"
1137,6.0,6,[],"3950,1,9.0"
1138,66.0,66,[],"3937,1,12.0;4290,11,11.0;2239,14,71.0;8822,59,18.0"
1139,4.0,4,[],"3650,1,47.0"
1140,4.0,4,[],"3839,1,41.0;161,4,26.0"
1141,8.0,8,[],"3160,1,7.0;4099,2,9.0;2431,4,18.0"
1142,10.0,10,[],"3760,1,13.0"
1143,4.0,4,[],"3988,1,37.0;1332,4,24.0"
1144,13.0,13,[],"2301,1,22.0"
1145,10.0,10,[],"4198,1,8.0;3164,3,17.0;1342,5,38.0"
1146,25.0,25,[],"826,1,51.0;5514,25,31.0"
1147,6.0,6,[],"696,1,34.0"
1148,16.0,16,[],"1487,1,66.0"
1149,21.0,21,[],"4048,1,21.0"
1150,11.0,11,[],"3518,1,28.0"
1151,32.0,31,[87.0],"8084,1,23.0;5233,7,41.0;8879,19,10.0;7932,20,13.0;9562,22,9.0;10227,23,5.0;8033,24,13.0;8879,25,10.0;9914,26,9.0"
1152,51.0,50,[70.0],"3520,1,49.0;7926,31,23.0;10277,51,4.0"
1153,4.0,4,[],"626,1,52.0"
1154,31.0,29,"[27.0, 38.0]","2358,1,45.0;3017,2,47.0;4263,5,4.0;626,6,52.0;4263,11,4.0;3925,12,13.0;593,13,26.0;5453,15,17.0"
1155,12.0,12,[],"3112,1,30.0;566,11,51.0;4366,12,8.0"
1156,29.0,29,[],"3989,1,43.0"
1157,9.0,9,[],"2006,1,19.0;4004,2,22.0;4511,3,29.0;4004,5,22.0"
1158,11.0,11,[],"2948,1,21.0"
1159,7.0,7,[],"3639,1,4.0;3900,2,6.0;447,3,27.0;3723,4,54.0"
1160,25.0,25,[],"2962,1,6.0;46,2,44.0;2642,8,18.0;4175,9,5.0;5046,10,7.0;669,16,54.0;1779,17,16.0;3192,18,21.0"
1161,17.0,16,[54.0],"5065,1,39.0"
1162,4.0,4,[],"4681,1,10.0;5736,2,4.0"
1163,25.0,25,[],"3800,1,11.0;1828,3,63.0"
1164,15.0,15,[],"3828,1,56.0;4393,8,11.0"
1165,18.0,18,[],"2741,1,47.0"
1166,25.0,25,[],"2288,1,50.0"
1167,19.0,19,[],"1158,1,58.0;1258,8,23.0;739,9,27.0"
1168,22.0,22,[],"3389,1,24.0;1840,4,66.0;4075,5,23.0;1840,6,66.0"
1169,62.0,62,[],"3009,1,78.0;4164,13,6.0;5177,14,7.0;3009,15,78.0;7344,55,22.0;6643,56,25.0;9645,57,10.0"
1170,13.0,13,[],"3741,1,5.0;3852,2,38.0;756,3,17.0;3852,4,38.0;3185,5,74.0;4521,6,21.0;764,13,22.0"
1171,10.0,10,[],"1037,1,32.0;4748,10,7.0"
1172,29.0,29,[],"1732,1,45.0"
1173,20.0,20,[],"3225,1,32.0;2730,2,29.0;3412,18,27.0"
1174,5.0,2,"[29.0, 30.0, 31.0]","3307,1,36.0;4288,5,8.0"
1175,19.0,19,[],"3640,1,50.0"
1176,8.0,8,[],"482,1,22.0;201,2,26.0;195,3,18.0;201,4,26.0;720,5,26.0"
1177,42.0,42,[],"2059,1,18.0;3446,2,42.0;1953,11,40.0;6219,23,13.0;5923,24,15.0;3446,25,42.0;4060,26,29.0;4062,39,40.0"
1178,22.0,22,[],"4091,1,26.0"
1179,12.0,12,[],"1599,1,75.0"
1180,19.0,19,[],"3696,1,5.0;2852,2,11.0;3044,3,22.0"
1181,5.0,5,[],"3841,1,8.0"
1182,72.0,72,[],"4148,1,30.0;5218,27,34.0;7276,51,20.0;7937,62,23.0;9460,63,12.0;7840,65,29.0"
1183,21.0,21,[],"4187,1,18.0;4793,9,4.0;2975,10,58.0;5186,11,7.0;5387,12,10.0;5520,13,23.0;4308,16,8.0;5900,17,7.0"
1184,12.0,12,[],"4150,1,44.0;4957,12,4.0"
1185,6.0,6,[],"1310,1,31.0"
1186,5.0,5,[],"2770,1,19.0"
1187,22.0,21,[43.0],"3164,1,17.0;4199,7,11.0;1342,8,38.0;4247,10,42.0;5844,17,9.0"
1188,6.0,6,[],"5493,1,20.0"
1189,25.0,24,[63.0],"5829,1,19.0;5324,15,22.0;6071,17,10.0;7599,18,11.0;6640,19,10.0;4097,20,30.0"
1190,16.0,16,[],"2628,1,18.0;3249,2,17.0;4280,3,14.0;3249,5,17.0;4614,6,5.0;3249,7,17.0"
1191,4.0,4,[],"194,1,28.0"
1192,60.0,57,"[31.0, 32.0, 33.0]","813,1,15.0;4159,2,17.0;564,3,68.0;4446,4,8.0;2575,5,25.0;3769,6,5.0;564,7,68.0;8824,51,4.0;8821,52,20.0;7201,53,17.0;6591,54,25.0"
1193,22.0,22,[],"746,1,51.0;1541,22,43.0"
1194,23.0,23,[],"3837,1,19.0;4038,16,47.0"
1195,12.0,12,[],"3007,1,21.0"
1196,10.0,10,[],"3911,1,14.0"
1197,15.0,15,[],"3653,1,46.0;5185,14,12.0;3727,15,10.0"
1198,5.0,5,[],"4073,1,13.0"
1199,40.0,40,[],"4149,1,26.0;2367,2,26.0;4149,12,26.0;5507,24,23.0;6756,37,6.0;6956,38,4.0;6756,40,6.0"
1200,4.0,4,[],"3303,1,35.0"
1201,9.0,9,[],"3710,1,12.0;3077,7,16.0"
1202,17.0,17,[],"272,1,28.0;4017,2,14.0;4323,3,9.0;4017,6,14.0;2161,13,20.0;5620,14,40.0"
1203,33.0,33,[],"2508,1,19.0;4537,3,11.0;4925,4,5.0;3124,5,23.0;5857,15,11.0;4992,16,20.0;5857,17,11.0;4992,18,20.0"
1204,8.0,8,[],"3190,1,21.0"
1205,23.0,23,[],"4183,1,25.0"
1206,35.0,35,[],"4145,1,23.0;304,14,68.0"
1207,32.0,32,[],"3290,1,14.0;4694,13,27.0;4858,14,44.0;757,15,42.0;5514,19,31.0;4858,20,44.0;4586,23,37.0"
1208,13.0,13,[],"4003,1,12.0;2006,2,19.0;4004,3,22.0;4420,4,47.0;3707,6,12.0;4511,9,29.0"
1209,4.0,4,[],"3825,1,8.0"
1210,26.0,26,[],"3256,1,36.0;4894,17,34.0"
1211,6.0,5,[66.0],"7093,1,15.0;7608,2,13.0;7764,3,19.0;7902,4,7.0;8090,5,11.0"
1212,11.0,11,[],"4426,1,21.0"
1213,13.0,13,[],"561,1,30.0;1369,12,21.0;2229,13,13.0"
1214,5.0,5,[],"2358,1,45.0;3996,3,13.0;4539,5,24.0"
1215,32.0,32,[],"3747,1,4.0;3574,2,23.0;4995,8,51.0;4707,25,16.0;5282,26,33.0;6100,27,12.0"
1216,32.0,31,[37.0],"4249,1,4.0;2218,3,27.0;285,4,22.0;2218,8,27.0;4416,9,13.0;1550,10,15.0;2396,11,17.0;4221,14,27.0"
1217,23.0,23,[],"4296,1,31.0;2101,4,22.0;4295,13,15.0"
1218,27.0,26,[40.0],"3783,1,7.0;3768,5,4.0;4230,6,9.0;2975,13,58.0"
1219,20.0,20,[],"3846,1,8.0;1973,2,11.0;3137,3,12.0;2263,4,23.0;3137,16,12.0;1327,17,47.0;5552,20,32.0"
1220,4.0,4,[],"3449,1,12.0;2383,2,13.0"
1221,12.0,12,[],"1620,1,24.0"
1222,4.0,4,[],"2390,1,17.0;3962,3,5.0;2088,4,15.0"
1223,4.0,4,[],"4066,1,12.0;821,2,47.0"
1224,46.0,45,[35.0],"4388,1,21.0;4234,2,8.0;3995,3,16.0;5233,4,41.0;3520,5,49.0;4424,8,12.0;3621,9,33.0;4771,10,41.0;8756,45,8.0"
1225,17.0,17,[],"983,1,23.0;4154,8,20.0;38,11,52.0"
1226,10.0,10,[],"1293,1,22.0;3334,3,10.0;2785,4,19.0;2786,5,21.0;4260,6,20.0;2785,7,19.0"
1227,16.0,16,[],"4215,1,46.0"
1228,44.0,42,"[42.0, 47.0]","4076,1,24.0;4875,16,47.0;4613,18,11.0;4231,19,29.0;7938,40,15.0;7484,41,14.0"
1229,23.0,23,[],"3307,1,36.0"
1230,23.0,22,[42.0],"451,1,34.0;1412,6,40.0;451,8,34.0;1412,15,40.0"
1231,17.0,16,[36.0],"4240,1,22.0;2514,7,27.0;2985,8,20.0;5109,9,22.0;4240,10,22.0"
1232,15.0,15,[],"3570,1,25.0"
1233,17.0,17,[],"2372,1,39.0;1654,6,23.0;2918,7,36.0;2372,8,39.0;4839,9,33.0"
1234,36.0,36,[],"889,1,31.0;350,2,35.0;4354,13,24.0;5604,14,5.0;4958,15,13.0;4354,22,24.0;4531,29,32.0"
1235,21.0,21,[],"4168,1,19.0;992,6,25.0;4000,10,15.0;2788,19,40.0"
1236,9.0,9,[],"5031,1,7.0;4903,7,7.0"
1237,6.0,6,[],"4302,1,10.0"
1238,7.0,7,[],"2615,1,42.0;1967,2,20.0"
1239,4.0,4,[],"3245,1,11.0"
1240,10.0,10,[],"1460,1,26.0"
1241,7.0,7,[],"3833,1,16.0"
1242,9.0,9,[],"577,1,30.0"
1243,17.0,17,[],"4383,1,57.0"
1244,50.0,50,[],"4370,1,5.0;4468,4,5.0;4680,5,5.0;3185,6,74.0;6816,38,17.0"
1245,70.0,70,[],"178,1,71.0;9064,53,19.0"
1246,6.0,6,[],"4037,1,11.0"
1247,18.0,18,[],"2379,1,54.0"
1248,25.0,25,[],"3681,1,16.0;5413,12,5.0;4665,13,10.0;5554,14,11.0;5840,15,21.0"
1249,40.0,40,[],"3320,1,43.0;6503,29,14.0;3320,30,43.0;5419,31,12.0;3320,33,43.0"
1250,4.0,4,[],"4213,1,11.0;1463,2,19.0"
1251,48.0,48,[],"3953,1,50.0;7362,36,18.0;7889,37,21.0;4586,38,37.0;537,40,60.0;7890,41,7.0;7070,44,22.0"
1252,11.0,11,[],"4360,1,21.0;4069,2,46.0;351,10,21.0"
1253,5.0,5,[],"3503,1,32.0"
1254,11.0,11,[],"4354,1,24.0"
1255,11.0,11,[],"4332,1,26.0"
1256,7.0,7,[],"5972,1,23.0"
1257,4.0,4,[],"2351,1,16.0"
1258,18.0,18,[],"6117,1,9.0;4994,9,39.0"
1259,37.0,37,[],"1330,1,24.0;1398,13,46.0;3787,14,19.0;3503,17,32.0;3261,28,36.0;3503,31,32.0;5239,32,18.0;6273,33,12.0;5239,36,18.0;7163,37,8.0"
1260,23.0,23,[],"1014,1,50.0;3192,2,21.0;1014,5,50.0;66,8,32.0;1014,11,50.0"
1261,16.0,16,[],"1141,1,32.0;4292,2,25.0"
1262,8.0,8,[],"278,1,55.0"
1263,5.0,5,[],"424,1,47.0"
1264,7.0,7,[],"3781,1,9.0;4390,2,33.0"
1265,9.0,9,[],"3591,1,26.0;3016,9,36.0"
1266,30.0,30,[],"404,1,73.0;3194,2,31.0;4961,15,8.0;5952,17,8.0;6167,18,9.0;1470,25,32.0;5797,26,28.0"
1267,42.0,41,[53.0],"1250,1,55.0;4089,5,31.0;1735,8,37.0;5309,9,9.0;4089,10,31.0;3166,16,14.0;696,17,34.0;6145,24,8.0;6741,25,39.0"
1268,22.0,22,[],"5591,1,17.0;3349,2,45.0;5819,3,17.0;6717,13,11.0;6905,20,17.0;6039,21,12.0;6905,22,17.0"
1269,8.0,7,[30.0],"4398,1,9.0"
1270,9.0,9,[],"3491,1,27.0;6341,7,8.0"
1271,30.0,29,[43.0],"1339,1,13.0;3543,2,11.0;4190,3,10.0;4741,11,14.0;3815,12,13.0;5431,13,5.0;4242,14,66.0;5319,15,10.0;4242,22,66.0;5428,24,13.0;6532,25,6.0;6841,26,15.0"
1272,6.0,6,[],"3648,1,12.0;757,2,42.0;4566,3,20.0;2254,5,10.0"
1273,7.0,7,[],"4406,1,23.0"
1274,43.0,43,[],"3784,1,22.0;404,2,73.0;5890,31,34.0"
1275,52.0,50,"[33.0, 34.0]","2686,1,10.0;4430,2,14.0;4688,3,28.0;4332,4,26.0;2790,5,37.0;4430,8,14.0;3149,17,16.0;5340,18,15.0;6274,19,11.0;5067,30,36.0"
1276,33.0,33,[],"2305,1,26.0;1743,11,75.0;4876,12,29.0;6131,21,15.0;6554,22,12.0;6131,24,15.0;2790,25,37.0;4876,26,29.0;5298,27,18.0;6646,30,11.0;4139,31,36.0"
1277,5.0,5,[],"4440,1,5.0;2715,2,17.0"
1278,22.0,22,[],"3611,1,11.0;339,2,30.0;1831,3,35.0"
1279,9.0,9,[],"4142,1,21.0"
1280,15.0,15,[],"1077,1,63.0"
1281,11.0,10,[58.0],"6712,1,5.0;6691,2,16.0;6145,3,8.0;6869,4,10.0;6976,8,9.0"
1282,17.0,17,[],"2953,1,33.0;104,10,29.0;1324,11,35.0;3567,13,74.0"
1283,25.0,25,[],"1696,1,23.0;4694,7,27.0;757,11,42.0;4694,12,27.0"
1284,50.0,50,[],"2972,1,19.0;4480,4,12.0;2605,12,25.0;3576,25,17.0;5655,27,8.0;3576,31,17.0;1121,32,62.0;6814,41,18.0;6312,47,23.0;8852,48,12.0"
1285,25.0,25,[],"4301,1,27.0;3036,2,9.0;4627,3,12.0;4301,6,27.0;2822,10,20.0;4301,11,27.0;5089,25,24.0"
1286,7.0,7,[],"3125,1,12.0"
1287,11.0,11,[],"4007,1,15.0"
1288,54.0,54,[],"2318,1,23.0;3021,3,16.0;4761,5,40.0;2271,33,70.0;5282,34,33.0;3309,45,51.0;8219,46,15.0;6454,47,20.0"
1289,13.0,13,[],"4293,1,30.0;3908,7,30.0;2691,10,31.0"
1290,40.0,40,[],"2996,1,28.0;4963,9,7.0;5379,10,12.0;5545,11,41.0;5683,36,33.0"
1291,5.0,5,[],"2673,1,20.0"
1292,7.0,7,[],"3942,1,14.0;4032,6,33.0"
1293,21.0,20,[47.0],"782,1,44.0;3689,18,14.0"
1294,30.0,30,[],"3616,1,32.0;4727,18,24.0;3616,26,32.0;5116,27,22.0"
1295,27.0,27,[],"2854,1,25.0;3028,17,33.0;4383,26,57.0;5740,27,29.0"
1296,7.0,7,[],"4258,1,10.0"
1297,48.0,48,[],"4264,1,15.0;4327,15,14.0;6009,16,37.0"
1298,25.0,25,[],"3086,1,10.0;4035,2,13.0;2320,3,30.0;576,13,54.0;2552,21,45.0"
1299,24.0,24,[],"215,1,21.0;4441,5,38.0;4640,6,4.0;4809,7,6.0;4939,9,16.0;5498,10,24.0;4939,13,16.0;5498,18,24.0;4939,20,16.0;5498,21,24.0;4939,23,16.0"
1300,15.0,15,[],"3358,1,14.0;4466,8,8.0;4517,9,7.0;2164,10,21.0;5622,11,13.0;3724,12,17.0;4517,13,7.0"
1301,7.0,7,[],"4268,1,8.0"
1302,4.0,4,[],"4276,1,11.0"
1303,7.0,7,[],"2361,1,16.0"
1304,59.0,58,[71.0],"4232,1,21.0;5450,19,22.0;3574,20,23.0;4421,21,32.0;5659,22,7.0;6100,23,12.0;6831,25,34.0;4503,37,15.0;5403,38,11.0;6831,40,34.0;7260,41,5.0;8687,43,15.0;7261,44,15.0;8687,47,15.0"
1305,17.0,17,[],"4490,1,13.0;3860,10,5.0;4222,11,16.0;4981,12,6.0;4594,16,18.0;4222,17,16.0"
1306,5.0,5,[],"3025,1,17.0;1684,4,40.0;4690,5,10.0"
1307,5.0,2,"[32.0, 34.0, 35.0]","4178,1,14.0;2146,2,22.0;4178,3,14.0;2146,5,22.0"
1308,18.0,18,[],"4270,1,29.0"
1309,17.0,15,"[56.0, 61.0]","6748,1,40.0;5833,2,12.0;3323,3,42.0;6092,12,25.0"
1310,16.0,16,[],"4565,1,25.0;4128,3,32.0"
1311,6.0,5,[37.0],"3546,1,19.0;4270,6,29.0"
1312,10.0,10,[],"3346,1,25.0;2410,2,17.0"
1313,13.0,13,[],"3499,1,21.0;727,7,54.0;3499,9,21.0"
1314,26.0,26,[],"4417,1,11.0;3559,2,11.0;1568,3,20.0;1206,4,81.0;4365,13,31.0;1268,14,26.0;6050,15,8.0;5612,23,10.0"
1315,15.0,15,[],"37,1,73.0;431,5,35.0"
1316,17.0,17,[],"4335,1,15.0;6318,2,22.0;7609,16,18.0;8397,17,5.0"
1317,7.0,7,[],"3748,1,15.0"
1318,12.0,12,[],"2310,1,26.0"
1319,5.0,5,[],"3056,1,15.0;4672,2,9.0;4846,3,5.0;3840,4,12.0"
1320,25.0,25,[],"1615,1,59.0;3192,19,21.0;1615,20,59.0;6395,21,7.0"
1321,8.0,8,[],"3361,1,46.0"
1322,22.0,21,[32.0],"1161,1,12.0;798,2,53.0;4810,16,16.0"
1323,8.0,8,[],"3168,1,18.0"
1324,4.0,4,[],"1830,1,22.0;569,2,38.0;3613,3,21.0"
1325,12.0,12,[],"4355,1,10.0;2809,2,24.0;5379,12,12.0"
1326,10.0,10,[],"4124,1,13.0"
1327,14.0,14,[],"2704,1,29.0;3054,2,15.0;3057,4,10.0;4020,5,28.0;4647,6,4.0;4964,7,4.0;4577,8,15.0"
1328,36.0,34,"[43.0, 45.0]","1206,1,81.0;1568,2,20.0;4848,3,8.0;4974,10,8.0;2770,12,19.0;5199,13,13.0;5616,14,5.0;5999,15,41.0"
1329,19.0,17,"[43.0, 49.0]","4476,1,8.0;4082,2,9.0;4476,5,8.0;4096,9,35.0;4475,10,11.0;4655,12,7.0;5105,13,4.0;1038,14,26.0;5956,15,22.0;1525,16,27.0;4225,17,8.0;1029,18,31.0;6268,19,11.0"
1330,15.0,15,[],"3807,1,26.0;4139,7,36.0;5361,8,10.0"
1331,5.0,5,[],"4144,1,14.0;4323,2,9.0;4143,3,9.0"
1332,15.0,15,[],"2920,1,42.0"
1333,16.0,16,[],"5737,1,10.0;6454,10,20.0;6453,16,29.0"
1334,16.0,16,[],"2466,1,23.0;3711,8,11.0;3473,9,63.0;4871,11,8.0"
1335,22.0,22,[],"548,1,33.0;4773,2,7.0;548,8,33.0;1975,10,37.0;5568,15,9.0;6011,16,4.0;6010,17,4.0;6374,18,14.0;6317,19,11.0;6595,20,18.0;6663,21,28.0;6775,22,5.0"
1336,19.0,19,[],"4600,1,8.0;5212,9,7.0;5597,10,7.0;5763,11,15.0"
1337,16.0,16,[],"2344,1,49.0"
1338,7.0,7,[],"4611,1,8.0"
1339,19.0,19,[],"276,1,70.0;5048,11,15.0;5603,19,7.0"
1340,22.0,22,[],"4140,1,34.0;3689,21,14.0;782,22,44.0"
1341,38.0,38,[],"3710,1,12.0;4118,2,8.0;1182,7,78.0;3077,8,16.0;3653,9,46.0;5185,10,12.0;3727,11,10.0;3492,12,32.0;5721,23,15.0;3492,26,32.0;7313,28,4.0;7080,31,29.0;7744,32,24.0;7845,33,10.0"
1342,9.0,9,[],"2051,1,27.0;5195,5,5.0"
1343,7.0,7,[],"2823,1,20.0"
1344,6.0,6,[],"1683,1,22.0"
1345,12.0,12,[],"3220,1,24.0;3839,2,41.0;3220,3,24.0;5237,12,4.0"
1346,50.0,50,[],"4599,1,9.0;3630,2,17.0;4599,3,9.0;4597,4,21.0;5106,18,45.0;27,38,59.0;8450,42,21.0;27,48,59.0"
1347,40.0,30,"[63.0, 64.0, 65.0, 67.0, 70.0, 72.0, 75.0, 80.0, 82.0, 86.0]","7107,1,4.0;3616,2,32.0;7277,3,5.0;7644,4,15.0;7856,6,5.0;8061,8,30.0;8103,10,10.0;7293,11,7.0;7869,13,10.0;8503,14,9.0;8432,15,4.0;4727,16,24.0;4797,17,35.0;9069,18,16.0;7945,19,16.0;8104,20,12.0;9175,21,5.0;7469,22,16.0;8658,23,10.0;8104,24,12.0;4797,25,35.0;9547,26,4.0;7757,27,13.0;9463,28,4.0;8106,29,17.0;8425,30,21.0;10308,31,10.0"
1348,33.0,32,[49.0],"2956,1,23.0;1301,16,51.0;4280,17,14.0;3921,18,44.0"
1349,9.0,9,[],"4342,1,17.0;5534,9,26.0"
1350,24.0,24,[],"4635,1,52.0;5036,23,13.0"
1351,10.0,10,[],"3669,1,19.0;4358,2,12.0"
1352,8.0,7,[50.0],"6156,1,14.0;6401,2,12.0;4700,3,31.0"
1353,17.0,17,[],"3889,1,31.0"
1354,32.0,31,[64.0],"4103,1,6.0;3347,2,21.0;204,6,59.0;5454,10,18.0;204,19,59.0;4810,26,16.0;6335,27,5.0;5472,28,15.0;6485,32,39.0"
1355,14.0,14,[],"2858,1,39.0;5279,9,7.0;5699,13,43.0"
1356,5.0,5,[],"74,1,33.0"
1357,38.0,38,[],"4649,1,14.0;275,11,62.0"
1358,10.0,10,[],"1767,1,22.0;152,6,81.0;4782,8,7.0"
1359,15.0,15,[],"3309,1,51.0"
1360,18.0,18,[],"3917,1,39.0;5066,14,9.0;4004,15,22.0"
1361,24.0,22,"[34.0, 42.0]","1568,1,20.0;4974,2,8.0;2770,10,19.0;5616,11,5.0;5872,12,8.0;2278,13,50.0"
1362,23.0,23,[],"4806,1,4.0;4104,2,13.0;1600,3,46.0;3492,14,32.0;2920,15,42.0"
1363,7.0,7,[],"1525,1,27.0;3680,4,16.0;940,5,27.0"
1364,7.0,7,[],"4252,1,10.0;322,2,20.0"
1365,35.0,35,[],"3489,1,16.0;4166,2,7.0;37,3,73.0"
1366,12.0,12,[],"4765,1,48.0;4568,2,24.0;1773,7,27.0;4765,9,48.0;1773,10,27.0"
1367,19.0,19,[],"5180,1,31.0;4136,11,37.0;9134,14,14.0;6252,15,33.0"
1368,23.0,23,[],"4838,1,11.0;4132,3,4.0;4838,4,11.0;5682,13,9.0;2162,20,39.0"
1369,26.0,24,"[34.0, 37.0]","3823,1,48.0;2716,3,21.0;4926,4,5.0;5304,5,6.0;2942,6,58.0"
1370,26.0,26,[],"4715,1,5.0;2321,2,45.0"
1371,33.0,33,[],"4796,1,7.0;5359,7,5.0;5358,8,19.0;3032,14,52.0;7299,31,4.0;5753,32,31.0;7565,33,29.0"
1372,15.0,15,[],"4710,1,33.0"
1373,7.0,7,[],"4825,1,45.0;2051,6,27.0;5194,7,14.0"
1374,30.0,29,[62.0],"6540,1,5.0;4075,4,23.0;7265,6,9.0;7500,7,11.0;6927,14,9.0;8085,18,12.0;8752,19,15.0"
1375,15.0,15,[],"2940,1,48.0"
1376,48.0,48,[],"3925,1,13.0;3926,2,15.0;59,3,73.0"
1377,10.0,10,[],"3788,1,27.0"
1378,8.0,8,[],"36,1,35.0;1979,2,44.0;36,7,35.0;6028,8,5.0"
1379,6.0,5,[50.0],"0,1,65.0;4929,2,41.0;0,3,65.0"
1380,20.0,20,[],"3103,1,34.0"
1381,24.0,23,[35.0],"4257,1,6.0;4786,2,6.0;5021,3,13.0;5200,4,4.0;5021,7,13.0;4899,8,20.0;6090,22,11.0;6285,23,7.0"
1382,22.0,22,[],"2014,1,46.0;5294,6,12.0;4636,16,16.0"
1383,38.0,37,[35.0],"4496,1,4.0;3727,2,10.0;4105,3,48.0;6960,28,22.0;7217,31,11.0"
1384,7.0,7,[],"3015,1,8.0;550,2,41.0;3489,6,16.0;4867,7,5.0"
1385,4.0,4,[],"4865,1,9.0"
1386,40.0,40,[],"3204,1,23.0;4390,12,33.0;4150,13,44.0"
1387,8.0,8,[],"4945,1,14.0;4944,2,19.0"
1388,32.0,32,[],"3847,1,7.0;575,2,54.0;3621,24,33.0;3301,26,36.0;6702,32,10.0"
1389,7.0,7,[],"1885,1,45.0"
1390,4.0,4,[],"4959,1,5.0"
1391,12.0,12,[],"409,1,22.0;2099,2,25.0"
1392,24.0,24,[],"216,1,32.0;5596,8,4.0;5474,9,22.0"
1393,52.0,52,[],"2396,1,17.0;5014,3,22.0;4525,4,15.0;1550,9,15.0;5014,10,22.0;5644,26,30.0;4416,27,13.0;7246,28,22.0;6487,29,36.0"
1394,6.0,6,[],"3574,1,23.0"
1395,17.0,17,[],"4818,1,20.0"
1396,8.0,8,[],"4894,1,34.0"
1397,7.0,7,[],"335,1,31.0"
1398,6.0,6,[],"2265,1,17.0"
1399,8.0,8,[],"1677,1,23.0"
1400,24.0,24,[],"4939,1,16.0;4809,5,6.0;5489,7,26.0;6386,17,11.0"
1401,28.0,28,[],"3915,1,28.0;5066,2,9.0;5291,7,35.0"
1402,5.0,4,[35.0],"4629,1,8.0;530,3,37.0;5145,5,42.0"
1403,9.0,8,[45.0],"4092,1,10.0;4420,2,47.0"
1404,10.0,10,[],"2785,1,19.0;4260,2,20.0;4862,10,12.0"
1405,18.0,18,[],"4817,1,15.0;5052,2,4.0;4209,5,28.0"
1406,13.0,10,"[36.0, 37.0, 45.0]","3908,1,30.0;2691,2,31.0;3908,4,30.0"
1407,16.0,16,[],"4307,1,7.0;1950,2,15.0;4307,3,7.0;4230,6,9.0;3372,7,11.0;2975,8,58.0;5397,10,22.0;5900,13,7.0;4652,14,14.0;4585,15,14.0;4652,16,14.0"
1408,9.0,9,[],"4943,1,12.0"
1409,6.0,6,[],"4956,1,7.0;4650,2,4.0;2995,3,18.0;4545,4,19.0"
1410,10.0,10,[],"4860,1,11.0;3992,9,12.0"
1411,7.0,6,[93.0],"8092,1,18.0;9010,2,9.0;8092,3,18.0"
1412,14.0,14,[],"4240,1,22.0;2985,2,20.0;4906,3,7.0;4240,4,22.0;5109,6,22.0;4598,8,19.0"
1413,63.0,63,[],"566,1,51.0;3112,24,30.0;6916,25,5.0;7177,29,18.0;8164,42,26.0"
1414,23.0,23,[],"3984,1,5.0;3303,2,35.0;3016,16,36.0;6452,17,6.0;6582,19,4.0;26,20,51.0;6582,23,4.0"
1415,37.0,36,[54.0],"4811,1,21.0;1446,15,36.0;5396,19,9.0;6863,21,7.0;6530,22,12.0;6330,23,6.0;7075,24,32.0;7203,25,8.0;5520,26,23.0;2995,27,18.0;6918,28,20.0"
1416,22.0,22,[],"3731,1,22.0;1684,13,40.0;6002,14,7.0;4997,19,17.0"
1417,14.0,14,[],"3384,1,30.0"
1418,58.0,58,[],"5081,1,6.0;2919,5,37.0;3441,7,29.0;5926,24,43.0;7214,56,14.0"
1419,8.0,8,[],"5873,1,19.0;5890,6,34.0"
1420,7.0,7,[],"4828,1,14.0"
1421,8.0,8,[],"5041,1,9.0"
1422,5.0,5,[],"4621,1,22.0;4151,2,26.0;4621,4,22.0;5982,5,9.0"
1423,17.0,17,[],"4545,1,19.0;4546,2,22.0"
1424,61.0,60,[75.0],"4242,1,66.0;7896,38,4.0;7562,39,6.0;6469,40,12.0;7899,41,24.0;10435,60,4.0"
1425,20.0,20,[],"4233,1,10.0;4732,2,30.0"
1426,4.0,4,[],"3728,1,16.0;4527,2,4.0;5256,3,6.0;2453,4,28.0"
1427,4.0,3,[37.0],"1979,1,44.0"
1428,39.0,39,[],"233,1,31.0;2948,2,21.0;5308,3,11.0;4296,12,31.0;2342,23,33.0;7523,32,13.0;4296,33,31.0;7523,34,13.0;7811,35,23.0;7523,36,13.0"
1429,12.0,12,[],"5068,1,46.0"
1430,9.0,9,[],"2953,1,33.0;1977,9,56.0"
1431,18.0,18,[],"4360,1,21.0"
1432,22.0,21,[56.0],"1174,1,42.0;2372,18,39.0"
1433,7.0,7,[],"4255,1,15.0"
1434,5.0,5,[],"9403,1,11.0;9452,2,9.0;9538,3,17.0"
1435,25.0,25,[],"777,1,73.0"
1436,28.0,28,[],"312,1,20.0;3195,2,29.0;3379,17,24.0;3374,21,34.0;3195,22,29.0;6966,23,8.0;5898,24,16.0;7245,25,5.0"
1437,23.0,23,[],"4834,1,26.0"
1438,13.0,13,[],"593,1,26.0;2358,2,45.0"
1439,16.0,16,[],"5382,1,34.0"
1440,27.0,27,[],"3852,1,38.0;6229,27,12.0"
1441,8.0,8,[],"4789,1,9.0"
1442,31.0,31,[],"3606,1,30.0;7644,2,15.0;5572,14,38.0;8844,15,23.0"
1443,23.0,23,[],"4061,1,11.0;4530,2,29.0"
1444,4.0,4,[],"2395,1,47.0"
1445,8.0,8,[],"4483,1,26.0"
1446,21.0,21,[],"5180,1,31.0;4421,2,32.0;4414,3,28.0"
1447,20.0,19,[38.0],"2448,1,26.0;1885,2,45.0;5363,3,19.0"
1448,16.0,16,[],"6608,1,4.0;5063,2,12.0;4952,3,24.0"
1449,6.0,6,[],"4847,1,18.0;448,5,61.0"
1450,4.0,4,[],"4177,1,22.0"
1451,6.0,6,[],"4868,1,9.0"
1452,5.0,5,[],"5133,1,29.0"
1453,25.0,23,"[37.0, 40.0]","2484,1,13.0;4997,2,17.0;4908,4,5.0;1709,5,17.0;2963,6,16.0;4908,7,5.0;2696,8,33.0"
1454,5.0,5,[],"4669,1,5.0;1276,2,16.0;4669,4,5.0;4666,5,8.0"
1455,35.0,34,[68.0],"4089,1,31.0;5309,4,9.0;3810,8,8.0;3166,9,14.0;696,10,34.0;5634,11,11.0;3166,12,14.0;163,14,47.0;2741,15,47.0;6601,16,19.0;7832,32,27.0;7824,33,15.0"
1456,44.0,44,[],"1242,1,62.0"
1457,23.0,23,[],"4567,1,37.0"
1458,29.0,28,[55.0],"4293,1,30.0;5844,15,9.0;4544,16,37.0;2491,17,44.0;6835,18,4.0;6042,19,6.0;6999,20,13.0"
1459,11.0,11,[],"4327,1,14.0;5703,5,21.0"
1460,15.0,13,"[38.0, 39.0]","4335,1,15.0;5275,3,19.0;5071,9,8.0;5275,11,19.0"
1461,5.0,5,[],"4630,1,9.0"
1462,13.0,13,[],"5288,1,16.0;3915,10,28.0"
1463,4.0,4,[],"4556,1,37.0"
1464,13.0,13,[],"3423,1,23.0"
1465,8.0,7,[42.0],"4365,1,31.0;2278,5,50.0;3767,6,13.0"
1466,9.0,9,[],"4878,1,19.0;4004,2,22.0"
1467,9.0,9,[],"2146,1,22.0"
1468,5.0,3,"[40.0, 41.0]","5212,1,7.0;1258,2,23.0;5474,3,22.0;5593,4,10.0;1158,5,58.0"
1469,18.0,18,[],"4414,1,28.0;4155,2,29.0;5104,3,11.0;4155,9,29.0;4413,10,32.0"
1470,32.0,29,"[51.0, 55.0, 69.0]","4366,1,8.0;5018,5,4.0;3112,6,30.0;4310,7,7.0;5945,8,6.0;4311,9,36.0;4564,10,8.0;4311,12,36.0;5511,13,12.0;6064,15,19.0;4311,19,36.0;7170,22,8.0;4311,25,36.0"
1471,27.0,27,[],"5270,1,13.0;5219,6,17.0;4607,7,9.0;5219,9,17.0;6123,19,14.0"
1472,9.0,9,[],"5249,1,6.0;1057,6,39.0"
1473,7.0,6,[39.0],"3576,1,17.0;2344,2,49.0;3576,3,17.0;4521,5,21.0"
1474,8.0,8,[],"5268,1,9.0"
1475,6.0,6,[],"5452,1,42.0;4483,6,26.0"
1476,27.0,27,[],"5294,1,12.0;2014,4,46.0"
1477,13.0,13,[],"5259,1,14.0"
1478,9.0,9,[],"5127,1,13.0;4237,2,18.0"
1479,28.0,28,[],"4745,1,31.0"
1480,48.0,48,[],"5400,1,9.0;3850,8,13.0;2239,13,71.0;4131,14,37.0;8165,42,17.0;7175,43,23.0"
1481,13.0,13,[],"4075,1,23.0;26,7,51.0;3389,8,24.0;26,10,51.0"
1482,45.0,44,[71.0],"1886,1,34.0;5364,2,4.0;3459,4,37.0;1599,33,75.0;6247,34,23.0"
1483,31.0,31,[],"4766,1,24.0;4765,2,48.0;5484,30,18.0;5158,31,34.0"
1484,24.0,23,[62.0],"5104,1,11.0;4503,2,15.0;4985,3,12.0;5180,4,31.0;4985,7,12.0;4155,9,29.0;5446,22,9.0;6652,23,6.0;5977,24,48.0"
1485,12.0,12,[],"4907,1,13.0;4165,9,8.0;5429,10,5.0;4907,11,13.0;5429,12,5.0"
1486,38.0,38,[],"5037,1,51.0"
1487,36.0,35,[45.0],"4163,1,6.0;3848,2,9.0;4355,3,10.0;3848,4,9.0;5782,5,7.0;2559,6,26.0;4355,7,10.0;4039,8,37.0;5511,23,12.0;4039,27,37.0"
1488,14.0,14,[],"4836,1,41.0;3648,6,12.0;4836,7,41.0;5889,11,20.0;4836,12,41.0"
1489,29.0,29,[],"5398,1,20.0;5183,9,34.0;3042,10,13.0;1077,11,63.0;4855,12,41.0;6091,15,14.0;4918,16,10.0;5955,17,17.0;6747,18,24.0"
1490,4.0,4,[],"5038,1,22.0;4198,2,8.0"
1491,12.0,12,[],"5292,1,28.0;5286,5,17.0;5344,11,6.0;2790,12,37.0"
1492,31.0,31,[],"4114,1,55.0;2802,6,23.0;5055,10,29.0;5042,18,38.0;6989,19,12.0;5042,24,38.0;6989,25,12.0;5664,28,28.0"
1493,14.0,14,[],"447,1,27.0;5200,2,4.0;5021,3,13.0;6092,10,25.0"
1494,9.0,9,[],"1333,1,33.0"
1495,16.0,16,[],"5169,1,49.0;5474,2,22.0;1158,3,58.0;5169,4,49.0;6515,13,7.0"
1496,11.0,11,[],"5322,1,20.0;5475,5,4.0;3958,6,9.0;5769,7,9.0"
1497,19.0,18,[42.0],"1977,1,56.0;4533,5,32.0;682,6,53.0;5706,15,12.0;6013,16,26.0;5706,17,12.0;5916,18,10.0"
1498,7.0,5,"[39.0, 41.0]","4939,1,16.0;5498,3,24.0;4939,4,16.0;4809,5,6.0;4226,6,13.0;5501,7,16.0"
1499,4.0,4,[],"5047,1,11.0;4020,3,28.0;5050,4,12.0"
1500,10.0,10,[],"4827,1,26.0"
1501,21.0,21,[],"4688,1,28.0"
1502,7.0,7,[],"4040,1,17.0"
1503,17.0,17,[],"5368,1,21.0;3459,17,37.0"
1504,19.0,19,[],"4826,1,17.0;4466,14,8.0;6400,16,22.0"
1505,56.0,56,[],"3293,1,42.0;7895,32,17.0;4106,33,32.0;8524,34,12.0;8259,45,15.0;5718,54,35.0;7357,55,24.0;5890,56,34.0"
1506,20.0,18,"[39.0, 54.0]","4028,1,6.0;4657,2,7.0;5578,3,18.0;6104,13,5.0;4999,14,5.0;6104,15,5.0;1909,16,47.0;5239,17,18.0;6812,18,5.0"
1507,14.0,14,[],"5365,1,22.0"
1508,46.0,46,[],"4531,1,32.0;4354,16,24.0;6411,19,32.0"
1509,21.0,21,[],"717,1,65.0;5145,7,42.0;5809,17,25.0;5145,20,42.0"
1510,18.0,18,[],"4183,1,25.0;6246,2,35.0;6595,18,18.0"
1511,22.0,22,[],"5790,1,19.0;6987,2,16.0;4733,15,28.0"
1512,5.0,4,[44.0],"1416,1,41.0;5150,4,6.0"
1513,8.0,8,[],"4548,1,12.0;4391,5,26.0;1004,6,33.0"
1514,25.0,25,[],"5497,1,21.0;5885,21,13.0;4563,23,18.0"
1515,11.0,11,[],"5324,1,22.0;4319,2,13.0"
1516,11.0,11,[],"5506,1,41.0;307,4,32.0"
1517,51.0,49,"[65.0, 66.0]","4211,1,52.0;4745,22,31.0;4211,23,52.0;4745,26,31.0;4211,28,52.0"
1518,4.0,4,[],"4742,1,12.0;4745,4,31.0"
1519,27.0,26,[44.0],"4277,1,10.0;1592,2,51.0;4492,3,32.0;5814,4,5.0;5247,5,9.0;6038,6,30.0;4700,7,31.0;6422,10,18.0;4700,26,31.0"
1520,60.0,60,[],"24,1,21.0;4994,7,39.0;5332,17,34.0;7718,30,7.0;8217,31,8.0;5332,32,34.0;8217,34,8.0;7718,36,7.0;46,37,44.0;9275,43,12.0;7717,46,25.0"
1521,7.0,7,[],"254,1,37.0"
1522,5.0,5,[],"4342,1,17.0"
1523,8.0,8,[],"4604,1,8.0;3995,2,16.0"
1524,9.0,9,[],"4998,1,7.0;3023,4,26.0"
1525,11.0,10,[41.0],"4394,1,4.0;5472,2,15.0;2952,3,37.0"
1526,23.0,23,[],"1599,1,75.0;4492,13,32.0"
1527,5.0,5,[],"5417,1,5.0;4478,4,9.0;55,5,27.0"
1528,17.0,17,[],"2484,1,13.0;4690,2,10.0;5221,3,4.0;4339,4,35.0;2467,5,18.0;4339,7,35.0"
1529,4.0,4,[],"4521,1,21.0"
1530,9.0,9,[],"3555,1,32.0;27,3,59.0"
1531,31.0,31,[],"5926,1,43.0;6972,5,9.0;7199,6,5.0;7422,7,32.0"
1532,10.0,9,[49.0],"270,1,14.0;4466,2,8.0;3663,3,13.0;2164,4,21.0;5188,5,24.0;2164,8,21.0;4144,9,14.0;3953,10,50.0"
1533,25.0,25,[],"6038,1,30.0;4700,2,31.0;6156,3,14.0;5854,4,6.0;2573,5,26.0;6423,6,14.0;5208,14,26.0"
1534,12.0,12,[],"4917,1,18.0"
1535,32.0,32,[],"569,1,38.0;6624,13,7.0;5397,14,22.0;6624,17,7.0;5397,18,22.0;7030,26,10.0;6821,27,18.0;7743,28,5.0;8143,29,5.0;7821,30,7.0;8472,31,4.0;8563,32,23.0"
1536,6.0,5,[60.0],"7311,1,28.0"
1537,17.0,17,[],"5610,1,12.0;335,12,31.0;3784,13,22.0;6167,14,9.0;5797,15,28.0;2279,16,21.0;4817,17,15.0"
1538,10.0,10,[],"3194,1,31.0"
1539,14.0,14,[],"5134,1,20.0"
1540,11.0,11,[],"4573,1,8.0;3908,5,30.0"
1541,5.0,5,[],"5568,1,9.0"
1542,16.0,16,[],"5110,1,16.0;3301,10,36.0"
1543,9.0,7,"[47.0, 48.0]","5080,1,7.0;3823,2,48.0;4321,9,23.0"
1544,19.0,19,[],"4327,1,14.0;4924,8,5.0;6141,9,34.0;6380,12,24.0"
1545,22.0,22,[],"4823,1,11.0;4069,2,46.0"
1546,5.0,5,[],"5372,1,22.0"
1547,5.0,5,[],"5260,1,22.0"
1548,15.0,13,"[77.0, 79.0]","8422,1,16.0;9005,2,11.0;5866,3,20.0;9015,4,4.0;9375,5,11.0"
1549,21.0,21,[],"2728,1,49.0"
1550,7.0,7,[],"5569,1,18.0;5220,2,25.0;5569,7,18.0"
1551,10.0,10,[],"5314,1,48.0;3323,6,42.0;3677,7,21.0;5832,8,11.0;5314,10,48.0"
1552,11.0,11,[],"2704,1,29.0"
1553,12.0,12,[],"6671,1,22.0"
1554,30.0,29,[49.0],"5805,1,4.0;4420,2,47.0"
1555,20.0,20,[],"5644,1,30.0;5923,14,15.0"
1556,12.0,12,[],"5708,1,25.0"
1557,17.0,17,[],"1638,1,69.0;5566,14,20.0;1638,16,69.0"
1558,10.0,10,[],"3630,1,17.0"
1559,26.0,26,[],"4779,1,38.0;4767,15,46.0;4610,16,15.0;4767,18,46.0;5001,19,19.0"
1560,20.0,20,[],"5551,1,11.0;2921,2,15.0;4114,3,55.0"
1561,14.0,14,[],"1977,1,56.0;4336,2,24.0;2316,3,34.0"
1562,23.0,23,[],"4665,1,10.0;5554,2,11.0;5840,3,21.0;5413,5,5.0;5016,6,18.0;4270,20,29.0;7105,21,5.0;4140,22,34.0"
1563,31.0,31,[],"5253,1,17.0;1170,16,56.0"
1564,6.0,6,[],"5535,1,11.0"
1565,7.0,7,[],"5117,1,27.0"
1566,10.0,10,[],"4136,1,37.0;4984,2,7.0;5803,3,8.0;6206,9,15.0;6445,10,14.0"
1567,6.0,6,[],"3992,1,12.0;4860,2,11.0;3992,4,12.0"
1568,7.0,7,[],"5198,1,10.0"
1569,8.0,8,[],"124,1,28.0;4897,2,19.0;3546,5,19.0"
1570,30.0,29,[42.0],"4254,1,36.0;5613,2,29.0;4254,23,36.0"
1571,14.0,14,[],"2946,1,29.0;2491,7,44.0;2946,8,29.0"
1572,51.0,51,[],"2329,1,65.0"
1573,54.0,53,[68.0],"5520,1,23.0;6676,16,43.0;6296,28,40.0;6676,53,43.0"
1574,13.0,12,[46.0],"4076,1,24.0;4875,2,47.0;4613,4,11.0;4231,6,29.0;6016,7,15.0;3473,11,63.0;3712,12,32.0;4235,13,23.0"
1575,24.0,21,"[63.0, 64.0, 65.0]","5684,1,21.0;5545,22,41.0;5683,23,33.0"
1576,4.0,4,[],"980,1,23.0;5781,2,4.0"
1577,6.0,6,[],"5690,1,16.0"
1578,8.0,6,"[45.0, 48.0]","5699,1,43.0;5460,5,7.0;5699,6,43.0;5460,8,7.0"
1579,9.0,8,[49.0],"3303,1,35.0"
1580,25.0,25,[],"5475,1,4.0;276,2,70.0"
1581,46.0,46,[],"6038,1,30.0;4700,24,31.0;8721,25,24.0"
1582,16.0,16,[],"4986,1,11.0;5332,6,34.0;4994,13,39.0;5332,14,34.0"
1583,13.0,13,[],"5353,1,4.0;4142,4,21.0"
1584,12.0,12,[],"5418,1,16.0"
1585,35.0,35,[],"4247,1,42.0;6722,21,9.0;716,22,53.0"
1586,47.0,46,[44.0],"5079,1,31.0;4321,2,23.0;5088,3,38.0;5080,4,7.0;5778,5,19.0;3823,6,48.0;2834,28,37.0;3823,29,48.0;5534,41,26.0;8627,42,18.0"
1587,26.0,26,[],"5723,1,36.0;6678,18,23.0;6325,24,12.0"
1588,8.0,8,[],"2915,1,22.0"
1589,10.0,10,[],"4886,1,26.0;6577,10,17.0"
1590,36.0,35,[70.0],"4900,1,37.0;4046,9,43.0;2344,27,49.0;4046,28,43.0;8048,29,11.0"
1591,29.0,27,"[58.0, 60.0]","1182,1,78.0;1828,5,63.0"
1592,15.0,15,[],"5239,1,18.0;4012,14,15.0"
1593,4.0,4,[],"5309,1,9.0"
1594,20.0,20,[],"6155,1,21.0;7199,15,5.0;6155,16,21.0"
1595,15.0,15,[],"4392,1,15.0;3405,2,48.0;4392,3,15.0;3405,5,48.0"
1596,17.0,17,[],"5747,1,25.0"
1597,13.0,13,[],"626,1,52.0"
1598,18.0,18,[],"3016,1,36.0;5866,5,20.0;3016,6,36.0"
1599,18.0,18,[],"5740,1,29.0;4598,15,19.0;6794,16,36.0"
1600,26.0,26,[],"4424,1,12.0;3621,7,33.0"
1601,10.0,10,[],"2395,1,47.0"
1602,8.0,8,[],"5316,1,10.0;5217,3,22.0;27,6,59.0"
1603,11.0,11,[],"3112,1,30.0"
1604,54.0,54,[],"3499,1,21.0;520,4,63.0;727,5,54.0;6720,20,30.0;727,21,54.0;6720,22,30.0;10022,44,12.0;4374,54,23.0"
1605,8.0,8,[],"5184,1,20.0"
1606,11.0,11,[],"6595,1,18.0;2953,8,33.0"
1607,9.0,9,[],"3038,1,28.0;2716,3,21.0;3038,4,28.0;2716,6,21.0;3038,8,28.0"
1608,12.0,12,[],"5094,1,44.0"
1609,52.0,52,[],"4372,1,8.0;3409,4,16.0;5514,8,31.0;6607,9,33.0;5506,40,41.0;835,41,57.0;8253,42,11.0;9418,43,14.0"
1610,13.0,13,[],"4232,1,21.0;5977,2,48.0"
1611,8.0,8,[],"4963,1,7.0;4390,2,33.0"
1612,12.0,12,[],"4111,1,23.0"
1613,13.0,13,[],"5661,1,14.0"
1614,14.0,14,[],"5492,1,38.0;2741,13,47.0"
1615,4.0,4,[],"4555,1,36.0"
1616,17.0,17,[],"5507,1,23.0;4149,8,26.0"
1617,26.0,26,[],"5886,1,15.0;5262,10,24.0"
1618,27.0,27,[],"3267,1,36.0;1637,18,32.0;7571,19,17.0;1504,20,44.0;5027,21,33.0;7578,26,23.0"
1619,14.0,14,[],"1504,1,44.0;5027,4,33.0;7578,14,23.0"
1620,7.0,7,[],"4521,1,21.0;3576,3,17.0"
1621,19.0,19,[],"4548,1,12.0;4391,2,26.0"
1622,33.0,33,[],"5078,1,36.0;5931,24,13.0;8171,25,17.0"
1623,17.0,16,[49.0],"5889,1,20.0"
1624,28.0,28,[],"5848,1,6.0;233,2,31.0;4914,7,31.0;5038,16,22.0;4914,22,31.0;7089,23,19.0;6486,24,18.0;7723,25,19.0;8281,26,17.0"
1625,24.0,24,[],"4864,1,28.0;6116,7,13.0;5863,11,12.0;6116,15,13.0;2632,17,26.0;2872,18,57.0;7058,20,13.0;7125,22,21.0;7647,23,9.0"
1626,10.0,8,"[54.0, 59.0]","4819,1,14.0;2379,5,54.0;4819,6,14.0;2379,9,54.0"
1627,24.0,24,[],"5986,1,37.0;3301,10,36.0;5986,11,37.0;7168,17,11.0"
1628,14.0,14,[],"781,1,61.0"
1629,48.0,48,[],"4776,1,55.0"
1630,32.0,32,[],"5506,1,41.0"
1631,7.0,7,[],"1637,1,32.0"
1632,20.0,18,"[63.0, 64.0]","5409,1,27.0;5903,2,13.0;5656,3,17.0;5903,5,13.0;6970,12,18.0;298,14,40.0;5063,15,12.0;298,16,40.0;6970,20,18.0"
1633,6.0,6,[],"7766,1,8.0"
1634,44.0,44,[],"4610,1,15.0;5835,2,27.0;2358,13,45.0;4610,15,15.0;4767,16,46.0;8210,41,13.0;549,42,49.0"
1635,6.0,6,[],"5824,1,11.0"
1636,55.0,55,[],"5434,1,33.0;1599,24,75.0"
1637,55.0,53,"[51.0, 52.0]","4352,1,8.0;5678,2,8.0;4066,3,12.0;5970,4,5.0;4943,5,12.0;4067,6,13.0;6048,7,5.0;6567,8,27.0;4948,10,16.0;6567,11,27.0;6398,12,33.0;4944,17,19.0;6922,18,19.0;4322,30,40.0;5427,49,28.0;10450,53,5.0;5427,55,28.0"
1638,11.0,10,[69.0],"6077,1,29.0"
1639,30.0,29,[47.0],"1258,1,23.0;5169,3,49.0;1258,4,23.0;5169,5,49.0"
1640,33.0,33,[],"1735,1,37.0;4938,7,50.0;7123,20,23.0;7643,33,7.0"
1641,22.0,22,[],"5552,1,32.0;6451,18,13.0"
1642,6.0,6,[],"7041,1,10.0;5790,2,19.0;5739,6,22.0"
1643,7.0,7,[],"5650,1,5.0;5741,4,5.0;4272,5,25.0"
1644,5.0,5,[],"4827,1,26.0"
1645,28.0,28,[],"1062,1,70.0;4426,16,21.0;1062,17,70.0"
1646,20.0,20,[],"5882,1,4.0;5718,2,35.0"
1647,18.0,18,[],"1250,1,55.0;6042,2,6.0;1250,5,55.0"
1648,5.0,5,[],"5488,1,38.0;5743,2,6.0;4441,3,38.0;5488,4,38.0;3913,5,10.0"
1649,33.0,33,[],"4377,1,11.0;4032,2,33.0;7103,25,15.0;8351,26,4.0;6521,27,23.0;4743,28,27.0;6747,29,24.0;7630,30,28.0;6747,33,24.0"
1650,18.0,18,[],"5907,1,18.0;5093,11,38.0;5907,15,18.0"
1651,8.0,8,[],"1037,1,32.0;1398,2,46.0;6140,3,5.0;1037,5,32.0;3706,6,13.0;3261,7,36.0;6106,8,14.0"
1652,5.0,5,[],"3088,1,17.0;4390,2,33.0"
1653,8.0,8,[],"5985,1,8.0"
1654,24.0,24,[],"5700,1,37.0"
1655,6.0,6,[],"5540,1,24.0"
1656,12.0,12,[],"5482,1,43.0"
1657,36.0,36,[],"6034,1,25.0;7948,22,19.0;4029,23,18.0;7948,24,19.0"
1658,49.0,49,[],"3105,1,33.0;6666,21,10.0;7383,25,15.0;9220,34,9.0;8433,35,20.0;7380,36,18.0;8433,38,20.0"
1659,42.0,42,[],"3225,1,32.0;4106,7,32.0;6231,23,26.0;7670,28,19.0;5065,38,39.0;7670,41,19.0"
1660,10.0,10,[],"3300,1,24.0"
1661,26.0,26,[],"3379,1,24.0;3374,12,34.0"
1662,5.0,4,[46.0],"5460,1,7.0;5699,2,43.0"
1663,8.0,8,[],"5111,1,8.0;5560,5,9.0"
1664,24.0,24,[],"6429,1,12.0;6468,2,26.0"
1665,5.0,5,[],"4550,1,22.0"
1666,30.0,28,"[68.0, 73.0]","5572,1,38.0;7468,25,4.0;7694,27,9.0;4727,28,24.0;4797,30,35.0"
1667,16.0,16,[],"5027,1,33.0;7627,3,24.0;9451,10,12.0"
1668,9.0,8,[47.0],"4644,1,29.0;6236,3,28.0"
1669,24.0,24,[],"3267,1,36.0;7570,2,29.0;5131,9,38.0"
1670,18.0,18,[],"4545,1,19.0;6221,11,8.0;4545,13,19.0;7208,14,29.0"
1671,13.0,13,[],"3532,1,35.0;5199,13,13.0"
1672,11.0,11,[],"4463,1,12.0;5876,4,9.0;4463,7,12.0;276,9,70.0"
1673,11.0,11,[],"1885,1,45.0"
1674,17.0,17,[],"4492,1,32.0;821,8,47.0"
1675,5.0,5,[],"5127,1,13.0"
1676,35.0,35,[],"4586,1,37.0;537,4,60.0;7888,22,16.0;537,23,60.0;7887,24,19.0;7546,29,17.0;8864,30,7.0;7546,33,17.0;7889,34,21.0"
1677,46.0,45,[53.0],"6007,1,13.0;5565,7,9.0;6115,8,27.0;6123,9,14.0;2271,12,70.0;5282,13,33.0;4138,14,24.0;6832,15,4.0;7439,17,25.0;6277,35,35.0;7124,37,29.0"
1678,35.0,34,[65.0],"4550,1,22.0;7344,2,22.0;3009,17,78.0"
1679,21.0,21,[],"5542,1,40.0;3185,17,74.0;1155,18,56.0;5870,19,13.0;7104,20,26.0"
1680,43.0,43,[],"1439,1,34.0;4138,8,24.0;5990,9,4.0;5282,10,33.0;6951,11,8.0;4995,16,51.0"
1681,15.0,15,[],"5314,1,48.0;5832,2,11.0;3677,3,21.0;6287,4,8.0;5142,10,29.0"
1682,21.0,21,[],"5183,1,34.0;3042,2,13.0;1077,3,63.0;5955,7,17.0;4918,8,10.0;5955,9,17.0;1077,12,63.0;6913,20,17.0;6466,21,17.0"
1683,53.0,52,[47.0],"3823,1,48.0;6504,9,43.0;6940,10,9.0;6504,11,43.0;10631,51,5.0"
1684,27.0,27,[],"4935,1,36.0"
1685,7.0,7,[],"5116,1,22.0"
1686,53.0,53,[],"5292,1,28.0;5709,2,13.0;4876,11,29.0;6556,12,44.0;5343,17,17.0;6556,18,44.0"
1687,11.0,11,[],"4620,1,18.0;5292,8,28.0;4620,10,18.0"
1688,21.0,21,[],"3839,1,41.0"
1689,21.0,21,[],"5019,1,11.0;3467,4,16.0;6465,5,36.0;6074,10,6.0;6465,11,36.0;6319,17,28.0;7693,18,25.0"
1690,15.0,15,[],"3920,1,17.0;6212,2,7.0;5708,6,25.0"
1691,6.0,5,[80.0],"7301,1,21.0;7564,6,26.0"
1692,19.0,18,[63.0],"5753,1,31.0;5848,2,6.0;5305,3,4.0;716,4,53.0;5489,5,26.0;716,9,53.0;6722,18,9.0"
1693,16.0,16,[],"5398,1,20.0;5183,2,34.0;3042,3,13.0;5750,4,11.0;5183,9,34.0"
1694,35.0,35,[],"3874,1,30.0;5065,8,39.0;1814,14,54.0;6971,15,21.0;2755,16,49.0"
1695,13.0,13,[],"2678,1,17.0;3446,2,42.0;4060,3,29.0;5925,4,8.0;5439,5,7.0;6586,6,7.0;2288,11,50.0;569,13,38.0"
1696,16.0,16,[],"5322,1,20.0;4826,6,17.0;6309,7,19.0"
1697,12.0,12,[],"335,1,31.0;5610,7,12.0;3784,8,22.0"
1698,7.0,7,[],"4938,1,50.0;5471,4,9.0;4181,5,22.0"
1699,4.0,4,[],"1308,1,33.0"
1700,8.0,8,[],"5755,1,10.0"
1701,31.0,29,"[51.0, 57.0]","6091,1,14.0;5750,5,11.0;5183,7,34.0;3043,22,44.0;6577,23,17.0;3043,25,44.0;6577,27,17.0;5955,28,17.0;8457,29,5.0"
1702,11.0,11,[],"6699,1,7.0;7411,2,8.0;6445,3,14.0;7621,4,8.0;7686,5,8.0"
1703,53.0,52,[80.0],"3704,1,38.0;6132,13,26.0;1304,33,57.0;6132,34,26.0;7717,35,25.0;1304,38,57.0;5330,39,30.0"
1704,43.0,43,[],"3492,1,32.0;5721,4,15.0;3492,13,32.0;7313,16,4.0;7080,17,29.0;7744,18,24.0;7207,21,8.0;7744,22,24.0;7311,37,28.0"
1705,30.0,30,[],"4900,1,37.0;6759,17,40.0"
1706,39.0,39,[],"4046,1,43.0;2344,5,49.0;5626,6,34.0;8042,33,18.0"
1707,5.0,5,[],"3060,1,18.0"
1708,11.0,11,[],"3756,1,17.0;5789,3,39.0;3756,6,17.0;5789,8,39.0"
1709,19.0,18,[50.0],"4934,1,38.0;1766,3,41.0;4934,4,38.0;3182,19,52.0"
1710,24.0,24,[],"4952,1,24.0;5587,2,25.0"
1711,13.0,13,[],"1979,1,44.0;5827,2,15.0;1979,10,44.0"
1712,19.0,19,[],"4619,1,11.0;1301,4,51.0;5026,12,18.0"
1713,7.0,7,[],"5394,1,11.0"
1714,15.0,15,[],"5965,1,17.0"
1715,48.0,47,[48.0],"3879,1,27.0;4651,2,26.0;6676,20,43.0;8145,48,15.0"
1716,19.0,17,"[52.0, 54.0]","4853,1,12.0;6191,3,23.0;6243,6,33.0;6191,7,23.0"
1717,5.0,5,[],"4780,1,10.0"
1718,8.0,8,[],"4216,1,21.0;569,3,38.0"
1719,14.0,14,[],"3970,1,21.0;2772,10,45.0;5656,11,17.0;2772,13,45.0;5656,14,17.0"
1720,11.0,10,[54.0],"3008,1,25.0;4935,6,36.0;5484,8,18.0;6938,9,8.0"
1721,10.0,10,[],"6035,1,16.0;6312,2,23.0"
1722,7.0,7,[],"4905,1,9.0;5004,2,13.0;6351,3,7.0"
1723,5.0,4,[51.0],"6071,1,10.0;5909,3,16.0;6071,5,10.0"
1724,41.0,41,[],"4764,1,10.0;1121,3,62.0;6755,22,31.0"
1725,13.0,13,[],"5158,1,34.0;6505,8,14.0;5158,9,34.0"
1726,29.0,29,[],"6238,1,36.0;6319,26,28.0"
1727,29.0,26,"[72.0, 73.0, 76.0]","5761,1,12.0;4632,2,14.0;6689,3,12.0;4511,13,29.0;8102,19,9.0;6838,20,20.0;8101,21,4.0;8623,22,9.0;7855,23,20.0;8102,25,9.0"
1728,29.0,29,[],"4621,1,22.0;5649,9,32.0"
1729,19.0,19,[],"3464,1,16.0;2014,5,46.0;6113,6,11.0;3311,9,44.0;7090,14,8.0;7384,15,19.0;3311,16,44.0;7252,17,4.0;7090,18,8.0;3311,19,44.0"
1730,37.0,37,[],"5181,1,45.0"
1731,9.0,9,[],"5652,1,15.0"
1732,7.0,7,[],"2039,1,75.0"
1733,10.0,10,[],"1909,1,47.0;4140,9,34.0"
1734,5.0,5,[],"5885,1,13.0;5497,5,21.0"
1735,25.0,25,[],"717,1,65.0;7139,17,10.0;4869,18,29.0;7562,23,6.0;4242,24,66.0"
1736,12.0,12,[],"1029,1,31.0;36,2,35.0;5956,3,22.0;6025,4,5.0;6102,5,6.0;4329,6,19.0"
1737,9.0,9,[],"5646,1,14.0;5923,5,15.0"
1738,6.0,4,"[67.0, 69.0]","5852,1,13.0;7567,2,5.0;7465,3,5.0;7284,4,10.0"
1739,17.0,17,[],"6304,1,32.0;7026,12,10.0;6304,15,32.0"
1740,6.0,6,[],"6269,1,11.0"
1741,7.0,7,[],"5312,1,11.0"
1742,14.0,14,[],"5836,1,28.0"
1743,25.0,25,[],"6252,1,33.0;3233,3,20.0;6549,4,11.0;6438,5,44.0"
1744,36.0,36,[],"5233,1,41.0;8954,28,16.0;9405,36,8.0"
1745,16.0,15,[57.0],"5383,1,30.0;3584,10,37.0"
1746,17.0,17,[],"5768,1,28.0;6516,8,22.0"
1747,11.0,11,[],"5564,1,39.0"
1748,27.0,27,[],"3640,1,50.0"
1749,13.0,12,[50.0],"2099,1,25.0;4096,2,35.0;4475,3,11.0;4096,4,35.0;6103,13,16.0"
1750,14.0,14,[],"5001,1,19.0;5109,4,22.0"
1751,23.0,23,[],"3856,1,42.0;1174,2,42.0;6502,4,15.0;2372,5,39.0;7730,16,17.0;7508,19,32.0;5534,20,26.0"
1752,8.0,8,[],"5646,1,14.0"
1753,21.0,21,[],"5026,1,18.0;4236,2,32.0;6800,17,14.0;7472,18,7.0;4231,19,29.0;7938,21,15.0"
1754,5.0,5,[],"5994,1,15.0;4071,2,37.0"
1755,22.0,22,[],"2740,1,12.0;3570,2,25.0;1013,3,38.0;3009,10,78.0;2858,11,39.0"
1756,4.0,4,[],"5743,1,6.0;4441,2,38.0"
1757,7.0,7,[],"5440,1,11.0"
1758,9.0,9,[],"3252,1,61.0"
1759,9.0,9,[],"5386,1,17.0"
1760,13.0,13,[],"5022,1,24.0"
1761,6.0,6,[],"3166,1,14.0;163,2,47.0;2741,3,47.0;696,4,34.0;6743,5,6.0;6742,6,4.0"
1762,22.0,22,[],"5924,1,10.0;4644,2,29.0;298,20,40.0;6209,21,15.0"
1763,18.0,18,[],"3616,1,32.0;2512,5,41.0"
1764,29.0,21,"[50.0, 54.0, 55.0, 56.0, 73.0, 76.0, 77.0, 78.0]","5106,1,45.0;7009,8,32.0;4771,24,41.0"
1765,38.0,38,[],"5860,1,7.0;5568,2,9.0;6319,3,28.0;4038,25,47.0;6465,34,36.0;9262,38,7.0"
1766,26.0,26,[],"6172,1,48.0;7024,20,11.0;7535,24,6.0;5208,25,26.0;6631,26,21.0"
1767,37.0,36,[53.0],"6567,1,27.0;6693,2,5.0;6670,5,39.0"
1768,13.0,13,[],"1305,1,51.0"
1769,18.0,18,[],"3500,1,49.0"
1770,31.0,31,[],"5971,1,33.0;8011,18,23.0;8570,27,25.0"
1771,25.0,25,[],"826,1,51.0;5514,2,31.0;826,9,51.0;7171,10,8.0;5509,17,48.0;6858,22,12.0"
1772,16.0,16,[],"4446,1,8.0;6052,2,41.0;6608,3,4.0;6052,6,41.0"
1773,38.0,38,[],"6338,1,14.0;4934,15,38.0;7782,32,16.0"
1774,15.0,15,[],"4803,1,45.0;5806,2,18.0;6536,3,38.0"
1775,17.0,14,"[59.0, 60.0, 61.0]","5863,1,12.0;6116,6,13.0;2632,12,26.0"
1776,16.0,16,[],"5079,1,31.0;5778,9,19.0"
1777,6.0,6,[],"4553,1,16.0"
1778,12.0,12,[],"3181,1,26.0;6854,7,24.0;4128,8,32.0;397,9,57.0"
1779,11.0,11,[],"9556,1,15.0"
1780,17.0,17,[],"3947,1,33.0"
1781,25.0,25,[],"4265,1,37.0"
1782,23.0,23,[],"6432,1,34.0"
1783,14.0,13,[52.0],"3921,1,44.0;5796,2,9.0;6555,4,13.0"
1784,35.0,35,[],"1487,1,66.0"
1785,4.0,4,[],"3784,1,22.0;6167,3,9.0;2279,4,21.0"
1786,8.0,8,[],"3381,1,16.0;6239,2,9.0;6928,3,8.0;6446,4,8.0;6928,6,8.0;6445,8,14.0"
1787,18.0,18,[],"5471,1,9.0;6597,2,9.0;4938,3,50.0;6597,10,9.0;4533,11,32.0;5482,14,43.0;4533,15,32.0"
1788,11.0,10,[58.0],"6198,1,15.0;6197,9,23.0"
1789,37.0,37,[],"4477,1,13.0;6551,2,42.0"
1790,16.0,16,[],"1432,1,43.0;4900,12,37.0"
1791,27.0,27,[],"6505,1,14.0;6259,8,10.0;7189,13,7.0;6854,14,24.0"
1792,38.0,38,[],"4376,1,37.0;1977,4,56.0;7538,16,18.0;7643,24,7.0;7188,29,26.0;9473,38,6.0"
1793,22.0,22,[],"6527,1,27.0;4365,19,31.0;8232,20,17.0;3879,21,27.0"
1794,24.0,24,[],"8926,1,12.0;8936,3,23.0"
1795,8.0,8,[],"6458,1,10.0"
1796,34.0,34,[],"3153,1,60.0;2632,10,26.0;7058,11,13.0;7126,19,27.0;7058,22,13.0;2872,23,57.0;3153,32,60.0;2321,33,45.0;9197,34,18.0"
1797,18.0,18,[],"3653,1,46.0"
1798,11.0,11,[],"7172,1,10.0;6516,2,22.0;7172,4,10.0;6516,7,22.0"
1799,8.0,8,[],"5404,1,16.0"
1800,14.0,14,[],"6213,1,11.0;6359,9,12.0"
1801,48.0,48,[],"1633,1,72.0;8719,24,26.0;9828,42,11.0;8719,43,26.0;9828,45,11.0;8719,46,26.0"
1802,24.0,24,[],"4743,1,27.0;972,12,56.0;6747,14,24.0;1077,15,63.0;3501,24,35.0"
1803,6.0,6,[],"6501,1,24.0"
1804,7.0,7,[],"4509,1,17.0"
1805,14.0,12,"[53.0, 58.0]","5835,1,27.0;4610,4,15.0;5834,7,31.0;5840,14,21.0"
1806,29.0,29,[],"4498,1,24.0;6670,2,39.0;5670,3,16.0;4016,4,52.0;8188,20,4.0;5674,21,23.0"
1807,7.0,7,[],"5500,1,14.0"
1808,11.0,11,[],"5524,1,17.0"
1809,4.0,4,[],"3516,1,29.0;6148,2,8.0;4922,3,13.0"
1810,29.0,29,[],"5686,1,16.0;6574,3,12.0;4413,14,32.0;7409,16,25.0"
1811,17.0,17,[],"6561,1,33.0"
1812,4.0,4,[],"5089,1,24.0"
1813,16.0,14,"[59.0, 60.0]","4950,1,23.0;7403,10,7.0"
1814,14.0,14,[],"1615,1,59.0"
1815,41.0,41,[],"5184,1,20.0;4752,9,32.0;7781,33,14.0;5183,34,34.0;7978,39,11.0;9023,40,7.0;9299,41,6.0"
1816,48.0,48,[],"5674,1,23.0;6080,2,50.0"
1817,15.0,15,[],"6402,1,29.0"
1818,18.0,17,[59.0],"4197,1,37.0;2741,4,47.0;5492,5,38.0;2940,8,48.0;5492,9,38.0"
1819,12.0,12,[],"5435,1,15.0;4066,4,12.0;5678,5,8.0;7036,6,13.0;6904,7,16.0;5425,8,31.0;5435,11,15.0;7533,12,24.0"
1820,10.0,8,"[52.0, 55.0]","1446,1,36.0;6528,2,5.0;5396,3,9.0;5617,4,10.0;6863,5,7.0;6530,6,12.0;6330,7,6.0;7075,8,32.0"
1821,4.0,4,[],"7059,1,9.0"
1822,26.0,26,[],"5229,1,32.0;3012,24,55.0"
1823,39.0,39,[],"1206,1,81.0"
1824,8.0,8,[],"5067,1,36.0;4774,8,25.0"
1825,5.0,5,[],"2617,1,25.0"
1826,32.0,32,[],"3794,1,37.0;7039,10,12.0;8366,11,25.0;8116,12,20.0;7839,18,17.0;8992,19,10.0;7049,20,16.0;9385,21,10.0;7049,23,16.0;9850,24,11.0"
1827,18.0,18,[],"6191,1,23.0;7751,18,6.0"
1828,9.0,9,[],"6243,1,33.0;6492,2,4.0;6573,3,6.0;6243,5,33.0;6157,6,15.0;6573,8,6.0"
1829,10.0,10,[],"4707,1,16.0;4995,4,51.0"
1830,36.0,36,[],"3473,1,63.0;9591,31,13.0"
1831,28.0,28,[],"6561,1,33.0;6350,7,39.0;7044,26,14.0"
1832,5.0,5,[],"3404,1,18.0"
1833,16.0,16,[],"7581,1,16.0;7625,2,16.0;4631,3,45.0"
1834,15.0,15,[],"5745,1,15.0;7479,3,6.0;5566,5,20.0;4151,6,26.0;7763,7,18.0"
1835,6.0,6,[],"2288,1,50.0"
1836,6.0,6,[],"6687,1,15.0"
1837,6.0,6,[],"38,1,52.0"
1838,5.0,5,[],"7441,1,23.0;7272,3,9.0;8734,4,10.0"
1839,9.0,8,[73.0],"7941,1,8.0;7476,3,14.0;7448,8,30.0"
1840,6.0,6,[],"2893,1,27.0"
1841,14.0,14,[],"1322,1,31.0;1896,3,35.0;6283,6,10.0;7002,7,6.0;7182,8,7.0;7241,9,22.0"
1842,47.0,47,[],"2040,1,42.0;3567,2,74.0;4938,45,50.0"
1843,24.0,24,[],"576,1,54.0;2552,6,45.0;7385,10,30.0"
1844,4.0,4,[],"5331,1,33.0"
1845,7.0,7,[],"9541,1,9.0;9544,2,13.0"
1846,9.0,9,[],"5853,1,20.0"
1847,37.0,37,[],"4878,1,19.0;2615,9,42.0;4332,18,26.0;2790,19,37.0;4139,27,36.0;2790,29,37.0;5291,30,35.0;4875,31,47.0;9118,32,10.0;9930,35,8.0;10029,36,4.0;10168,37,5.0"
1848,22.0,22,[],"1425,1,63.0;3987,19,42.0"
1849,23.0,23,[],"5834,1,31.0;6930,7,9.0;5001,8,19.0;6930,11,9.0;4767,13,46.0;6937,14,17.0;5001,18,19.0;5834,19,31.0"
1850,6.0,6,[],"6573,1,6.0;6243,2,33.0;7095,3,6.0;6157,6,15.0"
1851,26.0,26,[],"4555,1,36.0"
1852,22.0,22,[],"6055,1,8.0;6503,4,14.0;7254,12,14.0"
1853,9.0,9,[],"4181,1,22.0;7083,2,17.0"
1854,10.0,10,[],"6416,1,7.0;2834,2,37.0;5493,4,20.0;6195,5,19.0"
1855,28.0,28,[],"6156,1,14.0;5855,2,10.0;6404,3,7.0;6490,4,39.0;7161,13,22.0"
1856,11.0,11,[],"6577,1,17.0"
1857,6.0,6,[],"5965,1,17.0;6914,6,5.0"
1858,6.0,6,[],"1124,1,41.0"
1859,17.0,15,"[58.0, 59.0]","6054,1,15.0;5063,5,12.0;5723,6,36.0;6678,7,23.0;5723,8,36.0"
1860,5.0,5,[],"6635,1,17.0;5280,2,14.0;5535,3,11.0;5280,5,14.0"
1861,19.0,19,[],"1155,1,56.0;6077,8,29.0;7728,18,9.0"
1862,6.0,6,[],"3323,1,42.0"
1863,47.0,47,[],"6391,1,22.0;4636,2,16.0;6391,5,22.0;7091,6,42.0"
1864,6.0,6,[],"6051,1,18.0"
1865,16.0,15,[54.0],"5384,1,29.0;2379,2,54.0"
1866,24.0,24,[],"3309,1,51.0;6454,13,20.0;6453,14,29.0;4552,15,24.0;6453,17,29.0;7934,18,8.0;7438,24,6.0"
1867,5.0,4,[55.0],"3111,1,19.0;4808,2,15.0;2946,3,29.0"
1868,11.0,11,[],"8178,1,29.0;9580,9,8.0"
1869,16.0,12,"[58.0, 59.0, 61.0, 63.0]","4545,1,19.0;7208,2,29.0;7311,3,28.0;7208,4,29.0"
1870,11.0,11,[],"6713,1,20.0"
1871,46.0,45,[98.0],"3149,1,16.0;4688,2,28.0;2615,3,42.0;6993,4,15.0;1684,13,40.0;4875,14,47.0;10168,45,5.0;4875,46,47.0"
1872,8.0,7,[61.0],"3972,1,14.0;2975,8,58.0"
1873,7.0,7,[],"6190,1,29.0;6613,2,7.0;5602,4,11.0;6190,6,29.0"
1874,24.0,24,[],"3657,1,17.0;6804,2,37.0;6895,3,14.0;7145,11,17.0"
1875,30.0,30,[],"6318,1,22.0;7609,2,18.0;7693,13,25.0"
1876,10.0,9,[62.0],"5591,1,17.0;6716,2,10.0;7299,8,4.0;2572,9,55.0;5729,10,22.0"
1877,24.0,24,[],"6580,1,25.0"
1878,46.0,46,[],"5569,1,18.0;5938,8,23.0;2728,9,49.0;8420,23,18.0;8213,34,23.0"
1879,9.0,9,[],"7124,1,29.0;6650,6,18.0"
1880,24.0,24,[],"3881,1,48.0"
1881,10.0,10,[],"6745,1,10.0"
1882,46.0,46,[],"4864,1,28.0;3023,16,26.0;2632,17,26.0;7127,18,13.0;7126,21,27.0;7834,28,23.0;6995,29,35.0;9360,40,8.0;10262,41,7.0;7459,46,20.0"
1883,16.0,16,[],"3723,1,54.0"
1884,37.0,37,[],"6229,1,12.0;5620,7,40.0;5383,28,30.0;5620,31,40.0;5383,32,30.0"
1885,28.0,28,[],"3012,1,55.0;7228,19,21.0"
1886,18.0,18,[],"5433,1,24.0;1828,2,63.0;5433,3,24.0"
1887,40.0,39,[80.0],"4376,1,37.0;8052,23,25.0;7082,24,22.0;7556,25,14.0;9227,26,8.0;8243,27,16.0;7939,29,29.0;2552,30,45.0;8984,31,14.0"
1888,46.0,43,"[68.0, 97.0, 99.0]","6523,1,17.0;7024,11,11.0;6172,15,48.0;8773,31,10.0;7675,33,25.0;9346,44,8.0;7675,45,25.0;6172,46,48.0"
1889,5.0,5,[],"6342,1,13.0"
1890,11.0,11,[],"5708,1,25.0;4431,2,51.0"
1891,9.0,9,[],"4610,1,15.0;2358,2,45.0;6937,5,17.0"
1892,30.0,30,[],"1435,1,45.0;6979,2,30.0"
1893,37.0,36,[68.0],"1592,1,51.0;7533,15,24.0;8193,21,21.0"
1894,45.0,45,[],"4791,1,42.0;9345,27,10.0;1600,28,46.0;7092,29,26.0"
1895,5.0,5,[],"8539,1,7.0"
1896,12.0,12,[],"4797,1,35.0"
1897,9.0,9,[],"6790,1,10.0"
1898,45.0,45,[],"4511,1,29.0;6996,12,6.0;8059,13,16.0;8101,14,4.0;8059,16,16.0;8061,17,30.0;8059,24,16.0;8502,26,12.0;8059,28,16.0;8061,30,30.0;9548,31,4.0;9957,32,13.0;10192,44,6.0"
1899,28.0,28,[],"5847,1,21.0;1600,2,46.0;5847,4,21.0;7214,19,14.0;8229,20,4.0;7422,21,32.0;6960,22,22.0"
1900,17.0,15,"[55.0, 56.0]","2942,1,58.0"
1901,25.0,25,[],"7318,1,9.0;6052,2,41.0"
1902,7.0,7,[],"5966,1,23.0"
1903,7.0,7,[],"549,1,49.0"
1904,45.0,45,[],"2788,1,40.0;6349,15,22.0;7689,17,15.0;8293,18,6.0;8641,19,18.0;10275,36,8.0;9407,41,9.0;10746,42,5.0"
1905,21.0,21,[],"3572,1,52.0"
1906,44.0,44,[],"598,1,48.0;1062,21,70.0"
1907,9.0,9,[],"9995,1,7.0;9168,2,12.0;9995,7,7.0"
1908,17.0,16,[71.0],"6818,1,15.0;7069,16,6.0;6670,17,39.0"
1909,45.0,45,[],"5298,1,18.0;6646,5,11.0;4139,6,36.0;2790,30,37.0;8662,40,13.0"
1910,7.0,7,[],"4032,1,33.0;6635,7,17.0"
1911,18.0,17,[60.0],"6190,1,29.0;5602,5,11.0;6190,6,29.0"
1912,32.0,32,[],"837,1,65.0;6957,2,26.0;5768,28,28.0;8454,29,14.0"
1913,17.0,17,[],"1638,1,69.0"
1914,37.0,37,[],"4885,1,26.0;6868,9,14.0;3087,14,46.0;7556,15,14.0;7082,16,22.0;8052,18,25.0;7082,19,22.0;6868,20,14.0;8799,21,9.0;8978,22,8.0;1977,27,56.0;7829,28,9.0;8365,29,8.0;7250,30,9.0;9687,31,8.0"
1915,44.0,44,[],"5948,1,47.0"
1916,4.0,4,[],"3404,1,18.0;3828,3,56.0;3404,4,18.0"
1917,10.0,9,[63.0],"5819,1,17.0;6717,5,11.0;6905,6,17.0;6717,7,11.0;6905,9,17.0;3349,10,45.0"
1918,21.0,21,[],"3782,1,28.0;5606,2,35.0;3782,4,28.0;5606,6,35.0"
1919,26.0,26,[],"6848,1,42.0"
1920,5.0,5,[],"7039,1,12.0;7839,2,17.0;8116,5,20.0"
1921,9.0,9,[],"4996,1,17.0;4421,2,32.0;4503,3,15.0;4707,4,16.0;6831,9,34.0"
1922,8.0,8,[],"6922,1,19.0"
1923,13.0,13,[],"5739,1,22.0;6359,12,12.0;6800,13,14.0"
1924,44.0,44,[],"162,1,65.0;8241,28,23.0;7832,30,27.0;9383,31,15.0;9564,43,15.0"
1925,4.0,4,[],"6269,1,11.0"
1926,26.0,26,[],"6960,1,22.0;7217,7,11.0;4105,10,48.0"
1927,34.0,34,[],"6039,1,12.0;6905,8,17.0;7653,19,22.0"
1928,8.0,8,[],"3181,1,26.0;6854,3,24.0"
1929,24.0,24,[],"6510,1,10.0;5384,7,29.0"
1930,9.0,9,[],"6447,1,15.0"
1931,11.0,11,[],"6786,1,26.0;6219,2,13.0;4525,6,15.0;6219,8,13.0"
1932,21.0,21,[],"3405,1,48.0;4539,18,24.0"
1933,6.0,5,[56.0],"3989,1,43.0;5122,3,25.0"
1934,9.0,9,[],"3572,1,52.0;5336,2,43.0;7101,3,4.0;3572,4,52.0;7098,9,4.0"
1935,15.0,15,[],"6486,1,18.0;7723,12,19.0"
1936,4.0,4,[],"6931,1,7.0"
1937,10.0,10,[],"5409,1,27.0"
1938,6.0,6,[],"5397,1,22.0;4062,6,40.0"
1939,15.0,15,[],"5903,1,13.0;6970,2,18.0;5395,14,29.0;8141,15,9.0"
1940,31.0,31,[],"4944,1,19.0;6398,4,33.0;5434,18,33.0;7999,19,15.0;3374,20,34.0;7999,22,15.0"
1941,10.0,10,[],"5540,1,24.0"
1942,19.0,18,[57.0],"6781,1,14.0;5055,2,29.0;6321,3,19.0;6246,13,35.0;7518,14,11.0"
1943,15.0,14,[56.0],"6620,1,5.0;6579,2,18.0;6635,9,17.0"
1944,31.0,31,[],"5450,1,22.0;5690,11,16.0;3982,12,17.0;7920,13,25.0;5686,14,16.0;7710,16,27.0"
1945,24.0,24,[],"6231,1,26.0;7027,2,6.0;6231,3,26.0;4106,12,32.0;7895,16,17.0;8231,19,14.0;8899,20,17.0"
1946,44.0,42,"[80.0, 85.0]","6791,1,29.0;7287,22,24.0;7286,23,16.0;6650,24,18.0;8686,25,14.0;7286,26,16.0;8416,27,11.0;7501,31,20.0;7287,32,24.0"
1947,15.0,15,[],"444,1,57.0"
1948,12.0,12,[],"6970,1,18.0;5315,2,16.0;6970,6,18.0;298,11,40.0"
1949,15.0,15,[],"2039,1,75.0"
1950,14.0,13,[60.0],"5545,1,41.0;5683,2,33.0;7074,3,6.0;5683,4,33.0;5545,8,41.0"
1951,11.0,11,[],"6077,1,29.0;1155,6,56.0;7322,7,12.0"
1952,11.0,11,[],"5217,1,22.0"
1953,13.0,13,[],"3591,1,26.0;2966,9,29.0;7263,10,7.0"
1954,11.0,11,[],"6966,1,8.0;5898,2,16.0;7245,3,5.0;7367,4,7.0;6688,8,9.0"
1955,5.0,5,[],"6454,1,20.0"
1956,4.0,4,[],"6852,1,8.0"
1957,6.0,6,[],"6998,1,9.0"
1958,6.0,6,[],"7754,1,4.0;5981,2,18.0"
1959,19.0,19,[],"5699,1,43.0"
1960,7.0,7,[],"6582,1,4.0;4421,2,32.0;5659,3,7.0;4996,4,17.0;6582,5,4.0;7003,6,6.0"
1961,14.0,14,[],"7012,1,36.0"
1962,38.0,38,[],"6995,1,35.0;8713,21,22.0;7834,28,23.0;7126,34,27.0;7459,35,20.0"
1963,5.0,5,[],"5981,1,18.0"
1964,43.0,43,[],"5401,1,25.0;5971,10,33.0;8011,12,23.0;6848,30,42.0"
1965,8.0,8,[],"6461,1,15.0"
1966,21.0,21,[],"6185,1,23.0"
1967,5.0,5,[],"6198,1,15.0"
1968,34.0,34,[],"6596,1,6.0;7099,2,11.0;6381,11,33.0;7782,18,16.0;6381,19,33.0;9689,33,11.0"
1969,26.0,26,[],"6005,1,34.0;6444,9,17.0;6005,10,34.0;8085,19,12.0"
1970,24.0,23,[63.0],"6374,1,14.0;6892,3,4.0;6775,4,5.0;4038,5,47.0;7130,6,6.0;6775,7,5.0;6374,8,14.0;8247,15,16.0;8501,17,9.0;8497,18,6.0;1687,19,68.0"
1971,16.0,16,[],"2040,1,42.0"
1972,4.0,4,[],"6992,1,10.0"
1973,31.0,31,[],"5383,1,30.0;4228,7,21.0;7238,8,12.0;6566,14,23.0;8458,31,9.0"
1974,17.0,16,[64.0],"5482,1,43.0"
1975,13.0,12,[58.0],"6980,1,7.0;6781,2,14.0"
1976,9.0,9,[],"2940,1,48.0;1250,9,55.0"
1977,23.0,22,[75.0],"5563,1,20.0;7306,4,7.0;7421,5,31.0;7531,6,4.0;6440,7,17.0;7804,8,10.0;7687,17,10.0;4602,19,33.0"
1978,17.0,16,[68.0],"6120,1,19.0;7109,6,10.0;4339,7,35.0;6120,12,19.0;8359,13,4.0;2632,14,26.0;7126,15,27.0;3153,16,60.0"
1979,8.0,8,[],"6962,1,22.0;7174,2,10.0;6614,3,15.0;7455,8,10.0"
1980,11.0,11,[],"6883,1,24.0;6884,3,17.0;7125,4,21.0;6449,5,29.0;6650,6,18.0"
1981,26.0,26,[],"1002,1,57.0;6124,12,28.0;8111,26,7.0"
1982,15.0,15,[],"6725,1,9.0;4441,3,38.0;5907,8,18.0;4322,9,40.0;5093,10,38.0;5427,11,28.0"
1983,9.0,7,"[60.0, 62.0]","7217,1,11.0;6155,2,21.0;7677,5,6.0"
1984,15.0,15,[],"2872,1,57.0;3153,2,60.0"
1985,22.0,20,"[59.0, 61.0]","5894,1,8.0;6587,2,8.0;7022,3,6.0;397,4,57.0;7022,5,6.0;6736,6,5.0;397,7,57.0;7253,8,22.0"
1986,6.0,6,[],"4929,1,41.0"
1987,8.0,8,[],"4766,1,24.0"
1988,14.0,14,[],"8791,1,23.0"
1989,33.0,33,[],"6894,1,23.0;6710,17,25.0;9599,27,12.0"
1990,15.0,15,[],"8069,1,4.0;7218,5,20.0"
1991,36.0,36,[],"5644,1,30.0;7094,2,39.0"
1992,25.0,25,[],"2021,1,64.0;4011,2,39.0"
1993,17.0,17,[],"6847,1,19.0;7509,5,21.0;5779,6,23.0;7351,7,17.0;5779,8,23.0"
1994,18.0,18,[],"2572,1,55.0"
1995,14.0,14,[],"5577,1,20.0"
1996,5.0,5,[],"4620,1,18.0"
1997,36.0,36,[],"4643,1,18.0;4950,2,23.0;5789,10,39.0;4914,31,31.0"
1998,17.0,17,[],"8428,1,17.0;7405,8,21.0"
1999,12.0,12,[],"619,1,47.0"
2000,16.0,16,[],"7090,1,8.0;7091,2,42.0;6391,3,22.0"
2001,15.0,15,[],"2491,1,44.0"
2002,17.0,17,[],"6706,1,22.0"
2003,41.0,41,[],"5509,1,48.0;9168,41,12.0"
2004,34.0,26,"[60.0, 61.0, 62.0, 63.0, 64.0, 66.0, 69.0, 71.0]","6888,1,18.0;3616,2,32.0;7277,4,5.0;7644,5,15.0;7694,6,9.0;7856,7,5.0;8061,9,30.0;8103,10,10.0;7293,12,7.0;8503,14,9.0;8505,15,23.0;7581,25,16.0;8505,26,23.0"
2005,15.0,15,[],"6261,1,13.0;7783,11,18.0"
2006,12.0,12,[],"6444,1,17.0;6005,9,34.0;7500,11,11.0"
2007,8.0,5,"[59.0, 63.0, 66.0]","7143,1,7.0;3616,2,32.0;7277,3,5.0;4727,4,24.0;5116,5,22.0;7141,6,5.0;5116,7,22.0;7869,8,10.0"
2008,7.0,7,[],"7088,1,10.0"
2009,26.0,26,[],"6116,1,13.0;2632,3,26.0;2872,4,57.0;6995,14,35.0;6884,15,17.0;6995,18,35.0;2872,20,57.0;3153,22,60.0;2872,23,57.0"
2010,15.0,15,[],"5972,1,23.0"
2011,8.0,8,[],"7244,1,5.0;6788,3,12.0;7427,4,21.0;6687,5,15.0"
2012,10.0,10,[],"6342,1,13.0;7626,6,10.0"
2013,41.0,40,[69.0],"5843,1,17.0;7509,10,21.0;5779,11,23.0;7508,12,32.0;9708,41,9.0"
2014,30.0,30,[],"4710,1,33.0;7948,14,19.0;7326,15,13.0;7477,22,16.0"
2015,5.0,5,[],"4089,1,31.0"
2016,13.0,11,"[70.0, 71.0]","3483,1,43.0;6197,5,23.0;7433,6,9.0;6504,12,43.0"
2017,6.0,6,[],"10084,1,6.0"
2018,6.0,6,[],"6352,1,22.0"
2019,11.0,11,[],"6983,1,19.0"
2020,12.0,12,[],"7226,1,21.0"
2021,5.0,5,[],"7225,1,10.0"
2022,14.0,14,[],"3879,1,27.0;4400,7,26.0;6296,8,40.0;4400,10,26.0;5519,11,18.0;5203,12,29.0"
2023,9.0,8,[92.0],"8955,1,7.0;9789,2,7.0;8955,3,7.0;9789,4,7.0;8875,5,14.0"
2024,21.0,21,[],"7654,1,30.0"
2025,15.0,15,[],"6753,1,4.0;3865,2,30.0;1158,3,58.0"
2026,9.0,9,[],"6638,1,9.0;7117,3,14.0"
2027,5.0,5,[],"6782,1,12.0"
2028,15.0,15,[],"7350,1,6.0;152,2,81.0;7512,3,21.0;152,4,81.0"
2029,11.0,11,[],"3516,1,29.0"
2030,40.0,40,[],"6850,1,27.0;7748,10,13.0;8771,15,13.0;278,24,55.0;9498,25,17.0;4825,33,45.0;5768,34,28.0;10108,35,8.0;5768,40,28.0"
2031,8.0,8,[],"3909,1,37.0"
2032,10.0,10,[],"3874,1,30.0;8023,9,16.0"
2033,4.0,4,[],"4376,1,37.0;2552,3,45.0"
2034,5.0,5,[],"5497,1,21.0;4039,2,37.0;5511,3,12.0"
2035,9.0,6,"[66.0, 67.0, 68.0]","7240,1,9.0;6513,4,35.0;7335,5,7.0;4228,6,21.0;6513,7,35.0"
2036,37.0,37,[],"7257,1,7.0;5775,6,41.0"
2037,5.0,5,[],"2975,1,58.0;1814,5,54.0"
2038,5.0,5,[],"7339,1,11.0;6279,4,14.0"
2039,11.0,11,[],"3782,1,28.0;2914,2,22.0;3782,3,28.0"
2040,11.0,10,[77.0],"6380,1,24.0;4499,2,21.0;5705,3,17.0;7926,4,23.0;6380,5,24.0"
2041,40.0,40,[],"5977,1,48.0;9480,29,15.0"
2042,40.0,38,"[84.0, 85.0]","2490,1,25.0;1433,9,39.0;7724,11,8.0;6146,13,25.0;7511,24,25.0;1182,25,78.0;9624,27,6.0;10051,28,9.0;8447,29,14.0;10051,33,9.0"
2043,4.0,2,"[62.0, 63.0]","7271,1,13.0;4076,2,24.0;4732,3,30.0;5691,4,33.0"
2044,5.0,5,[],"3383,1,39.0"
2045,13.0,13,[],"7031,1,31.0"
2046,22.0,22,[],"5914,1,23.0;1687,8,68.0;8247,9,16.0"
2047,15.0,15,[],"5986,1,37.0"
2048,10.0,10,[],"4128,1,32.0"
2049,33.0,33,[],"4321,1,23.0;5088,2,38.0;7877,22,15.0;8250,25,18.0;9821,27,14.0;9129,30,13.0;9821,31,14.0;2039,33,75.0"
2050,21.0,21,[],"5079,1,31.0;1419,7,51.0;4565,10,25.0;1419,12,51.0"
2051,9.0,9,[],"1814,1,54.0"
2052,36.0,36,[],"5158,1,34.0;520,16,63.0;5941,17,23.0;520,19,63.0;7793,20,31.0"
2053,6.0,6,[],"5327,1,27.0"
2054,9.0,9,[],"6668,1,18.0"
2055,6.0,6,[],"7268,1,12.0"
2056,11.0,11,[],"6565,1,34.0;6051,9,18.0"
2057,21.0,21,[],"7452,1,21.0"
2058,17.0,17,[],"7070,1,22.0;4586,15,37.0"
2059,18.0,18,[],"3915,1,28.0;6710,7,25.0;6894,13,23.0"
2060,9.0,9,[],"4885,1,26.0;7609,7,18.0;7939,8,29.0;6385,9,21.0"
2061,39.0,39,[],"3809,1,31.0;7520,2,6.0;7615,3,33.0;9609,27,5.0;7615,29,33.0;9218,36,16.0"
2062,39.0,37,"[74.0, 79.0]","6218,1,20.0;8543,15,10.0;5351,17,19.0;7520,18,6.0;6741,19,39.0;7565,20,29.0"
2063,39.0,38,[99.0],"51,1,35.0;7290,5,8.0;5914,6,23.0;4532,8,17.0;8256,9,14.0;7943,19,7.0;8875,20,14.0;8665,21,9.0;8556,22,11.0;9674,27,4.0;8041,28,26.0"
2064,17.0,17,[],"8891,1,13.0;9362,3,17.0"
2065,11.0,11,[],"7392,1,29.0"
2066,14.0,14,[],"5093,1,38.0;5427,6,28.0;4643,7,18.0;7407,8,6.0;7968,10,14.0;8480,11,9.0;7968,12,14.0"
2067,5.0,5,[],"7443,1,5.0"
2068,39.0,39,[],"6778,1,29.0;7292,25,21.0;8713,34,22.0"
2069,10.0,10,[],"7471,1,28.0"
2070,18.0,18,[],"5501,1,16.0;440,8,31.0;5038,9,22.0;7636,15,34.0"
2071,37.0,37,[],"4774,1,25.0;5068,15,46.0"
2072,28.0,24,"[63.0, 69.0, 85.0, 86.0]","7518,1,11.0;5042,2,38.0;7518,4,11.0;7830,9,26.0;6246,10,35.0;6321,12,19.0;6246,14,35.0;9116,26,9.0"
2073,26.0,26,[],"7521,1,31.0"
2074,20.0,20,[],"4413,1,32.0;7108,2,5.0;6376,3,23.0;5180,4,31.0;6376,6,23.0;5180,8,31.0;6376,9,23.0;7117,10,14.0;6253,11,16.0;6114,12,20.0;8083,13,17.0"
2075,8.0,6,"[63.0, 64.0]","1433,1,39.0;1170,2,56.0;7724,3,8.0;1433,4,39.0;7724,8,8.0"
2076,5.0,5,[],"7309,1,11.0"
2077,14.0,14,[],"4950,1,23.0;7149,2,16.0"
2078,13.0,13,[],"2941,1,54.0"
2079,18.0,18,[],"7161,1,22.0;6490,5,39.0;4492,14,32.0;6038,15,30.0;8829,16,6.0"
2080,20.0,20,[],"6114,1,20.0;8083,12,17.0;8778,13,9.0"
2081,4.0,4,[],"6466,1,17.0"
2082,30.0,30,[],"7580,1,33.0"
2083,8.0,8,[],"6888,1,18.0"
2084,12.0,12,[],"9241,1,11.0;9557,2,6.0;8521,3,12.0;8580,7,22.0"
2085,7.0,7,[],"6808,1,11.0;7412,6,4.0"
2086,4.0,4,[],"6197,1,23.0;3483,2,43.0;3307,3,36.0;7081,4,10.0"
2087,13.0,11,"[66.0, 72.0]","4322,1,40.0;5093,6,38.0;5427,7,28.0;5093,12,38.0"
2088,38.0,38,[],"3339,1,28.0;6575,2,14.0;7685,3,19.0;1399,21,74.0;8898,23,20.0"
2089,4.0,4,[],"5645,1,15.0"
2090,31.0,31,[],"6971,1,21.0;8235,11,27.0"
2091,22.0,22,[],"717,1,65.0;7139,6,10.0;4869,10,29.0;7658,11,15.0;4869,12,29.0;7658,14,15.0;8971,15,16.0;6468,16,26.0;9047,17,18.0;9215,18,5.0;8971,19,16.0"
2092,6.0,6,[],"7491,1,9.0"
2093,7.0,7,[],"6276,1,13.0"
2094,17.0,17,[],"7012,1,36.0"
2095,5.0,4,[65.0],"3967,1,16.0;7242,2,9.0"
2096,19.0,19,[],"5442,1,14.0;6126,9,23.0;7646,10,26.0;8360,11,7.0;7646,17,26.0"
2097,11.0,11,[],"7551,1,22.0"
2098,18.0,18,[],"7415,1,20.0;3446,7,42.0;8151,8,13.0;7416,18,8.0"
2099,34.0,34,[],"6485,1,39.0"
2100,23.0,23,[],"6763,1,19.0;5534,10,26.0;6763,12,19.0;6502,16,15.0;6763,17,19.0;9323,18,10.0;9322,23,6.0"
2101,6.0,6,[],"10671,1,6.0"
2102,14.0,14,[],"6120,1,19.0;7109,2,10.0;4339,3,35.0;7109,5,10.0;4339,6,35.0"
2103,37.0,37,[],"7448,1,30.0;7476,12,14.0;7448,16,30.0;8267,19,25.0"
2104,14.0,14,[],"298,1,40.0;6970,2,18.0;5395,4,29.0;7426,5,6.0;6845,6,11.0;7425,7,12.0;8369,8,8.0"
2105,4.0,4,[],"7490,1,5.0"
2106,22.0,22,[],"5987,1,31.0"
2107,28.0,28,[],"2966,1,29.0;7410,3,4.0;7011,5,25.0;6576,22,25.0"
2108,18.0,18,[],"7082,1,22.0;3087,2,46.0;7082,4,22.0;8157,7,8.0;8052,9,25.0;7082,12,22.0"
2109,15.0,15,[],"5740,1,29.0;8374,12,24.0"
2110,10.0,10,[],"4603,1,19.0;8273,10,6.0"
2111,12.0,10,"[65.0, 66.0]","6697,1,6.0;7697,2,4.0;7277,4,5.0;7857,5,4.0;6534,6,12.0;6356,7,9.0;6534,8,12.0"
2112,7.0,7,[],"7595,1,22.0"
2113,8.0,8,[],"6502,1,15.0;5401,7,25.0;2372,8,39.0"
2114,14.0,14,[],"5142,1,29.0"
2115,6.0,6,[],"9087,1,17.0"
2116,13.0,13,[],"7675,1,25.0;5898,8,16.0;6834,9,8.0;8589,10,4.0;8588,11,4.0"
2117,6.0,6,[],"412,1,67.0"
2118,16.0,16,[],"5938,1,23.0;5332,11,34.0;8217,12,8.0"
2119,7.0,7,[],"6363,1,35.0"
2120,29.0,29,[],"5042,1,38.0;7721,3,15.0;5042,7,38.0"
2121,23.0,23,[],"7213,1,34.0;6536,18,38.0"
2122,6.0,6,[],"2996,1,28.0;2920,2,42.0;7895,3,17.0"
2123,5.0,5,[],"5401,1,25.0;5971,4,33.0"
2124,17.0,17,[],"7360,1,13.0;7239,8,10.0;6750,9,24.0;7239,15,10.0"
2125,9.0,9,[],"7432,1,4.0;5133,3,29.0"
2126,10.0,10,[],"6713,1,20.0"
2127,24.0,24,[],"3953,1,50.0;8336,13,6.0;7887,14,19.0;8864,15,7.0;7546,16,17.0;9169,18,17.0"
2128,15.0,15,[],"7267,1,13.0;8791,11,23.0"
2129,17.0,17,[],"7259,1,19.0;8078,11,4.0;8754,12,13.0"
2130,16.0,16,[],"1439,1,34.0;7043,3,23.0"
2131,16.0,16,[],"7030,1,10.0;8023,4,16.0"
2132,8.0,8,[],"575,1,54.0;6928,4,8.0;6447,5,15.0;6702,6,10.0;7531,7,4.0;4539,8,24.0"
2133,11.0,10,[74.0],"7512,1,21.0"
2134,36.0,36,[],"7032,1,17.0;7047,9,16.0;8719,10,26.0;1633,11,72.0"
2135,6.0,6,[],"3383,1,39.0"
2136,4.0,4,[],"6646,1,11.0;5298,4,18.0"
2137,28.0,27,[71.0],"7710,1,27.0;5686,5,16.0;7710,6,27.0;6831,9,34.0;6277,23,35.0"
2138,36.0,35,[65.0],"7609,1,18.0;7652,3,12.0;7251,4,37.0"
2139,6.0,6,[],"5928,1,15.0"
2140,13.0,13,[],"10052,1,13.0"
2141,18.0,18,[],"7664,1,26.0;6523,2,17.0;7427,3,21.0"
2142,30.0,30,[],"2326,1,17.0;3989,2,43.0;6877,10,9.0;8801,13,9.0;6877,14,9.0;9108,15,16.0"
2143,23.0,23,[],"7511,1,25.0"
2144,8.0,8,[],"3087,1,46.0;7082,4,22.0;7556,6,14.0;8157,7,8.0"
2145,8.0,8,[],"7333,1,25.0"
2146,15.0,15,[],"3309,1,51.0;5282,10,33.0"
2147,11.0,11,[],"7227,1,5.0;3323,2,42.0"
2148,10.0,10,[],"4272,1,25.0"
2149,31.0,31,[],"7450,1,28.0;9319,25,13.0;5171,26,46.0"
2150,12.0,12,[],"7201,1,17.0;8484,9,9.0"
2151,29.0,29,[],"6584,1,26.0;9384,23,11.0"
2152,20.0,20,[],"5042,1,38.0;7721,3,15.0;5042,5,38.0;4114,6,55.0"
2153,28.0,28,[],"7015,1,38.0"
2154,12.0,11,[69.0],"7044,1,14.0;7110,4,21.0;3593,5,50.0"
2155,34.0,33,[65.0],"6562,1,5.0;7898,2,20.0;3989,12,43.0;8355,13,24.0;9117,14,4.0;8355,17,24.0"
2156,20.0,20,[],"8319,1,11.0;7618,2,27.0"
2157,8.0,8,[],"4839,1,33.0"
2158,22.0,22,[],"3017,1,47.0;7392,10,29.0;8272,13,18.0;8642,16,4.0;8272,18,18.0"
2159,26.0,26,[],"4431,1,51.0"
2160,8.0,8,[],"5797,1,28.0;8370,2,10.0;9423,3,8.0"
2161,5.0,5,[],"1155,1,56.0"
2162,17.0,16,[65.0],"6772,1,23.0"
2163,9.0,9,[],"6786,1,26.0"
2164,19.0,19,[],"3349,1,45.0"
2165,35.0,35,[],"3908,1,30.0;4544,7,37.0;9224,26,13.0;9712,32,10.0"
2166,5.0,5,[],"7236,1,10.0"
2167,7.0,7,[],"6761,1,12.0"
2168,6.0,6,[],"4421,1,32.0;7935,5,12.0;6278,6,20.0"
2169,20.0,20,[],"6649,1,40.0;8041,16,26.0"
2170,8.0,8,[],"4441,1,38.0"
2171,6.0,6,[],"4556,1,37.0"
2172,4.0,4,[],"4287,1,19.0"
2173,35.0,35,[],"3555,1,32.0;8271,13,26.0"
2174,32.0,32,[],"7361,1,27.0;7911,12,22.0;9719,25,6.0;9820,26,7.0;10416,27,7.0;9822,28,7.0;8456,29,16.0;10721,30,5.0"
2175,13.0,13,[],"7056,1,14.0;5336,2,43.0;8556,13,11.0"
2176,6.0,6,[],"7639,1,12.0"
2177,15.0,15,[],"5093,1,38.0;5427,2,28.0;4643,3,18.0;5907,4,18.0;4643,5,18.0;4322,6,40.0;7982,10,16.0"
2178,18.0,17,[78.0],"2437,1,36.0;6676,13,43.0;4400,15,26.0;9243,16,6.0"
2179,28.0,28,[],"4383,1,57.0;8638,24,14.0;4383,26,57.0;3896,27,31.0"
2180,34.0,34,[],"6352,1,22.0;9020,14,22.0"
2181,16.0,16,[],"7660,1,19.0"
2182,6.0,6,[],"7891,1,11.0"
2183,9.0,9,[],"7391,1,8.0;7599,2,11.0;6640,3,10.0;6797,4,17.0"
2184,18.0,18,[],"7458,1,11.0;8447,7,14.0;8250,8,18.0;8565,13,13.0"
2185,7.0,7,[],"5450,1,22.0;5690,2,16.0;3982,3,17.0;7920,4,25.0"
2186,8.0,8,[],"7911,1,22.0;5889,8,20.0"
2187,25.0,24,[71.0],"6928,1,8.0;6447,4,15.0;5986,6,37.0;7530,7,24.0"
2188,15.0,15,[],"7832,1,27.0;7824,8,15.0"
2189,13.0,13,[],"7793,1,31.0"
2190,5.0,5,[],"6103,1,16.0;5324,2,22.0"
2191,8.0,8,[],"6501,1,24.0"
2192,33.0,33,[],"2271,1,70.0;8686,33,14.0"
2193,18.0,18,[],"6478,1,17.0;8241,13,23.0;6013,18,26.0"
2194,10.0,10,[],"7764,1,19.0;7687,8,10.0;8381,9,21.0;7608,10,13.0"
2195,8.0,8,[],"6195,1,19.0"
2196,21.0,21,[],"6567,1,27.0;6398,6,33.0;6567,8,27.0"
2197,25.0,23,"[87.0, 89.0]","2273,1,50.0;9219,22,17.0;9397,23,15.0;8617,24,19.0"
2198,25.0,25,[],"6748,1,40.0"
2199,5.0,5,[],"5836,1,28.0"
2200,34.0,33,[77.0],"7939,1,29.0;8157,9,8.0;8876,10,23.0;7082,12,22.0;8876,15,23.0"
2201,24.0,21,"[85.0, 86.0, 87.0]","6866,1,28.0"
2202,15.0,15,[],"7795,1,11.0;6669,7,19.0"
2203,10.0,10,[],"7038,1,10.0;7413,4,14.0"
2204,11.0,10,[87.0],"6698,1,28.0;5452,4,42.0;9913,9,6.0"
2205,29.0,29,[],"7362,1,18.0;3953,3,50.0;5512,5,20.0;751,10,66.0;6226,11,22.0;3953,12,50.0;5171,13,46.0;4046,14,43.0;7362,15,18.0;9066,16,21.0"
2206,7.0,7,[],"7167,1,12.0"
2207,4.0,2,"[68.0, 69.0]","2448,1,26.0;7982,2,16.0;7999,4,15.0"
2208,5.0,5,[],"7952,1,6.0"
2209,4.0,4,[],"7776,1,6.0"
2210,4.0,4,[],"6469,1,12.0;7562,3,6.0;7589,4,14.0"
2211,18.0,18,[],"7564,1,26.0"
2212,6.0,6,[],"7579,1,8.0"
2213,26.0,26,[],"6278,1,20.0;6373,2,36.0;5332,3,34.0;6373,5,36.0"
2214,9.0,9,[],"7846,1,10.0"
2215,24.0,24,[],"3723,1,54.0;3185,3,74.0"
2216,6.0,5,[71.0],"6960,1,22.0;5520,4,23.0;3492,6,32.0"
2217,9.0,9,[],"8043,1,17.0"
2218,15.0,15,[],"7748,1,13.0;6850,2,27.0;8454,6,14.0;8672,7,18.0;8454,10,14.0;278,12,55.0;8771,13,13.0;837,15,65.0"
2219,15.0,14,[67.0],"5401,1,25.0;6981,2,5.0;5843,3,17.0;7509,4,21.0"
2220,33.0,33,[],"7808,1,34.0"
2221,12.0,12,[],"3917,1,39.0"
2222,5.0,5,[],"3556,1,26.0"
2223,5.0,5,[],"7314,1,7.0"
2224,11.0,11,[],"5797,1,28.0"
2225,7.0,7,[],"7856,1,5.0;6711,2,15.0;8061,3,30.0;8103,4,10.0;8432,5,4.0"
2226,15.0,15,[],"9574,1,10.0;6504,3,43.0;9519,4,9.0;9990,7,8.0;10537,8,7.0;9904,9,7.0;10729,10,5.0;10728,11,4.0;10729,12,5.0;10462,15,4.0"
2227,30.0,28,"[74.0, 81.0]","7241,1,22.0;3009,2,78.0;4054,3,32.0;7182,4,7.0;1013,5,38.0;2858,6,39.0;8646,7,11.0;4054,9,32.0;6392,15,37.0;9281,16,18.0"
2228,30.0,30,[],"27,1,59.0;6643,4,25.0;7344,16,22.0;9281,19,18.0"
2229,9.0,9,[],"4586,1,37.0;7889,2,21.0"
2230,7.0,7,[],"7117,1,14.0;8422,2,16.0"
2231,20.0,20,[],"6057,1,30.0"
2232,4.0,4,[],"7984,1,5.0"
2233,7.0,7,[],"5495,1,24.0"
2234,32.0,32,[],"6560,1,15.0;3017,4,47.0;8080,6,12.0;8345,15,12.0;9029,17,18.0"
2235,5.0,5,[],"6430,1,28.0"
2236,21.0,21,[],"8140,1,10.0;6236,9,28.0;6052,10,41.0;8229,11,4.0;8681,12,19.0"
2237,4.0,2,"[68.0, 69.0]","6363,1,35.0"
2238,23.0,22,[74.0],"5572,1,38.0;7468,4,4.0;7694,5,9.0;4727,6,24.0;8384,7,17.0;8425,8,21.0;9694,19,9.0;9959,20,5.0;10125,21,7.0"
2239,30.0,29,[90.0],"7608,1,13.0;8381,8,21.0;10393,24,7.0"
2240,17.0,17,[],"7832,1,27.0;8276,3,8.0;8396,4,16.0"
2241,11.0,11,[],"6962,1,22.0"
2242,20.0,20,[],"7993,1,6.0;8223,2,26.0"
2243,16.0,16,[],"2975,1,58.0;1814,5,54.0;6209,6,15.0;5613,8,29.0;6843,9,27.0"
2244,13.0,13,[],"7463,1,23.0"
2245,29.0,28,[78.0],"7800,1,30.0;4539,10,24.0;8749,11,4.0;7800,12,30.0"
2246,18.0,18,[],"5983,1,19.0;8307,6,15.0;7830,7,26.0;6317,8,11.0;8989,9,4.0;8650,10,17.0"
2247,32.0,32,[],"4886,1,26.0;6500,2,6.0;7348,3,36.0"
2248,29.0,28,[81.0],"6804,1,37.0;5775,14,41.0;6804,15,37.0"
2249,11.0,11,[],"6636,1,22.0;7289,2,8.0;8110,3,14.0;8387,4,9.0"
2250,22.0,22,[],"4311,1,36.0;6758,4,7.0;8227,7,19.0"
2251,5.0,5,[],"4498,1,24.0"
2252,10.0,10,[],"5823,1,24.0"
2253,5.0,5,[],"8092,1,18.0"
2254,9.0,9,[],"1433,1,39.0;7311,2,28.0"
2255,10.0,10,[],"6279,1,14.0;8344,2,8.0;8392,3,16.0;8342,7,17.0;8392,8,16.0"
2256,8.0,8,[],"7981,1,17.0"
2257,6.0,6,[],"8690,1,20.0"
2258,23.0,23,[],"7928,1,17.0;7259,17,19.0;8754,19,13.0;7259,21,19.0"
2259,31.0,31,[],"7664,1,26.0;9970,23,13.0"
2260,7.0,7,[],"7258,1,12.0;9705,2,6.0"
2261,5.0,5,[],"1684,1,40.0;7624,2,16.0;1684,4,40.0;4332,5,26.0"
2262,7.0,7,[],"9584,1,12.0"
2263,8.0,8,[],"7281,1,12.0"
2264,11.0,11,[],"6899,1,21.0;9960,2,7.0;10190,3,11.0"
2265,31.0,31,[],"8210,1,13.0;7983,6,29.0"
2266,30.0,30,[],"7350,1,6.0;8251,2,5.0;2039,4,75.0;7512,5,21.0;2039,8,75.0;9821,22,14.0"
2267,9.0,7,"[74.0, 75.0]","5747,1,25.0;4767,6,46.0;7235,8,9.0"
2268,31.0,31,[],"6794,1,36.0;8389,4,11.0;6794,6,36.0"
2269,7.0,5,"[74.0, 75.0]","5409,1,27.0;7552,2,6.0;6970,3,18.0;8239,4,5.0;5656,5,17.0;8332,6,5.0;6970,7,18.0"
2270,8.0,8,[],"8186,1,16.0"
2271,8.0,8,[],"4779,1,38.0"
2272,7.0,7,[],"8237,1,5.0;8238,6,9.0;8473,7,14.0"
2273,18.0,18,[],"1399,1,74.0"
2274,8.0,8,[],"7453,1,16.0"
2275,15.0,15,[],"7246,1,22.0"
2276,13.0,13,[],"8335,1,7.0;8171,8,17.0"
2277,30.0,30,[],"7636,1,34.0"
2278,7.0,7,[],"4747,1,38.0"
2279,16.0,16,[],"6553,1,28.0"
2280,8.0,8,[],"6279,1,14.0;8344,2,8.0"
2281,6.0,6,[],"7670,1,19.0;6231,3,26.0"
2282,22.0,22,[],"1014,1,50.0;5939,4,15.0;6453,5,29.0;9275,15,12.0"
2283,7.0,6,[70.0],"7172,1,10.0;6614,2,15.0;4827,3,26.0;7451,4,6.0;6190,5,29.0;7455,6,10.0"
2284,6.0,6,[],"5324,1,22.0;5657,4,43.0"
2285,4.0,4,[],"4559,1,28.0;8347,2,11.0;6654,3,20.0"
2286,6.0,6,[],"3861,1,22.0"
2287,30.0,30,[],"7556,1,14.0;4929,8,41.0;7939,15,29.0;3568,17,76.0;9920,19,13.0"
2288,4.0,3,[73.0],"5088,1,38.0;8446,2,4.0;7106,3,19.0"
2289,11.0,11,[],"9090,1,17.0;7361,5,27.0"
2290,5.0,5,[],"7603,1,7.0;6654,4,20.0"
2291,14.0,14,[],"8342,1,17.0"
2292,30.0,29,[83.0],"5395,1,29.0;8475,2,11.0;7425,3,12.0;8596,4,10.0;7425,6,12.0;8596,11,10.0;8818,12,12.0;8190,13,14.0;9558,14,17.0"
2293,30.0,29,[98.0],"8178,1,29.0;9035,21,19.0;9087,29,17.0"
2294,24.0,24,[],"7840,1,29.0;7937,4,23.0;9460,22,12.0"
2295,6.0,6,[],"4197,1,37.0;5492,2,38.0;8508,3,16.0;8628,4,12.0"
2296,6.0,6,[],"8101,1,4.0;8059,2,16.0"
2297,11.0,11,[],"7212,1,17.0;4791,2,42.0;9345,3,10.0;8964,4,19.0;9345,7,10.0"
2298,10.0,10,[],"6757,1,18.0;8484,2,9.0;6591,3,25.0"
2299,10.0,10,[],"7684,1,16.0;8333,4,13.0"
2300,19.0,19,[],"8364,1,27.0;3087,2,46.0;8243,15,16.0"
2301,30.0,29,[72.0],"6960,1,22.0;5520,2,23.0;3492,3,32.0;8681,5,19.0;8572,6,28.0;9633,23,12.0"
2302,29.0,29,[],"5552,1,32.0;5690,4,16.0;7920,5,25.0;8973,6,24.0"
2303,13.0,11,"[73.0, 83.0]","8047,1,10.0;8537,2,21.0;3483,3,43.0;7081,4,10.0;8537,6,21.0;7081,10,10.0;152,11,81.0;9519,12,9.0;6759,13,40.0"
2304,9.0,9,[],"8315,1,11.0"
2305,14.0,14,[],"304,1,68.0"
2306,26.0,26,[],"1719,1,35.0;3301,2,36.0;7421,3,31.0"
2307,16.0,13,"[84.0, 85.0, 86.0]","4556,1,37.0;8702,6,6.0;9066,7,21.0;751,9,66.0;4556,10,37.0;9066,13,21.0;7087,15,31.0;7546,16,17.0"
2308,8.0,8,[],"8380,1,8.0;7626,8,10.0"
2309,29.0,29,[],"8307,1,15.0;7830,6,26.0;8038,7,18.0;7830,12,26.0"
2310,10.0,10,[],"4215,1,46.0"
2311,29.0,26,"[72.0, 73.0, 74.0]","7081,1,10.0;8537,2,21.0;3483,3,43.0;7081,4,10.0;8537,5,21.0;6759,21,40.0;8120,23,16.0"
2312,17.0,17,[],"6159,1,31.0"
2313,4.0,4,[],"7287,1,24.0"
2314,8.0,8,[],"7404,1,24.0"
2315,11.0,11,[],"7251,1,37.0;7652,2,12.0"
2316,18.0,18,[],"8366,1,25.0;7839,2,17.0;7049,3,16.0;7839,4,17.0;8992,11,10.0;7049,12,16.0;8116,13,20.0"
2317,6.0,6,[],"7417,1,12.0;8166,6,4.0"
2318,15.0,15,[],"5564,1,39.0"
2319,15.0,14,[72.0],"4996,1,17.0;5331,3,33.0;6278,15,20.0"
2320,11.0,10,[72.0],"6591,1,25.0;7680,3,15.0;6591,8,25.0;7201,9,17.0;6591,10,25.0"
2321,21.0,21,[],"7347,1,20.0;8883,6,17.0"
2322,20.0,20,[],"6646,1,11.0;5298,2,18.0;8599,3,19.0"
2323,10.0,9,[71.0],"8435,1,17.0;5145,2,42.0;8435,3,17.0;5145,4,42.0"
2324,5.0,5,[],"7813,1,10.0"
2325,17.0,17,[],"7938,1,15.0;7704,10,19.0"
2326,21.0,21,[],"7448,1,30.0;7476,4,14.0;7448,10,30.0"
2327,29.0,29,[],"4938,1,50.0;9564,18,15.0;9383,29,15.0"
2328,6.0,6,[],"2755,1,49.0"
2329,19.0,19,[],"6490,1,39.0"
2330,14.0,12,"[83.0, 84.0]","6721,1,11.0;4567,2,37.0;7877,9,15.0"
2331,13.0,13,[],"8135,1,5.0;7379,2,11.0;8135,7,5.0;6430,8,28.0;9180,9,11.0;7524,10,9.0;7212,11,17.0;9345,12,10.0;8964,13,19.0"
2332,5.0,5,[],"5941,1,23.0"
2333,4.0,4,[],"5753,1,31.0"
2334,6.0,6,[],"6453,1,29.0;8310,2,9.0"
2335,28.0,26,"[98.0, 99.0]","8437,1,27.0;8435,27,17.0;10671,28,6.0"
2336,12.0,12,[],"7353,1,16.0"
2337,17.0,17,[],"8437,1,27.0;5145,2,42.0;5753,3,31.0;9043,12,12.0;5753,13,31.0;7796,16,22.0"
2338,5.0,5,[],"7392,1,29.0;8272,4,18.0;4383,5,57.0"
2339,10.0,10,[],"8416,1,11.0;7622,2,6.0;8542,3,8.0;7124,4,29.0"
2340,9.0,9,[],"8583,1,17.0"
2341,21.0,21,[],"4761,1,40.0;7501,8,20.0;9260,9,15.0"
2342,17.0,17,[],"8664,1,11.0;8312,7,14.0;9296,10,20.0"
2343,5.0,5,[],"8516,1,9.0;7796,4,22.0"
2344,6.0,6,[],"7624,1,16.0;1684,2,40.0;4332,3,26.0;8662,4,13.0"
2345,18.0,18,[],"5509,1,48.0"
2346,28.0,28,[],"7075,1,32.0;8231,24,14.0"
2347,19.0,19,[],"7930,1,23.0"
2348,14.0,14,[],"7884,1,17.0"
2349,12.0,12,[],"781,1,61.0;5078,2,36.0;781,5,61.0"
2350,16.0,16,[],"8499,1,15.0;669,13,54.0;8499,14,15.0;9921,15,4.0;8499,16,15.0"
2351,12.0,12,[],"7668,1,19.0;8522,11,5.0;9133,12,8.0"
2352,26.0,26,[],"8529,1,26.0"
2353,9.0,9,[],"6023,1,26.0;9189,9,11.0"
2354,25.0,25,[],"4217,1,28.0;8869,7,15.0;9144,9,12.0;8764,10,19.0"
2355,9.0,9,[],"6384,1,24.0"
2356,23.0,23,[],"7625,1,16.0;7471,4,28.0;8787,10,19.0"
2357,4.0,1,"[72.0, 73.0, 75.0]","5834,1,31.0;6279,3,14.0;8893,4,12.0"
2358,28.0,28,[],"7156,1,33.0"
2359,28.0,28,[],"8541,1,15.0;8387,9,9.0;8619,10,23.0;9851,28,10.0"
2360,6.0,6,[],"8422,1,16.0;8595,2,8.0"
2361,8.0,7,[78.0],"8571,1,24.0"
2362,19.0,19,[],"5122,1,25.0;8653,2,23.0"
2363,9.0,9,[],"7397,1,20.0;8908,9,14.0"
2364,17.0,17,[],"7611,1,5.0;6913,2,17.0;4752,11,32.0;8741,12,13.0"
2365,27.0,27,[],"8579,1,10.0;4556,4,37.0;8702,5,6.0;751,6,66.0;4556,7,37.0;6226,8,22.0;9991,15,13.0"
2366,4.0,4,[],"5484,1,18.0"
2367,21.0,21,[],"7078,1,28.0"
2368,27.0,27,[],"8041,1,26.0;4336,9,24.0;6649,10,40.0"
2369,11.0,10,[82.0],"7748,1,13.0;5768,4,28.0"
2370,4.0,4,[],"8572,1,28.0;8681,3,19.0;8020,4,7.0"
2371,7.0,7,[],"8507,1,12.0"
2372,9.0,9,[],"777,1,73.0"
2373,11.0,11,[],"5065,1,39.0;5525,6,19.0;6926,10,11.0;6495,11,20.0"
2374,18.0,18,[],"8608,1,13.0;6635,2,17.0;8603,3,5.0;7103,6,15.0;8946,7,14.0"
2375,20.0,18,"[82.0, 84.0]","6317,1,11.0;4776,3,55.0;4054,6,32.0;8450,14,21.0;7007,15,19.0;8450,17,21.0"
2376,27.0,27,[],"7428,1,31.0"
2377,27.0,21,"[74.0, 75.0, 76.0, 77.0, 78.0, 98.0]","8239,1,5.0;8332,2,5.0;6970,3,18.0;8960,4,11.0;7675,5,25.0;8773,7,10.0;6172,13,48.0;9346,23,8.0;6172,26,48.0;7675,27,25.0"
2378,18.0,18,[],"3500,1,49.0;3723,2,54.0"
2379,16.0,16,[],"8696,1,18.0"
2380,7.0,7,[],"6927,1,9.0;8085,2,12.0;7411,3,8.0;6005,4,34.0"
2381,10.0,10,[],"7355,1,17.0"
2382,19.0,19,[],"6252,1,33.0;5180,18,31.0"
2383,14.0,14,[],"2321,1,45.0;6432,5,34.0;1002,9,57.0;7497,10,21.0;1002,12,57.0"
2384,16.0,16,[],"8470,1,8.0;7203,2,8.0;6686,3,9.0;8232,4,17.0"
2385,9.0,9,[],"7986,1,4.0;8519,2,14.0"
2386,4.0,4,[],"5547,1,29.0"
2387,26.0,26,[],"8792,1,6.0;8783,6,15.0;7295,7,16.0;8783,9,15.0;7142,10,25.0;5068,25,46.0;10313,26,6.0"
2388,18.0,18,[],"8052,1,25.0"
2389,4.0,4,[],"6668,1,18.0"
2390,22.0,22,[],"6252,1,33.0;8393,3,14.0;8090,14,11.0;6349,15,22.0"
2391,6.0,6,[],"5467,1,29.0"
2392,13.0,13,[],"7256,1,13.0;8075,2,7.0;7256,5,13.0;8075,7,7.0;7256,8,13.0"
2393,8.0,8,[],"7588,1,19.0;8266,4,19.0;8938,8,11.0"
2394,26.0,26,[],"8617,1,19.0;9397,17,15.0"
2395,17.0,17,[],"7357,1,24.0;3225,8,32.0;7357,10,24.0;8470,11,8.0;9823,12,9.0"
2396,8.0,8,[],"7339,1,11.0;8389,3,11.0"
2397,18.0,18,[],"8364,1,27.0"
2398,7.0,7,[],"8099,1,15.0"
2399,7.0,7,[],"5426,1,32.0"
2400,8.0,8,[],"3361,1,46.0;8870,2,10.0"
2401,26.0,24,"[79.0, 98.0]","4421,1,32.0;9277,7,20.0"
2402,4.0,4,[],"5771,1,29.0"
2403,7.0,7,[],"8756,1,8.0;5107,6,21.0"
2404,12.0,12,[],"5492,1,38.0;8508,7,16.0;5492,9,38.0"
2405,26.0,26,[],"8803,1,26.0"
2406,16.0,15,[89.0],"4803,1,45.0;7080,15,29.0;4803,16,45.0"
2407,5.0,5,[],"1433,1,39.0;7917,4,17.0"
2408,7.0,7,[],"8213,1,23.0;6132,6,26.0;7717,7,25.0"
2409,22.0,22,[],"278,1,55.0;9656,21,11.0;10928,22,4.0"
2410,7.0,6,[81.0],"6478,1,17.0;8241,3,23.0;7939,4,29.0;8241,7,23.0"
2411,7.0,7,[],"8871,1,7.0"
2412,11.0,11,[],"7125,1,21.0"
2413,12.0,12,[],"4018,1,35.0;9186,11,9.0"
2414,20.0,20,[],"8729,1,15.0;8406,13,17.0;10155,17,10.0;9100,18,12.0"
2415,20.0,20,[],"8868,1,7.0;5999,7,41.0"
2416,14.0,13,[81.0],"8893,1,12.0;5840,7,21.0;8893,8,12.0;9030,12,11.0;9756,13,4.0;9682,14,6.0"
2417,14.0,13,[79.0],"2762,1,38.0;7371,2,7.0;8042,3,18.0;9319,6,13.0"
2418,21.0,21,[],"8327,1,24.0"
2419,6.0,6,[],"7294,1,16.0"
2420,9.0,9,[],"8508,1,16.0;7897,9,21.0"
2421,5.0,5,[],"10141,1,8.0"
2422,5.0,5,[],"8621,1,18.0"
2423,14.0,14,[],"6189,1,16.0;8580,4,22.0"
2424,19.0,19,[],"6438,1,44.0"
2425,9.0,9,[],"6282,1,20.0"
2426,12.0,12,[],"5314,1,48.0"
2427,25.0,25,[],"4242,1,66.0"
2428,8.0,7,[92.0],"9541,1,9.0;10619,2,5.0;9544,3,13.0;10035,4,5.0;5572,5,38.0;8844,6,23.0;6173,7,18.0;7463,8,23.0"
2429,18.0,18,[],"0,1,65.0"
2430,13.0,13,[],"9593,1,14.0"
2431,16.0,16,[],"4374,1,23.0;5512,2,20.0;2762,3,38.0"
2432,9.0,9,[],"4136,1,37.0"
2433,9.0,9,[],"6115,1,27.0"
2434,4.0,4,[],"6561,1,33.0"
2435,6.0,6,[],"7427,1,21.0;7957,4,9.0;424,5,47.0;9150,6,5.0"
2436,11.0,11,[],"7080,1,29.0;7311,2,28.0;7080,6,29.0;9125,7,7.0"
2437,24.0,24,[],"7216,1,28.0;9558,24,17.0"
2438,5.0,3,"[79.0, 80.0]","412,1,67.0;7110,2,21.0;9139,3,8.0;9163,4,4.0;6501,5,24.0"
2439,9.0,9,[],"8181,1,15.0;8388,2,8.0;9617,3,17.0"
2440,24.0,24,[],"6465,1,36.0;4038,11,47.0;6465,15,36.0;4038,21,47.0"
2441,13.0,13,[],"8965,1,6.0;6430,2,28.0;8965,3,6.0;7524,8,9.0;1600,9,46.0;9568,10,7.0"
2442,20.0,19,[99.0],"5336,1,43.0;9790,20,13.0"
2443,14.0,13,[81.0],"9351,1,4.0;8839,2,6.0;3921,3,44.0;7839,4,17.0;8620,5,15.0;9851,6,10.0"
2444,11.0,11,[],"4421,1,32.0;4994,2,39.0;4421,4,32.0;9277,6,20.0;4421,7,32.0"
2445,14.0,14,[],"8147,1,16.0;7664,13,26.0"
2446,16.0,15,[89.0],"7347,1,20.0;6866,10,28.0;7347,13,20.0;9111,14,7.0;9689,16,11.0"
2447,24.0,24,[],"8244,1,10.0;8243,4,16.0;7939,6,29.0;9383,7,15.0;8361,8,22.0;9564,20,15.0;9680,21,13.0"
2448,19.0,18,[81.0],"1304,1,57.0;7717,2,25.0;8583,7,17.0;1304,9,57.0"
2449,24.0,24,[],"8966,1,24.0"
2450,6.0,6,[],"6924,1,22.0"
2451,13.0,13,[],"8571,1,24.0"
2452,4.0,4,[],"9206,1,6.0;9847,2,9.0"
2453,23.0,23,[],"9007,1,23.0"
2454,16.0,16,[],"9027,1,11.0;1121,5,62.0;3012,11,55.0"
2455,23.0,23,[],"8912,1,12.0;9832,9,13.0;9101,12,20.0;9832,14,13.0"
2456,23.0,23,[],"8435,1,17.0;5145,10,42.0;10907,20,4.0;10905,21,4.0"
2457,23.0,23,[],"6222,1,28.0;6678,8,23.0;1182,17,78.0;10119,19,7.0"
2458,15.0,8,"[77.0, 78.0, 81.0, 82.0, 83.0, 84.0, 85.0]","7392,1,29.0;9187,3,13.0;8533,4,4.0;4383,5,57.0;3896,10,31.0;6551,14,42.0"
2459,10.0,10,[],"7295,1,16.0;8783,6,15.0"
2460,12.0,12,[],"7080,1,29.0"
2461,23.0,21,"[89.0, 90.0]","7570,1,29.0;8406,13,17.0;10155,16,10.0"
2462,11.0,11,[],"7281,1,12.0;7855,2,20.0"
2463,18.0,18,[],"4825,1,45.0;10182,16,4.0;10108,17,8.0;10702,18,6.0"
2464,14.0,14,[],"3182,1,52.0;10148,13,7.0;10283,14,7.0"
2465,21.0,21,[],"7392,1,29.0;9187,4,13.0;10224,14,9.0;9187,17,13.0;10224,18,9.0"
2466,13.0,13,[],"6277,1,35.0;7439,2,25.0;6277,4,35.0;7439,6,25.0;7286,7,16.0;8686,8,14.0;7286,11,16.0"
2467,18.0,18,[],"6363,1,35.0"
2468,18.0,18,[],"7441,1,23.0;9288,16,11.0"
2469,10.0,10,[],"7384,1,19.0"
2470,7.0,7,[],"2741,1,47.0"
2471,23.0,23,[],"9043,1,12.0;9391,6,7.0;9642,11,16.0"
2472,14.0,14,[],"6460,1,22.0"
2473,18.0,17,[82.0],"5106,1,45.0;8891,6,13.0;8287,7,16.0;5106,11,45.0"
2474,22.0,22,[],"8849,1,9.0;7630,2,28.0"
2475,22.0,22,[],"3252,1,61.0"
2476,22.0,20,"[84.0, 97.0]","8787,1,19.0;7471,8,28.0;10613,20,7.0"
2477,21.0,21,[],"6136,1,36.0"
2478,19.0,17,"[86.0, 88.0]","9101,1,20.0;9832,9,13.0;9101,10,20.0"
2479,22.0,19,"[96.0, 97.0, 98.0]","8061,1,30.0;10800,20,4.0;10191,21,7.0"
2480,22.0,21,[85.0],"7782,1,16.0;9528,9,5.0;7188,10,26.0;6565,16,34.0"
2481,22.0,22,[],"9119,1,14.0;10045,11,8.0;10227,12,5.0;9105,13,12.0"
2482,15.0,13,"[80.0, 89.0]","4803,1,45.0;7730,3,17.0;9419,4,18.0;4803,12,45.0"
2483,20.0,18,"[93.0, 94.0]","8366,1,25.0;6636,13,22.0;8620,14,15.0;7571,15,17.0;9135,17,6.0;9788,18,6.0"
2484,22.0,22,[],"8672,1,18.0;9623,12,9.0;8580,14,22.0;9499,16,5.0;8770,17,10.0;278,18,55.0;9656,19,11.0;10928,20,4.0"
2485,14.0,14,[],"8579,1,10.0;9090,6,17.0;6226,8,22.0"
2486,5.0,5,[],"2403,1,47.0;4559,2,28.0"
2487,4.0,4,[],"6243,1,33.0"
2488,14.0,14,[],"7840,1,29.0"
2489,4.0,4,[],"7445,1,19.0"
2490,14.0,14,[],"7887,1,19.0;7546,6,17.0;5188,7,24.0;7889,11,21.0;9521,12,7.0;7889,13,21.0"
2491,22.0,22,[],"8926,1,12.0;7303,3,20.0;7756,4,9.0;9086,5,7.0;9306,6,11.0;9303,7,6.0;8394,8,18.0"
2492,22.0,20,"[98.0, 99.0]","9094,1,20.0;10119,21,7.0"
2493,8.0,8,[],"7060,1,18.0;7701,2,10.0;7842,3,15.0;8503,4,9.0;9097,5,12.0;7271,8,13.0"
2494,22.0,22,[],"5971,1,33.0;8570,4,25.0"
2495,9.0,9,[],"8575,1,11.0;9186,7,9.0;9494,8,4.0;7177,9,18.0"
2496,6.0,6,[],"9109,1,8.0"
2497,4.0,4,[],"9113,1,4.0"
2498,7.0,7,[],"7089,1,19.0"
2499,6.0,6,[],"9401,1,10.0"
2500,7.0,7,[],"3225,1,32.0;7357,5,24.0;8470,6,8.0;9823,7,9.0"
2501,6.0,6,[],"9055,1,4.0;8682,4,7.0"
2502,13.0,13,[],"9225,1,15.0"
2503,21.0,20,[80.0],"8141,1,9.0;8821,2,20.0;8022,3,24.0"
2504,5.0,5,[],"9171,1,15.0"
2505,10.0,10,[],"7031,1,31.0"
2506,17.0,17,[],"9047,1,18.0;9215,2,5.0;9047,4,18.0;7980,11,9.0;9047,13,18.0"
2507,10.0,9,[89.0],"3520,1,49.0;5452,2,42.0;9286,6,12.0;6005,7,34.0"
2508,4.0,4,[],"8484,1,9.0"
2509,12.0,12,[],"8644,1,19.0"
2510,21.0,21,[],"8884,1,11.0;9686,7,16.0"
2511,19.0,19,[],"8669,1,10.0;8312,8,14.0;7385,9,30.0"
2512,8.0,8,[],"8822,1,18.0"
2513,6.0,6,[],"4039,1,37.0;7028,4,12.0;9416,5,5.0"
2514,20.0,20,[],"6663,1,28.0"
2515,13.0,13,[],"9006,1,4.0;9273,2,11.0;9403,3,11.0;3520,5,49.0;9759,6,11.0;5986,7,37.0;9538,8,17.0"
2516,17.0,17,[],"8374,1,24.0;8608,15,13.0"
2517,4.0,4,[],"4747,1,38.0"
2518,20.0,20,[],"6141,1,34.0"
2519,5.0,5,[],"8253,1,11.0;6607,4,33.0;5506,5,41.0"
2520,20.0,19,[93.0],"8964,1,19.0;9345,6,10.0;4791,7,42.0;10556,14,6.0;10138,15,7.0;10556,17,6.0;7212,18,17.0"
2521,9.0,9,[],"7842,1,15.0;8503,2,9.0;9097,3,12.0;9544,4,13.0"
2522,16.0,16,[],"4635,1,52.0"
2523,6.0,6,[],"7943,1,7.0;8875,2,14.0"
2524,11.0,11,[],"8731,1,14.0;9264,2,18.0;9457,3,11.0"
2525,20.0,20,[],"9186,1,9.0;4018,3,35.0;4131,7,37.0;4839,9,33.0;9186,10,9.0;10250,11,4.0;10249,12,10.0"
2526,5.0,5,[],"7832,1,27.0"
2527,17.0,16,[96.0],"7578,1,23.0;9703,11,6.0;9847,12,9.0;7705,17,14.0"
2528,13.0,13,[],"9296,1,20.0"
2529,20.0,20,[],"8794,1,9.0;9790,9,13.0"
2530,6.0,6,[],"9012,1,11.0"
2531,11.0,11,[],"8621,1,18.0"
2532,8.0,8,[],"3309,1,51.0"
2533,6.0,6,[],"10196,1,8.0"
2534,20.0,20,[],"5999,1,41.0;8868,2,7.0;8563,3,23.0;4105,4,48.0;8563,6,23.0"
2535,20.0,20,[],"7104,1,26.0;6755,15,31.0"
2536,5.0,5,[],"4533,1,32.0"
2537,7.0,7,[],"5094,1,44.0"
2538,18.0,18,[],"9035,1,19.0;9176,2,18.0"
2539,16.0,16,[],"1182,1,78.0"
2540,6.0,6,[],"2552,1,45.0;7939,3,29.0;4929,4,41.0"
2541,8.0,6,"[84.0, 85.0]","8306,1,10.0;8862,2,12.0;5103,4,53.0;9452,6,9.0;9762,7,7.0;9453,8,7.0"
2542,8.0,8,[],"2941,1,54.0"
2543,6.0,6,[],"8190,1,14.0;9495,2,6.0;9648,3,9.0"
2544,17.0,17,[],"7192,1,26.0"
2545,19.0,18,[97.0],"9344,1,15.0;9180,5,11.0;9888,7,12.0;10117,16,6.0;10562,17,4.0"
2546,16.0,16,[],"8063,1,22.0;9175,2,5.0;6899,3,21.0;8786,4,17.0;10680,16,4.0"
2547,4.0,4,[],"7016,1,25.0;8512,3,11.0;9171,4,15.0"
2548,12.0,12,[],"1077,1,63.0;7783,9,18.0;8848,10,13.0"
2549,5.0,5,[],"7796,1,22.0"
2550,9.0,9,[],"9390,1,15.0"
2551,15.0,15,[],"5691,1,33.0"
2552,19.0,19,[],"6466,1,17.0;4855,2,41.0"
2553,5.0,5,[],"10743,1,5.0"
2554,12.0,12,[],"9427,1,5.0;7883,5,22.0;8857,6,10.0;7524,8,9.0;7319,9,17.0;9895,10,5.0;10451,11,5.0"
2555,19.0,16,"[93.0, 94.0, 96.0]","4900,1,37.0;2039,6,75.0;5088,7,38.0;7981,8,17.0;4900,11,37.0;9908,12,4.0;9354,14,11.0;10728,17,4.0;10864,18,4.0"
2556,4.0,4,[],"6579,1,18.0"
2557,18.0,18,[],"8220,1,26.0"
2558,5.0,5,[],"8861,1,15.0"
2559,5.0,5,[],"9439,1,7.0"
2560,4.0,4,[],"8607,1,6.0;4039,2,37.0"
2561,18.0,18,[],"9483,1,18.0"
2562,13.0,12,[94.0],"6698,1,28.0;3520,2,49.0;9403,3,11.0;8028,4,10.0;9759,5,11.0"
2563,4.0,4,[],"9018,1,6.0;7396,4,17.0"
2564,16.0,15,[88.0],"3921,1,44.0;7839,2,17.0;8620,3,15.0;9524,4,5.0;8621,5,18.0;10221,6,11.0"
2565,18.0,18,[],"8411,1,22.0"
2566,18.0,17,[99.0],"9124,1,8.0;7662,2,21.0;10215,12,6.0;10455,13,7.0"
2567,7.0,7,[],"8922,1,14.0"
2568,12.0,11,[83.0],"4138,1,24.0;7078,2,28.0;6449,4,29.0;9913,5,6.0;4138,7,24.0;10157,8,7.0"
2569,18.0,18,[],"8376,1,19.0;7294,16,16.0;7898,17,20.0"
2570,4.0,4,[],"9672,1,9.0"
2571,5.0,5,[],"6691,1,16.0;9218,2,16.0"
2572,12.0,10,"[97.0, 98.0]","9344,1,15.0;9888,8,12.0;10117,9,6.0;10562,10,4.0;9634,12,7.0"
2573,5.0,4,[86.0],"6476,1,30.0"
2574,4.0,4,[],"9833,1,4.0;9979,2,6.0;10197,3,7.0"
2575,14.0,14,[],"8732,1,16.0;8933,2,14.0;8601,3,19.0"
2576,5.0,5,[],"9168,1,12.0"
2577,9.0,9,[],"9928,1,8.0;10280,2,4.0;9689,3,11.0"
2578,18.0,14,"[95.0, 96.0, 98.0, 99.0]","6430,1,28.0;8281,5,17.0;10553,14,4.0;8964,15,19.0;8281,16,17.0;7212,17,17.0;6222,18,28.0"
2579,18.0,18,[],"8782,1,8.0;8108,2,19.0;1743,5,75.0;4631,6,45.0;10195,12,4.0;10682,13,6.0"
2580,18.0,18,[],"8933,1,14.0;9588,2,12.0;9264,3,18.0"
2581,18.0,18,[],"7728,1,9.0;3501,2,35.0;9085,6,18.0;10105,7,12.0"
2582,14.0,14,[],"9503,1,13.0;8820,8,14.0"
2583,18.0,16,"[82.0, 85.0]","8505,1,23.0;9097,5,12.0;10042,6,13.0"
2584,18.0,17,[82.0],"8508,1,16.0;7897,3,21.0"
2585,10.0,10,[],"9035,1,19.0;8178,10,29.0"
2586,13.0,13,[],"5853,1,20.0;7589,2,14.0;7796,9,22.0;5753,10,31.0"
2587,4.0,4,[],"7666,1,8.0;6516,2,22.0;9046,3,12.0"
2588,8.0,8,[],"8919,1,11.0"
2589,10.0,10,[],"8587,1,19.0"
2590,14.0,14,[],"9312,1,16.0"
2591,5.0,2,"[97.0, 98.0, 99.0]","8736,1,7.0;8561,2,9.0;6375,3,25.0;8561,4,9.0;8411,5,22.0"
2592,17.0,17,[],"9110,1,9.0;6565,3,34.0;4886,4,26.0;10023,5,12.0;6565,8,34.0;10023,9,12.0"
2593,17.0,17,[],"8345,1,12.0;8342,5,17.0;2403,6,47.0"
2594,8.0,6,"[83.0, 84.0]","9512,1,5.0;9567,2,6.0;8002,5,16.0"
2595,17.0,17,[],"7060,1,18.0;9695,5,8.0;7471,10,28.0;10613,11,7.0"
2596,4.0,4,[],"8384,1,17.0"
2597,17.0,17,[],"7684,1,16.0;8821,2,20.0"
2598,14.0,14,[],"7580,1,33.0;8971,2,16.0;8492,7,15.0"
2599,6.0,1,"[83.0, 85.0, 86.0, 87.0, 88.0]","5383,1,30.0"
2600,17.0,17,[],"9527,1,11.0;9479,2,8.0;9527,5,11.0;6392,7,37.0"
2601,6.0,6,[],"7009,1,32.0"
2602,16.0,16,[],"7944,1,18.0;9579,7,14.0"
2603,4.0,3,[87.0],"8106,1,17.0;9463,2,4.0;9782,3,5.0;8317,4,18.0"
2604,8.0,8,[],"9737,1,12.0"
2605,16.0,16,[],"7524,1,9.0;9427,2,5.0;7883,3,22.0"
2606,16.0,15,[84.0],"3881,1,48.0;9258,2,18.0"
2607,4.0,4,[],"7664,1,26.0;8148,3,15.0"
2608,12.0,12,[],"9008,1,17.0"
2609,14.0,13,[87.0],"9286,1,12.0;6698,3,28.0;5452,4,42.0"
2610,16.0,16,[],"38,1,52.0;8112,6,17.0;10242,10,9.0"
2611,16.0,16,[],"7811,1,23.0"
2612,5.0,5,[],"9648,1,9.0"
2613,16.0,16,[],"9617,1,17.0"
2614,15.0,15,[],"9034,1,20.0"
2615,6.0,6,[],"9129,1,13.0"
2616,10.0,10,[],"9652,1,7.0;9230,2,13.0"
2617,12.0,12,[],"9582,1,13.0"
2618,7.0,7,[],"9363,1,6.0;7241,2,22.0"
2619,15.0,15,[],"9563,1,17.0"
2620,15.0,15,[],"9765,1,15.0"
2621,8.0,8,[],"8123,1,13.0;8910,5,9.0"
2622,6.0,5,[87.0],"7208,1,29.0;6236,2,28.0;9633,4,12.0"
2623,10.0,10,[],"8730,1,13.0"
2624,13.0,11,"[85.0, 86.0]","9463,1,4.0;9782,2,5.0;8317,3,18.0"
2625,6.0,6,[],"7563,1,21.0"
2626,9.0,9,[],"9813,1,9.0"
2627,15.0,15,[],"9197,1,18.0;10261,8,10.0"
2628,4.0,4,[],"9789,1,7.0"
2629,15.0,15,[],"9451,1,12.0;9755,2,6.0;9977,3,13.0"
2630,11.0,8,"[93.0, 94.0, 95.0]","5093,1,38.0;8327,3,24.0;9828,4,11.0;8719,10,26.0"
2631,4.0,4,[],"8812,1,9.0;8189,2,21.0"
2632,15.0,15,[],"9040,1,6.0;6081,2,25.0;9810,3,4.0;6081,6,25.0;6670,7,39.0;8690,8,20.0"
2633,4.0,4,[],"9750,1,5.0"
2634,4.0,4,[],"10893,1,4.0"
2635,15.0,15,[],"6246,1,35.0;6476,3,30.0"
2636,11.0,11,[],"2942,1,58.0;9218,6,16.0"
2637,15.0,15,[],"9809,1,15.0"
2638,15.0,15,[],"9382,1,12.0;10143,10,6.0;10144,11,10.0;10143,15,6.0"
2639,11.0,11,[],"7404,1,24.0"
2640,10.0,10,[],"3589,1,44.0"
2641,14.0,14,[],"7546,1,17.0;9066,3,21.0;751,8,66.0"
2642,9.0,8,[88.0],"9576,1,9.0;7793,2,31.0;9576,3,9.0"
2643,9.0,9,[],"9717,1,10.0"
2644,9.0,9,[],"9882,1,11.0"
2645,14.0,14,[],"9849,1,4.0;9753,2,6.0;10038,3,4.0;10172,4,9.0;10038,6,4.0;10253,7,9.0;8099,8,15.0;10253,9,9.0"
2646,12.0,12,[],"6350,1,39.0"
2647,9.0,9,[],"8250,1,18.0"
2648,9.0,9,[],"9017,1,15.0;5657,3,43.0"
2649,14.0,14,[],"9657,1,16.0"
2650,12.0,12,[],"8510,1,14.0;9069,2,16.0;7303,12,20.0"
2651,7.0,7,[],"9935,1,6.0;7588,7,19.0"
2652,4.0,4,[],"10681,1,4.0"
2653,7.0,7,[],"9628,1,14.0"
2654,4.0,4,[],"8348,1,14.0"
2655,5.0,5,[],"10654,1,6.0"
2656,14.0,14,[],"9219,1,17.0;10312,11,4.0;9397,12,15.0"
2657,13.0,13,[],"6536,1,38.0"
2658,5.0,5,[],"8290,1,18.0"
2659,8.0,8,[],"7208,1,29.0"
2660,13.0,13,[],"6786,1,26.0;2506,8,59.0"
2661,7.0,7,[],"9132,1,4.0;7333,2,25.0"
2662,13.0,13,[],"7497,1,21.0;10261,5,10.0;7497,7,21.0"
2663,13.0,11,"[87.0, 88.0]","9529,1,7.0;9584,2,12.0;9805,3,8.0;10161,4,5.0;10095,5,11.0"
2664,6.0,6,[],"9650,1,13.0"
2665,4.0,4,[],"8231,1,14.0"
2666,5.0,5,[],"10016,1,6.0;10014,3,5.0;8865,4,11.0;10447,5,7.0"
2667,13.0,13,[],"8622,1,11.0;9860,2,6.0;9443,4,14.0"
2668,12.0,12,[],"9347,1,13.0;1599,11,75.0"
2669,13.0,13,[],"7080,1,29.0;4803,3,45.0;9419,4,18.0"
2670,13.0,13,[],"8241,1,23.0"
2671,5.0,5,[],"7070,1,22.0;9414,2,7.0"
2672,13.0,13,[],"7016,1,25.0"
2673,13.0,13,[],"6553,1,28.0;4097,2,30.0;6553,5,28.0;4097,7,30.0;619,8,47.0;10088,9,7.0;8272,10,18.0;10660,11,6.0"
2674,13.0,13,[],"8304,1,10.0;5700,2,37.0;8879,3,10.0;9913,4,6.0;10227,5,5.0;9562,6,9.0;9467,7,9.0;575,9,54.0;9467,10,9.0"
2675,13.0,13,[],"9677,1,4.0;8364,3,27.0"
2676,13.0,13,[],"9905,1,14.0"
2677,10.0,10,[],"9716,1,15.0"
2678,5.0,5,[],"9663,1,8.0;9922,5,4.0"
2679,13.0,13,[],"5846,1,50.0"
2680,5.0,5,[],"8152,1,15.0"
2681,13.0,13,[],"9492,1,15.0;8701,2,8.0;9492,3,15.0"
2682,13.0,11,"[90.0, 91.0]","6400,1,22.0;5683,4,33.0;9339,5,5.0;10183,6,9.0"
2683,7.0,7,[],"6803,1,40.0"
2684,8.0,6,"[90.0, 93.0]","9732,1,5.0;10205,3,7.0;9888,6,12.0;9344,7,15.0"
2685,12.0,12,[],"8964,1,19.0;6222,9,28.0;9341,12,8.0"
2686,12.0,12,[],"9772,1,14.0;10877,10,4.0"
2687,12.0,10,"[97.0, 98.0]","8450,1,21.0;10382,12,6.0"
2688,12.0,11,[89.0],"8572,1,28.0;8486,4,17.0"
2689,12.0,11,[88.0],"8243,1,16.0;4938,4,50.0"
2690,8.0,8,[],"9448,1,10.0"
2691,12.0,12,[],"9521,1,7.0;9066,7,21.0"
2692,10.0,10,[],"7501,1,20.0;9005,2,11.0;10223,3,4.0;10274,4,8.0"
2693,8.0,8,[],"9017,1,15.0"
2694,4.0,4,[],"5977,1,48.0"
2695,7.0,7,[],"7588,1,19.0;6748,4,40.0"
2696,12.0,12,[],"5314,1,48.0;10621,6,7.0"
2697,5.0,2,"[90.0, 91.0, 92.0]","9714,1,9.0;8690,2,20.0;9488,3,11.0;9807,4,5.0;9488,5,11.0"
2698,8.0,8,[],"4383,1,57.0"
2699,8.0,8,[],"8266,1,19.0"
2700,9.0,9,[],"9583,1,12.0;9960,2,7.0;9583,3,12.0;5425,9,31.0"
2701,10.0,10,[],"8016,1,27.0;10556,9,6.0"
2702,12.0,12,[],"9915,1,6.0;3087,2,46.0;9376,4,11.0;9930,8,8.0"
2703,12.0,12,[],"10025,1,13.0"
2704,12.0,12,[],"5999,1,41.0;5606,5,35.0"
2705,12.0,12,[],"8850,1,9.0;9943,2,9.0;5314,3,48.0;10621,12,7.0"
2706,4.0,4,[],"5693,1,29.0"
2707,11.0,11,[],"9083,1,15.0"
2708,11.0,10,[99.0],"10077,1,6.0;6561,2,33.0;9926,3,7.0;10504,8,4.0;8897,9,8.0;9020,10,22.0"
2709,10.0,10,[],"7920,1,25.0"
2710,6.0,6,[],"10205,1,7.0;10117,5,6.0"
2711,11.0,10,[96.0],"8861,1,15.0;10327,7,4.0;5488,8,38.0"
2712,7.0,7,[],"10076,1,8.0;10202,4,8.0"
2713,11.0,11,[],"9377,1,15.0"
2714,4.0,2,"[91.0, 92.0]","7923,1,13.0;9273,2,11.0;7421,3,31.0;7800,4,30.0"
2715,11.0,11,[],"10086,1,6.0;9134,2,14.0;6349,10,22.0"
2716,11.0,10,[97.0],"38,1,52.0;6115,8,27.0;6432,10,34.0"
2717,11.0,11,[],"9984,1,12.0"
2718,11.0,9,"[98.0, 99.0]","4803,1,45.0;9419,3,18.0;5037,9,51.0;9816,10,7.0;7080,11,29.0"
2719,8.0,6,"[92.0, 93.0]","9591,1,13.0;3473,4,63.0"
2720,11.0,11,[],"9709,1,13.0"
2721,11.0,10,[98.0],"9527,1,11.0;6392,3,37.0;5699,4,43.0;10026,11,6.0"
2722,4.0,4,[],"10090,1,6.0"
2723,11.0,11,[],"7213,1,34.0;10366,9,5.0;9054,10,12.0;7094,11,39.0"
2724,11.0,11,[],"9220,1,9.0;8968,2,12.0;10135,6,5.0;8152,7,15.0"
2725,4.0,4,[],"7126,1,27.0;7459,3,20.0;7126,4,27.0"
2726,11.0,11,[],"8713,1,22.0;9650,6,13.0"
2727,11.0,11,[],"7646,1,26.0"
2728,7.0,7,[],"7917,1,17.0"
2729,6.0,5,[90.0],"10223,1,4.0;7127,2,13.0;6883,3,24.0;9260,4,15.0;10697,5,4.0"
2730,6.0,6,[],"9444,1,7.0;9531,2,10.0"
2731,9.0,9,[],"10148,1,7.0;10283,2,7.0;9858,7,7.0;4765,8,48.0;7188,9,26.0"
2732,10.0,9,[97.0],"7126,1,27.0;7834,4,23.0;7126,7,27.0;8541,9,15.0;10591,10,5.0"
2733,4.0,4,[],"6883,1,24.0"
2734,10.0,10,[],"8413,1,14.0;8836,6,15.0"
2735,10.0,10,[],"10261,1,10.0;7497,2,21.0;9197,3,18.0"
2736,10.0,10,[],"9774,1,7.0;10283,6,7.0;9858,7,7.0;10871,9,4.0"
2737,10.0,10,[],"10282,1,10.0"
2738,10.0,10,[],"7595,1,22.0"
2739,10.0,10,[],"10143,1,6.0;10144,2,10.0;6013,7,26.0"
2740,4.0,4,[],"9714,1,9.0"
2741,10.0,10,[],"9142,1,7.0;9124,2,8.0;10566,3,8.0"
2742,8.0,8,[],"8779,1,15.0"
2743,5.0,5,[],"9623,1,9.0;8770,2,10.0;9499,3,5.0;278,5,55.0"
2744,10.0,6,"[90.0, 92.0, 93.0, 94.0]","7319,1,17.0;6786,3,26.0;9895,5,5.0;6786,6,26.0;8475,10,11.0"
2745,10.0,10,[],"9986,1,7.0;9939,6,6.0;10888,7,4.0"
2746,7.0,7,[],"9393,1,11.0;9087,2,17.0"
2747,5.0,5,[],"5771,1,29.0"
2748,10.0,10,[],"8116,1,20.0;9458,2,13.0"
2749,4.0,4,[],"8929,1,9.0;9658,3,7.0;9264,4,18.0"
2750,9.0,6,"[95.0, 96.0, 97.0]","10192,1,6.0;10191,4,7.0;8061,5,30.0;10418,7,7.0;10191,8,7.0"
2751,9.0,9,[],"7578,1,23.0;10421,2,5.0;7705,3,14.0;10295,7,5.0;7578,8,23.0;8366,9,25.0"
2752,9.0,8,[91.0],"8406,1,17.0"
2753,9.0,9,[],"10138,1,7.0;10556,2,6.0;10138,8,7.0"
2754,9.0,9,[],"7923,1,13.0;9671,2,7.0;9273,3,11.0;9671,7,7.0"
2755,9.0,9,[],"10360,1,10.0"
2756,9.0,9,[],"10426,1,9.0"
2757,9.0,9,[],"9575,1,11.0"
2758,9.0,9,[],"9380,1,15.0;10624,7,5.0;10287,8,7.0"
2759,9.0,9,[],"7009,1,32.0"
2760,9.0,5,"[94.0, 95.0, 97.0, 99.0]","7981,1,17.0;4900,2,37.0;9908,3,4.0;3589,4,44.0;9354,5,11.0;10728,7,4.0;3589,9,44.0"
2761,6.0,6,[],"8783,1,15.0;6556,6,44.0"
2762,8.0,8,[],"9519,1,9.0;10537,3,7.0"
2763,9.0,8,[93.0],"3087,1,46.0;9376,3,11.0;9930,5,8.0;6375,6,25.0"
2764,9.0,8,[94.0],"10406,1,5.0;8672,3,18.0;10649,4,6.0"
2765,8.0,8,[],"7303,1,20.0;8063,2,22.0"
2766,5.0,5,[],"7301,1,21.0"
2767,9.0,9,[],"9085,1,18.0"
2768,8.0,7,[99.0],"8719,1,26.0;9828,5,11.0;8719,8,26.0"
2769,7.0,6,[97.0],"8259,1,15.0;5718,2,35.0;7357,3,24.0;5890,4,34.0;9875,5,9.0;8899,6,17.0;7674,7,24.0"
2770,8.0,8,[],"9474,1,7.0;8161,5,11.0;9139,6,8.0"
2771,8.0,7,[92.0],"10432,1,9.0;10240,2,5.0;10432,3,9.0"
2772,8.0,6,"[98.0, 99.0]","10546,1,8.0;9809,7,15.0"
2773,8.0,8,[],"10434,1,9.0"
2774,8.0,8,[],"9649,1,14.0"
2775,8.0,8,[],"9911,1,11.0;7497,8,21.0"
2776,6.0,6,[],"9712,1,10.0;9224,3,13.0"
2777,8.0,8,[],"9777,1,10.0"
2778,8.0,8,[],"10163,1,9.0"
2779,5.0,5,[],"10552,1,4.0;5488,4,38.0"
2780,4.0,4,[],"5789,1,39.0"
2781,4.0,4,[],"9979,1,6.0;10197,3,7.0;10188,4,5.0"
2782,8.0,8,[],"9840,1,11.0"
2783,8.0,8,[],"10485,1,8.0"
2784,8.0,8,[],"9716,1,15.0"
2785,8.0,8,[],"9900,1,10.0"
2786,8.0,5,"[97.0, 98.0, 99.0]","9574,1,10.0;9990,2,8.0;9574,5,10.0;8537,6,21.0;9574,7,10.0;10729,8,5.0"
2787,8.0,8,[],"10499,1,8.0"
2788,5.0,5,[],"9542,1,9.0;8425,3,21.0"
2789,8.0,8,[],"8572,1,28.0"
2790,7.0,7,[],"8108,1,19.0;3473,5,63.0"
2791,7.0,7,[],"9998,1,6.0;6741,2,39.0"
2792,7.0,7,[],"9822,1,7.0;10703,2,6.0"
2793,7.0,7,[],"9490,1,8.0;10437,7,4.0"
2794,7.0,6,[99.0],"10507,1,6.0;6449,6,29.0;10499,7,8.0"
2795,7.0,7,[],"10591,1,5.0;10066,3,6.0;10917,4,4.0;7126,5,27.0;10591,6,5.0;8541,7,15.0"
2796,7.0,7,[],"9498,1,17.0"
2797,7.0,7,[],"9189,1,11.0;9007,4,23.0;9189,5,11.0"
2798,7.0,7,[],"9906,1,10.0"
2799,5.0,5,[],"8583,1,17.0"
2800,7.0,7,[],"10603,1,7.0"
2801,7.0,7,[],"10607,1,7.0"
2802,7.0,7,[],"10582,1,7.0;6759,2,40.0"
2803,7.0,7,[],"10577,1,4.0;10259,2,4.0;10577,5,4.0"
2804,6.0,6,[],"8178,1,29.0"
2805,7.0,7,[],"10172,1,9.0"
2806,7.0,7,[],"10636,1,6.0;10812,7,5.0"
2807,7.0,7,[],"9985,1,8.0"
2808,7.0,5,"[97.0, 98.0]","4946,1,27.0;10540,2,4.0;4946,4,27.0;9893,5,6.0;8718,6,10.0;6081,7,25.0"
2809,6.0,6,[],"8869,1,15.0;9422,5,6.0;10353,6,4.0"
2810,5.0,5,[],"9123,1,13.0"
2811,7.0,7,[],"9538,1,17.0"
2812,6.0,6,[],"9309,1,11.0"
2813,6.0,5,[94.0],"9759,1,11.0;5700,2,37.0"
2814,6.0,6,[],"10371,1,8.0"
2815,6.0,6,[],"5620,1,40.0"
2816,6.0,6,[],"8384,1,17.0"
2817,6.0,4,"[95.0, 96.0]","9893,1,6.0;5093,3,38.0"
2818,6.0,6,[],"6521,1,23.0;10314,5,4.0"
2819,6.0,6,[],"9975,1,10.0;9912,3,7.0"
2820,6.0,6,[],"7333,1,25.0;10739,3,5.0"
2821,6.0,3,"[94.0, 97.0, 99.0]","626,1,52.0;8638,2,14.0;10495,3,5.0;10275,5,8.0"
2822,6.0,6,[],"8537,1,21.0;9322,2,6.0;8627,3,18.0"
2823,6.0,6,[],"9456,1,10.0;10235,5,4.0"
2824,6.0,4,"[95.0, 98.0]","626,1,52.0;8638,2,14.0;10495,4,5.0;10275,5,8.0"
2825,6.0,6,[],"10528,1,8.0"
2826,6.0,6,[],"7832,1,27.0"
2827,6.0,6,[],"10582,1,7.0"
2828,5.0,5,[],"9628,1,14.0"
2829,6.0,6,[],"7767,1,15.0"
2830,6.0,6,[],"6453,1,29.0"
2831,6.0,6,[],"10726,1,6.0"
2832,6.0,6,[],"8392,1,16.0"
2833,6.0,6,[],"10615,1,4.0;10313,2,6.0;10616,3,4.0;8791,4,23.0"
2834,5.0,3,"[95.0, 99.0]","10196,1,8.0;5131,2,38.0;10196,5,8.0"
2835,5.0,5,[],"9171,1,15.0"
2836,4.0,2,"[97.0, 98.0]","10453,1,6.0;7287,3,24.0"
2837,5.0,5,[],"9928,1,8.0;10148,2,7.0"
2838,5.0,5,[],"10771,1,5.0"
2839,5.0,5,[],"10459,1,6.0"
2840,5.0,5,[],"4038,1,47.0"
2841,5.0,5,[],"7882,1,19.0"
2842,5.0,5,[],"10781,1,5.0"
2843,5.0,5,[],"8180,1,20.0"
2844,5.0,5,[],"10797,1,5.0"
2845,5.0,5,[],"4765,1,48.0;10871,3,4.0;4765,4,48.0;7188,5,26.0"
2846,5.0,2,"[95.0, 96.0, 97.0]","9709,1,13.0;6691,4,16.0"
2847,5.0,4,[95.0],"4242,1,66.0;8968,2,12.0;10135,3,5.0"
2848,5.0,5,[],"10651,1,6.0"
2849,5.0,5,[],"9952,1,9.0"
2850,5.0,3,"[98.0, 99.0]","9400,1,11.0;10230,2,4.0;10887,3,4.0;10075,5,6.0"
2851,5.0,5,[],"10702,1,6.0"
2852,5.0,5,[],"8084,1,23.0"
2853,5.0,5,[],"10812,1,5.0"
2854,5.0,5,[],"10774,1,4.0;9144,2,12.0"
2855,5.0,5,[],"9987,1,8.0"
2856,5.0,5,[],"10754,1,5.0"
2857,5.0,5,[],"4374,1,23.0;10022,4,12.0"
2858,5.0,5,[],"8891,1,13.0"
2859,5.0,3,"[98.0, 99.0]","10446,1,4.0;6402,2,29.0;9967,3,9.0;10469,5,5.0"
2860,5.0,5,[],"9169,1,17.0"
2861,5.0,5,[],"9801,1,8.0"
2862,4.0,4,[],"9252,1,9.0"
2863,4.0,1,"[96.0, 98.0, 99.0]","8896,1,10.0;6252,4,33.0"
2864,4.0,4,[],"10934,1,4.0"
2865,4.0,4,[],"7361,1,27.0"
2866,4.0,4,[],"10840,1,4.0"
2867,4.0,4,[],"10006,1,9.0"
2868,4.0,4,[],"10748,1,5.0"
2869,4.0,4,[],"10254,1,6.0"
2870,4.0,4,[],"10376,1,4.0;10375,2,6.0"
2871,4.0,4,[],"10717,1,5.0"
2872,4.0,4,[],"8361,1,22.0"
2873,4.0,4,[],"9532,1,11.0"
2874,4.0,3,[96.0],"10095,1,11.0;10472,2,5.0;4800,3,25.0"
2875,4.0,4,[],"9474,1,7.0;8161,2,11.0"
2876,4.0,4,[],"8219,1,15.0"
2877,4.0,1,"[97.0, 98.0, 99.0]","7333,1,25.0;10739,2,5.0"
2878,4.0,4,[],"5145,1,42.0;10907,2,4.0;10905,3,4.0"
2879,4.0,4,[],"10650,1,5.0"
2880,4.0,4,[],"10281,1,6.0"
2881,4.0,2,"[96.0, 97.0]","7675,1,25.0;9346,2,8.0;6172,3,48.0"
2882,4.0,3,[98.0],"8719,1,26.0;10207,2,6.0;8719,3,26.0;9828,4,11.0"
2883,4.0,4,[],"10501,1,5.0"
2884,4.0,3,[98.0],"8235,1,27.0;10010,2,11.0;10198,3,6.0;9882,4,11.0"
