ID (GT),ID (Dino),Track Length (GT),Track Length (Dino),Match,Identical Match
[0],[349 496 1235 2382 2578],[32.0],[5.0 8.0 13.0 23.0 24.0],True,False
[1],[173],[17.0],[25.0],True,False
[2],[132 136],[12.0],[7.0 33.0],True,False
[3],[943],[9.0],[14.0],False,False
[4],[247 488 808],[11.0],[7.0 11.0 22.0],True,False
[5],[767 790 1111 1148 2777 4025 4247],[34.0],[4.0 13.0 14.0 25.0 27.0 42.0],True,False
[6],[445],[11.0],[34.0],True,False
[7],[4090 4766],[4.0],[11.0 24.0],True,False
[8],[488],[4.0],[22.0],True,False
[9],[684],[5.0],[6.0],True,False
[10],[583 822 1158 3223 3643 6310 6513],[69.0],[6.0 8.0 11.0 12.0 24.0 35.0 58.0],True,False
[11],[288],[10.0],[18.0],True,False
[12],[498 881 1765 1953 3446 4060 7416],[73.0],[8.0 11.0 25.0 26.0 29.0 40.0 42.0],True,False
[13],[218 779 1113 1365 1749 2563],[17.0],[5.0 15.0 16.0 18.0 40.0 68.0],True,False
[14],[200 218 747 2806],[34.0],[16.0 27.0 40.0 59.0],True,False
[15],[436],[6.0],[20.0],True,False
[16],[509],[16.0],[17.0],True,False
[17],[245 822 1140],[21.0],[11.0 13.0 22.0],True,False
[18],[135 137 2236],[15.0],[7.0 21.0],True,False
[19],[99 674],[10.0],[9.0 15.0],True,False
[20],[184 530 800 2777 4247 4444 5365 6757 8016],[85.0],[12.0 13.0 15.0 18.0 22.0 27.0 37.0 42.0],True,False
[21],[501],[15.0],[16.0],True,False
[22],[1350 2628 3249 3705 4280],[20.0],[4.0 14.0 17.0 18.0 26.0],True,False
[23],[506 1308],[21.0],[14.0 33.0],True,False
[24],[5912],[6.0],[20.0],True,False
[25],[207],[5.0],[14.0],True,False
[26],[601],[15.0],[19.0],True,False
[27],[580 756],[21.0],[17.0 36.0],True,False
[28],[489 1885],[22.0],[8.0 45.0],True,False
[29],[19 36 462 994 1038 1312 1525 1723 2099 2727 3828 4225 4474 4655 5956],[51.0],[5.0 7.0 8.0 15.0 17.0 22.0 25.0 26.0 27.0 35.0 44.0 56.0],False,False
[30],[512],[19.0],[37.0],True,False
[31],[858 865 1797 3190],[45.0],[21.0 26.0 29.0 42.0],False,False
[32],[326 888 1632 2058],[16.0],[5.0 16.0 17.0 28.0],True,False
[33],[520],[11.0],[63.0],True,False
[34],[229 401 1652 1653 2029 2453],[31.0],[5.0 6.0 7.0 16.0 23.0 28.0],True,False
[35],[563 803 807 817 1750],[8.0],[5.0 6.0 14.0 16.0],True,False
[36],[581],[6.0],[7.0],True,False
[37],[374],[7.0],[8.0],True,False
[38],[1104 1543],[9.0],[4.0 23.0],True,False
[39],[456 486 832],[26.0],[8.0 25.0 26.0],True,False
[40],[586 858 1797],[5.0],[7.0 26.0 42.0],True,False
[41],[500],[6.0],[9.0],True,False
[42],[6803 9705],[33.0],[6.0 40.0],True,False
[43],[534],[14.0],[18.0],True,False
[44],[162 1442],[20.0],[15.0 65.0],True,False
[45],[95 1050 2034],[9.0],[4.0 8.0 33.0],True,False
[46],[1301 2291],[36.0],[17.0 51.0],True,False
[47],[670 1057 1324 1977],[41.0],[18.0 35.0 39.0 56.0],False,False
[48],[446],[15.0],[40.0],True,False
[49],[516 686 1046 1491],[15.0],[7.0 13.0 20.0 25.0],False,False
[50],[286],[8.0],[10.0],True,False
[51],[251],[9.0],[9.0],True,True
[52],[425],[7.0],[11.0],True,False
[53],[682],[42.0],[53.0],True,False
[54],[169 740 1105],[5.0],[4.0 7.0],True,False
[55],[412 3824 4384],[43.0],[8.0 22.0 67.0],True,False
[56],[759],[16.0],[21.0],True,False
[57],[519 1036 1985 2744],[20.0],[13.0 15.0 16.0 18.0],True,False
[58],[642],[18.0],[26.0],True,False
[59],[592 1030 1503],[9.0],[12.0 16.0 19.0],True,False
[60],[198 757 1614],[26.0],[18.0 19.0 42.0],True,False
[61],[51 512 576 627 2320 2710],[33.0],[12.0 27.0 30.0 35.0 37.0 54.0],True,False
[62],[767],[5.0],[25.0],True,False
[63],[203 771],[7.0],[11.0 15.0],True,False
[64],[1318],[20.0],[31.0],True,False
[65],[257],[4.0],[5.0],True,False
[66],[516],[7.0],[13.0],True,False
[67],[155 180],[11.0],[10.0 22.0],True,False
[68],[100 114 118 1605],[13.0],[4.0 6.0 15.0 26.0],True,False
[69],[422 874],[11.0],[7.0 8.0],True,False
[70],[941],[17.0],[25.0],True,False
[71],[94 394 1399],[10.0],[4.0 19.0 74.0],True,False
[72],[127 689],[24.0],[6.0 34.0],True,False
[73],[107 141 704 1867],[10.0],[5.0 7.0 15.0 16.0],False,False
[74],[467 639 1298 1502],[9.0],[4.0 7.0 37.0],True,False
[75],[67 433],[23.0],[15.0 24.0],False,False
[76],[376 544 1224],[8.0],[12.0 13.0 17.0],True,False
[77],[483 530 1580 1790 2108],[12.0],[10.0 13.0 16.0 37.0],False,False
[78],[513 1514 2480],[14.0],[11.0 13.0 17.0],True,False
[79],[156],[11.0],[24.0],True,False
[80],[438],[8.0],[8.0],True,True
[81],[212 416 773 2365 2519 2691],[28.0],[5.0 8.0 12.0 18.0 31.0 32.0],False,False
[82],[556 1100],[10.0],[13.0 24.0],True,False
[83],[1053],[7.0],[39.0],True,False
[84],[90 1709 2686 3249 3463],[21.0],[10.0 13.0 14.0 17.0],False,False
[85],[790 801 1148 1366],[14.0],[6.0 7.0 14.0 27.0],False,False
[86],[397 522],[12.0],[24.0 57.0],False,False
[87],[219 227 1258],[15.0],[9.0 13.0 23.0],True,False
[88],[563 802 1151],[10.0],[6.0 14.0],True,False
[89],[111],[9.0],[13.0],True,False
[90],[693 1357 2495],[26.0],[5.0 16.0 26.0],True,False
[91],[244 248 533],[15.0],[7.0 9.0 16.0],True,False
[92],[167 1777 3011 3181 3325 4377],[46.0],[11.0 19.0 23.0 26.0 27.0],True,False
[93],[892],[5.0],[7.0],True,False
[94],[479 1863 1864 2216 2220 2620 2935 2945 2987],[32.0],[5.0 12.0 19.0 24.0 26.0 33.0],False,False
[95],[127 519 686 689 1491 1827 1837 2253],[12.0],[6.0 7.0 12.0 16.0 20.0 25.0 34.0],False,False
[96],[903],[7.0],[7.0],True,True
[97],[120 132 1766],[58.0],[10.0 33.0 41.0],True,False
[98],[97 435 654 1032 2264],[18.0],[7.0 9.0 11.0 27.0 56.0],True,False
[99],[662 669 1779 2142],[18.0],[10.0 12.0 16.0 54.0],True,False
[100],[687],[33.0],[34.0],True,False
[101],[291 308 332 1599],[6.0],[5.0 16.0 19.0 75.0],False,False
[102],[422 878 882],[9.0],[7.0 17.0 19.0],True,False
[103],[899 1566 1810],[5.0],[8.0 12.0 16.0],True,False
[104],[458 1200],[10.0],[6.0 22.0],True,False
[105],[1250 1338 1494 2285 2741 4197 4635 4637 5036 5223 5588],[61.0],[5.0 9.0 10.0 13.0 19.0 23.0 32.0 37.0 47.0 52.0 55.0],True,False
[106],[448 4894],[60.0],[34.0 61.0],False,False
[107],[569 958 1205 1830 1924],[28.0],[5.0 9.0 16.0 22.0 38.0],True,False
[108],[1506 1970],[22.0],[4.0 29.0],False,False
[109],[254],[27.0],[37.0],True,False
[110],[347 423],[18.0],[17.0 24.0],True,False
[111],[488 783 2031],[42.0],[22.0 35.0],False,False
[112],[416 487 773 2365 2506],[54.0],[5.0 8.0 15.0 32.0 59.0],True,False
[113],[1344],[8.0],[23.0],True,False
[114],[1580 1595],[13.0],[16.0 17.0],True,False
[115],[389 423 896 964 1209 1941 2384],[17.0],[5.0 6.0 9.0 10.0 11.0 17.0],True,False
[116],[356],[4.0],[8.0],True,False
[117],[22 408 3996 4539],[37.0],[13.0 14.0 24.0 37.0],True,False
[118],[2573 5854 6152 6422],[8.0],[6.0 12.0 18.0 26.0],True,False
[119],[196 2342 2517 2825 3029 3031 4226],[44.0],[5.0 6.0 7.0 13.0 25.0 33.0],False,False
[120],[440],[11.0],[31.0],True,False
[121],[538],[9.0],[11.0],True,False
[122],[427],[11.0],[14.0],True,False
[123],[17 1282 2196 2613 2615 3473],[26.0],[6.0 17.0 18.0 26.0 42.0 63.0],True,False
[124],[459 1591 2060 2185 2288],[19.0],[6.0 10.0 15.0 29.0 50.0],False,False
[125],[610 1287],[22.0],[11.0 19.0],True,False
[126],[24 574 999],[12.0],[5.0 10.0 21.0],True,False
[127],[376 544 902 1224],[19.0],[10.0 12.0 13.0 17.0],True,False
[128],[554],[31.0],[32.0],True,False
[129],[490 813 1446 1550 2995 4159],[40.0],[12.0 15.0 17.0 18.0 36.0],True,False
[130],[428 1291 1519 1529 2203],[20.0],[4.0 5.0 13.0 15.0 19.0],True,False
[131],[839],[24.0],[25.0],True,False
[132],[706],[4.0],[8.0],True,False
[133],[476 718 1097 2151],[17.0],[11.0 13.0 15.0 26.0],False,False
[134],[339 1206 1831 2673 4459],[35.0],[7.0 20.0 30.0 35.0 81.0],True,False
[135],[742 746 1745],[5.0],[4.0 9.0 51.0],False,False
[136],[468],[7.0],[38.0],True,False
[137],[460 891 894],[17.0],[11.0 13.0 16.0],True,False
[138],[57 69 463],[14.0],[10.0 17.0 26.0],False,False
[139],[478 556 1784],[14.0],[4.0 5.0 24.0],True,False
[140],[2778],[5.0],[5.0],True,True
[141],[135],[6.0],[21.0],True,False
[142],[7104 7148 7487 7591],[11.0],[4.0 6.0 26.0],True,False
[143],[342 910 3366],[23.0],[6.0 20.0 45.0],True,False
[144],[421 2384 2843],[17.0],[6.0 10.0 19.0],True,False
[145],[276],[11.0],[70.0],True,False
[146],[486 1258 2494],[22.0],[17.0 23.0 26.0],True,False
[147],[200 1749],[71.0],[59.0 68.0],True,False
[148],[263],[5.0],[5.0],True,True
[149],[532],[6.0],[26.0],True,False
[150],[499],[7.0],[11.0],True,False
[151],[666],[6.0],[6.0],True,True
[152],[529 1155 1365 3329],[30.0],[17.0 18.0 21.0 56.0],True,False
[153],[402],[5.0],[11.0],True,False
[154],[883],[4.0],[14.0],True,False
[155],[210],[12.0],[13.0],True,False
[156],[582 757 1916 2371 3410 3648 3651],[33.0],[4.0 6.0 12.0 21.0 26.0 42.0],False,False
[157],[417],[4.0],[5.0],True,False
[158],[793 800 1378],[12.0],[10.0 15.0 41.0],True,False
[159],[575],[10.0],[54.0],True,False
[160],[547 1006],[19.0],[19.0 31.0],True,False
[161],[700],[10.0],[14.0],True,False
[162],[430],[6.0],[11.0],True,False
[163],[645 651 1350 1351 1742 1743],[15.0],[4.0 5.0 13.0 21.0 26.0 75.0],False,False
[164],[578],[5.0],[6.0],True,False
[165],[542],[4.0],[17.0],True,False
[166],[1183 1631],[29.0],[15.0 32.0],True,False
[167],[24 429 1006 1289],[24.0],[12.0 19.0 21.0],True,False
[168],[561 1675],[11.0],[17.0 30.0],True,False
[169],[240 415 583 1675 3109 3724],[43.0],[4.0 17.0 21.0 24.0 32.0],True,False
[170],[809],[6.0],[7.0],True,False
[171],[418 791 1370 1746 2029],[13.0],[5.0 7.0 16.0 19.0],False,False
[172],[791],[19.0],[19.0],True,True
[173],[872],[4.0],[13.0],True,False
[174],[4253],[7.0],[35.0],True,False
[175],[69 463 577 2119],[19.0],[6.0 17.0 26.0 30.0],True,False
[176],[307 311 842],[5.0],[11.0 32.0 44.0],True,False
[177],[472 1537],[10.0],[7.0 11.0],True,False
[178],[189 211 580 756 1433 1916 2245 2459 2753],[31.0],[5.0 9.0 11.0 17.0 18.0 26.0 36.0 39.0],True,False
[179],[453 788 789 1416 2239],[43.0],[6.0 10.0 19.0 41.0 71.0],True,False
[180],[535],[15.0],[35.0],True,False
[181],[192 195 482 754 3689],[31.0],[6.0 14.0 18.0 22.0 27.0],True,False
[182],[970 984 1286 2613 2615],[11.0],[6.0 7.0 9.0 26.0 42.0],True,False
[183],[454],[4.0],[26.0],True,False
[184],[513],[5.0],[13.0],False,False
[185],[536],[10.0],[14.0],True,False
[186],[397],[20.0],[57.0],True,False
[187],[246],[6.0],[6.0],True,True
[188],[445 730],[28.0],[12.0 34.0],False,False
[189],[558 743],[16.0],[16.0 20.0],True,False
[190],[893 2382],[12.0],[24.0 32.0],False,False
[191],[606],[24.0],[27.0],True,False
[192],[30 507 593],[11.0],[4.0 26.0 27.0],True,False
[193],[679 2915],[21.0],[22.0 37.0],True,False
[194],[377 2087],[12.0],[9.0 24.0],True,False
[195],[798 3347],[27.0],[21.0 53.0],True,False
[196],[477],[7.0],[9.0],True,False
[197],[626 638 1007 1439 1642 2142 2642 3489],[31.0],[6.0 10.0 14.0 16.0 18.0 21.0 34.0 52.0],False,False
[198],[493],[12.0],[13.0],True,False
[199],[416 487],[14.0],[8.0 15.0],True,False
[200],[173 523 2800],[21.0],[8.0 25.0 41.0],True,False
[201],[696 1735 2255],[21.0],[17.0 34.0 37.0],True,False
[202],[539 1178],[10.0],[7.0 11.0],True,False
[203],[552 650 662 2035 2145],[12.0],[5.0 7.0 8.0 12.0 15.0],False,False
[204],[319 457],[7.0],[7.0],True,False
[205],"[94 441 688 1314 1606 2407 3060 3134 3239 3503 3504 3678 3787 3835 4747
 5748 7228]",[75.0],[6.0 7.0 8.0 10.0 12.0 13.0 18.0 19.0 20.0 21.0 23.0 28.0 32.0 36.0 38.0],True,False
[206],[692],[10.0],[10.0],True,True
[207],[193],[29.0],[36.0],True,False
[208],[311],[6.0],[44.0],False,False
[209],[156 160 163],[16.0],[7.0 24.0 47.0],False,False
[210],[585],[9.0],[9.0],True,True
[211],[333 878],[20.0],[11.0 19.0],True,False
[212],[132 136],[7.0],[7.0 33.0],True,False
[213],[108],[20.0],[21.0],True,False
[214],[466 1023 1300 1687],[5.0],[5.0 10.0 17.0 68.0],True,False
[215],[749],[10.0],[12.0],True,False
[216],[399 563 1668],[10.0],[7.0 13.0 14.0],True,False
[217],[396],[24.0],[37.0],True,False
[218],[322 1592 2066 2419 3671 4062],[14.0],[7.0 8.0 20.0 21.0 40.0 51.0],False,False
[219],[267],[9.0],[33.0],True,False
[220],[521 720],[10.0],[9.0 26.0],True,False
[221],[709 1773 2039 4765],[39.0],[10.0 27.0 48.0 75.0],True,False
[222],[515],[5.0],[8.0],True,False
[223],[745],[4.0],[41.0],True,False
[224],[0 560 7106 8446],[76.0],[4.0 19.0 60.0 65.0],True,False
[225],[275 816 958 1164 1165 1552 1753 1756 1757],[12.0],[5.0 6.0 9.0 10.0 20.0 21.0 29.0 62.0],False,False
[226],[806],[4.0],[14.0],True,False
[227],[537 825],[36.0],[31.0 60.0],True,False
[228],[15],[13.0],[15.0],True,False
[229],[54 470 1514 1608 1691 2028 2045 2308],[34.0],[5.0 6.0 10.0 13.0 14.0 17.0],False,False
[230],[699 1339],[6.0],[13.0 21.0],True,False
[231],[1988 2220 2620 3033],[12.0],[4.0 24.0 33.0],False,False
[232],[449],[5.0],[6.0],True,False
[233],[81],[9.0],[17.0],True,False
[234],[407 2535 2685 2725],[28.0],[8.0 12.0 18.0 25.0],False,False
[235],[327],[18.0],[19.0],True,False
[236],[260],[6.0],[7.0],True,False
[237],[2006 2512 2623 3543 4004 4622 4870],[11.0],[5.0 10.0 11.0 19.0 22.0 24.0 41.0],False,False
[238],[668],[21.0],[21.0],True,True
[239],[153 709],[7.0],[10.0 16.0],True,False
[240],[604 2788 3827],[29.0],[8.0 23.0 40.0],True,False
[241],[142 152],[7.0],[6.0 81.0],False,False
[242],[364 405 2278 5612],[50.0],[10.0 16.0 22.0 50.0],True,False
[243],[66 468 550 1014 2205],[37.0],[12.0 32.0 38.0 41.0 50.0],True,False
[244],[572],[12.0],[12.0],True,True
[245],[553 1076 1321 1984 2206],[17.0],[5.0 6.0 10.0 12.0 14.0],True,False
[246],[349],[8.0],[23.0],True,False
[247],[570 872 890 909],[21.0],[10.0 13.0 15.0 17.0],True,False
[248],[655 661 1053],[32.0],[24.0 30.0 39.0],True,False
[249],[579],[15.0],[15.0],True,True
[250],[111 681],[25.0],[13.0 25.0],False,False
[251],[120 1120],[18.0],[10.0 18.0],True,False
[252],[3777],[5.0],[9.0],True,False
[253],[242 398 453 789 1416 2254],[15.0],[6.0 10.0 11.0 19.0 41.0],False,False
[254],[411 508 622 1843 2306],[13.0],[5.0 9.0 11.0 13.0 16.0],True,False
[255],[283],[10.0],[12.0],True,False
[256],[646 656],[12.0],[5.0 27.0],True,False
[257],[828 1458],[26.0],[19.0 40.0],True,False
[258],[567],[24.0],[27.0],True,False
[259],[363],[4.0],[15.0],True,False
[260],[166],[20.0],[20.0],True,True
[261],[521 720],[17.0],[9.0 26.0],True,False
[262],[31 39 409 1851 2099],[24.0],[10.0 12.0 15.0 22.0 25.0],True,False
[263],[655],[7.0],[30.0],True,False
[264],[103 471],[4.0],[4.0 25.0],False,False
[265],[876],[10.0],[11.0],False,False
[266],[557],[4.0],[5.0],True,False
[267],[244 533 810 1444 1600],[17.0],[7.0 9.0 12.0 46.0],True,False
[268],[275],[6.0],[62.0],True,False
[269],[469],[4.0],[9.0],True,False
[270],[125 474 653 1314 1404 2407 2732 3244 3339],[42.0],[5.0 10.0 11.0 12.0 14.0 16.0 28.0],False,False
[271],[443],[13.0],[13.0],True,True
[272],[414],[20.0],[42.0],True,False
[273],[850],[6.0],[10.0],True,False
[274],[131 1909],[29.0],[41.0 47.0],True,False
[275],[562 1392],[26.0],[11.0 28.0],True,False
[276],[742 746],[10.0],[9.0 51.0],False,False
[277],[66],[12.0],[32.0],True,False
[278],[602 1022],[6.0],[8.0 13.0],True,False
[279],[74],[11.0],[33.0],True,False
[280],[677 1046],[20.0],[16.0 20.0],False,False
[281],[1460 1793 3190],[14.0],[14.0 21.0 26.0],True,False
[282],[313 841],[11.0],[10.0 11.0],True,False
[283],[169 179 711 1674],[10.0],[4.0 5.0 15.0 48.0],False,False
[284],[909 1227],[10.0],[15.0 24.0],True,False
[285],[153],[5.0],[16.0],True,False
[286],[616],[6.0],[12.0],True,False
[287],[331],[6.0],[22.0],False,False
[288],[125],[5.0],[12.0],True,False
[289],[325],[5.0],[10.0],True,False
[290],[178 1333],[20.0],[33.0 71.0],False,False
[291],[466 639 1300 2487 2965],[23.0],[4.0 6.0 9.0 10.0 17.0],False,False
[292],[528 1109],[8.0],[5.0 7.0],True,False
[293],[555],[5.0],[10.0],True,False
[294],[846],[5.0],[9.0],True,False
[295],[1131 1174 1964],[23.0],[11.0 19.0 42.0],False,False
[296],[39],[6.0],[15.0],True,False
[297],[3578 5977 7501],[34.0],[20.0 33.0 48.0],True,False
[298],[64 549 2685 2983 3829],[27.0],[7.0 9.0 12.0 29.0 49.0],True,False
[299],[525],[10.0],[16.0],True,False
[300],[424],[4.0],[47.0],True,False
[301],[426 3017],[43.0],[27.0 47.0],True,False
[302],[43],[4.0],[16.0],True,False
[303],[43 548 615],[11.0],[5.0 16.0 33.0],False,False
[304],[59 74 432 2523 2887 3240],[41.0],[11.0 15.0 16.0 20.0 33.0 73.0],True,False
[305],[479],[9.0],[12.0],True,False
[306],[484 716 763 2218],[28.0],[5.0 9.0 27.0 53.0],True,False
[307],[121 158 169 179 711 713 1102 1674],[9.0],[4.0 5.0 6.0 7.0 15.0 48.0],False,False
[308],[403 1183 1814 4860],[46.0],[11.0 15.0 35.0 54.0],True,False
[309],[637],[21.0],[26.0],True,False
[310],[97 1032],[24.0],[9.0 56.0],True,False
[311],[850 1219],[10.0],[8.0 10.0],True,False
[312],[522],[6.0],[24.0],True,False
[313],[3865 5212 5880 6234],[13.0],[6.0 7.0 10.0 30.0],True,False
[314],[437],[10.0],[16.0],True,False
[315],[494 544 840 896 1385 1551 2174],[15.0],[4.0 5.0 6.0 10.0 11.0 12.0],False,False
[316],[461],[12.0],[13.0],True,False
[317],[5099],[14.0],[22.0],True,False
[318],[139 477],[8.0],[9.0 10.0],True,False
[319],[485 527 1175 2129],[8.0],[6.0 10.0 17.0 18.0],True,False
[320],[315 571 858 1797],[13.0],[8.0 26.0 42.0],True,False
[321],[89 100 473 2018 2433 4053],[92.0],[6.0 11.0 15.0 39.0 85.0],True,False
[322],[410],[15.0],[17.0],True,False
[323],[286 351 1178 1179],[7.0],[6.0 7.0 10.0 21.0],False,False
[324],[324 977 1636 2438],[13.0],[7.0 9.0 11.0 12.0],True,False
[325],[815 2133],[12.0],[5.0 14.0],True,False
[326],[261 266 566],[22.0],[8.0 14.0 51.0],True,False
[327],[336],[15.0],[29.0],True,False
[328],[286 318 351 1178 1179 1386],[10.0],[4.0 6.0 7.0 10.0 11.0 21.0],False,False
[329],[195],[5.0],[18.0],True,False
[330],[289 859 867 1410 1568 2076 2082 2180 2556 2811 3073 3423],[55.0],[5.0 6.0 10.0 15.0 16.0 17.0 20.0 22.0 23.0 47.0],False,False
[331],[485 527 1170 1654 1913 2918 4836],[84.0],[10.0 14.0 17.0 23.0 36.0 41.0 56.0],True,False
[332],[17 34 2197 2613 2615 3473 3476 3731],[35.0],[6.0 8.0 13.0 17.0 22.0 26.0 42.0 63.0],True,False
[333],[549],[11.0],[49.0],True,False
[334],[1818 2324],[20.0],[6.0 22.0],True,False
[335],[544 1948 2579 2772],[4.0],[5.0 9.0 12.0 45.0],False,False
[336],[442],[17.0],[19.0],True,False
[337],[289 297],[10.0],[5.0 16.0],True,False
[338],[2839],[10.0],[13.0],True,False
[339],[355],[7.0],[8.0],True,False
[340],[432 465],[7.0],[15.0 38.0],True,False
[341],[316 2180],[17.0],[10.0 26.0],True,False
[342],[490 564 565],[12.0],[10.0 12.0 68.0],True,False
[343],[395 3300],[22.0],[24.0 35.0],True,False
[344],[289 867 869 1926 3073],[19.0],[11.0 13.0 16.0 22.0 47.0],False,False
[345],[566],[5.0],[51.0],True,False
[346],[358 460 891],[5.0],[10.0 11.0 13.0],True,False
[347],[99 674],[11.0],[9.0 15.0],False,False
[348],[159],[38.0],[38.0],True,True
[349],[879 893],[27.0],[9.0 32.0],True,False
[350],[48 463 548],[17.0],[7.0 26.0 33.0],True,False
[351],[17 599 605 970],[9.0],[6.0 11.0 26.0],False,False
[352],[3368],[7.0],[11.0],True,False
[353],[437 1053],[4.0],[16.0 39.0],True,False
[354],[449 450],[5.0],[6.0 15.0],True,False
[355],[565],[6.0],[10.0],True,False
[356],[447],[11.0],[27.0],True,False
[357],[164],[7.0],[8.0],True,False
[358],[671 1398 1399],[20.0],[6.0 46.0 74.0],True,False
[359],[1279 1503],[17.0],[18.0 19.0],True,False
[360],[55 510],[10.0],[5.0 27.0],False,False
[361],[98 437 1041],[10.0],[7.0 15.0 16.0],True,False
[362],[432],[13.0],[15.0],True,False
[363],[602 608],[20.0],[13.0 29.0],True,False
[364],[483 2218 2447 2952],[23.0],[13.0 14.0 27.0 37.0],False,False
[365],[444],[14.0],[57.0],True,False
[366],[272],[27.0],[28.0],True,False
[367],[194 291 1377 1599 3820 3821],[34.0],[5.0 6.0 28.0 32.0 75.0],True,False
[368],[413],[9.0],[9.0],True,True
[369],[45 546 3556],[46.0],[16.0 26.0 45.0],True,False
[370],[2502],[8.0],[17.0],True,False
[371],[285],[11.0],[22.0],True,False
[372],[691 1735 1770 2255],[29.0],[17.0 20.0 37.0],True,False
[373],[726],[4.0],[7.0],True,False
[374],[340 342 2665 3190 3364 3365],[30.0],[4.0 7.0 18.0 20.0 21.0 30.0],False,False
[375],[517],[10.0],[13.0],True,False
[376],[3828 5657],[48.0],[43.0 56.0],True,False
[377],[518],[7.0],[37.0],True,False
[378],[38 431 1297 2260],[21.0],[12.0 29.0 35.0 52.0],True,False
[379],[172 718 972 1542 3103 3765 3987 4029 4743 5142 6748],[56.0],[9.0 15.0 18.0 22.0 26.0 27.0 29.0 34.0 40.0 42.0 56.0],True,False
[380],[71],[6.0],[9.0],True,False
[381],[168],[7.0],[26.0],True,False
[382],[330 870],[7.0],[6.0 7.0],True,False
[383],[776],[10.0],[24.0],True,False
[384],[800 1142 2431],[15.0],[15.0 16.0 18.0],False,False
[385],[102],[7.0],[8.0],True,False
[386],[474],[6.0],[16.0],True,False
[387],[491 1631 2678],[16.0],[14.0 17.0 32.0],True,False
[388],[204 716],[29.0],[53.0 59.0],True,False
[389],[49],[7.0],[11.0],True,False
[390],[404],[14.0],[73.0],True,False
[391],[797],[20.0],[21.0],True,False
[392],[307 311 569 2770],[28.0],[19.0 32.0 38.0 44.0],True,False
[393],[761],[13.0],[15.0],True,False
[394],[424 1821 2419 2589 2663 2780 3274 3373 3699 3772],[29.0],[5.0 7.0 8.0 12.0 18.0 20.0 47.0],False,False
[395],[719],[19.0],[21.0],True,False
[396],[1262 1418],[10.0],[15.0 47.0],True,False
[397],[66 633 2609],[43.0],[20.0 32.0 33.0],True,False
[398],[5563 6702 7421 7925],[18.0],[10.0 13.0 20.0 31.0],False,False
[399],[765],[11.0],[17.0],True,False
[400],[439],[9.0],[14.0],True,False
[401],[84],[8.0],[8.0],True,True
[402],[255 275 842 1165 1753 1757],[31.0],[6.0 9.0 10.0 11.0 27.0 62.0],True,False
[403],[1683 2307],[9.0],[5.0 22.0],True,False
[404],[289 826 980 1698 2077 4163 4455],[45.0],[6.0 13.0 16.0 17.0 23.0 26.0 51.0],True,False
[405],[420],[18.0],[18.0],True,True
[406],[3948],[7.0],[10.0],True,False
[407],[455],[40.0],[41.0],True,False
[408],[541],[21.0],[21.0],True,True
[409],[451 1173 2371],[14.0],[12.0 13.0 34.0],True,False
[410],[916],[4.0],[13.0],True,False
[411],[312 846],[11.0],[9.0 20.0],True,False
[412],[568],[6.0],[8.0],True,False
[413],[2250 2892 3006],[16.0],[9.0 11.0 18.0],True,False
[414],[751 2834],[27.0],[37.0 66.0],True,False
[415],[419 891 980 3663],[32.0],[13.0 23.0 33.0],True,False
[416],[47],[4.0],[4.0],True,True
[417],[514 2696 2793],[39.0],[17.0 26.0 33.0],True,False
[418],[526 1393],[8.0],[4.0 11.0],True,False
[419],[780],[14.0],[14.0],True,True
[420],[3267 3477],[5.0],[10.0 36.0],True,False
[421],[181 482 731 1137],[15.0],[11.0 15.0 17.0 22.0],True,False
[422],[2550 2916],[6.0],[14.0 17.0],True,False
[423],[282],[6.0],[15.0],True,False
[424],[889 3204],[26.0],[23.0 31.0],True,False
[425],[625],[4.0],[4.0],True,True
[426],[814],[14.0],[27.0],True,False
[427],[1 2549 2685 3400 3551 4536],[7.0],[9.0 10.0 12.0 14.0 17.0 18.0],True,False
[428],[511 982],[14.0],[9.0 17.0],True,False
[429],[249 564 810],[16.0],[9.0 16.0 68.0],False,False
[430],[452 2763],[18.0],[8.0 19.0],True,False
[431],[38 3740 4073 4154 4363 4501 6449],[45.0],[8.0 11.0 13.0 20.0 23.0 29.0 52.0],False,False
[432],[300 1476 2773 2835 3198],[19.0],[4.0 5.0 6.0 16.0],False,False
[433],[497],[7.0],[8.0],True,False
[434],[295 298 1924 3442],[28.0],[9.0 14.0 15.0 40.0],True,False
[435],[783 784 1176 1430],[8.0],[6.0 8.0 22.0 28.0],True,False
[436],[524],[4.0],[35.0],True,False
[437],[580 756 2805 3185 3695],[31.0],[4.0 8.0 17.0 36.0 74.0],False,False
[438],[3602],[8.0],[25.0],True,False
[439],[247 261 808],[9.0],[7.0 8.0 11.0],True,False
[440],[2387],[4.0],[18.0],True,False
[441],[683],[5.0],[10.0],True,False
[442],[79],[14.0],[16.0],True,False
[443],[1344],[5.0],[23.0],True,False
[444],[25 32],[7.0],[14.0 17.0],True,False
[445],[551],[22.0],[32.0],True,False
[446],[559],[15.0],[16.0],True,False
[447],[39 45 409 1029 1310],[25.0],[15.0 16.0 22.0 31.0],True,False
[448],[241 1416 3076],[58.0],[22.0 38.0 41.0],False,False
[449],[651 661],[9.0],[21.0 24.0],False,False
[450],[146 1081 1332],[12.0],[7.0 21.0 24.0],True,False
[451],[558],[16.0],[16.0],True,True
[452],[229 1164 1652 2029],[35.0],[7.0 16.0 23.0 29.0],True,False
[453],[600 933 987],[11.0],[6.0 7.0 10.0],True,False
[454],[236 796],[19.0],[5.0 21.0],True,False
[455],[632 2354 2355],[39.0],[8.0 10.0 31.0],True,False
[456],[1994],[9.0],[40.0],True,False
[457],[349 885 893 897 912 927 1235 1477 1815 2064],[23.0],[4.0 5.0 7.0 9.0 10.0 12.0 23.0 32.0],False,False
[458],[464 1009 1010 1642 2539],[28.0],[5.0 8.0 21.0 22.0],True,False
[459],[69 463 548 615 1642 3098 4038],[27.0],[5.0 17.0 19.0 21.0 26.0 33.0 47.0],False,False
[460],[262],[4.0],[6.0],True,False
[461],[431 1327 2260],[42.0],[12.0 35.0 47.0],True,False
[462],[357],[8.0],[8.0],True,True
[463],[481 771 1436 1915],[12.0],[5.0 7.0 11.0 13.0],True,False
[464],[364 405 460 899 1566 1810],[19.0],[8.0 11.0 12.0 16.0 22.0],True,False
[465],[584],[6.0],[15.0],True,False
[466],[543],[18.0],[23.0],True,False
[467],[589 2203 3064],[11.0],[7.0 9.0 15.0],False,False
[468],[492],[6.0],[10.0],True,False
[469],[728 1618],[10.0],[10.0 11.0],True,False
[470],[152 8046],[70.0],[8.0 81.0],True,False
[471],[781],[4.0],[61.0],True,False
[472],[423 896],[13.0],[11.0 17.0],False,False
[473],[887 2076 2183],[23.0],[14.0 19.0 23.0],True,False
[474],[552 650 669 1435 2035 2921 4114 5055 5734],[50.0],[7.0 8.0 15.0 29.0 45.0 54.0 55.0],True,False
[475],[1199],[4.0],[12.0],True,False
[476],[531],[10.0],[10.0],True,True
[477],[444 731 732 1958],[39.0],[6.0 8.0 17.0 57.0],False,False
[478],[598],[4.0],[48.0],True,False
[479],[51 576],[14.0],[35.0 54.0],True,False
[480],[329],[6.0],[7.0],True,False
[481],[260 1162 1444],[16.0],[7.0 12.0],False,False
[482],[1171],[4.0],[4.0],True,True
[483],[54 634 1510 1622],[7.0],[6.0 18.0 26.0],False,False
[484],[3178 4420],[20.0],[9.0 47.0],True,False
[485],[590],[18.0],[22.0],True,False
[486],[1131 1174],[20.0],[19.0 42.0],True,False
[487],[350 381 876],[14.0],[11.0 20.0 35.0],True,False
[488],[343 977 1945 2232],[10.0],[6.0 7.0 11.0 18.0],False,False
[489],[855],[7.0],[8.0],True,False
[490],[1236 2568],[36.0],[9.0 44.0],True,False
[491],[276 981 1883 2646 3426 3957],[62.0],[7.0 12.0 20.0 48.0 70.0],False,False
[492],[912 1238 1477 2064],[11.0],[6.0 7.0 9.0],True,False
[493],[728 1114 2041 2247],[16.0],[10.0 16.0 21.0 22.0],False,False
[494],[86 576 1058 1975 2320 2552],[34.0],[15.0 30.0 35.0 37.0 45.0 54.0],True,False
[495],[972],[28.0],[56.0],True,False
[496],[2162],[16.0],[39.0],True,False
[497],[1087 1091],[12.0],[6.0 11.0],True,False
[498],[55 982 994 1526 2477 2727 3829],[35.0],[7.0 9.0 13.0 16.0 17.0 27.0 44.0],False,False
[499],[282 976 1633 2422 2898 3387 3414 3459 3725 4251 4498 5365 5547],[43.0],[4.0 5.0 8.0 14.0 15.0 16.0 19.0 22.0 24.0 29.0 37.0 72.0],False,False
[500],[365 499],[10.0],[11.0 19.0],True,False
[501],[1186 1481],[21.0],[11.0 25.0],True,False
[502],[527 1362 1426],[4.0],[4.0 17.0],False,False
[503],[94 119],[13.0],[12.0 19.0],True,False
[504],[804 1176 1430],[12.0],[6.0 7.0 8.0],True,False
[505],[969],[15.0],[29.0],True,False
[506],[979],[10.0],[10.0],True,True
[507],[124 644 1533],[32.0],[23.0 28.0 31.0],True,False
[508],[980],[6.0],[23.0],True,False
[509],[523 978 1252],[12.0],[10.0 13.0 41.0],True,False
[510],[805 814 2373 3074 3848 4311],[43.0],[9.0 11.0 27.0 36.0 39.0],True,False
[511],[1118 2344],[26.0],[32.0 49.0],False,False
[512],"[86 469 576 577 1058 1687 1975 2316 2320 2552 2617 4780 6246 6317 6594
 6595 7057 8299 8497]",[75.0],"[5.0 6.0 9.0 10.0 11.0 15.0 16.0 18.0 25.0 30.0 34.0 35.0 37.0 45.0 54.0
 68.0]",True,False
[513],[846 863 875 1479 1765],[28.0],[4.0 7.0 9.0 13.0 25.0],True,False
[514],[1133],[13.0],[16.0],True,False
[515],[19 462 618],[4.0],[6.0 8.0 15.0],True,False
[516],[1332],[13.0],[24.0],False,False
[517],[392 1271],[9.0],[12.0 13.0],True,False
[518],[216 224 759 2154 2763 3222 3723 4349 4786],[37.0],[5.0 6.0 7.0 8.0 17.0 21.0 27.0 32.0 54.0],True,False
[519],[1287],[4.0],[19.0],True,False
[520],[337],[9.0],[15.0],True,False
[521],[942],[8.0],[15.0],True,False
[522],[29 37 1288 2639 3241 3242 3574],[30.0],[4.0 7.0 19.0 23.0 26.0 28.0 73.0],False,False
[523],[948],[9.0],[10.0],True,False
[524],[201],[20.0],[26.0],True,False
[525],[250],[13.0],[18.0],True,False
[526],[742 745 746 1541 1744 2010 2342],[21.0],[8.0 9.0 16.0 33.0 41.0 43.0 51.0],True,False
[527],[1326],[4.0],[14.0],False,False
[528],[1291 2786 3721 4260 4340],[19.0],[4.0 8.0 19.0 20.0 21.0],False,False
[529],[89 2309],[6.0],[29.0 85.0],True,False
[530],[473 1056],[15.0],[8.0 39.0],True,False
[531],[863 881 1237 1765 1953 2059 2287 3874 4216 4408],[43.0],[9.0 13.0 18.0 21.0 25.0 26.0 27.0 30.0 40.0],False,False
[532],[26],[23.0],[51.0],True,False
[533],[643],[7.0],[10.0],True,False
[534],[717 1103],[8.0],[21.0 65.0],False,False
[535],[463 548],[4.0],[26.0 33.0],False,False
[536],[1474 1588],[10.0],[9.0 20.0],True,False
[537],[1541 2741 2940 2941 4101 4635 5487],[60.0],[5.0 28.0 43.0 47.0 48.0 52.0 54.0],True,False
[538],[1382 1559],[12.0],[16.0 26.0],True,False
[539],[1628 1751],[6.0],[10.0 20.0],False,False
[540],[1080],[7.0],[8.0],True,False
[541],[978],[11.0],[13.0],True,False
[542],[624],[4.0],[11.0],True,False
[543],[1232],[7.0],[9.0],True,False
[544],[636],[16.0],[21.0],True,False
[545],[1014 1304 2592 2644],[21.0],[14.0 50.0 57.0],False,False
[546],[660],[6.0],[13.0],True,False
[547],[1036 1400 1985 2253],[19.0],[7.0 13.0 15.0 20.0],True,False
[548],[691],[10.0],[20.0],False,False
[549],[1021 1650 1657],[10.0],[5.0 7.0 10.0],True,False
[550],[695 1124 1539 2040],[21.0],[4.0 19.0 41.0 42.0],True,False
[551],[1396 2043],[5.0],[4.0 21.0],False,False
[552],[99 664],[16.0],[15.0 17.0],True,False
[553],[1563],[17.0],[24.0],True,False
[554],[1576],[19.0],[19.0],True,True
[555],[936 1245],[23.0],[8.0 26.0],True,False
[556],[539 837],[5.0],[11.0 65.0],False,False
[557],[1342],[16.0],[38.0],True,False
[558],[39 1310],[21.0],[15.0 31.0],True,False
[559],[1182],[11.0],[78.0],True,False
[560],[104 1732],[7.0],[29.0 45.0],True,False
[561],[798 5089],[20.0],[24.0 53.0],True,False
[562],[58 3125 3128],[26.0],[12.0 21.0],True,False
[563],[53 88 577 1325 1643 2119],[9.0],[4.0 5.0 6.0 11.0 30.0],False,False
[564],[167 706 1738],[7.0],[8.0 11.0 19.0],False,False
[565],[1477 2062],[4.0],[5.0 7.0],True,False
[566],[822 1154 1158 1160],[20.0],[10.0 11.0 20.0 58.0],True,False
[567],[556 725 1094 1784],[12.0],[5.0 6.0 24.0 27.0],True,False
[568],[1336],[4.0],[8.0],True,False
[569],[1304],[10.0],[57.0],True,False
[570],[436 1319],[14.0],[18.0 20.0],False,False
[571],[1057],[17.0],[39.0],True,False
[572],[655],[7.0],[30.0],True,False
[573],[1775],[8.0],[20.0],True,False
[574],[103 1351 2012],[12.0],[4.0 12.0 25.0],True,False
[575],[454 531 562 773 954 1175 2129 3111],[35.0],[6.0 10.0 11.0 12.0 18.0 19.0 26.0 32.0],False,False
[576],[1698 2051 2559 2809],[35.0],[24.0 26.0 27.0],True,False
[577],[1837],[19.0],[20.0],True,False
[578],[331 881 1953 2059 3373 3775],[50.0],[12.0 18.0 22.0 26.0 40.0 47.0],True,False
[579],[216 764 1675 2154 2359],[20.0],[15.0 17.0 22.0 32.0],True,False
[580],[468 1013 2539 2888],[21.0],[4.0 22.0 38.0],False,False
[581],[917 966],[17.0],[9.0 36.0],True,False
[582],[1086 1398],[34.0],[28.0 46.0],True,False
[583],[115 124 517 1315],[13.0],[6.0 13.0 28.0],True,False
[584],[1727 1836],[8.0],[10.0 20.0],False,False
[585],[1054 1869 2405 2873],[12.0],[4.0 5.0 13.0 14.0],False,False
[586],[1164 1653 1838],[22.0],[6.0 20.0 29.0],False,False
[587],[2794],[4.0],[16.0],True,False
[588],[377 902 1224 1269],[9.0],[7.0 10.0 13.0 24.0],True,False
[589],[597 983 1307 1626 2266],[10.0],[6.0 7.0 10.0 14.0 23.0],False,False
[590],[209 561 761 1155 1253 1675 1881 3216 4313 6088],[67.0],[9.0 12.0 15.0 16.0 17.0 23.0 30.0 36.0 56.0],True,False
[591],[171],[8.0],[16.0],True,False
[592],[1851],[7.0],[12.0],True,False
[593],[693 947 1357 2126 2361],[29.0],[8.0 16.0 26.0],True,False
[594],[588 591 2303 3064 3552],[21.0],[7.0 8.0 9.0 13.0],True,False
[595],[2508 3405 3555 4392],[26.0],[15.0 19.0 32.0 48.0],False,False
[596],[275 1168 1182 1552 2575 3492 4803 7730 7810 8518 9508],[84.0],[6.0 8.0 10.0 17.0 21.0 25.0 32.0 45.0 62.0 78.0],False,False
[597],[686 1046 1049 1120 1617 3246],[31.0],[6.0 12.0 18.0 20.0 25.0],True,False
[598],[627 935 1326],[19.0],[12.0 14.0 18.0],True,False
[599],[423 1268 1942 1944],[13.0],[5.0 10.0 17.0 26.0],True,False
[600],[1745 2011],[11.0],[4.0 13.0],True,False
[601],[627 1326 1640],[7.0],[12.0 14.0 26.0],True,False
[602],[427 934 992],[6.0],[14.0 21.0 25.0],True,False
[603],[836],[9.0],[15.0],True,False
[604],[1838],[11.0],[20.0],True,False
[605],[36 1017 1835 2016 2403],[28.0],[10.0 16.0 31.0 35.0 47.0],True,False
[606],[184 204 1586 1790 3347],[44.0],[10.0 12.0 21.0 42.0 59.0],True,False
[607],[28 1638 1648 1712 2263 4154 4607],[38.0],[9.0 14.0 15.0 20.0 22.0 23.0 69.0],True,False
[608],[569 871 958 1548],[16.0],[5.0 10.0 29.0 38.0],True,False
[609],[1615],[20.0],[59.0],True,False
[610],[1510 1622 1683 1691],[18.0],[5.0 6.0 18.0 22.0],True,False
[611],[837],[54.0],[65.0],True,False
[612],[126 1777 1957 3011 3325],[39.0],[4.0 11.0 19.0 23.0 27.0],True,False
[613],[553 1321],[4.0],[10.0 12.0],True,False
[614],[747 1155 1881 2806 3327],[22.0],[11.0 16.0 23.0 27.0 56.0],True,False
[615],[1901],[16.0],[24.0],True,False
[616],[1237],[17.0],[21.0],True,False
[617],[1380 1790 2107],[8.0],[4.0 8.0 10.0],False,False
[618],[529 1155 1882],[13.0],[21.0 22.0 56.0],True,False
[619],[102 659],[10.0],[8.0 21.0],False,False
[620],[1186 1481],[5.0],[11.0 25.0],True,False
[621],[151 161],[21.0],[8.0 26.0],True,False
[622],[28 1647],[19.0],[20.0 22.0],True,False
[623],[738 1346 1988 2620],[40.0],[7.0 24.0 32.0 33.0],False,False
[624],[433],[8.0],[24.0],False,False
[625],[97 1347 1658],[15.0],[9.0 19.0],True,False
[626],[909 1474 2288 2577 2680 2932],[18.0],[5.0 10.0 15.0 20.0 50.0],False,False
[627],[2014],[10.0],[46.0],True,False
[628],[857],[23.0],[28.0],True,False
[629],[333 858 865 910 1559 1797 2230],[33.0],[11.0 23.0 26.0 29.0 42.0 45.0],True,False
[630],[38 1710 1711],[7.0],[10.0 11.0 52.0],True,False
[631],[212 742 1964 2209 2282 2341 2491 2940 2942 3038 4321 5410],[37.0],[5.0 9.0 11.0 12.0 14.0 18.0 23.0 28.0 44.0 48.0 58.0],False,False
[632],[36 1835],[20.0],[10.0 35.0],True,False
[633],[1271 1592 2066 3671 4055 4061],[9.0],[7.0 11.0 12.0 13.0 21.0 51.0],True,False
[634],[129 2038],[31.0],[4.0 35.0],True,False
[635],[276 828 1458],[15.0],[19.0 40.0 70.0],True,False
[636],[37 1327],[6.0],[47.0 73.0],True,False
[637],[180 1767 2040],[20.0],[22.0 42.0],True,False
[638],[975 1494],[22.0],[21.0 32.0],True,False
[639],[1201],[8.0],[15.0],True,False
[640],[295 871],[16.0],[15.0 29.0],True,False
[641],[1977],[22.0],[56.0],True,False
[642],[512 576 1643 2320],[18.0],[11.0 30.0 37.0 54.0],True,False
[643],[2043],[20.0],[21.0],True,False
[644],[1381],[5.0],[18.0],True,False
[645],[2113 2916 3599],[20.0],[7.0 14.0 17.0],False,False
[646],[178],[4.0],[71.0],True,False
[647],[2721],[7.0],[23.0],True,False
[648],[690 1424],[12.0],[7.0 14.0],True,False
[649],[1458 3426],[5.0],[7.0 40.0],False,False
[650],[598 1298 1487 1687 4336 6465 6649 7942],[68.0],[4.0 24.0 36.0 37.0 40.0 48.0 66.0 68.0],True,False
[651],[350 876 910 2417 3366],[36.0],[5.0 6.0 11.0 35.0 45.0],True,False
[652],[2136],[15.0],[17.0],True,False
[653],[2084 2277 2390],[4.0],[4.0 8.0 17.0],True,False
[654],[604 1309 1507 2090 2298],[7.0],[4.0 5.0 23.0 30.0],False,False
[655],[162 523 1737 2515 3307 3487],[39.0],[18.0 36.0 37.0 41.0 65.0 69.0],True,False
[656],[171 1103 1866 2109],[34.0],[14.0 16.0 21.0 31.0],True,False
[657],[1114 1130 1421 3938],[26.0],[6.0 21.0 23.0 26.0],True,False
[658],[2010],[12.0],[16.0],True,False
[659],[3032 3034 3158 5358],[46.0],[7.0 14.0 19.0 52.0],True,False
[660],[570 881 2059 3373 3775 3877],[22.0],[8.0 10.0 12.0 18.0 26.0 47.0],True,False
[661],[163 742 1494 2282 3810 4442],[34.0],[8.0 9.0 14.0 16.0 32.0 47.0],True,False
[662],[501 884 2194],[7.0],[6.0 8.0 16.0],True,False
[663],[519 1922 2348 2351 2744 2849 2851 3326 3844 3941],[32.0],[5.0 8.0 9.0 11.0 12.0 16.0 18.0 29.0],True,False
[664],[446 2247],[24.0],[16.0 40.0],True,False
[665],[2271],[24.0],[70.0],True,False
[666],[4869 4877 5029],[18.0],[4.0 5.0 29.0],True,False
[667],[917 966],[5.0],[9.0 36.0],True,False
[668],[1301 1684 3100 3314 4280 5442 6126 7646],[70.0],[14.0 18.0 23.0 26.0 35.0 40.0 51.0],True,False
[669],[1981],[17.0],[23.0],True,False
[670],[68],[8.0],[20.0],True,False
[671],[37 46 60 1849],[8.0],[6.0 9.0 44.0 73.0],False,False
[672],[1764 2254 2451],[5.0],[4.0 5.0 10.0],False,False
[673],[55 511 1983 2354],[12.0],[8.0 14.0 17.0 27.0],True,False
[674],[241 398],[4.0],[11.0 22.0],False,False
[675],[2006],[9.0],[19.0],True,False
[676],[1305 2090],[31.0],[30.0 51.0],True,False
[677],[2413],[4.0],[47.0],True,False
[678],[31 2200],[6.0],[6.0 10.0],True,False
[679],[1732],[7.0],[45.0],True,False
[680],[266],[8.0],[14.0],True,False
[681],[1006],[6.0],[19.0],False,False
[682],[2941 2944 4101],[38.0],[26.0 28.0 54.0],True,False
[683],[2357 3213 3330 4392],[16.0],[8.0 11.0 15.0 23.0],False,False
[684],[1435],[6.0],[45.0],True,False
[685],[2230],[21.0],[23.0],True,False
[686],[223],[4.0],[11.0],True,False
[687],[6356 6697 6888 7146],[7.0],[5.0 6.0 9.0 18.0],True,False
[688],[1165 1167 1757],[9.0],[7.0 9.0 10.0],True,False
[689],[1628 3056],[24.0],[15.0 20.0],True,False
[690],[2513 2956 3314],[5.0],[9.0 18.0 23.0],False,False
[691],[2511],[15.0],[23.0],True,False
[692],[167 525 1738 1897 3180 3501],[15.0],[4.0 11.0 13.0 16.0 19.0 35.0],True,False
[693],[275 1472 5395],[53.0],[29.0 36.0 62.0],True,False
[694],[535 4586],[19.0],[35.0 37.0],True,False
[695],[530 717 975],[43.0],[21.0 37.0 65.0],True,False
[696],[1050 2921 3014],[26.0],[15.0 16.0 33.0],True,False
[697],[1002 1281],[39.0],[27.0 57.0],True,False
[698],[198 526 757 1614 1916],[15.0],[11.0 18.0 19.0 26.0 42.0],False,False
[699],[1909],[24.0],[47.0],True,False
[700],[1 590 1293 2784 2785 3064 3400 4260 4329],[17.0],[5.0 9.0 14.0 17.0 19.0 20.0 22.0],True,False
[701],[2187],[8.0],[9.0],True,False
[702],[2294],[19.0],[22.0],True,False
[703],[37 626 638 1642 2313 2642],[13.0],[7.0 14.0 18.0 21.0 52.0 73.0],True,False
[704],[598 1281 1504],[16.0],[27.0 44.0 48.0],True,False
[705],[1206],[20.0],[81.0],True,False
[706],[1227 2060 2380],[21.0],[4.0 6.0 24.0],True,False
[707],[37 638 1010 1439 1973 2313 3489],[25.0],[7.0 8.0 11.0 14.0 16.0 34.0 73.0],False,False
[708],[1121 1611 2147 3001 3991 4178],[34.0],[8.0 9.0 14.0 16.0 62.0],True,False
[709],[1474 2287 2421],[4.0],[6.0 20.0 27.0],False,False
[710],[1 590 969 2785 3121 3211 3400 3721 4260],[16.0],[4.0 8.0 14.0 17.0 19.0 20.0 22.0 29.0],False,False
[711],[955],[9.0],[15.0],True,False
[712],[1004 1015],[9.0],[13.0 33.0],True,False
[713],[445 1104 2151],[23.0],[23.0 26.0 34.0],False,False
[714],[318 1185 1458],[32.0],[11.0 30.0 40.0],True,False
[715],[1264 1886],[25.0],[8.0 34.0],True,False
[716],[116 518],[31.0],[16.0 37.0],True,False
[717],[32 1843 2513],[6.0],[9.0 11.0 17.0],True,False
[718],[324 403 1636],[5.0],[9.0 12.0 35.0],True,False
[719],[908 2279],[14.0],[19.0 21.0],True,False
[720],[5 1030 1503 2268 2981 4602],[44.0],[12.0 15.0 16.0 19.0 33.0 49.0],False,False
[721],[2310],[8.0],[26.0],True,False
[722],[1318 2331 2472 2475 2604],[13.0],[4.0 13.0 17.0 31.0],False,False
[723],[928 965 2064],[7.0],[9.0 11.0 17.0],True,False
[724],[1350 1743 2957],[11.0],[7.0 26.0 75.0],False,False
[725],[1250 2716],[19.0],[21.0 55.0],True,False
[726],[416 773 2365 2691],[4.0],[5.0 8.0 31.0 32.0],False,False
[727],[1240 1640 1650 2260 2271],[27.0],[10.0 12.0 13.0 26.0 70.0],False,False
[728],[587 2084 2088],[12.0],[8.0 14.0 15.0],True,False
[729],[342 1387],[4.0],[4.0 20.0],True,False
[730],[3955 4254 4457],[10.0],[4.0 17.0 36.0],True,False
[731],[548 1058 1349 1976 2476 2686 3101 4282],[31.0],[7.0 10.0 14.0 15.0 16.0 18.0 33.0 35.0],False,False
[732],[27 2508 3213 3405 4392 4539 4992 5103 5111 5560 5693],[90.0],[8.0 9.0 15.0 19.0 20.0 23.0 24.0 29.0 48.0 53.0 59.0],True,False
[733],[451 1412 1989 3650 8444 8578],[90.0],[10.0 28.0 29.0 34.0 40.0 47.0],False,False
[734],[750 766 1661],[16.0],[5.0 7.0 21.0],True,False
[735],[189],[5.0],[18.0],True,False
[736],[10],[7.0],[19.0],True,False
[737],[66 468 1014],[19.0],[32.0 38.0 50.0],True,False
[738],[2109],[16.0],[31.0],True,False
[739],[975 1494 2518 2947],[15.0],[6.0 11.0 21.0 32.0],True,False
[740],[1113 1668 1883],[8.0],[12.0 13.0 16.0],True,False
[741],[1980],[19.0],[27.0],True,False
[742],[1141 2373 5511 5514],[45.0],[12.0 31.0 32.0 39.0],True,False
[743],[58 1725 2535],[15.0],[14.0 18.0 21.0],False,False
[744],[821 2413 2822],[32.0],[20.0 47.0],True,False
[745],[163 2941 4197],[30.0],[37.0 47.0 54.0],True,False
[746],[1439 2395 3241 4762],[34.0],[13.0 19.0 34.0 47.0],True,False
[747],[1605 1896 2433],[28.0],[6.0 11.0 35.0],True,False
[748],[482],[11.0],[22.0],True,False
[749],[81 2476 2602 2625 2686],[23.0],[8.0 10.0 15.0 17.0 29.0],True,False
[750],[465],[6.0],[38.0],True,False
[751],[194 1377 1819 2324 3665 4250 4989],[28.0],[6.0 10.0 18.0 22.0 28.0 32.0],True,False
[752],[173 523 1419 1610 2738 2797 2800 3482 3856],[19.0],[5.0 7.0 8.0 11.0 18.0 25.0 41.0 42.0 51.0],False,False
[753],[1948 2579],[5.0],[5.0 9.0],True,False
[754],[2021],[37.0],[64.0],True,False
[755],[2323 2832],[11.0],[9.0 11.0],False,False
[756],[146 1338 2284 2714 3988],[52.0],[6.0 19.0 21.0 29.0 37.0],True,False
[757],[1305 2728 3632 4315 4552],[34.0],[4.0 5.0 24.0 49.0 51.0],True,False
[758],[2484],[6.0],[13.0],True,False
[759],[1841 2614],[4.0],[6.0 13.0],True,False
[760],[1412 1415 1418 4290 4454 4694 4858 5077],[71.0],[4.0 11.0 12.0 27.0 40.0 44.0 47.0],True,False
[761],[3463],[6.0],[13.0],True,False
[762],[520 751 2834 5171 6226 7087 8042],[86.0],[18.0 22.0 31.0 37.0 46.0 63.0 66.0],True,False
[763],[423 2661],[15.0],[17.0 20.0],True,False
[764],[83 1034],[4.0],[12.0],True,False
[765],[488 2031],[19.0],[22.0 35.0],True,False
[766],[188 2359 2458 2805 3323],[16.0],[8.0 9.0 11.0 15.0 42.0],True,False
[767],[253 1258 1748 1883 2646 2690 2704 2808 3057 3208],[20.0],[4.0 8.0 10.0 12.0 15.0 22.0 23.0 29.0 48.0],False,False
[768],[548 631 1011 1968],[7.0],[8.0 9.0 14.0 33.0],False,False
[769],[1840 2257 2357 2789 3213],[10.0],[11.0 14.0 21.0 23.0 66.0],True,False
[770],[240 415 452 583 764 1675 2359 3109 3222 3724],[27.0],[4.0 15.0 17.0 19.0 21.0 22.0 24.0 27.0 32.0],True,False
[771],[59 2523],[13.0],[11.0 73.0],True,False
[772],[2499],[7.0],[17.0],True,False
[773],[644 1533 3890 4098 4270],[14.0],[4.0 5.0 23.0 29.0 31.0],True,False
[774],[2313 2644 2695],[6.0],[4.0 7.0 14.0],True,False
[775],[1047 2462 4380],[33.0],[15.0 17.0 19.0],True,False
[776],[920 1470],[9.0],[13.0 32.0],True,False
[777],[1272 4534],[22.0],[5.0 32.0],True,False
[778],[361],[8.0],[15.0],True,False
[779],[1064],[7.0],[12.0],True,False
[780],[2549],[16.0],[18.0],True,False
[781],[1687],[21.0],[68.0],True,False
[782],[741],[8.0],[17.0],True,False
[783],[2635],[24.0],[30.0],True,False
[784],[1999],[18.0],[25.0],True,False
[785],[234 2506 2519],[7.0],[11.0 18.0 59.0],True,False
[786],[2476 2625 3101 4036],[20.0],[7.0 15.0 18.0 29.0],True,False
[787],[964 1812 2174 2175],[7.0],[8.0 10.0 11.0 21.0],True,False
[788],[124 644 1044 3717 3890 4270],[21.0],[5.0 6.0 13.0 28.0 29.0 31.0],False,False
[789],[699],[7.0],[21.0],True,False
[790],[1173 1433 1915],[5.0],[13.0 39.0],True,False
[791],[1684 3627],[20.0],[15.0 40.0],True,False
[792],[51 1975 2476 2625 2686 3101 5326],[37.0],[6.0 10.0 15.0 18.0 29.0 35.0 37.0],True,False
[793],[2035 2125],[10.0],[10.0 15.0],True,False
[794],[2699 3099],[8.0],[4.0 31.0],True,False
[795],[1945 2232 2287],[27.0],[6.0 18.0 27.0],False,False
[796],[124 644 2746 2748 3717 3890],[15.0],[5.0 6.0 10.0 14.0 28.0 31.0],True,False
[797],[923],[10.0],[19.0],True,False
[798],[529 1253 1882],[14.0],[16.0 21.0 22.0],True,False
[799],[2153 2796],[10.0],[4.0 11.0],False,False
[800],[777 2952],[23.0],[37.0 73.0],True,False
[801],[2489],[7.0],[16.0],True,False
[802],[1863],[12.0],[19.0],True,False
[803],[439 940 3261],[20.0],[14.0 27.0 36.0],True,False
[804],[550 4549],[26.0],[7.0 41.0],True,False
[805],[555 1400 1425 5398 6093],[43.0],[6.0 10.0 20.0 63.0],False,False
[806],[146],[5.0],[21.0],True,False
[807],[1601 4524],[9.0],[5.0 26.0],True,False
[808],[518 3567 3568 7939 9563 10288],[83.0],[5.0 17.0 29.0 37.0 74.0 76.0],False,False
[809],[421 1941],[7.0],[9.0 19.0],True,False
[810],[1769],[12.0],[18.0],True,False
[811],[2731],[8.0],[8.0],True,True
[812],[2329],[4.0],[65.0],True,False
[813],[300 2773 2835],[6.0],[5.0 6.0 16.0],True,False
[814],[1474],[7.0],[20.0],True,False
[815],[2745],[22.0],[24.0],True,False
[816],[768],[8.0],[15.0],True,False
[817],[891 1184 3355],[46.0],[13.0 23.0 35.0],True,False
[818],[2514 2985 3028 4598 4610 4906 5109 6794],[46.0],[7.0 15.0 19.0 20.0 22.0 27.0 33.0 36.0],False,False
[819],[2323 2832],[6.0],[9.0 11.0],False,False
[820],[698 2309 3009],[27.0],[11.0 29.0 78.0],True,False
[821],[486 1883 2047 2690 2704 2808],[10.0],[4.0 7.0 10.0 12.0 26.0 29.0],False,False
[822],[1273 2732],[6.0],[10.0 14.0],True,False
[823],[141 2699 4236],[32.0],[16.0 31.0 32.0],True,False
[824],[746 4397],[20.0],[12.0 51.0],True,False
[825],[537 814 825 1373 2557],[21.0],[5.0 27.0 31.0 60.0],True,False
[826],[2077],[14.0],[17.0],True,False
[827],[2012 2790 2793 3149],[5.0],[12.0 16.0 26.0 37.0],True,False
[828],[2822 4227 5846 6430],[55.0],[20.0 21.0 28.0 50.0],True,False
[829],[465 1242 5703],[35.0],[21.0 38.0 62.0],False,False
[830],[451 1989 5078],[7.0],[29.0 34.0 36.0],False,False
[831],[295],[8.0],[15.0],True,False
[832],[679 2831],[15.0],[9.0 37.0],True,False
[833],[2283 2517 3809 3909],[35.0],[13.0 16.0 31.0 37.0],True,False
[834],[173 3001],[6.0],[9.0 25.0],True,False
[835],[1922 2736 2849 2851 3183 3326],[16.0],[5.0 7.0 9.0 11.0 12.0],True,False
[836],[1617 1766 2141 4550 4784 5278 5695 5699 6392 7344 10384],[86.0],[5.0 7.0 9.0 12.0 19.0 22.0 34.0 37.0 41.0 43.0],True,False
[837],[1297 2319],[14.0],[6.0 29.0],True,False
[838],[1300 2697],[6.0],[6.0 17.0],True,False
[839],[656 1980 3550 3680 4473 4666 4751],[22.0],[4.0 6.0 8.0 16.0 27.0],False,False
[840],[2781],[8.0],[8.0],True,True
[841],[2826],[10.0],[13.0],True,False
[842],[3311 3451],[22.0],[4.0 44.0],True,False
[843],[1086],[17.0],[28.0],True,False
[844],[652],[5.0],[18.0],True,False
[845],[1625 2512 4003],[21.0],[12.0 15.0 41.0],True,False
[846],[2639 2885 3176],[12.0],[7.0 12.0],False,False
[847],[1322 1781 3175],[16.0],[7.0 12.0 31.0],True,False
[848],[17 1968 2613 2615 3473],[17.0],[6.0 9.0 26.0 42.0 63.0],True,False
[849],[1183 1383],[4.0],[15.0],True,False
[850],[1282 1504 2511 3736],[26.0],[18.0 20.0 23.0 44.0],True,False
[851],[2129],[14.0],[18.0],True,False
[852],[2389],[14.0],[18.0],True,False
[853],[326 336 888 1632 3459],[19.0],[16.0 17.0 28.0 29.0 37.0],True,False
[854],[2570 4437 5360],[12.0],[19.0 27.0],True,False
[855],[891 961 980],[6.0],[13.0 23.0],True,False
[856],[2820],[14.0],[19.0],True,False
[857],[858 910 1140 1559 2230],[30.0],[22.0 23.0 26.0 45.0],False,False
[858],[1586],[15.0],[42.0],True,False
[859],[2892 2970],[7.0],[9.0],True,False
[860],[1816],[8.0],[33.0],True,False
[861],[1647 3286 3318 3390 3522 3789],[7.0],[4.0 10.0 11.0 18.0 20.0],False,False
[862],[3606],[7.0],[30.0],True,False
[863],[669 1435 4320 5176 5642],[37.0],[4.0 9.0 14.0 45.0 54.0],True,False
[864],[2934],[6.0],[6.0],True,True
[865],[179 1787],[5.0],[21.0 48.0],True,False
[866],[1552],[4.0],[21.0],True,False
[867],[1710 1712 2633 2693 3237],[7.0],[5.0 10.0 11.0 14.0],True,False
[868],[2674],[4.0],[12.0],True,False
[869],[603],[9.0],[23.0],True,False
[870],[342 2389 2418 2665 3190],[20.0],[10.0 18.0 20.0 21.0],True,False
[871],[1684 3627],[18.0],[15.0 40.0],True,False
[872],[784],[14.0],[28.0],True,False
[873],[773 1170 1913 4808 6528 7353],[47.0],[5.0 14.0 15.0 16.0 32.0 56.0],True,False
[874],[1872 4071 6706 7855 8064],[73.0],[5.0 20.0 22.0 37.0 52.0],True,False
[875],[2526 5467],[23.0],[29.0 33.0],True,False
[876],[2828],[10.0],[12.0],True,False
[877],[173 178 1333 2800 3856 4049 5080],[47.0],[6.0 7.0 8.0 25.0 33.0 42.0 71.0],True,False
[878],[1628 1992 2563],[9.0],[15.0 20.0],True,False
[879],[311 569 2673 4651],[24.0],[20.0 26.0 38.0 44.0],True,False
[880],[1709 2686 3101 3249 3545],[16.0],[10.0 17.0 18.0],False,False
[881],[2220 3031],[18.0],[6.0 24.0],True,False
[882],[162 1737 3524],[16.0],[13.0 18.0 65.0],True,False
[883],[167 1777 3181 3498],[6.0],[9.0 19.0 26.0 27.0],True,False
[884],[38 608 1647 2960 3390 3491],[12.0],[4.0 11.0 20.0 27.0 29.0 52.0],True,False
[885],[4437],[23.0],[27.0],True,False
[886],[2734 3184 3227 3584],[7.0],[4.0 7.0 12.0 37.0],True,False
[887],[200 218 747 782],[51.0],[27.0 40.0 44.0 59.0],False,False
[888],[194 1378 2118],[7.0],[10.0 28.0 41.0],False,False
[889],[2101 2713 3346],[15.0],[9.0 22.0 25.0],True,False
[890],[233],[13.0],[31.0],True,False
[891],[547 1006 1289 3016 3241],[14.0],[12.0 19.0 31.0 36.0],False,False
[892],[1160 1994 2763 2909],[25.0],[8.0 11.0 20.0 40.0],True,False
[893],[409 1723 1825 2477 2478 3829 4082 4096],[35.0],[7.0 9.0 10.0 16.0 22.0 26.0 35.0],True,False
[894],[335 404 1202 3194],[9.0],[7.0 31.0 73.0],True,False
[895],[153 719 1114 1125 2249 2338 2346 3008 3483 3487 3586 3647 3991],[14.0],[4.0 7.0 8.0 11.0 13.0 16.0 21.0 25.0 43.0 69.0],False,False
[896],[195 2806],[10.0],[16.0 18.0],True,False
[897],[1346 2987 5455 5729 5818],[23.0],[8.0 22.0 26.0 32.0],True,False
[898],[1827 2794],[9.0],[12.0 16.0],True,False
[899],[2167],[4.0],[8.0],True,False
[900],[4539 5452 5563 7169 7421 8648],[22.0],[4.0 5.0 20.0 24.0 31.0 42.0],True,False
[901],[267],[19.0],[33.0],True,False
[902],[1148 2691],[21.0],[14.0 31.0],True,False
[903],[2766],[17.0],[23.0],True,False
[904],[3889 5028 6706 7282],[22.0],[9.0 11.0 22.0 31.0],True,False
[905],[3712 4236 6016],[27.0],[15.0 32.0],True,False
[906],[972 1077 3501 4743 4855 5183 6466 6535 6579 6620 6913],[26.0],[5.0 8.0 17.0 18.0 27.0 34.0 35.0 41.0 56.0 63.0],True,False
[907],[3069],[9.0],[13.0],True,False
[908],[3025 3153],[21.0],[17.0 60.0],True,False
[909],[3182 6051 6565],[35.0],[18.0 34.0 52.0],True,False
[910],[1054 1064 2322],[5.0],[12.0 14.0 15.0],True,False
[911],[2668],[10.0],[15.0],True,False
[912],[1591],[12.0],[29.0],True,False
[913],[2375 2586 3535 4021 4827 5051],[31.0],[4.0 7.0 14.0 21.0 23.0 26.0],True,False
[914],[5381],[23.0],[27.0],True,False
[915],[2311],[5.0],[9.0],True,False
[916],[1324 2243 3567],[33.0],[28.0 35.0 74.0],True,False
[917],[4188 4233 5739 6343],[21.0],[10.0 19.0 22.0 23.0],True,False
[918],[2689],[12.0],[17.0],True,False
[919],[659],[7.0],[21.0],True,False
[920],[532 1609 3947],[12.0],[13.0 26.0 33.0],True,False
[921],[267 1260 3054],[19.0],[15.0 27.0 33.0],True,False
[922],[3184 3227 3500 3584],[26.0],[4.0 12.0 37.0 49.0],False,False
[923],[757 1916 4566 4685],[50.0],[20.0 26.0 33.0 42.0],True,False
[924],[2161],[9.0],[20.0],True,False
[925],[786],[6.0],[13.0],True,False
[926],[22 1483 2358 3130 3925 3996],[16.0],[11.0 13.0 37.0 45.0],False,False
[927],[969],[4.0],[29.0],True,False
[928],[414 2353 2749],[26.0],[5.0 16.0 42.0],True,False
[929],[2368],[4.0],[8.0],True,False
[930],[1012 2513 2956 3100 3314 3797 3921 4508 5796 6647],[38.0],[9.0 10.0 18.0 19.0 23.0 26.0 35.0 44.0],True,False
[931],[3045 3596],[20.0],[9.0 23.0],True,False
[932],[1338 2322 2405 2714],[10.0],[13.0 15.0 19.0 29.0],True,False
[933],[3252],[13.0],[61.0],True,False
[934],[3254],[16.0],[22.0],True,False
[935],[2325 3543],[11.0],[11.0 16.0],True,False
[936],[345],[8.0],[15.0],True,False
[937],[298 1205],[9.0],[16.0 40.0],True,False
[938],[1148 3342],[5.0],[6.0 14.0],True,False
[939],[1831 2673 2975 3193 4306 4793 5582],[38.0],[4.0 5.0 11.0 16.0 20.0 35.0 58.0],False,False
[940],[446 1654 2041 2239 2344 2650 2833 4046 4900 5626 6035 7912 9821 10332],[82.0],[7.0 8.0 14.0 16.0 22.0 23.0 25.0 34.0 37.0 40.0 43.0 49.0 71.0],False,False
[941],[2601],[4.0],[6.0],True,False
[942],[534 537 1696],[19.0],[18.0 23.0 60.0],True,False
[943],[1527],[11.0],[22.0],True,False
[944],[1287 1641 2639 2782 3242],[31.0],[7.0 12.0 19.0 26.0],True,False
[945],[2754 2833],[16.0],[9.0 23.0],True,False
[946],[724 2208 2572],[24.0],[7.0 14.0 55.0],True,False
[947],[351 2418 2586 2912],[20.0],[10.0 14.0 16.0 21.0],True,False
[948],[2525 2852],[10.0],[11.0 16.0],True,False
[949],[547 1289 2885 3241 3253],[14.0],[6.0 12.0 19.0 31.0],True,False
[950],[1282 1504 2613 2614 2615 3476 3731 3732],[35.0],[6.0 13.0 18.0 22.0 33.0 42.0 44.0],False,False
[951],[994 1312 1723 2199 3334],[27.0],[10.0 17.0 25.0 26.0 44.0],True,False
[952],[2788 3827],[12.0],[8.0 40.0],True,False
[953],[397 2344],[37.0],[49.0 57.0],True,False
[954],[1743],[56.0],[75.0],True,False
[955],[2494],[7.0],[17.0],True,False
[956],[2182],[7.0],[12.0],True,False
[957],[179 1787 1909 2776 3012 5578 6104],[43.0],[5.0 16.0 18.0 21.0 47.0 48.0 55.0],True,False
[958],[564],[11.0],[68.0],True,False
[959],[3318 3737 4151 4237],[18.0],[10.0 18.0 26.0 28.0],True,False
[960],[867],[5.0],[47.0],True,False
[961],[3164],[7.0],[17.0],True,False
[962],[377 423 504 1699 2235 3610],[10.0],[9.0 12.0 17.0 19.0 24.0],False,False
[963],[2985 3593 4272 5004 5227],[25.0],[8.0 13.0 20.0 25.0 50.0],True,False
[964],[3298 4922],[18.0],[13.0 28.0],True,False
[965],[307 835 2367 3384 4149 5061 5624],[27.0],[5.0 8.0 26.0 30.0 32.0 57.0],True,False
[966],[781 2239 2453],[28.0],[28.0 61.0 71.0],False,False
[967],[3073],[12.0],[22.0],True,False
[968],[1012 1301 2467 3269 4619],[7.0],[7.0 11.0 18.0 26.0 51.0],False,False
[969],[3359],[38.0],[46.0],True,False
[970],[3732],[26.0],[33.0],True,False
[971],[2114 2916],[17.0],[14.0],True,False
[972],[216 583 1369 2379 2992 3109 3222 3223 3643 3724],[25.0],[4.0 6.0 8.0 17.0 21.0 24.0 27.0 32.0 54.0],True,False
[973],[1432 2042],[18.0],[7.0 43.0],True,False
[974],[1096 3043],[29.0],[38.0 44.0],True,False
[975],[1291 2203 2968],[5.0],[9.0 15.0 19.0],True,False
[976],[751 3184],[30.0],[12.0 66.0],True,False
[977],[3412],[27.0],[27.0],True,True
[978],[2983 3027 3830 4767],[26.0],[7.0 9.0 16.0 46.0],True,False
[979],[3268],[11.0],[12.0],True,False
[980],[1004],[20.0],[33.0],True,False
[981],[1567 2075 3964],[22.0],[15.0 17.0 28.0],True,False
[982],[3060 3239 3503 3504 3678 3835],[29.0],[6.0 8.0 13.0 18.0 32.0 36.0],True,False
[983],[30 74 412 3301 4240],[36.0],[22.0 27.0 33.0 36.0 67.0],True,False
[984],[1418 3110 3291 5077],[28.0],[4.0 12.0 13.0 47.0],True,False
[985],[3077 3276 3441],[4.0],[5.0 16.0 29.0],True,False
[986],[474 2525],[5.0],[16.0],False,False
[987],[2756 2919 4449],[32.0],[13.0 21.0 37.0],True,False
[988],[1155],[16.0],[56.0],False,False
[989],[3383],[17.0],[39.0],True,False
[990],[1346 1863 2220 2620 2935 4298],[21.0],[5.0 16.0 19.0 24.0 32.0 33.0],False,False
[991],[2075 3361 3788],[15.0],[27.0 28.0 46.0],True,False
[992],[336 2577 5459],[25.0],[8.0 20.0 29.0],True,False
[993],[275 4221 4644 4649 4806 6054],[15.0],[4.0 14.0 15.0 27.0 29.0 62.0],True,False
[994],[2907],[14.0],[22.0],True,False
[995],[1756],[12.0],[20.0],True,False
[996],[584],[7.0],[15.0],True,False
[997],[454 3596],[6.0],[9.0 26.0],False,False
[998],[189 532 1609 2371],[12.0],[12.0 13.0 18.0 26.0],True,False
[999],[450 3088 3408 3412],[13.0],[6.0 15.0 17.0 27.0],False,False
[1000],[575 934 991 3301 3752],[22.0],[10.0 21.0 36.0 54.0],False,False
[1001],[22 593 1483 3130 3925 3996],[15.0],[11.0 13.0 26.0 37.0],True,False
[1002],[2827],[15.0],[27.0],True,False
[1003],[549 1038 3891],[19.0],[12.0 26.0 49.0],True,False
[1004],[3467],[5.0],[16.0],True,False
[1005],[27 992 2257 2508 3405],[10.0],[14.0 19.0 25.0 48.0 59.0],True,False
[1006],[1777],[8.0],[27.0],True,False
[1007],[4186],[10.0],[19.0],True,False
[1008],[983],[5.0],[23.0],True,False
[1009],[445 1104 1695 3256 4111 4516 4557 4742 4746 5240],[36.0],[6.0 7.0 9.0 12.0 22.0 23.0 34.0 36.0],False,False
[1010],[2342 2517 3809 3909 5303 5307 6040 6384 6741 7153],[70.0],[4.0 8.0 13.0 14.0 24.0 31.0 33.0 37.0 39.0],True,False
[1011],[1324 2264 2337 2959 2999 4335],[24.0],[6.0 9.0 12.0 15.0 27.0 35.0],False,False
[1012],[4235],[12.0],[23.0],True,False
[1013],[2749 3262],[12.0],[13.0 16.0],True,False
[1014],[3613],[10.0],[21.0],True,False
[1015],[3439],[15.0],[19.0],True,False
[1016],[2780 3388],[5.0],[11.0 20.0],False,False
[1017],[3010],[15.0],[17.0],True,False
[1018],[3616 4727],[4.0],[24.0 32.0],True,False
[1019],[2802],[16.0],[23.0],True,False
[1020],[1582 2949],[13.0],[13.0 22.0],False,False
[1021],[3572],[11.0],[52.0],True,False
[1022],[1124 2040 4929],[37.0],[41.0 42.0],True,False
[1023],[1096 2351 2744 3941],[29.0],[16.0 18.0 29.0 38.0],True,False
[1024],[691 1250 2716 4089],[23.0],[20.0 21.0 31.0 55.0],False,False
[1025],[838],[10.0],[22.0],True,False
[1026],[2674 3532 3611 3767 3965],[14.0],[11.0 12.0 13.0 16.0 35.0],True,False
[1027],[3589],[10.0],[44.0],True,False
[1028],[556 1104 2972],[9.0],[19.0 23.0 24.0],True,False
[1029],[335 363 404 1470 3194],[13.0],[15.0 31.0 32.0 73.0],True,False
[1030],[3616],[4.0],[32.0],True,False
[1031],[1631 3195 3975],[14.0],[10.0 29.0 32.0],True,False
[1032],[168 203 1419 1442 2346 3001 3483 4048 5079 6759 8120 10726],[74.0],[6.0 9.0 13.0 15.0 16.0 21.0 26.0 31.0 40.0 43.0 51.0],False,False
[1033],[350 889 3204],[12.0],[23.0 31.0 35.0],False,False
[1034],[2525 2852],[5.0],[11.0 16.0],False,False
[1035],[1458 2908],[9.0],[8.0 40.0],True,False
[1036],[1338 2322],[6.0],[15.0 19.0],False,False
[1037],[1310],[6.0],[31.0],True,False
[1038],[3318 3796 4237 5127],[16.0],[8.0 10.0 13.0 18.0],True,False
[1039],[2839 3080 3875 4490 4702],[23.0],[6.0 13.0 15.0],False,False
[1040],[693 3540],[4.0],[5.0 26.0],True,False
[1041],[2919],[21.0],[37.0],True,False
[1042],[3642],[16.0],[16.0],True,True
[1043],[1020 3593],[46.0],[13.0 50.0],True,False
[1044],[2921 3633 4114],[15.0],[7.0 15.0 55.0],False,False
[1045],[2797],[13.0],[18.0],True,False
[1046],[1114 1130],[19.0],[21.0 26.0],False,False
[1047],[3179],[15.0],[19.0],True,False
[1048],[276 3865 3957 4021],[18.0],[12.0 23.0 30.0 70.0],True,False
[1049],[1346 2572 3353 5359 5852],[26.0],[5.0 13.0 26.0 32.0 55.0],False,False
[1050],[3038],[12.0],[28.0],True,False
[1051],[3835 4464],[24.0],[20.0 36.0],True,False
[1052],[196 3029 3031 3165],[5.0],[5.0 6.0 7.0 25.0],False,False
[1053],[3638],[5.0],[10.0],True,False
[1054],[3618 3904],[4.0],[7.0 11.0],False,False
[1055],[524 1659 2909 3723 4786 5495 5542],[65.0],[6.0 8.0 11.0 24.0 35.0 40.0 54.0],True,False
[1056],[1050 1615 5467],[19.0],[29.0 33.0 59.0],False,False
[1057],[3919 3920 4431],[12.0],[14.0 17.0 51.0],False,False
[1058],[1399 2732],[30.0],[14.0 74.0],True,False
[1059],[1816],[9.0],[33.0],True,False
[1060],[403 881 3874 4056],[18.0],[15.0 26.0 30.0 35.0],True,False
[1061],[2586],[6.0],[14.0],True,False
[1062],[2437 3728 4527 5256],[18.0],[4.0 6.0 16.0 36.0],True,False
[1063],[2730 2976 3225 3729 3730 4018],[10.0],[4.0 7.0 13.0 29.0 32.0 35.0],True,False
[1064],[3190],[7.0],[21.0],False,False
[1065],[727 3499 4565],[14.0],[21.0 25.0 54.0],True,False
[1066],[1979 4559 5827 6107],[36.0],[15.0 28.0 44.0],False,False
[1067],[1642 2710 3098 4038],[26.0],[19.0 21.0 27.0 47.0],True,False
[1068],[350 889],[7.0],[31.0 35.0],True,False
[1069],[1504 2511],[10.0],[23.0 44.0],False,False
[1070],[2422],[5.0],[16.0],True,False
[1071],[168 580 1696 4694],[17.0],[23.0 26.0 27.0 36.0],True,False
[1072],[1184],[7.0],[23.0],True,False
[1073],[2893],[9.0],[27.0],True,False
[1074],[1053],[20.0],[39.0],True,False
[1075],[994 1525 1723 2199 4097 5956],[26.0],[17.0 22.0 26.0 27.0 30.0 44.0],True,False
[1076],[1342 5038],[16.0],[22.0 38.0],False,False
[1077],[5007],[4.0],[9.0],True,False
[1078],[2288],[7.0],[50.0],True,False
[1079],[3758],[4.0],[15.0],True,False
[1080],[3225 3729 3730 4018],[5.0],[4.0 13.0 32.0 35.0],True,False
[1081],[3843],[19.0],[21.0],True,False
[1082],[3610 3860],[11.0],[5.0 19.0],False,False
[1083],[2632 2872 3153],[21.0],[26.0 57.0 60.0],True,False
[1084],[3787],[7.0],[19.0],True,False
[1085],[1895 3192 3571 3931],[10.0],[6.0 7.0 17.0 21.0],True,False
[1086],[727],[15.0],[54.0],True,False
[1087],[204 777 3347 4103 5351 5454 5488],[43.0],[6.0 18.0 19.0 21.0 38.0 59.0 73.0],True,False
[1088],[2772 5063 5656],[36.0],[12.0 17.0 45.0],False,False
[1089],[619 2727],[15.0],[17.0 47.0],True,False
[1090],[2903],[4.0],[22.0],True,False
[1091],[2265 2266 2966 3520 3621 4494],[23.0],[12.0 14.0 17.0 29.0 33.0 49.0],True,False
[1092],[2648 2735 3580 3949],[19.0],[4.0 13.0 14.0 17.0],True,False
[1093],[653],[16.0],[28.0],True,False
[1094],[1567 2914 3361 3782 3964 7357],[42.0],[15.0 17.0 22.0 24.0 28.0 46.0],False,False
[1095],[2257 3233 3394 3513 4265 4720],[12.0],[8.0 14.0 20.0 37.0],False,False
[1096],[114 972 2853 3987],[36.0],[15.0 26.0 42.0 56.0],True,False
[1097],[560 2648 3949],[10.0],[13.0 17.0 60.0],False,False
[1098],[835 3384],[34.0],[30.0 57.0],True,False
[1099],[3782 3788 3955 4254 4255 4457],[26.0],[4.0 15.0 17.0 27.0 28.0 36.0],True,False
[1100],[127 132 4287 4931],[18.0],[5.0 19.0 33.0 34.0],True,False
[1101],[1949 3800],[8.0],[11.0 14.0],False,False
[1102],[2296 3980],[18.0],[15.0 21.0],True,False
[1103],[1037 1981 3067],[6.0],[5.0 23.0 32.0],True,False
[1104],[725 3323 3677 5314],[38.0],[21.0 27.0 42.0 48.0],True,False
[1105],[3500 3584 3852 5032],[24.0],[7.0 37.0 38.0 49.0],False,False
[1106],[1840 3389 3591 4074],[44.0],[11.0 24.0 26.0 66.0],True,False
[1107],[3261],[14.0],[36.0],True,False
[1108],[3658 4016],[28.0],[11.0 52.0],True,False
[1109],[2467 3097 3314 4508 4509 4621 5440],[32.0],[11.0 17.0 18.0 19.0 21.0 22.0],True,False
[1110],[6277],[12.0],[35.0],True,False
[1111],[642],[4.0],[26.0],True,False
[1112],[3517],[5.0],[10.0],True,False
[1113],[3087],[6.0],[46.0],True,False
[1114],[6145],[5.0],[8.0],True,False
[1115],[2006 4006],[11.0],[19.0 22.0],True,False
[1116],[1304 2592],[12.0],[14.0 57.0],False,False
[1117],[3910],[5.0],[12.0],True,False
[1118],[3976],[8.0],[8.0],True,True
[1119],[2785 3064 3121 4260],[10.0],[8.0 9.0 19.0 20.0],True,False
[1120],[1140 1260],[13.0],[22.0 27.0],True,False
[1121],[114 2853 3007],[13.0],[15.0 21.0 26.0],True,False
[1122],[1767 4782],[15.0],[7.0 22.0],True,False
[1123],[2304 2535 2685],[4.0],[7.0 12.0 18.0],False,False
[1124],[3914],[9.0],[10.0],True,False
[1125],[3008],[9.0],[25.0],True,False
[1126],[2780 3373 3375 3699 3701],[10.0],[5.0 7.0 12.0 20.0],True,False
[1127],[2346 2515 4288],[29.0],[8.0 13.0 37.0],True,False
[1128],[3134 3261],[19.0],[28.0 36.0],False,False
[1129],[644 3890],[6.0],[5.0 31.0],False,False
[1130],[2947 4197],[6.0],[11.0 37.0],True,False
[1131],[693 3540],[8.0],[5.0 26.0],True,False
[1132],[634 1037],[11.0],[26.0 32.0],True,False
[1133],[179 1787 5137 5821],[17.0],[4.0 7.0 21.0 48.0],True,False
[1134],[4209 4450 5757 6158 6614 6962],[24.0],[8.0 15.0 16.0 22.0 23.0 28.0],False,False
[1135],[1916],[11.0],[26.0],True,False
[1136],[1058 1975 1976 2552],[12.0],[16.0 35.0 37.0 45.0],True,False
[1137],[3950],[6.0],[9.0],True,False
[1138],[2239 3937 4290 8822],[66.0],[11.0 12.0 18.0 71.0],True,False
[1139],[3650],[4.0],[47.0],True,False
[1140],[161 3839],[4.0],[26.0 41.0],True,False
[1141],[2431 3160 4099],[8.0],[7.0 9.0 18.0],True,False
[1142],[3760],[10.0],[13.0],True,False
[1143],[1332 3988],[4.0],[24.0 37.0],True,False
[1144],[2301],[13.0],[22.0],True,False
[1145],[1342 3164 4198],[10.0],[8.0 17.0 38.0],True,False
[1146],[826 5514],[25.0],[31.0 51.0],True,False
[1147],[696],[6.0],[34.0],True,False
[1148],[1487],[16.0],[66.0],True,False
[1149],[4048],[21.0],[21.0],True,True
[1150],[3518],[11.0],[28.0],True,False
[1151],[5233 7932 8033 8084 8879 9562 9914 10227],[32.0],[5.0 9.0 10.0 13.0 23.0 41.0],False,False
[1152],[3520 7926 10277],[51.0],[4.0 23.0 49.0],False,False
[1153],[626],[4.0],[52.0],True,False
[1154],[593 626 2358 3017 3925 4263 5453],[31.0],[4.0 13.0 17.0 26.0 45.0 47.0 52.0],False,False
[1155],[566 3112 4366],[12.0],[8.0 30.0 51.0],True,False
[1156],[3989],[29.0],[43.0],True,False
[1157],[2006 4004 4511],[9.0],[19.0 22.0 29.0],True,False
[1158],[2948],[11.0],[21.0],True,False
[1159],[447 3639 3723 3900],[7.0],[4.0 6.0 27.0 54.0],True,False
[1160],[46 669 1779 2642 2962 3192 4175 5046],[25.0],[5.0 6.0 7.0 16.0 18.0 21.0 44.0 54.0],True,False
[1161],[5065],[17.0],[39.0],False,False
[1162],[4681 5736],[4.0],[4.0 10.0],True,False
[1163],[1828 3800],[25.0],[11.0 63.0],True,False
[1164],[3828 4393],[15.0],[11.0 56.0],True,False
[1165],[2741],[18.0],[47.0],True,False
[1166],[2288],[25.0],[50.0],True,False
[1167],[739 1158 1258],[19.0],[23.0 27.0 58.0],True,False
[1168],[1840 3389 4075],[22.0],[23.0 24.0 66.0],True,False
[1169],[3009 4164 5177 6643 7344 9645],[62.0],[6.0 7.0 10.0 22.0 25.0 78.0],True,False
[1170],[756 764 3185 3741 3852 4521],[13.0],[5.0 17.0 21.0 22.0 38.0 74.0],True,False
[1171],[1037 4748],[10.0],[7.0 32.0],True,False
[1172],[1732],[29.0],[45.0],True,False
[1173],[2730 3225 3412],[20.0],[27.0 29.0 32.0],True,False
[1174],[3307 4288],[5.0],[8.0 36.0],False,False
[1175],[3640],[19.0],[50.0],True,False
[1176],[195 201 482 720],[8.0],[18.0 22.0 26.0],True,False
[1177],[1953 2059 3446 4060 4062 5923 6219],[42.0],[13.0 15.0 18.0 29.0 40.0 42.0],True,False
[1178],[4091],[22.0],[26.0],True,False
[1179],[1599],[12.0],[75.0],True,False
[1180],[2852 3044 3696],[19.0],[5.0 11.0 22.0],True,False
[1181],[3841],[5.0],[8.0],True,False
[1182],[4148 5218 7276 7840 7937 9460],[72.0],[12.0 20.0 23.0 29.0 30.0 34.0],True,False
[1183],[2975 4187 4308 4793 5186 5387 5520 5900],[21.0],[4.0 7.0 8.0 10.0 18.0 23.0 58.0],True,False
[1184],[4150 4957],[12.0],[4.0 44.0],True,False
[1185],[1310],[6.0],[31.0],True,False
[1186],[2770],[5.0],[19.0],True,False
[1187],[1342 3164 4199 4247 5844],[22.0],[9.0 11.0 17.0 38.0 42.0],False,False
[1188],[5493],[6.0],[20.0],True,False
[1189],[4097 5324 5829 6071 6640 7599],[25.0],[10.0 11.0 19.0 22.0 30.0],False,False
[1190],[2628 3249 4280 4614],[16.0],[5.0 14.0 17.0 18.0],True,False
[1191],[194],[4.0],[28.0],True,False
[1192],[564 813 2575 3769 4159 4446 6591 7201 8821 8824],[60.0],[4.0 5.0 8.0 15.0 17.0 20.0 25.0 68.0],False,False
[1193],[746 1541],[22.0],[43.0 51.0],True,False
[1194],[3837 4038],[23.0],[19.0 47.0],True,False
[1195],[3007],[12.0],[21.0],True,False
[1196],[3911],[10.0],[14.0],True,False
[1197],[3653 3727 5185],[15.0],[10.0 12.0 46.0],True,False
[1198],[4073],[5.0],[13.0],True,False
[1199],[2367 4149 5507 6756 6956],[40.0],[4.0 6.0 23.0 26.0],True,False
[1200],[3303],[4.0],[35.0],True,False
[1201],[3077 3710],[9.0],[12.0 16.0],True,False
[1202],[272 2161 4017 4323 5620],[17.0],[9.0 14.0 20.0 28.0 40.0],True,False
[1203],[2508 3124 4537 4925 4992 5857],[33.0],[5.0 11.0 19.0 20.0 23.0],True,False
[1204],[3190],[8.0],[21.0],True,False
[1205],[4183],[23.0],[25.0],True,False
[1206],[304 4145],[35.0],[23.0 68.0],True,False
[1207],[757 3290 4586 4694 4858 5514],[32.0],[14.0 27.0 31.0 37.0 42.0 44.0],True,False
[1208],[2006 3707 4003 4004 4420 4511],[13.0],[12.0 19.0 22.0 29.0 47.0],True,False
[1209],[3825],[4.0],[8.0],True,False
[1210],[3256 4894],[26.0],[34.0 36.0],True,False
[1211],[7093 7608 7764 7902 8090],[6.0],[7.0 11.0 13.0 15.0 19.0],False,False
[1212],[4426],[11.0],[21.0],True,False
[1213],[561 1369 2229],[13.0],[13.0 21.0 30.0],True,False
[1214],[2358 3996 4539],[5.0],[13.0 24.0 45.0],True,False
[1215],[3574 3747 4707 4995 5282 6100],[32.0],[4.0 12.0 16.0 23.0 33.0 51.0],True,False
[1216],[285 1550 2218 2396 4221 4249 4416],[32.0],[4.0 13.0 15.0 17.0 22.0 27.0],False,False
[1217],[2101 4295 4296],[23.0],[15.0 22.0 31.0],True,False
[1218],[2975 3768 3783 4230],[27.0],[4.0 7.0 9.0 58.0],False,False
[1219],[1327 1973 2263 3137 3846 5552],[20.0],[8.0 11.0 12.0 23.0 32.0 47.0],True,False
[1220],[2383 3449],[4.0],[12.0 13.0],True,False
[1221],[1620],[12.0],[24.0],True,False
[1222],[2088 2390 3962],[4.0],[5.0 15.0 17.0],True,False
[1223],[821 4066],[4.0],[12.0 47.0],True,False
[1224],[3520 3621 3995 4234 4388 4424 4771 5233 8756],[46.0],[8.0 12.0 16.0 21.0 33.0 41.0 49.0],False,False
[1225],[38 983 4154],[17.0],[20.0 23.0 52.0],True,False
[1226],[1293 2785 2786 3334 4260],[10.0],[10.0 19.0 20.0 21.0 22.0],True,False
[1227],[4215],[16.0],[46.0],True,False
[1228],[4076 4231 4613 4875 7484 7938],[44.0],[11.0 14.0 15.0 24.0 29.0 47.0],False,False
[1229],[3307],[23.0],[36.0],True,False
[1230],[451 1412],[23.0],[34.0 40.0],False,False
[1231],[2514 2985 4240 5109],[17.0],[20.0 22.0 27.0],False,False
[1232],[3570],[15.0],[25.0],True,False
[1233],[1654 2372 2918 4839],[17.0],[23.0 33.0 36.0 39.0],True,False
[1234],[350 889 4354 4531 4958 5604],[36.0],[5.0 13.0 24.0 31.0 32.0 35.0],True,False
[1235],[992 2788 4000 4168],[21.0],[15.0 19.0 25.0 40.0],True,False
[1236],[4903 5031],[9.0],[7.0],True,False
[1237],[4302],[6.0],[10.0],True,False
[1238],[1967 2615],[7.0],[20.0 42.0],True,False
[1239],[3245],[4.0],[11.0],True,False
[1240],[1460],[10.0],[26.0],True,False
[1241],[3833],[7.0],[16.0],True,False
[1242],[577],[9.0],[30.0],True,False
[1243],[4383],[17.0],[57.0],True,False
[1244],[3185 4370 4468 4680 6816],[50.0],[5.0 17.0 74.0],True,False
[1245],[178 9064],[70.0],[19.0 71.0],True,False
[1246],[4037],[6.0],[11.0],True,False
[1247],[2379],[18.0],[54.0],True,False
[1248],[3681 4665 5413 5554 5840],[25.0],[5.0 10.0 11.0 16.0 21.0],True,False
[1249],[3320 5419 6503],[40.0],[12.0 14.0 43.0],True,False
[1250],[1463 4213],[4.0],[11.0 19.0],True,False
[1251],[537 3953 4586 7070 7362 7889 7890],[48.0],[7.0 18.0 21.0 22.0 37.0 50.0 60.0],True,False
[1252],[351 4069 4360],[11.0],[21.0 46.0],True,False
[1253],[3503],[5.0],[32.0],True,False
[1254],[4354],[11.0],[24.0],True,False
[1255],[4332],[11.0],[26.0],True,False
[1256],[5972],[7.0],[23.0],True,False
[1257],[2351],[4.0],[16.0],True,False
[1258],[4994 6117],[18.0],[9.0 39.0],True,False
[1259],[1330 1398 3261 3503 3787 5239 6273 7163],[37.0],[8.0 12.0 18.0 19.0 24.0 32.0 36.0 46.0],True,False
[1260],[66 1014 3192],[23.0],[21.0 32.0 50.0],True,False
[1261],[1141 4292],[16.0],[25.0 32.0],True,False
[1262],[278],[8.0],[55.0],True,False
[1263],[424],[5.0],[47.0],True,False
[1264],[3781 4390],[7.0],[9.0 33.0],True,False
[1265],[3016 3591],[9.0],[26.0 36.0],True,False
[1266],[404 1470 3194 4961 5797 5952 6167],[30.0],[8.0 9.0 28.0 31.0 32.0 73.0],True,False
[1267],[696 1250 1735 3166 4089 5309 6145 6741],[42.0],[8.0 9.0 14.0 31.0 34.0 37.0 39.0 55.0],False,False
[1268],[3349 5591 5819 6039 6717 6905],[22.0],[11.0 12.0 17.0 45.0],True,False
[1269],[4398],[8.0],[9.0],False,False
[1270],[3491 6341],[9.0],[8.0 27.0],True,False
[1271],[1339 3543 3815 4190 4242 4741 5319 5428 5431 6532 6841],[30.0],[5.0 6.0 10.0 11.0 13.0 14.0 15.0 66.0],False,False
[1272],[757 2254 3648 4566],[6.0],[10.0 12.0 20.0 42.0],True,False
[1273],[4406],[7.0],[23.0],True,False
[1274],[404 3784 5890],[43.0],[22.0 34.0 73.0],True,False
[1275],[2686 2790 3149 4332 4430 4688 5067 5340 6274],[52.0],[10.0 11.0 14.0 15.0 16.0 26.0 28.0 36.0 37.0],False,False
[1276],[1743 2305 2790 4139 4876 5298 6131 6554 6646],[33.0],[11.0 12.0 15.0 18.0 26.0 29.0 36.0 37.0 75.0],True,False
[1277],[2715 4440],[5.0],[5.0 17.0],True,False
[1278],[339 1831 3611],[22.0],[11.0 30.0 35.0],True,False
[1279],[4142],[9.0],[21.0],True,False
[1280],[1077],[15.0],[63.0],True,False
[1281],[6145 6691 6712 6869 6976],[11.0],[5.0 8.0 9.0 10.0 16.0],False,False
[1282],[104 1324 2953 3567],[17.0],[29.0 33.0 35.0 74.0],True,False
[1283],[757 1696 4694],[25.0],[23.0 27.0 42.0],True,False
[1284],[1121 2605 2972 3576 4480 5655 6312 6814 8852],[50.0],[8.0 12.0 17.0 18.0 19.0 23.0 25.0 62.0],True,False
[1285],[2822 3036 4301 4627 5089],[25.0],[9.0 12.0 20.0 24.0 27.0],True,False
[1286],[3125],[7.0],[12.0],True,False
[1287],[4007],[11.0],[15.0],True,False
[1288],[2271 2318 3021 3309 4761 5282 6454 8219],[54.0],[15.0 16.0 20.0 23.0 33.0 40.0 51.0 70.0],True,False
[1289],[2691 3908 4293],[13.0],[30.0 31.0],True,False
[1290],[2996 4963 5379 5545 5683],[40.0],[7.0 12.0 28.0 33.0 41.0],True,False
[1291],[2673],[5.0],[20.0],True,False
[1292],[3942 4032],[7.0],[14.0 33.0],True,False
[1293],[782 3689],[21.0],[14.0 44.0],False,False
[1294],[3616 4727 5116],[30.0],[22.0 24.0 32.0],True,False
[1295],[2854 3028 4383 5740],[27.0],[25.0 29.0 33.0 57.0],True,False
[1296],[4258],[7.0],[10.0],True,False
[1297],[4264 4327 6009],[48.0],[14.0 15.0 37.0],True,False
[1298],[576 2320 2552 3086 4035],[25.0],[10.0 13.0 30.0 45.0 54.0],True,False
[1299],[215 4441 4640 4809 4939 5498],[24.0],[4.0 6.0 16.0 21.0 24.0 38.0],True,False
[1300],[2164 3358 3724 4466 4517 5622],[15.0],[7.0 8.0 13.0 14.0 17.0 21.0],True,False
[1301],[4268],[7.0],[8.0],True,False
[1302],[4276],[4.0],[11.0],True,False
[1303],[2361],[7.0],[16.0],True,False
[1304],[3574 4232 4421 4503 5403 5450 5659 6100 6831 7260 7261 8687],[59.0],[5.0 7.0 11.0 12.0 15.0 21.0 22.0 23.0 32.0 34.0],False,False
[1305],[3860 4222 4490 4594 4981],[17.0],[5.0 6.0 13.0 16.0 18.0],True,False
[1306],[1684 3025 4690],[5.0],[10.0 17.0 40.0],True,False
[1307],[2146 4178],[5.0],[14.0 22.0],False,False
[1308],[4270],[18.0],[29.0],True,False
[1309],[3323 5833 6092 6748],[17.0],[12.0 25.0 40.0 42.0],False,False
[1310],[4128 4565],[16.0],[25.0 32.0],True,False
[1311],[3546 4270],[6.0],[19.0 29.0],False,False
[1312],[2410 3346],[10.0],[17.0 25.0],True,False
[1313],[727 3499],[13.0],[21.0 54.0],True,False
[1314],[1206 1268 1568 3559 4365 4417 5612 6050],[26.0],[8.0 10.0 11.0 20.0 26.0 31.0 81.0],True,False
[1315],[37 431],[15.0],[35.0 73.0],True,False
[1316],[4335 6318 7609 8397],[17.0],[5.0 15.0 18.0 22.0],True,False
[1317],[3748],[7.0],[15.0],True,False
[1318],[2310],[12.0],[26.0],True,False
[1319],[3056 3840 4672 4846],[5.0],[5.0 9.0 12.0 15.0],True,False
[1320],[1615 3192 6395],[25.0],[7.0 21.0 59.0],True,False
[1321],[3361],[8.0],[46.0],True,False
[1322],[798 1161 4810],[22.0],[12.0 16.0 53.0],False,False
[1323],[3168],[8.0],[18.0],True,False
[1324],[569 1830 3613],[4.0],[21.0 22.0 38.0],True,False
[1325],[2809 4355 5379],[12.0],[10.0 12.0 24.0],True,False
[1326],[4124],[10.0],[13.0],True,False
[1327],[2704 3054 3057 4020 4577 4647 4964],[14.0],[4.0 10.0 15.0 28.0 29.0],True,False
[1328],[1206 1568 2770 4848 4974 5199 5616 5999],[36.0],[5.0 8.0 13.0 19.0 20.0 41.0 81.0],False,False
[1329],[1029 1038 1525 4082 4096 4225 4475 4476 4655 5105 5956 6268],[19.0],[4.0 7.0 8.0 9.0 11.0 22.0 26.0 27.0 31.0 35.0],False,False
[1330],[3807 4139 5361],[15.0],[10.0 26.0 36.0],True,False
[1331],[4143 4144 4323],[5.0],[9.0 14.0],True,False
[1332],[2920],[15.0],[42.0],True,False
[1333],[5737 6453 6454],[16.0],[10.0 20.0 29.0],True,False
[1334],[2466 3473 3711 4871],[16.0],[8.0 11.0 23.0 63.0],True,False
[1335],[548 1975 4773 5568 6010 6011 6317 6374 6595 6663 6775],[22.0],[4.0 5.0 7.0 9.0 11.0 14.0 18.0 28.0 33.0 37.0],True,False
[1336],[4600 5212 5597 5763],[19.0],[7.0 8.0 15.0],True,False
[1337],[2344],[16.0],[49.0],True,False
[1338],[4611],[7.0],[8.0],True,False
[1339],[276 5048 5603],[19.0],[7.0 15.0 70.0],True,False
[1340],[782 3689 4140],[22.0],[14.0 34.0 44.0],True,False
[1341],[1182 3077 3492 3653 3710 3727 4118 5185 5721 7080 7313 7744 7845],[38.0],[4.0 8.0 10.0 12.0 15.0 16.0 24.0 29.0 32.0 46.0 78.0],True,False
[1342],[2051 5195],[9.0],[5.0 27.0],True,False
[1343],[2823],[7.0],[20.0],True,False
[1344],[1683],[6.0],[22.0],True,False
[1345],[3220 3839 5237],[12.0],[4.0 24.0 41.0],True,False
[1346],[27 3630 4597 4599 5106 8450],[50.0],[9.0 17.0 21.0 45.0 59.0],True,False
[1347],"[3616 4727 4797 7107 7277 7293 7469 7644 7757 7856 7869 7945 8061 8103
 8104 8106 8425 8432 8503 8658 9069 9175 9463 9547 10308]",[40.0],[4.0 5.0 7.0 9.0 10.0 12.0 13.0 15.0 16.0 17.0 21.0 24.0 30.0 32.0 35.0],False,False
[1348],[1301 2956 3921 4280],[33.0],[14.0 23.0 44.0 51.0],False,False
[1349],[4342 5534],[9.0],[17.0 26.0],True,False
[1350],[4635 5036],[24.0],[13.0 52.0],True,False
[1351],[3669 4358],[10.0],[12.0 19.0],True,False
[1352],[4700 6156 6401],[8.0],[12.0 14.0 31.0],False,False
[1353],[3889],[17.0],[31.0],True,False
[1354],[204 3347 4103 4810 5454 5472 6335 6485],[32.0],[5.0 6.0 15.0 16.0 18.0 21.0 39.0 59.0],False,False
[1355],[2858 5279 5699],[14.0],[7.0 39.0 43.0],True,False
[1356],[74],[5.0],[33.0],True,False
[1357],[275 4649],[38.0],[14.0 62.0],True,False
[1358],[152 1767 4782],[10.0],[7.0 22.0 81.0],True,False
[1359],[3309],[15.0],[51.0],True,False
[1360],[3917 4004 5066],[18.0],[9.0 22.0 39.0],True,False
[1361],[1568 2278 2770 4974 5616 5872],[24.0],[5.0 8.0 19.0 20.0 50.0],False,False
[1362],[1600 2920 3492 4104 4806],[23.0],[4.0 13.0 32.0 42.0 46.0],True,False
[1363],[940 1525 3680],[7.0],[16.0 27.0],True,False
[1364],[322 4252],[7.0],[10.0 20.0],True,False
[1365],[37 3489 4166],[35.0],[7.0 16.0 73.0],True,False
[1366],[1773 4568 4765],[12.0],[24.0 27.0 48.0],True,False
[1367],[4136 5180 6252 9134],[19.0],[14.0 31.0 33.0 37.0],True,False
[1368],[2162 4132 4838 5682],[23.0],[4.0 9.0 11.0 39.0],True,False
[1369],[2716 2942 3823 4926 5304],[26.0],[5.0 6.0 21.0 48.0 58.0],False,False
[1370],[2321 4715],[26.0],[5.0 45.0],True,False
[1371],[3032 4796 5358 5359 5753 7299 7565],[33.0],[4.0 5.0 7.0 19.0 29.0 31.0 52.0],True,False
[1372],[4710],[15.0],[33.0],True,False
[1373],[2051 4825 5194],[7.0],[14.0 27.0 45.0],True,False
[1374],[4075 6540 6927 7265 7500 8085 8752],[30.0],[5.0 9.0 11.0 12.0 15.0 23.0],False,False
[1375],[2940],[15.0],[48.0],True,False
[1376],[59 3925 3926],[48.0],[13.0 15.0 73.0],True,False
[1377],[3788],[10.0],[27.0],True,False
[1378],[36 1979 6028],[8.0],[5.0 35.0 44.0],True,False
[1379],[0 4929],[6.0],[41.0 65.0],False,False
[1380],[3103],[20.0],[34.0],True,False
[1381],[4257 4786 4899 5021 5200 6090 6285],[24.0],[4.0 6.0 7.0 11.0 13.0 20.0],False,False
[1382],[2014 4636 5294],[22.0],[12.0 16.0 46.0],True,False
[1383],[3727 4105 4496 6960 7217],[38.0],[4.0 10.0 11.0 22.0 48.0],False,False
[1384],[550 3015 3489 4867],[7.0],[5.0 8.0 16.0 41.0],True,False
[1385],[4865],[4.0],[9.0],True,False
[1386],[3204 4150 4390],[40.0],[23.0 33.0 44.0],True,False
[1387],[4944 4945],[8.0],[14.0 19.0],True,False
[1388],[575 3301 3621 3847 6702],[32.0],[7.0 10.0 33.0 36.0 54.0],True,False
[1389],[1885],[7.0],[45.0],True,False
[1390],[4959],[4.0],[5.0],True,False
[1391],[409 2099],[12.0],[22.0 25.0],True,False
[1392],[216 5474 5596],[24.0],[4.0 22.0 32.0],True,False
[1393],[1550 2396 4416 4525 5014 5644 6487 7246],[52.0],[13.0 15.0 17.0 22.0 30.0 36.0],True,False
[1394],[3574],[6.0],[23.0],True,False
[1395],[4818],[17.0],[20.0],True,False
[1396],[4894],[8.0],[34.0],True,False
[1397],[335],[7.0],[31.0],True,False
[1398],[2265],[6.0],[17.0],True,False
[1399],[1677],[8.0],[23.0],True,False
[1400],[4809 4939 5489 6386],[24.0],[6.0 11.0 16.0 26.0],True,False
[1401],[3915 5066 5291],[28.0],[9.0 28.0 35.0],True,False
[1402],[530 4629 5145],[5.0],[8.0 37.0 42.0],False,False
[1403],[4092 4420],[9.0],[10.0 47.0],False,False
[1404],[2785 4260 4862],[10.0],[12.0 19.0 20.0],True,False
[1405],[4209 4817 5052],[18.0],[4.0 15.0 28.0],True,False
[1406],[2691 3908],[13.0],[30.0 31.0],False,False
[1407],[1950 2975 3372 4230 4307 4585 4652 5397 5900],[16.0],[7.0 9.0 11.0 14.0 15.0 22.0 58.0],True,False
[1408],[4943],[9.0],[12.0],True,False
[1409],[2995 4545 4650 4956],[6.0],[4.0 7.0 18.0 19.0],True,False
[1410],[3992 4860],[10.0],[11.0 12.0],True,False
[1411],[8092 9010],[7.0],[9.0 18.0],False,False
[1412],[2985 4240 4598 4906 5109],[14.0],[7.0 19.0 20.0 22.0],True,False
[1413],[566 3112 6916 7177 8164],[63.0],[5.0 18.0 26.0 30.0 51.0],True,False
[1414],[26 3016 3303 3984 6452 6582],[23.0],[4.0 5.0 6.0 35.0 36.0 51.0],True,False
[1415],[1446 2995 4811 5396 5520 6330 6530 6863 6918 7075 7203],[37.0],[6.0 7.0 8.0 9.0 12.0 18.0 20.0 21.0 23.0 32.0 36.0],False,False
[1416],[1684 3731 4997 6002],[22.0],[7.0 17.0 22.0 40.0],True,False
[1417],[3384],[14.0],[30.0],True,False
[1418],[2919 3441 5081 5926 7214],[58.0],[6.0 14.0 29.0 37.0 43.0],True,False
[1419],[5873 5890],[8.0],[19.0 34.0],True,False
[1420],[4828],[7.0],[14.0],True,False
[1421],[5041],[8.0],[9.0],True,False
[1422],[4151 4621 5982],[5.0],[9.0 22.0 26.0],True,False
[1423],[4545 4546],[17.0],[19.0 22.0],True,False
[1424],[4242 6469 7562 7896 7899 10435],[61.0],[4.0 6.0 12.0 24.0 66.0],False,False
[1425],[4233 4732],[20.0],[10.0 30.0],True,False
[1426],[2453 3728 4527 5256],[4.0],[4.0 6.0 16.0 28.0],True,False
[1427],[1979],[4.0],[44.0],False,False
[1428],[233 2342 2948 4296 5308 7523 7811],[39.0],[11.0 13.0 21.0 23.0 31.0 33.0],True,False
[1429],[5068],[12.0],[46.0],True,False
[1430],[1977 2953],[9.0],[33.0 56.0],True,False
[1431],[4360],[18.0],[21.0],True,False
[1432],[1174 2372],[22.0],[39.0 42.0],False,False
[1433],[4255],[7.0],[15.0],True,False
[1434],[9403 9452 9538],[5.0],[9.0 11.0 17.0],True,False
[1435],[777],[25.0],[73.0],True,False
[1436],[312 3195 3374 3379 5898 6966 7245],[28.0],[5.0 8.0 16.0 20.0 24.0 29.0 34.0],True,False
[1437],[4834],[23.0],[26.0],True,False
[1438],[593 2358],[13.0],[26.0 45.0],True,False
[1439],[5382],[16.0],[34.0],True,False
[1440],[3852 6229],[27.0],[12.0 38.0],True,False
[1441],[4789],[8.0],[9.0],True,False
[1442],[3606 5572 7644 8844],[31.0],[15.0 23.0 30.0 38.0],True,False
[1443],[4061 4530],[23.0],[11.0 29.0],True,False
[1444],[2395],[4.0],[47.0],True,False
[1445],[4483],[8.0],[26.0],True,False
[1446],[4414 4421 5180],[21.0],[28.0 31.0 32.0],True,False
[1447],[1885 2448 5363],[20.0],[19.0 26.0 45.0],False,False
[1448],[4952 5063 6608],[16.0],[4.0 12.0 24.0],True,False
[1449],[448 4847],[6.0],[18.0 61.0],True,False
[1450],[4177],[4.0],[22.0],True,False
[1451],[4868],[6.0],[9.0],True,False
[1452],[5133],[5.0],[29.0],True,False
[1453],[1709 2484 2696 2963 4908 4997],[25.0],[5.0 13.0 16.0 17.0 33.0],False,False
[1454],[1276 4666 4669],[5.0],[5.0 8.0 16.0],True,False
[1455],[163 696 2741 3166 3810 4089 5309 5634 6601 7824 7832],[35.0],[8.0 9.0 11.0 14.0 15.0 19.0 27.0 31.0 34.0 47.0],False,False
[1456],[1242],[44.0],[62.0],True,False
[1457],[4567],[23.0],[37.0],True,False
[1458],[2491 4293 4544 5844 6042 6835 6999],[29.0],[4.0 6.0 9.0 13.0 30.0 37.0 44.0],False,False
[1459],[4327 5703],[11.0],[14.0 21.0],True,False
[1460],[4335 5071 5275],[15.0],[8.0 15.0 19.0],False,False
[1461],[4630],[5.0],[9.0],True,False
[1462],[3915 5288],[13.0],[16.0 28.0],True,False
[1463],[4556],[4.0],[37.0],True,False
[1464],[3423],[13.0],[23.0],True,False
[1465],[2278 3767 4365],[8.0],[13.0 31.0 50.0],False,False
[1466],[4004 4878],[9.0],[19.0 22.0],True,False
[1467],[2146],[9.0],[22.0],True,False
[1468],[1158 1258 5212 5474 5593],[5.0],[7.0 10.0 22.0 23.0 58.0],False,False
[1469],[4155 4413 4414 5104],[18.0],[11.0 28.0 29.0 32.0],True,False
[1470],[3112 4310 4311 4366 4564 5018 5511 5945 6064 7170],[32.0],[4.0 6.0 7.0 8.0 12.0 19.0 30.0 36.0],False,False
[1471],[4607 5219 5270 6123],[27.0],[9.0 13.0 14.0 17.0],True,False
[1472],[1057 5249],[9.0],[6.0 39.0],True,False
[1473],[2344 3576 4521],[7.0],[17.0 21.0 49.0],False,False
[1474],[5268],[8.0],[9.0],True,False
[1475],[4483 5452],[6.0],[26.0 42.0],True,False
[1476],[2014 5294],[27.0],[12.0 46.0],True,False
[1477],[5259],[13.0],[14.0],True,False
[1478],[4237 5127],[9.0],[13.0 18.0],True,False
[1479],[4745],[28.0],[31.0],True,False
[1480],[2239 3850 4131 5400 7175 8165],[48.0],[9.0 13.0 17.0 23.0 37.0 71.0],True,False
[1481],[26 3389 4075],[13.0],[23.0 24.0 51.0],True,False
[1482],[1599 1886 3459 5364 6247],[45.0],[4.0 23.0 34.0 37.0 75.0],False,False
[1483],[4765 4766 5158 5484],[31.0],[18.0 24.0 34.0 48.0],True,False
[1484],[4155 4503 4985 5104 5180 5446 5977 6652],[24.0],[6.0 9.0 11.0 12.0 15.0 29.0 31.0 48.0],False,False
[1485],[4165 4907 5429],[12.0],[5.0 8.0 13.0],True,False
[1486],[5037],[38.0],[51.0],True,False
[1487],[2559 3848 4039 4163 4355 5511 5782],[36.0],[6.0 7.0 9.0 10.0 12.0 26.0 37.0],False,False
[1488],[3648 4836 5889],[14.0],[12.0 20.0 41.0],True,False
[1489],[1077 3042 4855 4918 5183 5398 5955 6091 6747],[29.0],[10.0 13.0 14.0 17.0 20.0 24.0 34.0 41.0 63.0],True,False
[1490],[4198 5038],[4.0],[8.0 22.0],True,False
[1491],[2790 5286 5292 5344],[12.0],[6.0 17.0 28.0 37.0],True,False
[1492],[2802 4114 5042 5055 5664 6989],[31.0],[12.0 23.0 28.0 29.0 38.0 55.0],True,False
[1493],[447 5021 5200 6092],[14.0],[4.0 13.0 25.0 27.0],True,False
[1494],[1333],[9.0],[33.0],True,False
[1495],[1158 5169 5474 6515],[16.0],[7.0 22.0 49.0 58.0],True,False
[1496],[3958 5322 5475 5769],[11.0],[4.0 9.0 20.0],True,False
[1497],[682 1977 4533 5706 5916 6013],[19.0],[10.0 12.0 26.0 32.0 53.0 56.0],False,False
[1498],[4226 4809 4939 5498 5501],[7.0],[6.0 13.0 16.0 24.0],False,False
[1499],[4020 5047 5050],[4.0],[11.0 12.0 28.0],True,False
[1500],[4827],[10.0],[26.0],True,False
[1501],[4688],[21.0],[28.0],True,False
[1502],[4040],[7.0],[17.0],True,False
[1503],[3459 5368],[17.0],[21.0 37.0],True,False
[1504],[4466 4826 6400],[19.0],[8.0 17.0 22.0],True,False
[1505],[3293 4106 5718 5890 7357 7895 8259 8524],[56.0],[12.0 15.0 17.0 24.0 32.0 34.0 35.0 42.0],True,False
[1506],[1909 4028 4657 4999 5239 5578 6104 6812],[20.0],[5.0 6.0 7.0 18.0 47.0],False,False
[1507],[5365],[14.0],[22.0],True,False
[1508],[4354 4531 6411],[46.0],[24.0 32.0],True,False
[1509],[717 5145 5809],[21.0],[25.0 42.0 65.0],True,False
[1510],[4183 6246 6595],[18.0],[18.0 25.0 35.0],True,False
[1511],[4733 5790 6987],[22.0],[16.0 19.0 28.0],True,False
[1512],[1416 5150],[5.0],[6.0 41.0],False,False
[1513],[1004 4391 4548],[8.0],[12.0 26.0 33.0],True,False
[1514],[4563 5497 5885],[25.0],[13.0 18.0 21.0],True,False
[1515],[4319 5324],[11.0],[13.0 22.0],True,False
[1516],[307 5506],[11.0],[32.0 41.0],True,False
[1517],[4211 4745],[51.0],[31.0 52.0],False,False
[1518],[4742 4745],[4.0],[12.0 31.0],True,False
[1519],[1592 4277 4492 4700 5247 5814 6038 6422],[27.0],[5.0 9.0 10.0 18.0 30.0 31.0 32.0 51.0],False,False
[1520],[24 46 4994 5332 7717 7718 8217 9275],[60.0],[7.0 8.0 12.0 21.0 25.0 34.0 39.0 44.0],True,False
[1521],[254],[7.0],[37.0],True,False
[1522],[4342],[5.0],[17.0],True,False
[1523],[3995 4604],[8.0],[8.0 16.0],True,False
[1524],[3023 4998],[9.0],[7.0 26.0],True,False
[1525],[2952 4394 5472],[11.0],[4.0 15.0 37.0],False,False
[1526],[1599 4492],[23.0],[32.0 75.0],True,False
[1527],[55 4478 5417],[5.0],[5.0 9.0 27.0],True,False
[1528],[2467 2484 4339 4690 5221],[17.0],[4.0 10.0 13.0 18.0 35.0],True,False
[1529],[4521],[4.0],[21.0],True,False
[1530],[27 3555],[9.0],[32.0 59.0],True,False
[1531],[5926 6972 7199 7422],[31.0],[5.0 9.0 32.0 43.0],True,False
[1532],[270 2164 3663 3953 4144 4466 5188],[10.0],[8.0 13.0 14.0 21.0 24.0 50.0],False,False
[1533],[2573 4700 5208 5854 6038 6156 6423],[25.0],[6.0 14.0 26.0 30.0 31.0],True,False
[1534],[4917],[12.0],[18.0],True,False
[1535],[569 5397 6624 6821 7030 7743 7821 8143 8472 8563],[32.0],[4.0 5.0 7.0 10.0 18.0 22.0 23.0 38.0],True,False
[1536],[7311],[6.0],[28.0],False,False
[1537],[335 2279 3784 4817 5610 5797 6167],[17.0],[9.0 12.0 15.0 21.0 22.0 28.0 31.0],True,False
[1538],[3194],[10.0],[31.0],True,False
[1539],[5134],[14.0],[20.0],True,False
[1540],[3908 4573],[11.0],[8.0 30.0],True,False
[1541],[5568],[5.0],[9.0],True,False
[1542],[3301 5110],[16.0],[16.0 36.0],True,False
[1543],[3823 4321 5080],[9.0],[7.0 23.0 48.0],False,False
[1544],[4327 4924 6141 6380],[19.0],[5.0 14.0 24.0 34.0],True,False
[1545],[4069 4823],[22.0],[11.0 46.0],True,False
[1546],[5372],[5.0],[22.0],True,False
[1547],[5260],[5.0],[22.0],True,False
[1548],[5866 8422 9005 9015 9375],[15.0],[4.0 11.0 16.0 20.0],False,False
[1549],[2728],[21.0],[49.0],True,False
[1550],[5220 5569],[7.0],[18.0 25.0],True,False
[1551],[3323 3677 5314 5832],[10.0],[11.0 21.0 42.0 48.0],True,False
[1552],[2704],[11.0],[29.0],True,False
[1553],[6671],[12.0],[22.0],True,False
[1554],[4420 5805],[30.0],[4.0 47.0],False,False
[1555],[5644 5923],[20.0],[15.0 30.0],True,False
[1556],[5708],[12.0],[25.0],True,False
[1557],[1638 5566],[17.0],[20.0 69.0],True,False
[1558],[3630],[10.0],[17.0],True,False
[1559],[4610 4767 4779 5001],[26.0],[15.0 19.0 38.0 46.0],True,False
[1560],[2921 4114 5551],[20.0],[11.0 15.0 55.0],True,False
[1561],[1977 2316 4336],[14.0],[24.0 34.0 56.0],True,False
[1562],[4140 4270 4665 5016 5413 5554 5840 7105],[23.0],[5.0 10.0 11.0 18.0 21.0 29.0 34.0],True,False
[1563],[1170 5253],[31.0],[17.0 56.0],True,False
[1564],[5535],[6.0],[11.0],True,False
[1565],[5117],[7.0],[27.0],True,False
[1566],[4136 4984 5803 6206 6445],[10.0],[7.0 8.0 14.0 15.0 37.0],True,False
[1567],[3992 4860],[6.0],[11.0 12.0],True,False
[1568],[5198],[7.0],[10.0],True,False
[1569],[124 3546 4897],[8.0],[19.0 28.0],True,False
[1570],[4254 5613],[30.0],[29.0 36.0],False,False
[1571],[2491 2946],[14.0],[29.0 44.0],True,False
[1572],[2329],[51.0],[65.0],True,False
[1573],[5520 6296 6676],[54.0],[23.0 40.0 43.0],False,False
[1574],[3473 3712 4076 4231 4235 4613 4875 6016],[13.0],[11.0 15.0 23.0 24.0 29.0 32.0 47.0 63.0],False,False
[1575],[5545 5683 5684],[24.0],[21.0 33.0 41.0],False,False
[1576],[980 5781],[4.0],[4.0 23.0],True,False
[1577],[5690],[6.0],[16.0],True,False
[1578],[5460 5699],[8.0],[7.0 43.0],False,False
[1579],[3303],[9.0],[35.0],False,False
[1580],[276 5475],[25.0],[4.0 70.0],True,False
[1581],[4700 6038 8721],[46.0],[24.0 30.0 31.0],True,False
[1582],[4986 4994 5332],[16.0],[11.0 34.0 39.0],True,False
[1583],[4142 5353],[13.0],[4.0 21.0],True,False
[1584],[5418],[12.0],[16.0],True,False
[1585],[716 4247 6722],[35.0],[9.0 42.0 53.0],True,False
[1586],[2834 3823 4321 5079 5080 5088 5534 5778 8627],[47.0],[7.0 18.0 19.0 23.0 26.0 31.0 37.0 38.0 48.0],False,False
[1587],[5723 6325 6678],[26.0],[12.0 23.0 36.0],True,False
[1588],[2915],[8.0],[22.0],True,False
[1589],[4886 6577],[10.0],[17.0 26.0],True,False
[1590],[2344 4046 4900 8048],[36.0],[11.0 37.0 43.0 49.0],False,False
[1591],[1182 1828],[29.0],[63.0 78.0],False,False
[1592],[4012 5239],[15.0],[15.0 18.0],True,False
[1593],[5309],[4.0],[9.0],True,False
[1594],[6155 7199],[20.0],[5.0 21.0],True,False
[1595],[3405 4392],[15.0],[15.0 48.0],True,False
[1596],[5747],[17.0],[25.0],True,False
[1597],[626],[13.0],[52.0],True,False
[1598],[3016 5866],[18.0],[20.0 36.0],True,False
[1599],[4598 5740 6794],[18.0],[19.0 29.0 36.0],True,False
[1600],[3621 4424],[26.0],[12.0 33.0],True,False
[1601],[2395],[10.0],[47.0],True,False
[1602],[27 5217 5316],[8.0],[10.0 22.0 59.0],True,False
[1603],[3112],[11.0],[30.0],True,False
[1604],[520 727 3499 4374 6720 10022],[54.0],[12.0 21.0 23.0 30.0 54.0 63.0],True,False
[1605],[5184],[8.0],[20.0],True,False
[1606],[2953 6595],[11.0],[18.0 33.0],True,False
[1607],[2716 3038],[9.0],[21.0 28.0],True,False
[1608],[5094],[12.0],[44.0],True,False
[1609],[835 3409 4372 5506 5514 6607 8253 9418],[52.0],[8.0 11.0 14.0 16.0 31.0 33.0 41.0 57.0],True,False
[1610],[4232 5977],[13.0],[21.0 48.0],True,False
[1611],[4390 4963],[8.0],[7.0 33.0],True,False
[1612],[4111],[12.0],[23.0],True,False
[1613],[5661],[13.0],[14.0],True,False
[1614],[2741 5492],[14.0],[38.0 47.0],True,False
[1615],[4555],[4.0],[36.0],True,False
[1616],[4149 5507],[17.0],[23.0 26.0],True,False
[1617],[5262 5886],[26.0],[15.0 24.0],True,False
[1618],[1504 1637 3267 5027 7571 7578],[27.0],[17.0 23.0 32.0 33.0 36.0 44.0],True,False
[1619],[1504 5027 7578],[14.0],[23.0 33.0 44.0],True,False
[1620],[3576 4521],[7.0],[17.0 21.0],True,False
[1621],[4391 4548],[19.0],[12.0 26.0],True,False
[1622],[5078 5931 8171],[33.0],[13.0 17.0 36.0],True,False
[1623],[5889],[17.0],[20.0],False,False
[1624],[233 4914 5038 5848 6486 7089 7723 8281],[28.0],[6.0 17.0 18.0 19.0 22.0 31.0],True,False
[1625],[2632 2872 4864 5863 6116 7058 7125 7647],[24.0],[9.0 12.0 13.0 21.0 26.0 28.0 57.0],True,False
[1626],[2379 4819],[10.0],[14.0 54.0],False,False
[1627],[3301 5986 7168],[24.0],[11.0 36.0 37.0],True,False
[1628],[781],[14.0],[61.0],True,False
[1629],[4776],[48.0],[55.0],True,False
[1630],[5506],[32.0],[41.0],True,False
[1631],[1637],[7.0],[32.0],True,False
[1632],[298 5063 5409 5656 5903 6970],[20.0],[12.0 13.0 17.0 18.0 27.0 40.0],False,False
[1633],[7766],[6.0],[8.0],True,False
[1634],[549 2358 4610 4767 5835 8210],[44.0],[13.0 15.0 27.0 45.0 46.0 49.0],True,False
[1635],[5824],[6.0],[11.0],True,False
[1636],[1599 5434],[55.0],[33.0 75.0],True,False
[1637],"[4066 4067 4322 4352 4943 4944 4948 5427 5678 5970 6048 6398 6567 6922
 10450]",[55.0],[5.0 8.0 12.0 13.0 16.0 19.0 27.0 28.0 33.0 40.0],False,False
[1638],[6077],[11.0],[29.0],False,False
[1639],[1258 5169],[30.0],[23.0 49.0],False,False
[1640],[1735 4938 7123 7643],[33.0],[7.0 23.0 37.0 50.0],True,False
[1641],[5552 6451],[22.0],[13.0 32.0],True,False
[1642],[5739 5790 7041],[6.0],[10.0 19.0 22.0],True,False
[1643],[4272 5650 5741],[7.0],[5.0 25.0],True,False
[1644],[4827],[5.0],[26.0],True,False
[1645],[1062 4426],[28.0],[21.0 70.0],True,False
[1646],[5718 5882],[20.0],[4.0 35.0],True,False
[1647],[1250 6042],[18.0],[6.0 55.0],True,False
[1648],[3913 4441 5488 5743],[5.0],[6.0 10.0 38.0],True,False
[1649],[4032 4377 4743 6521 6747 7103 7630 8351],[33.0],[4.0 11.0 15.0 23.0 24.0 27.0 28.0 33.0],True,False
[1650],[5093 5907],[18.0],[18.0 38.0],True,False
[1651],[1037 1398 3261 3706 6106 6140],[8.0],[5.0 13.0 14.0 32.0 36.0 46.0],True,False
[1652],[3088 4390],[5.0],[17.0 33.0],True,False
[1653],[5985],[8.0],[8.0],True,True
[1654],[5700],[24.0],[37.0],True,False
[1655],[5540],[6.0],[24.0],True,False
[1656],[5482],[12.0],[43.0],True,False
[1657],[4029 6034 7948],[36.0],[18.0 19.0 25.0],True,False
[1658],[3105 6666 7380 7383 8433 9220],[49.0],[9.0 10.0 15.0 18.0 20.0 33.0],True,False
[1659],[3225 4106 5065 6231 7670],[42.0],[19.0 26.0 32.0 39.0],True,False
[1660],[3300],[10.0],[24.0],True,False
[1661],[3374 3379],[26.0],[24.0 34.0],True,False
[1662],[5460 5699],[5.0],[7.0 43.0],False,False
[1663],[5111 5560],[8.0],[8.0 9.0],True,False
[1664],[6429 6468],[24.0],[12.0 26.0],True,False
[1665],[4550],[5.0],[22.0],True,False
[1666],[4727 4797 5572 7468 7694],[30.0],[4.0 9.0 24.0 35.0 38.0],False,False
[1667],[5027 7627 9451],[16.0],[12.0 24.0 33.0],True,False
[1668],[4644 6236],[9.0],[28.0 29.0],False,False
[1669],[3267 5131 7570],[24.0],[29.0 36.0 38.0],True,False
[1670],[4545 6221 7208],[18.0],[8.0 19.0 29.0],True,False
[1671],[3532 5199],[13.0],[13.0 35.0],True,False
[1672],[276 4463 5876],[11.0],[9.0 12.0 70.0],True,False
[1673],[1885],[11.0],[45.0],True,False
[1674],[821 4492],[17.0],[32.0 47.0],True,False
[1675],[5127],[5.0],[13.0],True,False
[1676],[537 4586 7546 7887 7888 7889 8864],[35.0],[7.0 16.0 17.0 19.0 21.0 37.0 60.0],True,False
[1677],[2271 4138 5282 5565 6007 6115 6123 6277 6832 7124 7439],[46.0],[4.0 9.0 13.0 14.0 24.0 25.0 27.0 29.0 33.0 35.0 70.0],False,False
[1678],[3009 4550 7344],[35.0],[22.0 78.0],False,False
[1679],[1155 3185 5542 5870 7104],[21.0],[13.0 26.0 40.0 56.0 74.0],True,False
[1680],[1439 4138 4995 5282 5990 6951],[43.0],[4.0 8.0 24.0 33.0 34.0 51.0],True,False
[1681],[3677 5142 5314 5832 6287],[15.0],[8.0 11.0 21.0 29.0 48.0],True,False
[1682],[1077 3042 4918 5183 5955 6466 6913],[21.0],[10.0 13.0 17.0 34.0 63.0],True,False
[1683],[3823 6504 6940 10631],[53.0],[5.0 9.0 43.0 48.0],False,False
[1684],[4935],[27.0],[36.0],True,False
[1685],[5116],[7.0],[22.0],True,False
[1686],[4876 5292 5343 5709 6556],[53.0],[13.0 17.0 28.0 29.0 44.0],True,False
[1687],[4620 5292],[11.0],[18.0 28.0],True,False
[1688],[3839],[21.0],[41.0],True,False
[1689],[3467 5019 6074 6319 6465 7693],[21.0],[6.0 11.0 16.0 25.0 28.0 36.0],True,False
[1690],[3920 5708 6212],[15.0],[7.0 17.0 25.0],True,False
[1691],[7301 7564],[6.0],[21.0 26.0],False,False
[1692],[716 5305 5489 5753 5848 6722],[19.0],[4.0 6.0 9.0 26.0 31.0 53.0],False,False
[1693],[3042 5183 5398 5750],[16.0],[11.0 13.0 20.0 34.0],True,False
[1694],[1814 2755 3874 5065 6971],[35.0],[21.0 30.0 39.0 49.0 54.0],True,False
[1695],[569 2288 2678 3446 4060 5439 5925 6586],[13.0],[7.0 8.0 17.0 29.0 38.0 42.0 50.0],True,False
[1696],[4826 5322 6309],[16.0],[17.0 19.0 20.0],True,False
[1697],[335 3784 5610],[12.0],[12.0 22.0 31.0],True,False
[1698],[4181 4938 5471],[7.0],[9.0 22.0 50.0],True,False
[1699],[1308],[4.0],[33.0],True,False
[1700],[5755],[8.0],[10.0],True,False
[1701],[3043 5183 5750 5955 6091 6577 8457],[31.0],[5.0 11.0 14.0 17.0 34.0 44.0],False,False
[1702],[6445 6699 7411 7621 7686],[11.0],[7.0 8.0 14.0],True,False
[1703],[1304 3704 5330 6132 7717],[53.0],[25.0 26.0 30.0 38.0 57.0],False,False
[1704],[3492 5721 7080 7207 7311 7313 7744],[43.0],[4.0 8.0 15.0 24.0 28.0 29.0 32.0],True,False
[1705],[4900 6759],[30.0],[37.0 40.0],True,False
[1706],[2344 4046 5626 8042],[39.0],[18.0 34.0 43.0 49.0],True,False
[1707],[3060],[5.0],[18.0],True,False
[1708],[3756 5789],[11.0],[17.0 39.0],True,False
[1709],[1766 3182 4934],[19.0],[38.0 41.0 52.0],False,False
[1710],[4952 5587],[24.0],[24.0 25.0],True,False
[1711],[1979 5827],[13.0],[15.0 44.0],True,False
[1712],[1301 4619 5026],[19.0],[11.0 18.0 51.0],True,False
[1713],[5394],[7.0],[11.0],True,False
[1714],[5965],[15.0],[17.0],True,False
[1715],[3879 4651 6676 8145],[48.0],[15.0 26.0 27.0 43.0],False,False
[1716],[4853 6191 6243],[19.0],[12.0 23.0 33.0],False,False
[1717],[4780],[5.0],[10.0],True,False
[1718],[569 4216],[8.0],[21.0 38.0],True,False
[1719],[2772 3970 5656],[14.0],[17.0 21.0 45.0],True,False
[1720],[3008 4935 5484 6938],[11.0],[8.0 18.0 25.0 36.0],False,False
[1721],[6035 6312],[10.0],[16.0 23.0],True,False
[1722],[4905 5004 6351],[7.0],[7.0 9.0 13.0],True,False
[1723],[5909 6071],[5.0],[10.0 16.0],False,False
[1724],[1121 4764 6755],[41.0],[10.0 31.0 62.0],True,False
[1725],[5158 6505],[13.0],[14.0 34.0],True,False
[1726],[6238 6319],[29.0],[28.0 36.0],True,False
[1727],[4511 4632 5761 6689 6838 7855 8101 8102 8623],[29.0],[4.0 9.0 12.0 14.0 20.0 29.0],False,False
[1728],[4621 5649],[29.0],[22.0 32.0],True,False
[1729],[2014 3311 3464 6113 7090 7252 7384],[19.0],[4.0 8.0 11.0 16.0 19.0 44.0 46.0],True,False
[1730],[5181],[37.0],[45.0],True,False
[1731],[5652],[9.0],[15.0],True,False
[1732],[2039],[7.0],[75.0],True,False
[1733],[1909 4140],[10.0],[34.0 47.0],True,False
[1734],[5497 5885],[5.0],[13.0 21.0],True,False
[1735],[717 4242 4869 7139 7562],[25.0],[6.0 10.0 29.0 65.0 66.0],True,False
[1736],[36 1029 4329 5956 6025 6102],[12.0],[5.0 6.0 19.0 22.0 31.0 35.0],True,False
[1737],[5646 5923],[9.0],[14.0 15.0],True,False
[1738],[5852 7284 7465 7567],[6.0],[5.0 10.0 13.0],False,False
[1739],[6304 7026],[17.0],[10.0 32.0],True,False
[1740],[6269],[6.0],[11.0],True,False
[1741],[5312],[7.0],[11.0],True,False
[1742],[5836],[14.0],[28.0],True,False
[1743],[3233 6252 6438 6549],[25.0],[11.0 20.0 33.0 44.0],True,False
[1744],[5233 8954 9405],[36.0],[8.0 16.0 41.0],True,False
[1745],[3584 5383],[16.0],[30.0 37.0],False,False
[1746],[5768 6516],[17.0],[22.0 28.0],True,False
[1747],[5564],[11.0],[39.0],True,False
[1748],[3640],[27.0],[50.0],True,False
[1749],[2099 4096 4475 6103],[13.0],[11.0 16.0 25.0 35.0],False,False
[1750],[5001 5109],[14.0],[19.0 22.0],True,False
[1751],[1174 2372 3856 5534 6502 7508 7730],[23.0],[15.0 17.0 26.0 32.0 39.0 42.0],True,False
[1752],[5646],[8.0],[14.0],True,False
[1753],[4231 4236 5026 6800 7472 7938],[21.0],[7.0 14.0 15.0 18.0 29.0 32.0],True,False
[1754],[4071 5994],[5.0],[15.0 37.0],True,False
[1755],[1013 2740 2858 3009 3570],[22.0],[12.0 25.0 38.0 39.0 78.0],True,False
[1756],[4441 5743],[4.0],[6.0 38.0],True,False
[1757],[5440],[7.0],[11.0],True,False
[1758],[3252],[9.0],[61.0],True,False
[1759],[5386],[9.0],[17.0],True,False
[1760],[5022],[13.0],[24.0],True,False
[1761],[163 696 2741 3166 6742 6743],[6.0],[4.0 6.0 14.0 34.0 47.0],True,False
[1762],[298 4644 5924 6209],[22.0],[10.0 15.0 29.0 40.0],True,False
[1763],[2512 3616],[18.0],[32.0 41.0],True,False
[1764],[4771 5106 7009],[29.0],[32.0 41.0 45.0],False,False
[1765],[4038 5568 5860 6319 6465 9262],[38.0],[7.0 9.0 28.0 36.0 47.0],True,False
[1766],[5208 6172 6631 7024 7535],[26.0],[6.0 11.0 21.0 26.0 48.0],True,False
[1767],[6567 6670 6693],[37.0],[5.0 27.0 39.0],False,False
[1768],[1305],[13.0],[51.0],True,False
[1769],[3500],[18.0],[49.0],True,False
[1770],[5971 8011 8570],[31.0],[23.0 25.0 33.0],True,False
[1771],[826 5509 5514 6858 7171],[25.0],[8.0 12.0 31.0 48.0 51.0],True,False
[1772],[4446 6052 6608],[16.0],[4.0 8.0 41.0],True,False
[1773],[4934 6338 7782],[38.0],[14.0 16.0 38.0],True,False
[1774],[4803 5806 6536],[15.0],[18.0 38.0 45.0],True,False
[1775],[2632 5863 6116],[17.0],[12.0 13.0 26.0],False,False
[1776],[5079 5778],[16.0],[19.0 31.0],True,False
[1777],[4553],[6.0],[16.0],True,False
[1778],[397 3181 4128 6854],[12.0],[24.0 26.0 32.0 57.0],True,False
[1779],[9556],[11.0],[15.0],True,False
[1780],[3947],[17.0],[33.0],True,False
[1781],[4265],[25.0],[37.0],True,False
[1782],[6432],[23.0],[34.0],True,False
[1783],[3921 5796 6555],[14.0],[9.0 13.0 44.0],False,False
[1784],[1487],[35.0],[66.0],True,False
[1785],[2279 3784 6167],[4.0],[9.0 21.0 22.0],True,False
[1786],[3381 6239 6445 6446 6928],[8.0],[8.0 9.0 14.0 16.0],True,False
[1787],[4533 4938 5471 5482 6597],[18.0],[9.0 32.0 43.0 50.0],True,False
[1788],[6197 6198],[11.0],[15.0 23.0],False,False
[1789],[4477 6551],[37.0],[13.0 42.0],True,False
[1790],[1432 4900],[16.0],[37.0 43.0],True,False
[1791],[6259 6505 6854 7189],[27.0],[7.0 10.0 14.0 24.0],True,False
[1792],[1977 4376 7188 7538 7643 9473],[38.0],[6.0 7.0 18.0 26.0 37.0 56.0],True,False
[1793],[3879 4365 6527 8232],[22.0],[17.0 27.0 31.0],True,False
[1794],[8926 8936],[24.0],[12.0 23.0],True,False
[1795],[6458],[8.0],[10.0],True,False
[1796],[2321 2632 2872 3153 7058 7126 9197],[34.0],[13.0 18.0 26.0 27.0 45.0 57.0 60.0],True,False
[1797],[3653],[18.0],[46.0],True,False
[1798],[6516 7172],[11.0],[10.0 22.0],True,False
[1799],[5404],[8.0],[16.0],True,False
[1800],[6213 6359],[14.0],[11.0 12.0],True,False
[1801],[1633 8719 9828],[48.0],[11.0 26.0 72.0],True,False
[1802],[972 1077 3501 4743 6747],[24.0],[24.0 27.0 35.0 56.0 63.0],True,False
[1803],[6501],[6.0],[24.0],True,False
[1804],[4509],[7.0],[17.0],True,False
[1805],[4610 5834 5835 5840],[14.0],[15.0 21.0 27.0 31.0],False,False
[1806],[4016 4498 5670 5674 6670 8188],[29.0],[4.0 16.0 23.0 24.0 39.0 52.0],True,False
[1807],[5500],[7.0],[14.0],True,False
[1808],[5524],[11.0],[17.0],True,False
[1809],[3516 4922 6148],[4.0],[8.0 13.0 29.0],True,False
[1810],[4413 5686 6574 7409],[29.0],[12.0 16.0 25.0 32.0],True,False
[1811],[6561],[17.0],[33.0],True,False
[1812],[5089],[4.0],[24.0],True,False
[1813],[4950 7403],[16.0],[7.0 23.0],False,False
[1814],[1615],[14.0],[59.0],True,False
[1815],[4752 5183 5184 7781 7978 9023 9299],[41.0],[6.0 7.0 11.0 14.0 20.0 32.0 34.0],True,False
[1816],[5674 6080],[48.0],[23.0 50.0],True,False
[1817],[6402],[15.0],[29.0],True,False
[1818],[2741 2940 4197 5492],[18.0],[37.0 38.0 47.0 48.0],False,False
[1819],[4066 5425 5435 5678 6904 7036 7533],[12.0],[8.0 12.0 13.0 15.0 16.0 24.0 31.0],True,False
[1820],[1446 5396 5617 6330 6528 6530 6863 7075],[10.0],[5.0 6.0 7.0 9.0 10.0 12.0 32.0 36.0],False,False
[1821],[7059],[4.0],[9.0],True,False
[1822],[3012 5229],[26.0],[32.0 55.0],True,False
[1823],[1206],[39.0],[81.0],True,False
[1824],[4774 5067],[8.0],[25.0 36.0],True,False
[1825],[2617],[5.0],[25.0],True,False
[1826],[3794 7039 7049 7839 8116 8366 8992 9385 9850],[32.0],[10.0 11.0 12.0 16.0 17.0 20.0 25.0 37.0],True,False
[1827],[6191 7751],[18.0],[6.0 23.0],True,False
[1828],[6157 6243 6492 6573],[9.0],[4.0 6.0 15.0 33.0],True,False
[1829],[4707 4995],[10.0],[16.0 51.0],True,False
[1830],[3473 9591],[36.0],[13.0 63.0],True,False
[1831],[6350 6561 7044],[28.0],[14.0 33.0 39.0],True,False
[1832],[3404],[5.0],[18.0],True,False
[1833],[4631 7581 7625],[16.0],[16.0 45.0],True,False
[1834],[4151 5566 5745 7479 7763],[15.0],[6.0 15.0 18.0 20.0 26.0],True,False
[1835],[2288],[6.0],[50.0],True,False
[1836],[6687],[6.0],[15.0],True,False
[1837],[38],[6.0],[52.0],True,False
[1838],[7272 7441 8734],[5.0],[9.0 10.0 23.0],True,False
[1839],[7448 7476 7941],[9.0],[8.0 14.0 30.0],False,False
[1840],[2893],[6.0],[27.0],True,False
[1841],[1322 1896 6283 7002 7182 7241],[14.0],[6.0 7.0 10.0 22.0 31.0 35.0],True,False
[1842],[2040 3567 4938],[47.0],[42.0 50.0 74.0],True,False
[1843],[576 2552 7385],[24.0],[30.0 45.0 54.0],True,False
[1844],[5331],[4.0],[33.0],True,False
[1845],[9541 9544],[7.0],[9.0 13.0],True,False
[1846],[5853],[9.0],[20.0],True,False
[1847],[2615 2790 4139 4332 4875 4878 5291 9118 9930 10029 10168],[37.0],[4.0 5.0 8.0 10.0 19.0 26.0 35.0 36.0 37.0 42.0 47.0],True,False
[1848],[1425 3987],[22.0],[42.0 63.0],True,False
[1849],[4767 5001 5834 6930 6937],[23.0],[9.0 17.0 19.0 31.0 46.0],True,False
[1850],[6157 6243 6573 7095],[6.0],[6.0 15.0 33.0],True,False
[1851],[4555],[26.0],[36.0],True,False
[1852],[6055 6503 7254],[22.0],[8.0 14.0],True,False
[1853],[4181 7083],[9.0],[17.0 22.0],True,False
[1854],[2834 5493 6195 6416],[10.0],[7.0 19.0 20.0 37.0],True,False
[1855],[5855 6156 6404 6490 7161],[28.0],[7.0 10.0 14.0 22.0 39.0],True,False
[1856],[6577],[11.0],[17.0],True,False
[1857],[5965 6914],[6.0],[5.0 17.0],True,False
[1858],[1124],[6.0],[41.0],True,False
[1859],[5063 5723 6054 6678],[17.0],[12.0 15.0 23.0 36.0],False,False
[1860],[5280 5535 6635],[5.0],[11.0 14.0 17.0],True,False
[1861],[1155 6077 7728],[19.0],[9.0 29.0 56.0],True,False
[1862],[3323],[6.0],[42.0],True,False
[1863],[4636 6391 7091],[47.0],[16.0 22.0 42.0],True,False
[1864],[6051],[6.0],[18.0],True,False
[1865],[2379 5384],[16.0],[29.0 54.0],False,False
[1866],[3309 4552 6453 6454 7438 7934],[24.0],[6.0 8.0 20.0 24.0 29.0 51.0],True,False
[1867],[2946 3111 4808],[5.0],[15.0 19.0 29.0],False,False
[1868],[8178 9580],[11.0],[8.0 29.0],True,False
[1869],[4545 7208 7311],[16.0],[19.0 28.0 29.0],False,False
[1870],[6713],[11.0],[20.0],True,False
[1871],[1684 2615 3149 4688 4875 6993 10168],[46.0],[5.0 15.0 16.0 28.0 40.0 42.0 47.0],False,False
[1872],[2975 3972],[8.0],[14.0 58.0],False,False
[1873],[5602 6190 6613],[7.0],[7.0 11.0 29.0],True,False
[1874],[3657 6804 6895 7145],[24.0],[14.0 17.0 37.0],True,False
[1875],[6318 7609 7693],[30.0],[18.0 22.0 25.0],True,False
[1876],[2572 5591 5729 6716 7299],[10.0],[4.0 10.0 17.0 22.0 55.0],False,False
[1877],[6580],[24.0],[25.0],True,False
[1878],[2728 5569 5938 8213 8420],[46.0],[18.0 23.0 49.0],True,False
[1879],[6650 7124],[9.0],[18.0 29.0],True,False
[1880],[3881],[24.0],[48.0],True,False
[1881],[6745],[10.0],[10.0],True,True
[1882],[2632 3023 4864 6995 7126 7127 7459 7834 9360 10262],[46.0],[7.0 8.0 13.0 20.0 23.0 26.0 27.0 28.0 35.0],True,False
[1883],[3723],[16.0],[54.0],True,False
[1884],[5383 5620 6229],[37.0],[12.0 30.0 40.0],True,False
[1885],[3012 7228],[28.0],[21.0 55.0],True,False
[1886],[1828 5433],[18.0],[24.0 63.0],True,False
[1887],[2552 4376 7082 7556 7939 8052 8243 8984 9227],[40.0],[8.0 14.0 16.0 22.0 25.0 29.0 37.0 45.0],False,False
[1888],[6172 6523 7024 7675 8773 9346],[46.0],[8.0 10.0 11.0 17.0 25.0 48.0],False,False
[1889],[6342],[5.0],[13.0],True,False
[1890],[4431 5708],[11.0],[25.0 51.0],True,False
[1891],[2358 4610 6937],[9.0],[15.0 17.0 45.0],True,False
[1892],[1435 6979],[30.0],[30.0 45.0],True,False
[1893],[1592 7533 8193],[37.0],[21.0 24.0 51.0],False,False
[1894],[1600 4791 7092 9345],[45.0],[10.0 26.0 42.0 46.0],True,False
[1895],[8539],[5.0],[7.0],True,False
[1896],[4797],[12.0],[35.0],True,False
[1897],[6790],[9.0],[10.0],True,False
[1898],[4511 6996 8059 8061 8101 8502 9548 9957 10192],[45.0],[4.0 6.0 12.0 13.0 16.0 29.0 30.0],True,False
[1899],[1600 5847 6960 7214 7422 8229],[28.0],[4.0 14.0 21.0 22.0 32.0 46.0],True,False
[1900],[2942],[17.0],[58.0],False,False
[1901],[6052 7318],[25.0],[9.0 41.0],True,False
[1902],[5966],[7.0],[23.0],True,False
[1903],[549],[7.0],[49.0],True,False
[1904],[2788 6349 7689 8293 8641 9407 10275 10746],[45.0],[5.0 6.0 8.0 9.0 15.0 18.0 22.0 40.0],True,False
[1905],[3572],[21.0],[52.0],True,False
[1906],[598 1062],[44.0],[48.0 70.0],True,False
[1907],[9168 9995],[9.0],[7.0 12.0],True,False
[1908],[6670 6818 7069],[17.0],[6.0 15.0 39.0],False,False
[1909],[2790 4139 5298 6646 8662],[45.0],[11.0 13.0 18.0 36.0 37.0],True,False
[1910],[4032 6635],[7.0],[17.0 33.0],True,False
[1911],[5602 6190],[18.0],[11.0 29.0],False,False
[1912],[837 5768 6957 8454],[32.0],[14.0 26.0 28.0 65.0],True,False
[1913],[1638],[17.0],[69.0],True,False
[1914],[1977 3087 4885 6868 7082 7250 7556 7829 8052 8365 8799 8978 9687],[37.0],[8.0 9.0 14.0 22.0 25.0 26.0 46.0 56.0],True,False
[1915],[5948],[44.0],[47.0],True,False
[1916],[3404 3828],[4.0],[18.0 56.0],True,False
[1917],[3349 5819 6717 6905],[10.0],[11.0 17.0 45.0],False,False
[1918],[3782 5606],[21.0],[28.0 35.0],True,False
[1919],[6848],[26.0],[42.0],True,False
[1920],[7039 7839 8116],[5.0],[12.0 17.0 20.0],True,False
[1921],[4421 4503 4707 4996 6831],[9.0],[15.0 16.0 17.0 32.0 34.0],True,False
[1922],[6922],[8.0],[19.0],True,False
[1923],[5739 6359 6800],[13.0],[12.0 14.0 22.0],True,False
[1924],[162 7832 8241 9383 9564],[44.0],[15.0 23.0 27.0 65.0],True,False
[1925],[6269],[4.0],[11.0],True,False
[1926],[4105 6960 7217],[26.0],[11.0 22.0 48.0],True,False
[1927],[6039 6905 7653],[34.0],[12.0 17.0 22.0],True,False
[1928],[3181 6854],[8.0],[24.0 26.0],True,False
[1929],[5384 6510],[24.0],[10.0 29.0],True,False
[1930],[6447],[9.0],[15.0],True,False
[1931],[4525 6219 6786],[11.0],[13.0 15.0 26.0],True,False
[1932],[3405 4539],[21.0],[24.0 48.0],True,False
[1933],[3989 5122],[6.0],[25.0 43.0],False,False
[1934],[3572 5336 7098 7101],[9.0],[4.0 43.0 52.0],True,False
[1935],[6486 7723],[15.0],[18.0 19.0],True,False
[1936],[6931],[4.0],[7.0],True,False
[1937],[5409],[10.0],[27.0],True,False
[1938],[4062 5397],[6.0],[22.0 40.0],True,False
[1939],[5395 5903 6970 8141],[15.0],[9.0 13.0 18.0 29.0],True,False
[1940],[3374 4944 5434 6398 7999],[31.0],[15.0 19.0 33.0 34.0],True,False
[1941],[5540],[10.0],[24.0],True,False
[1942],[5055 6246 6321 6781 7518],[19.0],[11.0 14.0 19.0 29.0 35.0],False,False
[1943],[6579 6620 6635],[15.0],[5.0 17.0 18.0],False,False
[1944],[3982 5450 5686 5690 7710 7920],[31.0],[16.0 17.0 22.0 25.0 27.0],True,False
[1945],[4106 6231 7027 7895 8231 8899],[24.0],[6.0 14.0 17.0 26.0 32.0],True,False
[1946],[6650 6791 7286 7287 7501 8416 8686],[44.0],[11.0 14.0 16.0 18.0 20.0 24.0 29.0],False,False
[1947],[444],[15.0],[57.0],True,False
[1948],[298 5315 6970],[12.0],[16.0 18.0 40.0],True,False
[1949],[2039],[15.0],[75.0],True,False
[1950],[5545 5683 7074],[14.0],[6.0 33.0 41.0],False,False
[1951],[1155 6077 7322],[11.0],[12.0 29.0 56.0],True,False
[1952],[5217],[11.0],[22.0],True,False
[1953],[2966 3591 7263],[13.0],[7.0 26.0 29.0],True,False
[1954],[5898 6688 6966 7245 7367],[11.0],[5.0 7.0 8.0 9.0 16.0],True,False
[1955],[6454],[5.0],[20.0],True,False
[1956],[6852],[4.0],[8.0],True,False
[1957],[6998],[6.0],[9.0],True,False
[1958],[5981 7754],[6.0],[4.0 18.0],True,False
[1959],[5699],[19.0],[43.0],True,False
[1960],[4421 4996 5659 6582 7003],[7.0],[4.0 6.0 7.0 17.0 32.0],True,False
[1961],[7012],[14.0],[36.0],True,False
[1962],[6995 7126 7459 7834 8713],[38.0],[20.0 22.0 23.0 27.0 35.0],True,False
[1963],[5981],[5.0],[18.0],True,False
[1964],[5401 5971 6848 8011],[43.0],[23.0 25.0 33.0 42.0],True,False
[1965],[6461],[8.0],[15.0],True,False
[1966],[6185],[21.0],[23.0],True,False
[1967],[6198],[5.0],[15.0],True,False
[1968],[6381 6596 7099 7782 9689],[34.0],[6.0 11.0 16.0 33.0],True,False
[1969],[6005 6444 8085],[26.0],[12.0 17.0 34.0],True,False
[1970],[1687 4038 6374 6775 6892 7130 8247 8497 8501],[24.0],[4.0 5.0 6.0 9.0 14.0 16.0 47.0 68.0],False,False
[1971],[2040],[16.0],[42.0],True,False
[1972],[6992],[4.0],[10.0],True,False
[1973],[4228 5383 6566 7238 8458],[31.0],[9.0 12.0 21.0 23.0 30.0],True,False
[1974],[5482],[17.0],[43.0],False,False
[1975],[6781 6980],[13.0],[7.0 14.0],False,False
[1976],[1250 2940],[9.0],[48.0 55.0],True,False
[1977],[4602 5563 6440 7306 7421 7531 7687 7804],[23.0],[4.0 7.0 10.0 17.0 20.0 31.0 33.0],False,False
[1978],[2632 3153 4339 6120 7109 7126 8359],[17.0],[4.0 10.0 19.0 26.0 27.0 35.0 60.0],False,False
[1979],[6614 6962 7174 7455],[8.0],[10.0 15.0 22.0],True,False
[1980],[6449 6650 6883 6884 7125],[11.0],[17.0 18.0 21.0 24.0 29.0],True,False
[1981],[1002 6124 8111],[26.0],[7.0 28.0 57.0],True,False
[1982],[4322 4441 5093 5427 5907 6725],[15.0],[9.0 18.0 28.0 38.0 40.0],True,False
[1983],[6155 7217 7677],[9.0],[6.0 11.0 21.0],False,False
[1984],[2872 3153],[15.0],[57.0 60.0],True,False
[1985],[397 5894 6587 6736 7022 7253],[22.0],[5.0 6.0 8.0 22.0 57.0],False,False
[1986],[4929],[6.0],[41.0],True,False
[1987],[4766],[8.0],[24.0],True,False
[1988],[8791],[14.0],[23.0],True,False
[1989],[6710 6894 9599],[33.0],[12.0 23.0 25.0],True,False
[1990],[7218 8069],[15.0],[4.0 20.0],True,False
[1991],[5644 7094],[36.0],[30.0 39.0],True,False
[1992],[2021 4011],[25.0],[39.0 64.0],True,False
[1993],[5779 6847 7351 7509],[17.0],[17.0 19.0 21.0 23.0],True,False
[1994],[2572],[18.0],[55.0],True,False
[1995],[5577],[14.0],[20.0],True,False
[1996],[4620],[5.0],[18.0],True,False
[1997],[4643 4914 4950 5789],[36.0],[18.0 23.0 31.0 39.0],True,False
[1998],[7405 8428],[17.0],[17.0 21.0],True,False
[1999],[619],[12.0],[47.0],True,False
[2000],[6391 7090 7091],[16.0],[8.0 22.0 42.0],True,False
[2001],[2491],[15.0],[44.0],True,False
[2002],[6706],[17.0],[22.0],True,False
[2003],[5509 9168],[41.0],[12.0 48.0],True,False
[2004],[3616 6888 7277 7293 7581 7644 7694 7856 8061 8103 8503 8505],[34.0],[5.0 7.0 9.0 10.0 15.0 16.0 18.0 23.0 30.0 32.0],False,False
[2005],[6261 7783],[15.0],[13.0 18.0],True,False
[2006],[6005 6444 7500],[12.0],[11.0 17.0 34.0],True,False
[2007],[3616 4727 5116 7141 7143 7277 7869],[8.0],[5.0 7.0 10.0 22.0 24.0 32.0],False,False
[2008],[7088],[7.0],[10.0],True,False
[2009],[2632 2872 3153 6116 6884 6995],[26.0],[13.0 17.0 26.0 35.0 57.0 60.0],True,False
[2010],[5972],[15.0],[23.0],True,False
[2011],[6687 6788 7244 7427],[8.0],[5.0 12.0 15.0 21.0],True,False
[2012],[6342 7626],[10.0],[10.0 13.0],True,False
[2013],[5779 5843 7508 7509 9708],[41.0],[9.0 17.0 21.0 23.0 32.0],False,False
[2014],[4710 7326 7477 7948],[30.0],[13.0 16.0 19.0 33.0],True,False
[2015],[4089],[5.0],[31.0],True,False
[2016],[3483 6197 6504 7433],[13.0],[9.0 23.0 43.0],False,False
[2017],[10084],[6.0],[6.0],True,True
[2018],[6352],[6.0],[22.0],True,False
[2019],[6983],[11.0],[19.0],True,False
[2020],[7226],[12.0],[21.0],True,False
[2021],[7225],[5.0],[10.0],True,False
[2022],[3879 4400 5203 5519 6296],[14.0],[18.0 26.0 27.0 29.0 40.0],True,False
[2023],[8875 8955 9789],[9.0],[7.0 14.0],False,False
[2024],[7654],[21.0],[30.0],True,False
[2025],[1158 3865 6753],[15.0],[4.0 30.0 58.0],True,False
[2026],[6638 7117],[9.0],[9.0 14.0],True,False
[2027],[6782],[5.0],[12.0],True,False
[2028],[152 7350 7512],[15.0],[6.0 21.0 81.0],True,False
[2029],[3516],[11.0],[29.0],True,False
[2030],[278 4825 5768 6850 7748 8771 9498 10108],[40.0],[8.0 13.0 17.0 27.0 28.0 45.0 55.0],True,False
[2031],[3909],[8.0],[37.0],True,False
[2032],[3874 8023],[10.0],[16.0 30.0],True,False
[2033],[2552 4376],[4.0],[37.0 45.0],True,False
[2034],[4039 5497 5511],[5.0],[12.0 21.0 37.0],True,False
[2035],[4228 6513 7240 7335],[9.0],[7.0 9.0 21.0 35.0],False,False
[2036],[5775 7257],[37.0],[7.0 41.0],True,False
[2037],[1814 2975],[5.0],[54.0 58.0],True,False
[2038],[6279 7339],[5.0],[11.0 14.0],True,False
[2039],[2914 3782],[11.0],[22.0 28.0],True,False
[2040],[4499 5705 6380 7926],[11.0],[17.0 21.0 23.0 24.0],False,False
[2041],[5977 9480],[40.0],[15.0 48.0],True,False
[2042],[1182 1433 2490 6146 7511 7724 8447 9624 10051],[40.0],[6.0 8.0 9.0 14.0 25.0 39.0 78.0],False,False
[2043],[4076 4732 5691 7271],[4.0],[13.0 24.0 30.0 33.0],False,False
[2044],[3383],[5.0],[39.0],True,False
[2045],[7031],[13.0],[31.0],True,False
[2046],[1687 5914 8247],[22.0],[16.0 23.0 68.0],True,False
[2047],[5986],[15.0],[37.0],True,False
[2048],[4128],[10.0],[32.0],True,False
[2049],[2039 4321 5088 7877 8250 9129 9821],[33.0],[13.0 14.0 15.0 18.0 23.0 38.0 75.0],True,False
[2050],[1419 4565 5079],[21.0],[25.0 31.0 51.0],True,False
[2051],[1814],[9.0],[54.0],True,False
[2052],[520 5158 5941 7793],[36.0],[23.0 31.0 34.0 63.0],True,False
[2053],[5327],[6.0],[27.0],True,False
[2054],[6668],[9.0],[18.0],True,False
[2055],[7268],[6.0],[12.0],True,False
[2056],[6051 6565],[11.0],[18.0 34.0],True,False
[2057],[7452],[21.0],[21.0],True,True
[2058],[4586 7070],[17.0],[22.0 37.0],True,False
[2059],[3915 6710 6894],[18.0],[23.0 25.0 28.0],True,False
[2060],[4885 6385 7609 7939],[9.0],[18.0 21.0 26.0 29.0],True,False
[2061],[3809 7520 7615 9218 9609],[39.0],[5.0 6.0 16.0 31.0 33.0],True,False
[2062],[5351 6218 6741 7520 7565 8543],[39.0],[6.0 10.0 19.0 20.0 29.0 39.0],False,False
[2063],[51 4532 5914 7290 7943 8041 8256 8556 8665 8875 9674],[39.0],[4.0 7.0 8.0 9.0 11.0 14.0 17.0 23.0 26.0 35.0],False,False
[2064],[8891 9362],[17.0],[13.0 17.0],True,False
[2065],[7392],[11.0],[29.0],True,False
[2066],[4643 5093 5427 7407 7968 8480],[14.0],[6.0 9.0 14.0 18.0 28.0 38.0],True,False
[2067],[7443],[5.0],[5.0],True,True
[2068],[6778 7292 8713],[39.0],[21.0 22.0 29.0],True,False
[2069],[7471],[10.0],[28.0],True,False
[2070],[440 5038 5501 7636],[18.0],[16.0 22.0 31.0 34.0],True,False
[2071],[4774 5068],[37.0],[25.0 46.0],True,False
[2072],[5042 6246 6321 7518 7830 9116],[28.0],[9.0 11.0 19.0 26.0 35.0 38.0],False,False
[2073],[7521],[26.0],[31.0],True,False
[2074],[4413 5180 6114 6253 6376 7108 7117 8083],[20.0],[5.0 14.0 16.0 17.0 20.0 23.0 31.0 32.0],True,False
[2075],[1170 1433 7724],[8.0],[8.0 39.0 56.0],False,False
[2076],[7309],[5.0],[11.0],True,False
[2077],[4950 7149],[14.0],[16.0 23.0],True,False
[2078],[2941],[13.0],[54.0],True,False
[2079],[4492 6038 6490 7161 8829],[18.0],[6.0 22.0 30.0 32.0 39.0],True,False
[2080],[6114 8083 8778],[20.0],[9.0 17.0 20.0],True,False
[2081],[6466],[4.0],[17.0],True,False
[2082],[7580],[30.0],[33.0],True,False
[2083],[6888],[8.0],[18.0],True,False
[2084],[8521 8580 9241 9557],[12.0],[6.0 11.0 12.0 22.0],True,False
[2085],[6808 7412],[7.0],[4.0 11.0],True,False
[2086],[3307 3483 6197 7081],[4.0],[10.0 23.0 36.0 43.0],True,False
[2087],[4322 5093 5427],[13.0],[28.0 38.0 40.0],False,False
[2088],[1399 3339 6575 7685 8898],[38.0],[14.0 19.0 20.0 28.0 74.0],True,False
[2089],[5645],[4.0],[15.0],True,False
[2090],[6971 8235],[31.0],[21.0 27.0],True,False
[2091],[717 4869 6468 7139 7658 8971 9047 9215],[22.0],[5.0 10.0 15.0 16.0 18.0 26.0 29.0 65.0],True,False
[2092],[7491],[6.0],[9.0],True,False
[2093],[6276],[7.0],[13.0],True,False
[2094],[7012],[17.0],[36.0],True,False
[2095],[3967 7242],[5.0],[9.0 16.0],False,False
[2096],[5442 6126 7646 8360],[19.0],[7.0 14.0 23.0 26.0],True,False
[2097],[7551],[11.0],[22.0],True,False
[2098],[3446 7415 7416 8151],[18.0],[8.0 13.0 20.0 42.0],True,False
[2099],[6485],[34.0],[39.0],True,False
[2100],[5534 6502 6763 9322 9323],[23.0],[6.0 10.0 15.0 19.0 26.0],True,False
[2101],[10671],[6.0],[6.0],True,True
[2102],[4339 6120 7109],[14.0],[10.0 19.0 35.0],True,False
[2103],[7448 7476 8267],[37.0],[14.0 25.0 30.0],True,False
[2104],[298 5395 6845 6970 7425 7426 8369],[14.0],[6.0 8.0 11.0 12.0 18.0 29.0 40.0],True,False
[2105],[7490],[4.0],[5.0],True,False
[2106],[5987],[22.0],[31.0],True,False
[2107],[2966 6576 7011 7410],[28.0],[4.0 25.0 29.0],True,False
[2108],[3087 7082 8052 8157],[18.0],[8.0 22.0 25.0 46.0],True,False
[2109],[5740 8374],[15.0],[24.0 29.0],True,False
[2110],[4603 8273],[10.0],[6.0 19.0],True,False
[2111],[6356 6534 6697 7277 7697 7857],[12.0],[4.0 5.0 6.0 9.0 12.0],False,False
[2112],[7595],[7.0],[22.0],True,False
[2113],[2372 5401 6502],[8.0],[15.0 25.0 39.0],True,False
[2114],[5142],[14.0],[29.0],True,False
[2115],[9087],[6.0],[17.0],True,False
[2116],[5898 6834 7675 8588 8589],[13.0],[4.0 8.0 16.0 25.0],True,False
[2117],[412],[6.0],[67.0],True,False
[2118],[5332 5938 8217],[16.0],[8.0 23.0 34.0],True,False
[2119],[6363],[7.0],[35.0],True,False
[2120],[5042 7721],[29.0],[15.0 38.0],True,False
[2121],[6536 7213],[23.0],[34.0 38.0],True,False
[2122],[2920 2996 7895],[6.0],[17.0 28.0 42.0],True,False
[2123],[5401 5971],[5.0],[25.0 33.0],True,False
[2124],[6750 7239 7360],[17.0],[10.0 13.0 24.0],True,False
[2125],[5133 7432],[9.0],[4.0 29.0],True,False
[2126],[6713],[10.0],[20.0],True,False
[2127],[3953 7546 7887 8336 8864 9169],[24.0],[6.0 7.0 17.0 19.0 50.0],True,False
[2128],[7267 8791],[15.0],[13.0 23.0],True,False
[2129],[7259 8078 8754],[17.0],[4.0 13.0 19.0],True,False
[2130],[1439 7043],[16.0],[23.0 34.0],True,False
[2131],[7030 8023],[16.0],[10.0 16.0],True,False
[2132],[575 4539 6447 6702 6928 7531],[8.0],[4.0 8.0 10.0 15.0 24.0 54.0],True,False
[2133],[7512],[11.0],[21.0],False,False
[2134],[1633 7032 7047 8719],[36.0],[16.0 17.0 26.0 72.0],True,False
[2135],[3383],[6.0],[39.0],True,False
[2136],[5298 6646],[4.0],[11.0 18.0],True,False
[2137],[5686 6277 6831 7710],[28.0],[16.0 27.0 34.0 35.0],False,False
[2138],[7251 7609 7652],[36.0],[12.0 18.0 37.0],False,False
[2139],[5928],[6.0],[15.0],True,False
[2140],[10052],[13.0],[13.0],True,True
[2141],[6523 7427 7664],[18.0],[17.0 21.0 26.0],True,False
[2142],[2326 3989 6877 8801 9108],[30.0],[9.0 16.0 17.0 43.0],True,False
[2143],[7511],[23.0],[25.0],True,False
[2144],[3087 7082 7556 8157],[8.0],[8.0 14.0 22.0 46.0],True,False
[2145],[7333],[8.0],[25.0],True,False
[2146],[3309 5282],[15.0],[33.0 51.0],True,False
[2147],[3323 7227],[11.0],[5.0 42.0],True,False
[2148],[4272],[10.0],[25.0],True,False
[2149],[5171 7450 9319],[31.0],[13.0 28.0 46.0],True,False
[2150],[7201 8484],[12.0],[9.0 17.0],True,False
[2151],[6584 9384],[29.0],[11.0 26.0],True,False
[2152],[4114 5042 7721],[20.0],[15.0 38.0 55.0],True,False
[2153],[7015],[28.0],[38.0],True,False
[2154],[3593 7044 7110],[12.0],[14.0 21.0 50.0],False,False
[2155],[3989 6562 7898 8355 9117],[34.0],[4.0 5.0 20.0 24.0 43.0],False,False
[2156],[7618 8319],[20.0],[11.0 27.0],True,False
[2157],[4839],[8.0],[33.0],True,False
[2158],[3017 7392 8272 8642],[22.0],[4.0 18.0 29.0 47.0],True,False
[2159],[4431],[26.0],[51.0],True,False
[2160],[5797 8370 9423],[8.0],[8.0 10.0 28.0],True,False
[2161],[1155],[5.0],[56.0],True,False
[2162],[6772],[17.0],[23.0],False,False
[2163],[6786],[9.0],[26.0],True,False
[2164],[3349],[19.0],[45.0],True,False
[2165],[3908 4544 9224 9712],[35.0],[10.0 13.0 30.0 37.0],True,False
[2166],[7236],[5.0],[10.0],True,False
[2167],[6761],[7.0],[12.0],True,False
[2168],[4421 6278 7935],[6.0],[12.0 20.0 32.0],True,False
[2169],[6649 8041],[20.0],[26.0 40.0],True,False
[2170],[4441],[8.0],[38.0],True,False
[2171],[4556],[6.0],[37.0],True,False
[2172],[4287],[4.0],[19.0],True,False
[2173],[3555 8271],[35.0],[26.0 32.0],True,False
[2174],[7361 7911 8456 9719 9820 9822 10416 10721],[32.0],[5.0 6.0 7.0 16.0 22.0 27.0],True,False
[2175],[5336 7056 8556],[13.0],[11.0 14.0 43.0],True,False
[2176],[7639],[6.0],[12.0],True,False
[2177],[4322 4643 5093 5427 5907 7982],[15.0],[16.0 18.0 28.0 38.0 40.0],True,False
[2178],[2437 4400 6676 9243],[18.0],[6.0 26.0 36.0 43.0],False,False
[2179],[3896 4383 8638],[28.0],[14.0 31.0 57.0],True,False
[2180],[6352 9020],[34.0],[22.0],True,False
[2181],[7660],[16.0],[19.0],True,False
[2182],[7891],[6.0],[11.0],True,False
[2183],[6640 6797 7391 7599],[9.0],[8.0 10.0 11.0 17.0],True,False
[2184],[7458 8250 8447 8565],[18.0],[11.0 13.0 14.0 18.0],True,False
[2185],[3982 5450 5690 7920],[7.0],[16.0 17.0 22.0 25.0],True,False
[2186],[5889 7911],[8.0],[20.0 22.0],True,False
[2187],[5986 6447 6928 7530],[25.0],[8.0 15.0 24.0 37.0],False,False
[2188],[7824 7832],[15.0],[15.0 27.0],True,False
[2189],[7793],[13.0],[31.0],True,False
[2190],[5324 6103],[5.0],[16.0 22.0],True,False
[2191],[6501],[8.0],[24.0],True,False
[2192],[2271 8686],[33.0],[14.0 70.0],True,False
[2193],[6013 6478 8241],[18.0],[17.0 23.0 26.0],True,False
[2194],[7608 7687 7764 8381],[10.0],[10.0 13.0 19.0 21.0],True,False
[2195],[6195],[8.0],[19.0],True,False
[2196],[6398 6567],[21.0],[27.0 33.0],True,False
[2197],[2273 8617 9219 9397],[25.0],[15.0 17.0 19.0 50.0],False,False
[2198],[6748],[25.0],[40.0],True,False
[2199],[5836],[5.0],[28.0],True,False
[2200],[7082 7939 8157 8876],[34.0],[8.0 22.0 23.0 29.0],False,False
[2201],[6866],[24.0],[28.0],False,False
[2202],[6669 7795],[15.0],[11.0 19.0],True,False
[2203],[7038 7413],[10.0],[10.0 14.0],True,False
[2204],[5452 6698 9913],[11.0],[6.0 28.0 42.0],False,False
[2205],[751 3953 4046 5171 5512 6226 7362 9066],[29.0],[18.0 20.0 21.0 22.0 43.0 46.0 50.0 66.0],True,False
[2206],[7167],[7.0],[12.0],True,False
[2207],[2448 7982 7999],[4.0],[15.0 16.0 26.0],False,False
[2208],[7952],[5.0],[6.0],True,False
[2209],[7776],[4.0],[6.0],True,False
[2210],[6469 7562 7589],[4.0],[6.0 12.0 14.0],True,False
[2211],[7564],[18.0],[26.0],True,False
[2212],[7579],[6.0],[8.0],True,False
[2213],[5332 6278 6373],[26.0],[20.0 34.0 36.0],True,False
[2214],[7846],[9.0],[10.0],True,False
[2215],[3185 3723],[24.0],[54.0 74.0],True,False
[2216],[3492 5520 6960],[6.0],[22.0 23.0 32.0],False,False
[2217],[8043],[9.0],[17.0],True,False
[2218],[278 837 6850 7748 8454 8672 8771],[15.0],[13.0 14.0 18.0 27.0 55.0 65.0],True,False
[2219],[5401 5843 6981 7509],[15.0],[5.0 17.0 21.0 25.0],False,False
[2220],[7808],[33.0],[34.0],True,False
[2221],[3917],[12.0],[39.0],True,False
[2222],[3556],[5.0],[26.0],True,False
[2223],[7314],[5.0],[7.0],True,False
[2224],[5797],[11.0],[28.0],True,False
[2225],[6711 7856 8061 8103 8432],[7.0],[4.0 5.0 10.0 15.0 30.0],True,False
[2226],[6504 9519 9574 9904 9990 10462 10537 10728 10729],[15.0],[4.0 5.0 7.0 8.0 9.0 10.0 43.0],True,False
[2227],[1013 2858 3009 4054 6392 7182 7241 8646 9281],[30.0],[7.0 11.0 18.0 22.0 32.0 37.0 38.0 39.0 78.0],False,False
[2228],[27 6643 7344 9281],[30.0],[18.0 22.0 25.0 59.0],True,False
[2229],[4586 7889],[9.0],[21.0 37.0],True,False
[2230],[7117 8422],[7.0],[14.0 16.0],True,False
[2231],[6057],[20.0],[30.0],True,False
[2232],[7984],[4.0],[5.0],True,False
[2233],[5495],[7.0],[24.0],True,False
[2234],[3017 6560 8080 8345 9029],[32.0],[12.0 15.0 18.0 47.0],True,False
[2235],[6430],[5.0],[28.0],True,False
[2236],[6052 6236 8140 8229 8681],[21.0],[4.0 10.0 19.0 28.0 41.0],True,False
[2237],[6363],[4.0],[35.0],False,False
[2238],[4727 5572 7468 7694 8384 8425 9694 9959 10125],[23.0],[4.0 5.0 7.0 9.0 17.0 21.0 24.0 38.0],False,False
[2239],[7608 8381 10393],[30.0],[7.0 13.0 21.0],False,False
[2240],[7832 8276 8396],[17.0],[8.0 16.0 27.0],True,False
[2241],[6962],[11.0],[22.0],True,False
[2242],[7993 8223],[20.0],[6.0 26.0],True,False
[2243],[1814 2975 5613 6209 6843],[16.0],[15.0 27.0 29.0 54.0 58.0],True,False
[2244],[7463],[13.0],[23.0],True,False
[2245],[4539 7800 8749],[29.0],[4.0 24.0 30.0],False,False
[2246],[5983 6317 7830 8307 8650 8989],[18.0],[4.0 11.0 15.0 17.0 19.0 26.0],True,False
[2247],[4886 6500 7348],[32.0],[6.0 26.0 36.0],True,False
[2248],[5775 6804],[29.0],[37.0 41.0],False,False
[2249],[6636 7289 8110 8387],[11.0],[8.0 9.0 14.0 22.0],True,False
[2250],[4311 6758 8227],[22.0],[7.0 19.0 36.0],True,False
[2251],[4498],[5.0],[24.0],True,False
[2252],[5823],[10.0],[24.0],True,False
[2253],[8092],[5.0],[18.0],True,False
[2254],[1433 7311],[9.0],[28.0 39.0],True,False
[2255],[6279 8342 8344 8392],[10.0],[8.0 14.0 16.0 17.0],True,False
[2256],[7981],[8.0],[17.0],True,False
[2257],[8690],[6.0],[20.0],True,False
[2258],[7259 7928 8754],[23.0],[13.0 17.0 19.0],True,False
[2259],[7664 9970],[31.0],[13.0 26.0],True,False
[2260],[7258 9705],[7.0],[6.0 12.0],True,False
[2261],[1684 4332 7624],[5.0],[16.0 26.0 40.0],True,False
[2262],[9584],[7.0],[12.0],True,False
[2263],[7281],[8.0],[12.0],True,False
[2264],[6899 9960 10190],[11.0],[7.0 11.0 21.0],True,False
[2265],[7983 8210],[31.0],[13.0 29.0],True,False
[2266],[2039 7350 7512 8251 9821],[30.0],[5.0 6.0 14.0 21.0 75.0],True,False
[2267],[4767 5747 7235],[9.0],[9.0 25.0 46.0],False,False
[2268],[6794 8389],[31.0],[11.0 36.0],True,False
[2269],[5409 5656 6970 7552 8239 8332],[7.0],[5.0 6.0 17.0 18.0 27.0],False,False
[2270],[8186],[8.0],[16.0],True,False
[2271],[4779],[8.0],[38.0],True,False
[2272],[8237 8238 8473],[7.0],[5.0 9.0 14.0],True,False
[2273],[1399],[18.0],[74.0],True,False
[2274],[7453],[8.0],[16.0],True,False
[2275],[7246],[15.0],[22.0],True,False
[2276],[8171 8335],[13.0],[7.0 17.0],True,False
[2277],[7636],[30.0],[34.0],True,False
[2278],[4747],[7.0],[38.0],True,False
[2279],[6553],[16.0],[28.0],True,False
[2280],[6279 8344],[8.0],[8.0 14.0],True,False
[2281],[6231 7670],[6.0],[19.0 26.0],True,False
[2282],[1014 5939 6453 9275],[22.0],[12.0 15.0 29.0 50.0],True,False
[2283],[4827 6190 6614 7172 7451 7455],[7.0],[6.0 10.0 15.0 26.0 29.0],False,False
[2284],[5324 5657],[6.0],[22.0 43.0],True,False
[2285],[4559 6654 8347],[4.0],[11.0 20.0 28.0],True,False
[2286],[3861],[6.0],[22.0],True,False
[2287],[3568 4929 7556 7939 9920],[30.0],[13.0 14.0 29.0 41.0 76.0],True,False
[2288],[5088 7106 8446],[4.0],[4.0 19.0 38.0],False,False
[2289],[7361 9090],[11.0],[17.0 27.0],True,False
[2290],[6654 7603],[5.0],[7.0 20.0],True,False
[2291],[8342],[14.0],[17.0],True,False
[2292],[5395 7425 8190 8475 8596 8818 9558],[30.0],[10.0 11.0 12.0 14.0 17.0 29.0],False,False
[2293],[8178 9035 9087],[30.0],[17.0 19.0 29.0],False,False
[2294],[7840 7937 9460],[24.0],[12.0 23.0 29.0],True,False
[2295],[4197 5492 8508 8628],[6.0],[12.0 16.0 37.0 38.0],True,False
[2296],[8059 8101],[6.0],[4.0 16.0],True,False
[2297],[4791 7212 8964 9345],[11.0],[10.0 17.0 19.0 42.0],True,False
[2298],[6591 6757 8484],[10.0],[9.0 18.0 25.0],True,False
[2299],[7684 8333],[10.0],[13.0 16.0],True,False
[2300],[3087 8243 8364],[19.0],[16.0 27.0 46.0],True,False
[2301],[3492 5520 6960 8572 8681 9633],[30.0],[12.0 19.0 22.0 23.0 28.0 32.0],False,False
[2302],[5552 5690 7920 8973],[29.0],[16.0 24.0 25.0 32.0],True,False
[2303],[152 3483 6759 7081 8047 8537 9519],[13.0],[9.0 10.0 21.0 40.0 43.0 81.0],False,False
[2304],[8315],[9.0],[11.0],True,False
[2305],[304],[14.0],[68.0],True,False
[2306],[1719 3301 7421],[26.0],[31.0 35.0 36.0],True,False
[2307],[751 4556 7087 7546 8702 9066],[16.0],[6.0 17.0 21.0 31.0 37.0 66.0],False,False
[2308],[7626 8380],[8.0],[8.0 10.0],True,False
[2309],[7830 8038 8307],[29.0],[15.0 18.0 26.0],True,False
[2310],[4215],[10.0],[46.0],True,False
[2311],[3483 6759 7081 8120 8537],[29.0],[10.0 16.0 21.0 40.0 43.0],False,False
[2312],[6159],[17.0],[31.0],True,False
[2313],[7287],[4.0],[24.0],True,False
[2314],[7404],[8.0],[24.0],True,False
[2315],[7251 7652],[11.0],[12.0 37.0],True,False
[2316],[7049 7839 8116 8366 8992],[18.0],[10.0 16.0 17.0 20.0 25.0],True,False
[2317],[7417 8166],[6.0],[4.0 12.0],True,False
[2318],[5564],[15.0],[39.0],True,False
[2319],[4996 5331 6278],[15.0],[17.0 20.0 33.0],False,False
[2320],[6591 7201 7680],[11.0],[15.0 17.0 25.0],False,False
[2321],[7347 8883],[21.0],[17.0 20.0],True,False
[2322],[5298 6646 8599],[20.0],[11.0 18.0 19.0],True,False
[2323],[5145 8435],[10.0],[17.0 42.0],False,False
[2324],[7813],[5.0],[10.0],True,False
[2325],[7704 7938],[17.0],[15.0 19.0],True,False
[2326],[7448 7476],[21.0],[14.0 30.0],True,False
[2327],[4938 9383 9564],[29.0],[15.0 50.0],True,False
[2328],[2755],[6.0],[49.0],True,False
[2329],[6490],[19.0],[39.0],True,False
[2330],[4567 6721 7877],[14.0],[11.0 15.0 37.0],False,False
[2331],[6430 7212 7379 7524 8135 8964 9180 9345],[13.0],[5.0 9.0 10.0 11.0 17.0 19.0 28.0],True,False
[2332],[5941],[5.0],[23.0],True,False
[2333],[5753],[4.0],[31.0],True,False
[2334],[6453 8310],[6.0],[9.0 29.0],True,False
[2335],[8435 8437 10671],[28.0],[6.0 17.0 27.0],False,False
[2336],[7353],[12.0],[16.0],True,False
[2337],[5145 5753 7796 8437 9043],[17.0],[12.0 22.0 27.0 31.0 42.0],True,False
[2338],[4383 7392 8272],[5.0],[18.0 29.0 57.0],True,False
[2339],[7124 7622 8416 8542],[10.0],[6.0 8.0 11.0 29.0],True,False
[2340],[8583],[9.0],[17.0],True,False
[2341],[4761 7501 9260],[21.0],[15.0 20.0 40.0],True,False
[2342],[8312 8664 9296],[17.0],[11.0 14.0 20.0],True,False
[2343],[7796 8516],[5.0],[9.0 22.0],True,False
[2344],[1684 4332 7624 8662],[6.0],[13.0 16.0 26.0 40.0],True,False
[2345],[5509],[18.0],[48.0],True,False
[2346],[7075 8231],[28.0],[14.0 32.0],True,False
[2347],[7930],[19.0],[23.0],True,False
[2348],[7884],[14.0],[17.0],True,False
[2349],[781 5078],[12.0],[36.0 61.0],True,False
[2350],[669 8499 9921],[16.0],[4.0 15.0 54.0],True,False
[2351],[7668 8522 9133],[12.0],[5.0 8.0 19.0],True,False
[2352],[8529],[26.0],[26.0],True,True
[2353],[6023 9189],[9.0],[11.0 26.0],True,False
[2354],[4217 8764 8869 9144],[25.0],[12.0 15.0 19.0 28.0],True,False
[2355],[6384],[9.0],[24.0],True,False
[2356],[7471 7625 8787],[23.0],[16.0 19.0 28.0],True,False
[2357],[5834 6279 8893],[4.0],[12.0 14.0 31.0],False,False
[2358],[7156],[28.0],[33.0],True,False
[2359],[8387 8541 8619 9851],[28.0],[9.0 10.0 15.0 23.0],True,False
[2360],[8422 8595],[6.0],[8.0 16.0],True,False
[2361],[8571],[8.0],[24.0],False,False
[2362],[5122 8653],[19.0],[23.0 25.0],True,False
[2363],[7397 8908],[9.0],[14.0 20.0],True,False
[2364],[4752 6913 7611 8741],[17.0],[5.0 13.0 17.0 32.0],True,False
[2365],[751 4556 6226 8579 8702 9991],[27.0],[6.0 10.0 13.0 22.0 37.0 66.0],True,False
[2366],[5484],[4.0],[18.0],True,False
[2367],[7078],[21.0],[28.0],True,False
[2368],[4336 6649 8041],[27.0],[24.0 26.0 40.0],True,False
[2369],[5768 7748],[11.0],[13.0 28.0],False,False
[2370],[8020 8572 8681],[4.0],[7.0 19.0 28.0],True,False
[2371],[8507],[7.0],[12.0],True,False
[2372],[777],[9.0],[73.0],True,False
[2373],[5065 5525 6495 6926],[11.0],[11.0 19.0 20.0 39.0],True,False
[2374],[6635 7103 8603 8608 8946],[18.0],[5.0 13.0 14.0 15.0 17.0],True,False
[2375],[4054 4776 6317 7007 8450],[20.0],[11.0 19.0 21.0 32.0 55.0],False,False
[2376],[7428],[27.0],[31.0],True,False
[2377],[6172 6970 7675 8239 8332 8773 8960 9346],[27.0],[5.0 8.0 10.0 11.0 18.0 25.0 48.0],False,False
[2378],[3500 3723],[18.0],[49.0 54.0],True,False
[2379],[8696],[16.0],[18.0],True,False
[2380],[6005 6927 7411 8085],[7.0],[8.0 9.0 12.0 34.0],True,False
[2381],[7355],[10.0],[17.0],True,False
[2382],[5180 6252],[19.0],[31.0 33.0],True,False
[2383],[1002 2321 6432 7497],[14.0],[21.0 34.0 45.0 57.0],True,False
[2384],[6686 7203 8232 8470],[16.0],[8.0 9.0 17.0],True,False
[2385],[7986 8519],[9.0],[4.0 14.0],True,False
[2386],[5547],[4.0],[29.0],True,False
[2387],[5068 7142 7295 8783 8792 10313],[26.0],[6.0 15.0 16.0 25.0 46.0],True,False
[2388],[8052],[18.0],[25.0],True,False
[2389],[6668],[4.0],[18.0],True,False
[2390],[6252 6349 8090 8393],[22.0],[11.0 14.0 22.0 33.0],True,False
[2391],[5467],[6.0],[29.0],True,False
[2392],[7256 8075],[13.0],[7.0 13.0],True,False
[2393],[7588 8266 8938],[8.0],[11.0 19.0],True,False
[2394],[8617 9397],[26.0],[15.0 19.0],True,False
[2395],[3225 7357 8470 9823],[17.0],[8.0 9.0 24.0 32.0],True,False
[2396],[7339 8389],[8.0],[11.0],True,False
[2397],[8364],[18.0],[27.0],True,False
[2398],[8099],[7.0],[15.0],True,False
[2399],[5426],[7.0],[32.0],True,False
[2400],[3361 8870],[8.0],[10.0 46.0],True,False
[2401],[4421 9277],[26.0],[20.0 32.0],False,False
[2402],[5771],[4.0],[29.0],True,False
[2403],[5107 8756],[7.0],[8.0 21.0],True,False
[2404],[5492 8508],[12.0],[16.0 38.0],True,False
[2405],[8803],[26.0],[26.0],True,True
[2406],[4803 7080],[16.0],[29.0 45.0],False,False
[2407],[1433 7917],[5.0],[17.0 39.0],True,False
[2408],[6132 7717 8213],[7.0],[23.0 25.0 26.0],True,False
[2409],[278 9656 10928],[22.0],[4.0 11.0 55.0],True,False
[2410],[6478 7939 8241],[7.0],[17.0 23.0 29.0],False,False
[2411],[8871],[7.0],[7.0],True,True
[2412],[7125],[11.0],[21.0],True,False
[2413],[4018 9186],[12.0],[9.0 35.0],True,False
[2414],[8406 8729 9100 10155],[20.0],[10.0 12.0 15.0 17.0],True,False
[2415],[5999 8868],[20.0],[7.0 41.0],True,False
[2416],[5840 8893 9030 9682 9756],[14.0],[4.0 6.0 11.0 12.0 21.0],False,False
[2417],[2762 7371 8042 9319],[14.0],[7.0 13.0 18.0 38.0],False,False
[2418],[8327],[21.0],[24.0],True,False
[2419],[7294],[6.0],[16.0],True,False
[2420],[7897 8508],[9.0],[16.0 21.0],True,False
[2421],[10141],[5.0],[8.0],True,False
[2422],[8621],[5.0],[18.0],True,False
[2423],[6189 8580],[14.0],[16.0 22.0],True,False
[2424],[6438],[19.0],[44.0],True,False
[2425],[6282],[9.0],[20.0],True,False
[2426],[5314],[12.0],[48.0],True,False
[2427],[4242],[25.0],[66.0],True,False
[2428],[5572 6173 7463 8844 9541 9544 10035 10619],[8.0],[5.0 9.0 13.0 18.0 23.0 38.0],False,False
[2429],[0],[18.0],[65.0],True,False
[2430],[9593],[13.0],[14.0],True,False
[2431],[2762 4374 5512],[16.0],[20.0 23.0 38.0],True,False
[2432],[4136],[9.0],[37.0],True,False
[2433],[6115],[9.0],[27.0],True,False
[2434],[6561],[4.0],[33.0],True,False
[2435],[424 7427 7957 9150],[6.0],[5.0 9.0 21.0 47.0],True,False
[2436],[7080 7311 9125],[11.0],[7.0 28.0 29.0],True,False
[2437],[7216 9558],[24.0],[17.0 28.0],True,False
[2438],[412 6501 7110 9139 9163],[5.0],[4.0 8.0 21.0 24.0 67.0],False,False
[2439],[8181 8388 9617],[9.0],[8.0 15.0 17.0],True,False
[2440],[4038 6465],[24.0],[36.0 47.0],True,False
[2441],[1600 6430 7524 8965 9568],[13.0],[6.0 7.0 9.0 28.0 46.0],True,False
[2442],[5336 9790],[20.0],[13.0 43.0],False,False
[2443],[3921 7839 8620 8839 9351 9851],[14.0],[4.0 6.0 10.0 15.0 17.0 44.0],False,False
[2444],[4421 4994 9277],[11.0],[20.0 32.0 39.0],True,False
[2445],[7664 8147],[14.0],[16.0 26.0],True,False
[2446],[6866 7347 9111 9689],[16.0],[7.0 11.0 20.0 28.0],False,False
[2447],[7939 8243 8244 8361 9383 9564 9680],[24.0],[10.0 13.0 15.0 16.0 22.0 29.0],True,False
[2448],[1304 7717 8583],[19.0],[17.0 25.0 57.0],False,False
[2449],[8966],[24.0],[24.0],True,True
[2450],[6924],[6.0],[22.0],True,False
[2451],[8571],[13.0],[24.0],True,False
[2452],[9206 9847],[4.0],[6.0 9.0],True,False
[2453],[9007],[23.0],[23.0],True,True
[2454],[1121 3012 9027],[16.0],[11.0 55.0 62.0],True,False
[2455],[8912 9101 9832],[23.0],[12.0 13.0 20.0],True,False
[2456],[5145 8435 10905 10907],[23.0],[4.0 17.0 42.0],True,False
[2457],[1182 6222 6678 10119],[23.0],[7.0 23.0 28.0 78.0],True,False
[2458],[3896 4383 6551 7392 8533 9187],[15.0],[4.0 13.0 29.0 31.0 42.0 57.0],False,False
[2459],[7295 8783],[10.0],[15.0 16.0],True,False
[2460],[7080],[12.0],[29.0],True,False
[2461],[7570 8406 10155],[23.0],[10.0 17.0 29.0],False,False
[2462],[7281 7855],[11.0],[12.0 20.0],True,False
[2463],[4825 10108 10182 10702],[18.0],[4.0 6.0 8.0 45.0],True,False
[2464],[3182 10148 10283],[14.0],[7.0 52.0],True,False
[2465],[7392 9187 10224],[21.0],[9.0 13.0 29.0],True,False
[2466],[6277 7286 7439 8686],[13.0],[14.0 16.0 25.0 35.0],True,False
[2467],[6363],[18.0],[35.0],True,False
[2468],[7441 9288],[18.0],[11.0 23.0],True,False
[2469],[7384],[10.0],[19.0],True,False
[2470],[2741],[7.0],[47.0],True,False
[2471],[9043 9391 9642],[23.0],[7.0 12.0 16.0],True,False
[2472],[6460],[14.0],[22.0],True,False
[2473],[5106 8287 8891],[18.0],[13.0 16.0 45.0],False,False
[2474],[7630 8849],[22.0],[9.0 28.0],True,False
[2475],[3252],[22.0],[61.0],True,False
[2476],[7471 8787 10613],[22.0],[7.0 19.0 28.0],False,False
[2477],[6136],[21.0],[36.0],True,False
[2478],[9101 9832],[19.0],[13.0 20.0],False,False
[2479],[8061 10191 10800],[22.0],[4.0 7.0 30.0],False,False
[2480],[6565 7188 7782 9528],[22.0],[5.0 16.0 26.0 34.0],False,False
[2481],[9105 9119 10045 10227],[22.0],[5.0 8.0 12.0 14.0],True,False
[2482],[4803 7730 9419],[15.0],[17.0 18.0 45.0],False,False
[2483],[6636 7571 8366 8620 9135 9788],[20.0],[6.0 15.0 17.0 22.0 25.0],False,False
[2484],[278 8580 8672 8770 9499 9623 9656 10928],[22.0],[4.0 5.0 9.0 10.0 11.0 18.0 22.0 55.0],True,False
[2485],[6226 8579 9090],[14.0],[10.0 17.0 22.0],True,False
[2486],[2403 4559],[5.0],[28.0 47.0],True,False
[2487],[6243],[4.0],[33.0],True,False
[2488],[7840],[14.0],[29.0],True,False
[2489],[7445],[4.0],[19.0],True,False
[2490],[5188 7546 7887 7889 9521],[14.0],[7.0 17.0 19.0 21.0 24.0],True,False
[2491],[7303 7756 8394 8926 9086 9303 9306],[22.0],[6.0 7.0 9.0 11.0 12.0 18.0 20.0],True,False
[2492],[9094 10119],[22.0],[7.0 20.0],False,False
[2493],[7060 7271 7701 7842 8503 9097],[8.0],[9.0 10.0 12.0 13.0 15.0 18.0],True,False
[2494],[5971 8570],[22.0],[25.0 33.0],True,False
[2495],[7177 8575 9186 9494],[9.0],[4.0 9.0 11.0 18.0],True,False
[2496],[9109],[6.0],[8.0],True,False
[2497],[9113],[4.0],[4.0],True,True
[2498],[7089],[7.0],[19.0],True,False
[2499],[9401],[6.0],[10.0],True,False
[2500],[3225 7357 8470 9823],[7.0],[8.0 9.0 24.0 32.0],True,False
[2501],[8682 9055],[6.0],[4.0 7.0],True,False
[2502],[9225],[13.0],[15.0],True,False
[2503],[8022 8141 8821],[21.0],[9.0 20.0 24.0],False,False
[2504],[9171],[5.0],[15.0],True,False
[2505],[7031],[10.0],[31.0],True,False
[2506],[7980 9047 9215],[17.0],[5.0 9.0 18.0],True,False
[2507],[3520 5452 6005 9286],[10.0],[12.0 34.0 42.0 49.0],False,False
[2508],[8484],[4.0],[9.0],True,False
[2509],[8644],[12.0],[19.0],True,False
[2510],[8884 9686],[21.0],[11.0 16.0],True,False
[2511],[7385 8312 8669],[19.0],[10.0 14.0 30.0],True,False
[2512],[8822],[8.0],[18.0],True,False
[2513],[4039 7028 9416],[6.0],[5.0 12.0 37.0],True,False
[2514],[6663],[20.0],[28.0],True,False
[2515],[3520 5986 9006 9273 9403 9538 9759],[13.0],[4.0 11.0 17.0 37.0 49.0],True,False
[2516],[8374 8608],[17.0],[13.0 24.0],True,False
[2517],[4747],[4.0],[38.0],True,False
[2518],[6141],[20.0],[34.0],True,False
[2519],[5506 6607 8253],[5.0],[11.0 33.0 41.0],True,False
[2520],[4791 7212 8964 9345 10138 10556],[20.0],[6.0 7.0 10.0 17.0 19.0 42.0],False,False
[2521],[7842 8503 9097 9544],[9.0],[9.0 12.0 13.0 15.0],True,False
[2522],[4635],[16.0],[52.0],True,False
[2523],[7943 8875],[6.0],[7.0 14.0],True,False
[2524],[8731 9264 9457],[11.0],[11.0 14.0 18.0],True,False
[2525],[4018 4131 4839 9186 10249 10250],[20.0],[4.0 9.0 10.0 33.0 35.0 37.0],True,False
[2526],[7832],[5.0],[27.0],True,False
[2527],[7578 7705 9703 9847],[17.0],[6.0 9.0 14.0 23.0],False,False
[2528],[9296],[13.0],[20.0],True,False
[2529],[8794 9790],[20.0],[9.0 13.0],True,False
[2530],[9012],[6.0],[11.0],True,False
[2531],[8621],[11.0],[18.0],True,False
[2532],[3309],[8.0],[51.0],True,False
[2533],[10196],[6.0],[8.0],True,False
[2534],[4105 5999 8563 8868],[20.0],[7.0 23.0 41.0 48.0],True,False
[2535],[6755 7104],[20.0],[26.0 31.0],True,False
[2536],[4533],[5.0],[32.0],True,False
[2537],[5094],[7.0],[44.0],True,False
[2538],[9035 9176],[18.0],[18.0 19.0],True,False
[2539],[1182],[16.0],[78.0],True,False
[2540],[2552 4929 7939],[6.0],[29.0 41.0 45.0],True,False
[2541],[5103 8306 8862 9452 9453 9762],[8.0],[7.0 9.0 10.0 12.0 53.0],False,False
[2542],[2941],[8.0],[54.0],True,False
[2543],[8190 9495 9648],[6.0],[6.0 9.0 14.0],True,False
[2544],[7192],[17.0],[26.0],True,False
[2545],[9180 9344 9888 10117 10562],[19.0],[4.0 6.0 11.0 12.0 15.0],False,False
[2546],[6899 8063 8786 9175 10680],[16.0],[4.0 5.0 17.0 21.0 22.0],True,False
[2547],[7016 8512 9171],[4.0],[11.0 15.0 25.0],True,False
[2548],[1077 7783 8848],[12.0],[13.0 18.0 63.0],True,False
[2549],[7796],[5.0],[22.0],True,False
[2550],[9390],[9.0],[15.0],True,False
[2551],[5691],[15.0],[33.0],True,False
[2552],[4855 6466],[19.0],[17.0 41.0],True,False
[2553],[10743],[5.0],[5.0],True,True
[2554],[7319 7524 7883 8857 9427 9895 10451],[12.0],[5.0 9.0 10.0 17.0 22.0],True,False
[2555],[2039 4900 5088 7981 9354 9908 10728 10864],[19.0],[4.0 11.0 17.0 37.0 38.0 75.0],False,False
[2556],[6579],[4.0],[18.0],True,False
[2557],[8220],[18.0],[26.0],True,False
[2558],[8861],[5.0],[15.0],True,False
[2559],[9439],[5.0],[7.0],True,False
[2560],[4039 8607],[4.0],[6.0 37.0],True,False
[2561],[9483],[18.0],[18.0],True,True
[2562],[3520 6698 8028 9403 9759],[13.0],[10.0 11.0 28.0 49.0],False,False
[2563],[7396 9018],[4.0],[6.0 17.0],True,False
[2564],[3921 7839 8620 8621 9524 10221],[16.0],[5.0 11.0 15.0 17.0 18.0 44.0],False,False
[2565],[8411],[18.0],[22.0],True,False
[2566],[7662 9124 10215 10455],[18.0],[6.0 7.0 8.0 21.0],False,False
[2567],[8922],[7.0],[14.0],True,False
[2568],[4138 6449 7078 9913 10157],[12.0],[6.0 7.0 24.0 28.0 29.0],False,False
[2569],[7294 7898 8376],[18.0],[16.0 19.0 20.0],True,False
[2570],[9672],[4.0],[9.0],True,False
[2571],[6691 9218],[5.0],[16.0],True,False
[2572],[9344 9634 9888 10117 10562],[12.0],[4.0 6.0 7.0 12.0 15.0],False,False
[2573],[6476],[5.0],[30.0],False,False
[2574],[9833 9979 10197],[4.0],[4.0 6.0 7.0],True,False
[2575],[8601 8732 8933],[14.0],[14.0 16.0 19.0],True,False
[2576],[9168],[5.0],[12.0],True,False
[2577],[9689 9928 10280],[9.0],[4.0 8.0 11.0],True,False
[2578],[6222 6430 7212 8281 8964 10553],[18.0],[4.0 17.0 19.0 28.0],False,False
[2579],[1743 4631 8108 8782 10195 10682],[18.0],[4.0 6.0 8.0 19.0 45.0 75.0],True,False
[2580],[8933 9264 9588],[18.0],[12.0 14.0 18.0],True,False
[2581],[3501 7728 9085 10105],[18.0],[9.0 12.0 18.0 35.0],True,False
[2582],[8820 9503],[14.0],[13.0 14.0],True,False
[2583],[8505 9097 10042],[18.0],[12.0 13.0 23.0],False,False
[2584],[7897 8508],[18.0],[16.0 21.0],False,False
[2585],[8178 9035],[10.0],[19.0 29.0],True,False
[2586],[5753 5853 7589 7796],[13.0],[14.0 20.0 22.0 31.0],True,False
[2587],[6516 7666 9046],[4.0],[8.0 12.0 22.0],True,False
[2588],[8919],[8.0],[11.0],True,False
[2589],[8587],[10.0],[19.0],True,False
[2590],[9312],[14.0],[16.0],True,False
[2591],[6375 8411 8561 8736],[5.0],[7.0 9.0 22.0 25.0],False,False
[2592],[4886 6565 9110 10023],[17.0],[9.0 12.0 26.0 34.0],True,False
[2593],[2403 8342 8345],[17.0],[12.0 17.0 47.0],True,False
[2594],[8002 9512 9567],[8.0],[5.0 6.0 16.0],False,False
[2595],[7060 7471 9695 10613],[17.0],[7.0 8.0 18.0 28.0],True,False
[2596],[8384],[4.0],[17.0],True,False
[2597],[7684 8821],[17.0],[16.0 20.0],True,False
[2598],[7580 8492 8971],[14.0],[15.0 16.0 33.0],True,False
[2599],[5383],[6.0],[30.0],False,False
[2600],[6392 9479 9527],[17.0],[8.0 11.0 37.0],True,False
[2601],[7009],[6.0],[32.0],True,False
[2602],[7944 9579],[16.0],[14.0 18.0],True,False
[2603],[8106 8317 9463 9782],[4.0],[4.0 5.0 17.0 18.0],False,False
[2604],[9737],[8.0],[12.0],True,False
[2605],[7524 7883 9427],[16.0],[5.0 9.0 22.0],True,False
[2606],[3881 9258],[16.0],[18.0 48.0],False,False
[2607],[7664 8148],[4.0],[15.0 26.0],True,False
[2608],[9008],[12.0],[17.0],True,False
[2609],[5452 6698 9286],[14.0],[12.0 28.0 42.0],False,False
[2610],[38 8112 10242],[16.0],[9.0 17.0 52.0],True,False
[2611],[7811],[16.0],[23.0],True,False
[2612],[9648],[5.0],[9.0],True,False
[2613],[9617],[16.0],[17.0],True,False
[2614],[9034],[15.0],[20.0],True,False
[2615],[9129],[6.0],[13.0],True,False
[2616],[9230 9652],[10.0],[7.0 13.0],True,False
[2617],[9582],[12.0],[13.0],True,False
[2618],[7241 9363],[7.0],[6.0 22.0],True,False
[2619],[9563],[15.0],[17.0],True,False
[2620],[9765],[15.0],[15.0],True,True
[2621],[8123 8910],[8.0],[9.0 13.0],True,False
[2622],[6236 7208 9633],[6.0],[12.0 28.0 29.0],False,False
[2623],[8730],[10.0],[13.0],True,False
[2624],[8317 9463 9782],[13.0],[4.0 5.0 18.0],False,False
[2625],[7563],[6.0],[21.0],True,False
[2626],[9813],[9.0],[9.0],True,True
[2627],[9197 10261],[15.0],[10.0 18.0],True,False
[2628],[9789],[4.0],[7.0],True,False
[2629],[9451 9755 9977],[15.0],[6.0 12.0 13.0],True,False
[2630],[5093 8327 8719 9828],[11.0],[11.0 24.0 26.0 38.0],False,False
[2631],[8189 8812],[4.0],[9.0 21.0],True,False
[2632],[6081 6670 8690 9040 9810],[15.0],[4.0 6.0 20.0 25.0 39.0],True,False
[2633],[9750],[4.0],[5.0],True,False
[2634],[10893],[4.0],[4.0],True,True
[2635],[6246 6476],[15.0],[30.0 35.0],True,False
[2636],[2942 9218],[11.0],[16.0 58.0],True,False
[2637],[9809],[15.0],[15.0],True,True
[2638],[9382 10143 10144],[15.0],[6.0 10.0 12.0],True,False
[2639],[7404],[11.0],[24.0],True,False
[2640],[3589],[10.0],[44.0],True,False
[2641],[751 7546 9066],[14.0],[17.0 21.0 66.0],True,False
[2642],[7793 9576],[9.0],[9.0 31.0],False,False
[2643],[9717],[9.0],[10.0],True,False
[2644],[9882],[9.0],[11.0],True,False
[2645],[8099 9753 9849 10038 10172 10253],[14.0],[4.0 6.0 9.0 15.0],True,False
[2646],[6350],[12.0],[39.0],True,False
[2647],[8250],[9.0],[18.0],True,False
[2648],[5657 9017],[9.0],[15.0 43.0],True,False
[2649],[9657],[14.0],[16.0],True,False
[2650],[7303 8510 9069],[12.0],[14.0 16.0 20.0],True,False
[2651],[7588 9935],[7.0],[6.0 19.0],True,False
[2652],[10681],[4.0],[4.0],True,True
[2653],[9628],[7.0],[14.0],True,False
[2654],[8348],[4.0],[14.0],True,False
[2655],[10654],[5.0],[6.0],True,False
[2656],[9219 9397 10312],[14.0],[4.0 15.0 17.0],True,False
[2657],[6536],[13.0],[38.0],True,False
[2658],[8290],[5.0],[18.0],True,False
[2659],[7208],[8.0],[29.0],True,False
[2660],[2506 6786],[13.0],[26.0 59.0],True,False
[2661],[7333 9132],[7.0],[4.0 25.0],True,False
[2662],[7497 10261],[13.0],[10.0 21.0],True,False
[2663],[9529 9584 9805 10095 10161],[13.0],[5.0 7.0 8.0 11.0 12.0],False,False
[2664],[9650],[6.0],[13.0],True,False
[2665],[8231],[4.0],[14.0],True,False
[2666],[8865 10014 10016 10447],[5.0],[5.0 6.0 7.0 11.0],True,False
[2667],[8622 9443 9860],[13.0],[6.0 11.0 14.0],True,False
[2668],[1599 9347],[12.0],[13.0 75.0],True,False
[2669],[4803 7080 9419],[13.0],[18.0 29.0 45.0],True,False
[2670],[8241],[13.0],[23.0],True,False
[2671],[7070 9414],[5.0],[7.0 22.0],True,False
[2672],[7016],[13.0],[25.0],True,False
[2673],[619 4097 6553 8272 10088 10660],[13.0],[6.0 7.0 18.0 28.0 30.0 47.0],True,False
[2674],[575 5700 8304 8879 9467 9562 9913 10227],[13.0],[5.0 6.0 9.0 10.0 37.0 54.0],True,False
[2675],[8364 9677],[13.0],[4.0 27.0],True,False
[2676],[9905],[13.0],[14.0],True,False
[2677],[9716],[10.0],[15.0],True,False
[2678],[9663 9922],[5.0],[4.0 8.0],True,False
[2679],[5846],[13.0],[50.0],True,False
[2680],[8152],[5.0],[15.0],True,False
[2681],[8701 9492],[13.0],[8.0 15.0],True,False
[2682],[5683 6400 9339 10183],[13.0],[5.0 9.0 22.0 33.0],False,False
[2683],[6803],[7.0],[40.0],True,False
[2684],[9344 9732 9888 10205],[8.0],[5.0 7.0 12.0 15.0],False,False
[2685],[6222 8964 9341],[12.0],[8.0 19.0 28.0],True,False
[2686],[9772 10877],[12.0],[4.0 14.0],True,False
[2687],[8450 10382],[12.0],[6.0 21.0],False,False
[2688],[8486 8572],[12.0],[17.0 28.0],False,False
[2689],[4938 8243],[12.0],[16.0 50.0],False,False
[2690],[9448],[8.0],[10.0],True,False
[2691],[9066 9521],[12.0],[7.0 21.0],True,False
[2692],[7501 9005 10223 10274],[10.0],[4.0 8.0 11.0 20.0],True,False
[2693],[9017],[8.0],[15.0],True,False
[2694],[5977],[4.0],[48.0],True,False
[2695],[6748 7588],[7.0],[19.0 40.0],True,False
[2696],[5314 10621],[12.0],[7.0 48.0],True,False
[2697],[8690 9488 9714 9807],[5.0],[5.0 9.0 11.0 20.0],False,False
[2698],[4383],[8.0],[57.0],True,False
[2699],[8266],[8.0],[19.0],True,False
[2700],[5425 9583 9960],[9.0],[7.0 12.0 31.0],True,False
[2701],[8016 10556],[10.0],[6.0 27.0],True,False
[2702],[3087 9376 9915 9930],[12.0],[6.0 8.0 11.0 46.0],True,False
[2703],[10025],[12.0],[13.0],True,False
[2704],[5606 5999],[12.0],[35.0 41.0],True,False
[2705],[5314 8850 9943 10621],[12.0],[7.0 9.0 48.0],True,False
[2706],[5693],[4.0],[29.0],True,False
[2707],[9083],[11.0],[15.0],True,False
[2708],[6561 8897 9020 9926 10077 10504],[11.0],[4.0 6.0 7.0 8.0 22.0 33.0],False,False
[2709],[7920],[10.0],[25.0],True,False
[2710],[10117 10205],[6.0],[6.0 7.0],True,False
[2711],[5488 8861 10327],[11.0],[4.0 15.0 38.0],False,False
[2712],[10076 10202],[7.0],[8.0],True,False
[2713],[9377],[11.0],[15.0],True,False
[2714],[7421 7800 7923 9273],[4.0],[11.0 13.0 30.0 31.0],False,False
[2715],[6349 9134 10086],[11.0],[6.0 14.0 22.0],True,False
[2716],[38 6115 6432],[11.0],[27.0 34.0 52.0],False,False
[2717],[9984],[11.0],[12.0],True,False
[2718],[4803 5037 7080 9419 9816],[11.0],[7.0 18.0 29.0 45.0 51.0],False,False
[2719],[3473 9591],[8.0],[13.0 63.0],False,False
[2720],[9709],[11.0],[13.0],True,False
[2721],[5699 6392 9527 10026],[11.0],[6.0 11.0 37.0 43.0],False,False
[2722],[10090],[4.0],[6.0],True,False
[2723],[7094 7213 9054 10366],[11.0],[5.0 12.0 34.0 39.0],True,False
[2724],[8152 8968 9220 10135],[11.0],[5.0 9.0 12.0 15.0],True,False
[2725],[7126 7459],[4.0],[20.0 27.0],True,False
[2726],[8713 9650],[11.0],[13.0 22.0],True,False
[2727],[7646],[11.0],[26.0],True,False
[2728],[7917],[7.0],[17.0],True,False
[2729],[6883 7127 9260 10223 10697],[6.0],[4.0 13.0 15.0 24.0],False,False
[2730],[9444 9531],[6.0],[7.0 10.0],True,False
[2731],[4765 7188 9858 10148 10283],[9.0],[7.0 26.0 48.0],True,False
[2732],[7126 7834 8541 10591],[10.0],[5.0 15.0 23.0 27.0],False,False
[2733],[6883],[4.0],[24.0],True,False
[2734],[8413 8836],[10.0],[14.0 15.0],True,False
[2735],[7497 9197 10261],[10.0],[10.0 18.0 21.0],True,False
[2736],[9774 9858 10283 10871],[10.0],[4.0 7.0],True,False
[2737],[10282],[10.0],[10.0],True,True
[2738],[7595],[10.0],[22.0],True,False
[2739],[6013 10143 10144],[10.0],[6.0 10.0 26.0],True,False
[2740],[9714],[4.0],[9.0],True,False
[2741],[9124 9142 10566],[10.0],[7.0 8.0],True,False
[2742],[8779],[8.0],[15.0],True,False
[2743],[278 8770 9499 9623],[5.0],[5.0 9.0 10.0 55.0],True,False
[2744],[6786 7319 8475 9895],[10.0],[5.0 11.0 17.0 26.0],False,False
[2745],[9939 9986 10888],[10.0],[4.0 6.0 7.0],True,False
[2746],[9087 9393],[7.0],[11.0 17.0],True,False
[2747],[5771],[5.0],[29.0],True,False
[2748],[8116 9458],[10.0],[13.0 20.0],True,False
[2749],[8929 9264 9658],[4.0],[7.0 9.0 18.0],True,False
[2750],[8061 10191 10192 10418],[9.0],[6.0 7.0 30.0],False,False
[2751],[7578 7705 8366 10295 10421],[9.0],[5.0 14.0 23.0 25.0],True,False
[2752],[8406],[9.0],[17.0],False,False
[2753],[10138 10556],[9.0],[6.0 7.0],True,False
[2754],[7923 9273 9671],[9.0],[7.0 11.0 13.0],True,False
[2755],[10360],[9.0],[10.0],True,False
[2756],[10426],[9.0],[9.0],True,True
[2757],[9575],[9.0],[11.0],True,False
[2758],[9380 10287 10624],[9.0],[5.0 7.0 15.0],True,False
[2759],[7009],[9.0],[32.0],True,False
[2760],[3589 4900 7981 9354 9908 10728],[9.0],[4.0 11.0 17.0 37.0 44.0],False,False
[2761],[6556 8783],[6.0],[15.0 44.0],True,False
[2762],[9519 10537],[8.0],[7.0 9.0],True,False
[2763],[3087 6375 9376 9930],[9.0],[8.0 11.0 25.0 46.0],False,False
[2764],[8672 10406 10649],[9.0],[5.0 6.0 18.0],False,False
[2765],[7303 8063],[8.0],[20.0 22.0],True,False
[2766],[7301],[5.0],[21.0],True,False
[2767],[9085],[9.0],[18.0],True,False
[2768],[8719 9828],[8.0],[11.0 26.0],False,False
[2769],[5718 5890 7357 7674 8259 8899 9875],[7.0],[9.0 15.0 17.0 24.0 34.0 35.0],False,False
[2770],[8161 9139 9474],[8.0],[7.0 8.0 11.0],True,False
[2771],[10240 10432],[8.0],[5.0 9.0],False,False
[2772],[9809 10546],[8.0],[8.0 15.0],False,False
[2773],[10434],[8.0],[9.0],True,False
[2774],[9649],[8.0],[14.0],True,False
[2775],[7497 9911],[8.0],[11.0 21.0],True,False
[2776],[9224 9712],[6.0],[10.0 13.0],True,False
[2777],[9777],[8.0],[10.0],True,False
[2778],[10163],[8.0],[9.0],True,False
[2779],[5488 10552],[5.0],[4.0 38.0],True,False
[2780],[5789],[4.0],[39.0],True,False
[2781],[9979 10188 10197],[4.0],[5.0 6.0 7.0],True,False
[2782],[9840],[8.0],[11.0],True,False
[2783],[10485],[8.0],[8.0],True,True
[2784],[9716],[8.0],[15.0],True,False
[2785],[9900],[8.0],[10.0],True,False
[2786],[8537 9574 9990 10729],[8.0],[5.0 8.0 10.0 21.0],False,False
[2787],[10499],[8.0],[8.0],True,True
[2788],[8425 9542],[5.0],[9.0 21.0],True,False
[2789],[8572],[8.0],[28.0],True,False
[2790],[3473 8108],[7.0],[19.0 63.0],True,False
[2791],[6741 9998],[7.0],[6.0 39.0],True,False
[2792],[9822 10703],[7.0],[6.0 7.0],True,False
[2793],[9490 10437],[7.0],[4.0 8.0],True,False
[2794],[6449 10499 10507],[7.0],[6.0 8.0 29.0],False,False
[2795],[7126 8541 10066 10591 10917],[7.0],[4.0 5.0 6.0 15.0 27.0],True,False
[2796],[9498],[7.0],[17.0],True,False
[2797],[9007 9189],[7.0],[11.0 23.0],True,False
[2798],[9906],[7.0],[10.0],True,False
[2799],[8583],[5.0],[17.0],True,False
[2800],[10603],[7.0],[7.0],True,True
[2801],[10607],[7.0],[7.0],True,True
[2802],[6759 10582],[7.0],[7.0 40.0],True,False
[2803],[10259 10577],[7.0],[4.0],True,False
[2804],[8178],[6.0],[29.0],True,False
[2805],[10172],[7.0],[9.0],True,False
[2806],[10636 10812],[7.0],[5.0 6.0],True,False
[2807],[9985],[7.0],[8.0],True,False
[2808],[4946 6081 8718 9893 10540],[7.0],[4.0 6.0 10.0 25.0 27.0],False,False
[2809],[8869 9422 10353],[6.0],[4.0 6.0 15.0],True,False
[2810],[9123],[5.0],[13.0],True,False
[2811],[9538],[7.0],[17.0],True,False
[2812],[9309],[6.0],[11.0],True,False
[2813],[5700 9759],[6.0],[11.0 37.0],False,False
[2814],[10371],[6.0],[8.0],True,False
[2815],[5620],[6.0],[40.0],True,False
[2816],[8384],[6.0],[17.0],True,False
[2817],[5093 9893],[6.0],[6.0 38.0],False,False
[2818],[6521 10314],[6.0],[4.0 23.0],True,False
[2819],[9912 9975],[6.0],[7.0 10.0],True,False
[2820],[7333 10739],[6.0],[5.0 25.0],True,False
[2821],[626 8638 10275 10495],[6.0],[5.0 8.0 14.0 52.0],False,False
[2822],[8537 8627 9322],[6.0],[6.0 18.0 21.0],True,False
[2823],[9456 10235],[6.0],[4.0 10.0],True,False
[2824],[626 8638 10275 10495],[6.0],[5.0 8.0 14.0 52.0],False,False
[2825],[10528],[6.0],[8.0],True,False
[2826],[7832],[6.0],[27.0],True,False
[2827],[10582],[6.0],[7.0],True,False
[2828],[9628],[5.0],[14.0],True,False
[2829],[7767],[6.0],[15.0],True,False
[2830],[6453],[6.0],[29.0],True,False
[2831],[10726],[6.0],[6.0],True,True
[2832],[8392],[6.0],[16.0],True,False
[2833],[8791 10313 10615 10616],[6.0],[4.0 6.0 23.0],True,False
[2834],[5131 10196],[5.0],[8.0 38.0],False,False
[2835],[9171],[5.0],[15.0],True,False
[2836],[7287 10453],[4.0],[6.0 24.0],False,False
[2837],[9928 10148],[5.0],[7.0 8.0],True,False
[2838],[10771],[5.0],[5.0],True,True
[2839],[10459],[5.0],[6.0],True,False
[2840],[4038],[5.0],[47.0],True,False
[2841],[7882],[5.0],[19.0],True,False
[2842],[10781],[5.0],[5.0],True,True
[2843],[8180],[5.0],[20.0],True,False
[2844],[10797],[5.0],[5.0],True,True
[2845],[4765 7188 10871],[5.0],[4.0 26.0 48.0],True,False
[2846],[6691 9709],[5.0],[13.0 16.0],False,False
[2847],[4242 8968 10135],[5.0],[5.0 12.0 66.0],False,False
[2848],[10651],[5.0],[6.0],True,False
[2849],[9952],[5.0],[9.0],True,False
[2850],[9400 10075 10230 10887],[5.0],[4.0 6.0 11.0],False,False
[2851],[10702],[5.0],[6.0],True,False
[2852],[8084],[5.0],[23.0],True,False
[2853],[10812],[5.0],[5.0],True,True
[2854],[9144 10774],[5.0],[4.0 12.0],True,False
[2855],[9987],[5.0],[8.0],True,False
[2856],[10754],[5.0],[5.0],True,True
[2857],[4374 10022],[5.0],[12.0 23.0],True,False
[2858],[8891],[5.0],[13.0],True,False
[2859],[6402 9967 10446 10469],[5.0],[4.0 5.0 9.0 29.0],False,False
[2860],[9169],[5.0],[17.0],True,False
[2861],[9801],[5.0],[8.0],True,False
[2862],[9252],[4.0],[9.0],True,False
[2863],[6252 8896],[4.0],[10.0 33.0],False,False
[2864],[10934],[4.0],[4.0],True,True
[2865],[7361],[4.0],[27.0],True,False
[2866],[10840],[4.0],[4.0],True,True
[2867],[10006],[4.0],[9.0],True,False
[2868],[10748],[4.0],[5.0],True,False
[2869],[10254],[4.0],[6.0],True,False
[2870],[10375 10376],[4.0],[4.0 6.0],True,False
[2871],[10717],[4.0],[5.0],True,False
[2872],[8361],[4.0],[22.0],True,False
[2873],[9532],[4.0],[11.0],True,False
[2874],[4800 10095 10472],[4.0],[5.0 11.0 25.0],False,False
[2875],[8161 9474],[4.0],[7.0 11.0],True,False
[2876],[8219],[4.0],[15.0],True,False
[2877],[7333 10739],[4.0],[5.0 25.0],False,False
[2878],[5145 10905 10907],[4.0],[4.0 42.0],True,False
[2879],[10650],[4.0],[5.0],True,False
[2880],[10281],[4.0],[6.0],True,False
[2881],[6172 7675 9346],[4.0],[8.0 25.0 48.0],False,False
[2882],[8719 9828 10207],[4.0],[6.0 11.0 26.0],False,False
[2883],[10501],[4.0],[5.0],True,False
[2884],[8235 9882 10010 10198],[4.0],[6.0 11.0 27.0],False,False
